id,module,title,precondition,steps,expected,priority,source,basis,status
MOV-001,Hareket,Yürüme hızı,"Windows istemcide offline Atış Poligonu; düz 50 m parkur, koordinat ve süre kaydı; varsayılan hareket ayarları.",W ile 5 saniye yürü | Başlangıç/bitiş koordinatını kaydet,"Engelsiz düz hatta yaklaşık 23 m; nominal hız 4,6 m/sn; ölçüm toleransı yüzde 5.",P1,Assets/_Project/Scripts/Infrastructure/Player/CharacterControllerMotor.cs,Sözleşme,Çalıştırılmadı
MOV-002,Hareket,İleri sprint,"Windows istemcide offline Atış Poligonu; düz 50 m parkur, koordinat ve süre kaydı; varsayılan hareket ayarları.",W+Shift ile 5 saniye ilerle | Bırakıp yürümeye geç,Sprint yaklaşık 36 m; bırakınca yürüyüşe döner; hız takılı kalmaz.,P1,Assets/_Project/Scripts/Infrastructure/Player/CharacterControllerMotor.cs,Sözleşme,Çalıştırılmadı
MOV-003,Hareket,Geri sprint engeli,"Windows istemcide offline Atış Poligonu; düz 50 m parkur, koordinat ve süre kaydı; varsayılan hareket ayarları.",S+Shift ile 5 saniye geri yürü | İleri sprint mesafesiyle karşılaştır,"Geri hareket ileri sprintin 7,2 m/sn hızına çıkmaz.",P1,Assets/_Project/Scripts/Infrastructure/Player/CharacterControllerMotor.cs,Sözleşme,Çalıştırılmadı
MOV-004,Hareket,Çapraz hız,"Windows istemcide offline Atış Poligonu; düz 50 m parkur, koordinat ve süre kaydı; varsayılan hareket ayarları.",W ile 5 saniye ölç | Aynı zeminde W+D ile ölç,Çapraz toplam hız düz yürüyüşten yüzde 5 fazla olmaz; hız vektörü normalize edilir.,P1,Assets/_Project/Scripts/Infrastructure/Player/CharacterControllerMotor.cs,Sözleşme,Çalıştırılmadı
MOV-005,Hareket,Çömelme anahtarı,"Windows istemcide offline Atış Poligonu; düz 50 m parkur, koordinat ve süre kaydı; varsayılan hareket ayarları.",C bas bırak | 5 saniye yürü | C ile ayağa kalk,"Çömelme kalıcıdır; nominal hız 2,4 m/sn; ikinci basış ayakta duruşa döner.",P1,Assets/_Project/Scripts/Infrastructure/Player/CharacterControllerMotor.cs,Sözleşme,Çalıştırılmadı
MOV-006,Hareket,Çömelme basılı tutma,"Windows istemcide offline Atış Poligonu; düz 50 m parkur, koordinat ve süre kaydı; varsayılan hareket ayarları.",Ctrl basılı yürüyüp bırak | Kamera yüksekliğini izle,Ctrl bırakılınca yeterli tavan boşluğunda ayağa kalkılır.,P1,Assets/_Project/Scripts/Infrastructure/Player/CharacterControllerMotor.cs,Sözleşme,Çalıştırılmadı
MOV-007,Hareket,Yüzüstü hareket,"Windows istemcide offline Atış Poligonu; düz 50 m parkur, koordinat ve süre kaydı; varsayılan hareket ayarları.",Z ile yat | 5 saniye yürü | Z ile kalk,"Nominal hız 1,1 m/sn; yüzüstü kamera zeminin içine girmez.",P1,Assets/_Project/Scripts/Infrastructure/Player/CharacterControllerMotor.cs,Sözleşme,Çalıştırılmadı
MOV-008,Hareket,Çömelirken zıplama,"Windows istemcide offline Atış Poligonu; düz 50 m parkur, koordinat ve süre kaydı; varsayılan hareket ayarları.",C ile çömel | Space bas,Çömelme sırasında zıplama başlamaz.,P1,Assets/_Project/Scripts/Infrastructure/Player/CharacterControllerMotor.cs,Sözleşme,Çalıştırılmadı
MOV-009,Hareket,Yatarken zıplama,"Windows istemcide offline Atış Poligonu; düz 50 m parkur, koordinat ve süre kaydı; varsayılan hareket ayarları.",Z ile yat | Space bas,Yüzüstü duruşta zıplama başlamaz.,P1,Assets/_Project/Scripts/Infrastructure/Player/CharacterControllerMotor.cs,Sözleşme,Çalıştırılmadı
MOV-010,Hareket,Normal zıplama,"Windows istemcide offline Atış Poligonu; düz 50 m parkur, koordinat ve süre kaydı; varsayılan hareket ayarları.",Ayakta Space bas | Havadayken tekrar Space bas,Tek zıplama oluşur; havada ikinci zıplama üretilmez.,P1,Assets/_Project/Scripts/Infrastructure/Player/CharacterControllerMotor.cs,Sözleşme,Çalıştırılmadı
MOV-011,Hareket,Alçak tavanda kalkış,"Windows istemcide offline Atış Poligonu; düz 50 m parkur, koordinat ve süre kaydı; varsayılan hareket ayarları.","1,3 m tavan altına çömelerek gir | C ile kalkmayı dene",Ayakta kapsül tavana geçmez; boşluk olmadan ayakta duruşa geçilmez.,P1,Assets/_Project/Scripts/Infrastructure/Player/CharacterControllerMotor.cs,Sözleşme,Çalıştırılmadı
MOV-012,Hareket,Yatış tavan geçişi,"Windows istemcide offline Atış Poligonu; düz 50 m parkur, koordinat ve süre kaydı; varsayılan hareket ayarları.","0,9 m yüksek tünelde yat | Z ile kalkmayı dene",Kapsül engelle kesişmez; tünelden çıkınca kalkış mümkün olur.,P1,Assets/_Project/Scripts/Infrastructure/Player/CharacterControllerMotor.cs,Sözleşme,Çalıştırılmadı
MOV-013,Hareket,Kapı genişliği,"Windows istemcide offline Atış Poligonu; düz 50 m parkur, koordinat ve süre kaydı; varsayılan hareket ayarları.","1,3 m açıklıktan ayakta geç | İki yönde tekrarla",Sözleşmedeki asgari kapı açıklığı iki yönde takılmadan geçilir.,P1,Assets/_Project/Scripts/Infrastructure/Player/CharacterControllerMotor.cs,Sözleşme,Çalıştırılmadı
MOV-014,Hareket,Rampa geçişi,"Windows istemcide offline Atış Poligonu; düz 50 m parkur, koordinat ve süre kaydı; varsayılan hareket ayarları.",35 derece rampadan yukarı yürü | Aşağı dön,Merdiven yerine kullanılan rampa kontrollü geçilir; oyuncu zeminden düşmez.,P1,Assets/_Project/Scripts/Infrastructure/Player/CharacterControllerMotor.cs,Sözleşme,Çalıştırılmadı
MOV-015,Hareket,Duvar çarpışması,"Windows istemcide offline Atış Poligonu; düz 50 m parkur, koordinat ve süre kaydı; varsayılan hareket ayarları.",Düz duvara W ile 5 saniye yürü | Köşede çapraz yürü,Duvarın içinden geçilmez; köşede kalıcı kilitlenme olmaz.,P1,Assets/_Project/Scripts/Infrastructure/Player/CharacterControllerMotor.cs,Sözleşme,Çalıştırılmadı
MOV-016,Hareket,Sol eğilme,"Windows istemcide offline Atış Poligonu; düz 50 m parkur, koordinat ve süre kaydı; varsayılan hareket ayarları.",Q basılı nişan al | Q bırak,"Kamera sola eğilir; bırakınca merkezine döner, hitbox duvar arkasını bedelsiz aşmaz.",P1,Assets/_Project/Scripts/Infrastructure/Player/CharacterControllerMotor.cs,Sözleşme,Çalıştırılmadı
MOV-017,Hareket,Sağ eğilme,"Windows istemcide offline Atış Poligonu; düz 50 m parkur, koordinat ve süre kaydı; varsayılan hareket ayarları.",E basılı nişan al | E bırak,Sağa eğilme ve merkez dönüşü soldaki davranışla tutarlıdır.,P1,Assets/_Project/Scripts/Infrastructure/Player/CharacterControllerMotor.cs,Sözleşme,Çalıştırılmadı
MOV-018,Hareket,Sprint sırasında eğilme,"Windows istemcide offline Atış Poligonu; düz 50 m parkur, koordinat ve süre kaydı; varsayılan hareket ayarları.",W+Shift sırasında Q bas | Sprint bırak,Sprint sırasında eğilme uygulanmaz; sprint bitince kontrol düzelir.,P1,Assets/_Project/Scripts/Infrastructure/Player/CharacterControllerMotor.cs,Sözleşme,Çalıştırılmadı
MOV-019,Hareket,Kamera düşey sınır,"Windows istemcide offline Atış Poligonu; düz 50 m parkur, koordinat ve süre kaydı; varsayılan hareket ayarları.",Fareyi sürekli yukarı sonra aşağı hareket ettir,Bakış takla atmaz; düşey açı sınırlarında kalır.,P1,Assets/_Project/Scripts/Infrastructure/Player/CharacterControllerMotor.cs,Sözleşme,Çalıştırılmadı
MOV-020,Hareket,Ters Y uygulaması,"Windows istemcide offline Atış Poligonu; düz 50 m parkur, koordinat ve süre kaydı; varsayılan hareket ayarları.",Ayarlar ters Y aç | Fareyi yukarı hareket ettir | Ayarı kapat,Bakış yönü anında tersine döner; kapatınca varsayılan yön döner.,P1,Assets/_Project/Scripts/Infrastructure/Player/CharacterControllerMotor.cs,Sözleşme,Çalıştırılmadı
MOV-021,Hareket,Düşme hasarı sınırı,"Windows istemcide offline Atış Poligonu; düz 50 m parkur, koordinat ve süre kaydı; varsayılan hareket ayarları.",Test düzeneğinde 12 m/sn iniş hızı ayarla | İnişi kaydet,12 m/sn için düşme hasarı 0 olur; ölüm olayı oluşmaz.,P1,Assets/_Project/Scripts/Infrastructure/Player/CharacterControllerMotor.cs,Sözleşme,Çalıştırılmadı
MOV-022,Hareket,Düşme hasarı üstü,"Windows istemcide offline Atış Poligonu; düz 50 m parkur, koordinat ve süre kaydı; varsayılan hareket ayarları.",Test düzeneğinde 16 m/sn iniş ayarla | Can değişimini ölç,"Zırh dışı düşme hasarı (16−12)×7,5=30; yalnız bir iniş uygulanır.",P1,Assets/_Project/Scripts/Infrastructure/Player/CharacterControllerMotor.cs,Sözleşme,Çalıştırılmadı
MOV-023,Hareket,Araçta motor kilidi,"Windows istemcide offline Atış Poligonu; düz 50 m parkur, koordinat ve süre kaydı; varsayılan hareket ayarları.",Kirpi sürücü koltuğuna gir | Hareket tuşlarını kullan,Karakter yaya motoruyla koltuktan uzaklaşmaz; yalnız araç hareketi uygulanır.,P1,Assets/_Project/Scripts/Infrastructure/Player/CharacterControllerMotor.cs,Sözleşme,Çalıştırılmadı
MOV-024,Hareket,Odak kaybı,"Windows istemcide offline Atış Poligonu; düz 50 m parkur, koordinat ve süre kaydı; varsayılan hareket ayarları.",Yürürken Alt+Tab yap | Tuşları dışarıda bırak | Oyuna dön,Sıkışmış tuş yüzünden sürekli hareket oluşmaz; fare kilidi uygun geri yüklenir.,P1,Assets/_Project/Scripts/Infrastructure/Player/CharacterControllerMotor.cs,Sözleşme,Çalıştırılmadı
MOV-025,Hareket,Duruş hitbox uyumu,"Windows istemcide offline Atış Poligonu; düz 50 m parkur, koordinat ve süre kaydı; varsayılan hareket ayarları.",İkinci test istemcisinden ayakta/çömelmiş/yatan hedefi gözle | Görünen başa ateş et,Görünen beden ve hasar alanı her duruşta hizalıdır; boş havaya görünmez hitbox kalmaz.,P1,Assets/_Project/Scripts/Infrastructure/Player/CharacterControllerMotor.cs,Sözleşme,Çalıştırılmadı
WPN-001,Silahlar,SAR 9: şarjör kapasitesi,Atış Poligonu test düzeneği; SAR 9; dolu şarjör ve uygun yedek mühimmat; sabit zırhsız 100 can hedef; test düzenek erişimi yoksa Engelli.,Silahı kuşan | HUD şarjör sayısını kaydet | Bir atış yap,"Başlangıç 15 mermi; her tetiklenen atışta bir mermi azalır, saçma sayısı 1 olsa da maliyet bir fişektir.",P1,Assets/_Project/Scripts/Application/Catalogs/WeaponCatalog.cs,Sözleşme,Çalıştırılmadı
WPN-002,Silahlar,SAR 9: boş tetik,Atış Poligonu test düzeneği; SAR 9; dolu şarjör ve uygun yedek mühimmat; sabit zırhsız 100 can hedef; test düzenek erişimi yoksa Engelli.,Şarjörü tüket | Son mermiden sonra tetiği üç kez çek,0 altında mühimmat oluşmaz; boş tetik hasar vermez.,P1,Assets/_Project/Scripts/Application/Catalogs/WeaponCatalog.cs,Sözleşme,Çalıştırılmadı
WPN-003,Silahlar,SAR 9: yeniden doldurma,Atış Poligonu test düzeneği; SAR 9; dolu şarjör ve uygun yedek mühimmat; sabit zırhsız 100 can hedef; test düzenek erişimi yoksa Engelli.,Şarjörden 3 mermi harca | R bas | Tamamlanma süresini ölç,"Katalog süresi 1.5 sn (görüntü toleransı 0,15 sn); şarjör kapasiteye döner, yedekten tam 3 alınır.",P1,Assets/_Project/Scripts/Application/Catalogs/WeaponCatalog.cs,Sözleşme,Çalıştırılmadı
WPN-004,Silahlar,SAR 9: yedeksiz doldurma,Atış Poligonu test düzeneği; SAR 9; dolu şarjör ve uygun yedek mühimmat; sabit zırhsız 100 can hedef; test düzenek erişimi yoksa Engelli.,Yedek mühimmatı sıfırla | Şarjörden 3 harca | R bas,Yeniden doldurma başlamaz; mevcut şarjör mermisi kaybolmaz.,P1,Assets/_Project/Scripts/Application/Catalogs/WeaponCatalog.cs,Sözleşme,Çalıştırılmadı
WPN-005,Silahlar,SAR 9: doldurma iptali,Atış Poligonu test düzeneği; SAR 9; dolu şarjör ve uygun yedek mühimmat; sabit zırhsız 100 can hedef; test düzenek erişimi yoksa Engelli.,3 mermi harca | R bas | Süre bitmeden başka silaha geç | Geri dön,İptal edilen doldurma bedelsiz mermi eklemez; HUD takılı ilerleme göstermez.,P1,Assets/_Project/Scripts/Application/Catalogs/WeaponCatalog.cs,Sözleşme,Çalıştırılmadı
WPN-006,Silahlar,SAR 9: atış aralığı,Atış Poligonu test düzeneği; SAR 9; dolu şarjör ve uygun yedek mühimmat; sabit zırhsız 100 can hedef; test düzenek erişimi yoksa Engelli.,Uygun modda 5 atışı video/zaman kaydına al | Ardışık atış aralığını ölç,"Ateş aralığı 0.16 sn altına inmez (bir simülasyon tick toleransı); sabit makro kullanılmaz, gözlenen gecikme ayrı raporlanır.",P1,Assets/_Project/Scripts/Application/Catalogs/WeaponCatalog.cs,Sözleşme,Çalıştırılmadı
WPN-007,Silahlar,SAR 9: atış modu döngüsü,Atış Poligonu test düzeneği; SAR 9; dolu şarjör ve uygun yedek mühimmat; sabit zırhsız 100 can hedef; test düzenek erişimi yoksa Engelli.,B tuşuna tüm seçenekler dönene kadar bas | Her modda tetiği basılı tut,"Sıra katalogla uyumlu: Single; Single tek basışta bir atış, Auto basılı tutmada devam, yalnız listelenen modlar seçilebilir.",P1,Assets/_Project/Scripts/Application/Catalogs/WeaponCatalog.cs,Sözleşme,Çalıştırılmadı
WPN-008,Silahlar,SAR 9: ADS ve büyütme,Atış Poligonu test düzeneği; SAR 9; dolu şarjör ve uygun yedek mühimmat; sabit zırhsız 100 can hedef; test düzenek erişimi yoksa Engelli.,RMB ile nişan al | Görüş açısı ve örtüyü gözle | Bırak,Dürbün örtüsü açılmaz; standart ADS görünür; katalog büyütmesi 1.15×; bırakınca temel görüş açısına döner.,P1,Assets/_Project/Scripts/Application/Catalogs/WeaponCatalog.cs,Sözleşme,Çalıştırılmadı
WPN-009,Silahlar,SAR 9: hasar bileşeni,Atış Poligonu test düzeneği; SAR 9; dolu şarjör ve uygun yedek mühimmat; sabit zırhsız 100 can hedef; test düzenek erişimi yoksa Engelli.,Hedefi FalloffStart öncesine yerleştir | Gövdeye tek mermi veya kontrollü tek saçma isabet ettir | Can farkını kaydet,"Zırhsız gövde bileşen hasarı 28.0; pompalıda her saçma ayrı hasar bileşenidir, tüm saçmalar toplamı can tavanına kırpılır.",P1,Assets/_Project/Scripts/Application/Catalogs/WeaponCatalog.cs,Sözleşme,Çalıştırılmadı
WPN-010,Silahlar,SAR 9: menzil düşüşü,Atış Poligonu test düzeneği; SAR 9; dolu şarjör ve uygun yedek mühimmat; sabit zırhsız 100 can hedef; test düzenek erişimi yoksa Engelli.,Aynı zırhsız hedefi 70.0 m mesafeye koy | Tek mermi/saçma gövde hasarını kaydet,Menzil sonu çarpanı 0.55; tek bileşen hasarı 15.4; kaçan atışlar hasar ölçümüne katılmaz.,P1,Assets/_Project/Scripts/Application/Catalogs/WeaponCatalog.cs,Sözleşme,Çalıştırılmadı
WPN-011,Silahlar,Canik TP9: şarjör kapasitesi,Atış Poligonu test düzeneği; Canik TP9; dolu şarjör ve uygun yedek mühimmat; sabit zırhsız 100 can hedef; test düzenek erişimi yoksa Engelli.,Silahı kuşan | HUD şarjör sayısını kaydet | Bir atış yap,"Başlangıç 18 mermi; her tetiklenen atışta bir mermi azalır, saçma sayısı 1 olsa da maliyet bir fişektir.",P1,Assets/_Project/Scripts/Application/Catalogs/WeaponCatalog.cs,Sözleşme,Çalıştırılmadı
WPN-012,Silahlar,Canik TP9: boş tetik,Atış Poligonu test düzeneği; Canik TP9; dolu şarjör ve uygun yedek mühimmat; sabit zırhsız 100 can hedef; test düzenek erişimi yoksa Engelli.,Şarjörü tüket | Son mermiden sonra tetiği üç kez çek,0 altında mühimmat oluşmaz; boş tetik hasar vermez.,P1,Assets/_Project/Scripts/Application/Catalogs/WeaponCatalog.cs,Sözleşme,Çalıştırılmadı
WPN-013,Silahlar,Canik TP9: yeniden doldurma,Atış Poligonu test düzeneği; Canik TP9; dolu şarjör ve uygun yedek mühimmat; sabit zırhsız 100 can hedef; test düzenek erişimi yoksa Engelli.,Şarjörden 3 mermi harca | R bas | Tamamlanma süresini ölç,"Katalog süresi 1.6 sn (görüntü toleransı 0,15 sn); şarjör kapasiteye döner, yedekten tam 3 alınır.",P1,Assets/_Project/Scripts/Application/Catalogs/WeaponCatalog.cs,Sözleşme,Çalıştırılmadı
WPN-014,Silahlar,Canik TP9: yedeksiz doldurma,Atış Poligonu test düzeneği; Canik TP9; dolu şarjör ve uygun yedek mühimmat; sabit zırhsız 100 can hedef; test düzenek erişimi yoksa Engelli.,Yedek mühimmatı sıfırla | Şarjörden 3 harca | R bas,Yeniden doldurma başlamaz; mevcut şarjör mermisi kaybolmaz.,P1,Assets/_Project/Scripts/Application/Catalogs/WeaponCatalog.cs,Sözleşme,Çalıştırılmadı
WPN-015,Silahlar,Canik TP9: doldurma iptali,Atış Poligonu test düzeneği; Canik TP9; dolu şarjör ve uygun yedek mühimmat; sabit zırhsız 100 can hedef; test düzenek erişimi yoksa Engelli.,3 mermi harca | R bas | Süre bitmeden başka silaha geç | Geri dön,İptal edilen doldurma bedelsiz mermi eklemez; HUD takılı ilerleme göstermez.,P1,Assets/_Project/Scripts/Application/Catalogs/WeaponCatalog.cs,Sözleşme,Çalıştırılmadı
WPN-016,Silahlar,Canik TP9: atış aralığı,Atış Poligonu test düzeneği; Canik TP9; dolu şarjör ve uygun yedek mühimmat; sabit zırhsız 100 can hedef; test düzenek erişimi yoksa Engelli.,Uygun modda 5 atışı video/zaman kaydına al | Ardışık atış aralığını ölç,"Ateş aralığı 0.15 sn altına inmez (bir simülasyon tick toleransı); sabit makro kullanılmaz, gözlenen gecikme ayrı raporlanır.",P1,Assets/_Project/Scripts/Application/Catalogs/WeaponCatalog.cs,Sözleşme,Çalıştırılmadı
WPN-017,Silahlar,Canik TP9: atış modu döngüsü,Atış Poligonu test düzeneği; Canik TP9; dolu şarjör ve uygun yedek mühimmat; sabit zırhsız 100 can hedef; test düzenek erişimi yoksa Engelli.,B tuşuna tüm seçenekler dönene kadar bas | Her modda tetiği basılı tut,"Sıra katalogla uyumlu: Single; Single tek basışta bir atış, Auto basılı tutmada devam, yalnız listelenen modlar seçilebilir.",P1,Assets/_Project/Scripts/Application/Catalogs/WeaponCatalog.cs,Sözleşme,Çalıştırılmadı
WPN-018,Silahlar,Canik TP9: ADS ve büyütme,Atış Poligonu test düzeneği; Canik TP9; dolu şarjör ve uygun yedek mühimmat; sabit zırhsız 100 can hedef; test düzenek erişimi yoksa Engelli.,RMB ile nişan al | Görüş açısı ve örtüyü gözle | Bırak,Dürbün örtüsü açılmaz; standart ADS görünür; katalog büyütmesi 1.15×; bırakınca temel görüş açısına döner.,P1,Assets/_Project/Scripts/Application/Catalogs/WeaponCatalog.cs,Sözleşme,Çalıştırılmadı
WPN-019,Silahlar,Canik TP9: hasar bileşeni,Atış Poligonu test düzeneği; Canik TP9; dolu şarjör ve uygun yedek mühimmat; sabit zırhsız 100 can hedef; test düzenek erişimi yoksa Engelli.,Hedefi FalloffStart öncesine yerleştir | Gövdeye tek mermi veya kontrollü tek saçma isabet ettir | Can farkını kaydet,"Zırhsız gövde bileşen hasarı 26.0; pompalıda her saçma ayrı hasar bileşenidir, tüm saçmalar toplamı can tavanına kırpılır.",P1,Assets/_Project/Scripts/Application/Catalogs/WeaponCatalog.cs,Sözleşme,Çalıştırılmadı
WPN-020,Silahlar,Canik TP9: menzil düşüşü,Atış Poligonu test düzeneği; Canik TP9; dolu şarjör ve uygun yedek mühimmat; sabit zırhsız 100 can hedef; test düzenek erişimi yoksa Engelli.,Aynı zırhsız hedefi 70.0 m mesafeye koy | Tek mermi/saçma gövde hasarını kaydet,Menzil sonu çarpanı 0.55; tek bileşen hasarı 14.3; kaçan atışlar hasar ölçümüne katılmaz.,P1,Assets/_Project/Scripts/Application/Catalogs/WeaponCatalog.cs,Sözleşme,Çalıştırılmadı
WPN-021,Silahlar,SAR 109T: şarjör kapasitesi,Atış Poligonu test düzeneği; SAR 109T; dolu şarjör ve uygun yedek mühimmat; sabit zırhsız 100 can hedef; test düzenek erişimi yoksa Engelli.,Silahı kuşan | HUD şarjör sayısını kaydet | Bir atış yap,"Başlangıç 30 mermi; her tetiklenen atışta bir mermi azalır, saçma sayısı 1 olsa da maliyet bir fişektir.",P1,Assets/_Project/Scripts/Application/Catalogs/WeaponCatalog.cs,Sözleşme,Çalıştırılmadı
WPN-022,Silahlar,SAR 109T: boş tetik,Atış Poligonu test düzeneği; SAR 109T; dolu şarjör ve uygun yedek mühimmat; sabit zırhsız 100 can hedef; test düzenek erişimi yoksa Engelli.,Şarjörü tüket | Son mermiden sonra tetiği üç kez çek,0 altında mühimmat oluşmaz; boş tetik hasar vermez.,P1,Assets/_Project/Scripts/Application/Catalogs/WeaponCatalog.cs,Sözleşme,Çalıştırılmadı
WPN-023,Silahlar,SAR 109T: yeniden doldurma,Atış Poligonu test düzeneği; SAR 109T; dolu şarjör ve uygun yedek mühimmat; sabit zırhsız 100 can hedef; test düzenek erişimi yoksa Engelli.,Şarjörden 3 mermi harca | R bas | Tamamlanma süresini ölç,"Katalog süresi 2.0 sn (görüntü toleransı 0,15 sn); şarjör kapasiteye döner, yedekten tam 3 alınır.",P1,Assets/_Project/Scripts/Application/Catalogs/WeaponCatalog.cs,Sözleşme,Çalıştırılmadı
WPN-024,Silahlar,SAR 109T: yedeksiz doldurma,Atış Poligonu test düzeneği; SAR 109T; dolu şarjör ve uygun yedek mühimmat; sabit zırhsız 100 can hedef; test düzenek erişimi yoksa Engelli.,Yedek mühimmatı sıfırla | Şarjörden 3 harca | R bas,Yeniden doldurma başlamaz; mevcut şarjör mermisi kaybolmaz.,P1,Assets/_Project/Scripts/Application/Catalogs/WeaponCatalog.cs,Sözleşme,Çalıştırılmadı
WPN-025,Silahlar,SAR 109T: doldurma iptali,Atış Poligonu test düzeneği; SAR 109T; dolu şarjör ve uygun yedek mühimmat; sabit zırhsız 100 can hedef; test düzenek erişimi yoksa Engelli.,3 mermi harca | R bas | Süre bitmeden başka silaha geç | Geri dön,İptal edilen doldurma bedelsiz mermi eklemez; HUD takılı ilerleme göstermez.,P1,Assets/_Project/Scripts/Application/Catalogs/WeaponCatalog.cs,Sözleşme,Çalıştırılmadı
WPN-026,Silahlar,SAR 109T: atış aralığı,Atış Poligonu test düzeneği; SAR 109T; dolu şarjör ve uygun yedek mühimmat; sabit zırhsız 100 can hedef; test düzenek erişimi yoksa Engelli.,Uygun modda 5 atışı video/zaman kaydına al | Ardışık atış aralığını ölç,"Ateş aralığı 0.075 sn altına inmez (bir simülasyon tick toleransı); sabit makro kullanılmaz, gözlenen gecikme ayrı raporlanır.",P1,Assets/_Project/Scripts/Application/Catalogs/WeaponCatalog.cs,Sözleşme,Çalıştırılmadı
WPN-027,Silahlar,SAR 109T: atış modu döngüsü,Atış Poligonu test düzeneği; SAR 109T; dolu şarjör ve uygun yedek mühimmat; sabit zırhsız 100 can hedef; test düzenek erişimi yoksa Engelli.,B tuşuna tüm seçenekler dönene kadar bas | Her modda tetiği basılı tut,"Sıra katalogla uyumlu: Single, Burst, Auto; Single tek basışta bir atış, Auto basılı tutmada devam, yalnız listelenen modlar seçilebilir.",P1,Assets/_Project/Scripts/Application/Catalogs/WeaponCatalog.cs,Sözleşme,Çalıştırılmadı
WPN-028,Silahlar,SAR 109T: ADS ve büyütme,Atış Poligonu test düzeneği; SAR 109T; dolu şarjör ve uygun yedek mühimmat; sabit zırhsız 100 can hedef; test düzenek erişimi yoksa Engelli.,RMB ile nişan al | Görüş açısı ve örtüyü gözle | Bırak,Dürbün örtüsü açılmaz; standart ADS görünür; katalog büyütmesi 1.2×; bırakınca temel görüş açısına döner.,P1,Assets/_Project/Scripts/Application/Catalogs/WeaponCatalog.cs,Sözleşme,Çalıştırılmadı
WPN-029,Silahlar,SAR 109T: hasar bileşeni,Atış Poligonu test düzeneği; SAR 109T; dolu şarjör ve uygun yedek mühimmat; sabit zırhsız 100 can hedef; test düzenek erişimi yoksa Engelli.,Hedefi FalloffStart öncesine yerleştir | Gövdeye tek mermi veya kontrollü tek saçma isabet ettir | Can farkını kaydet,"Zırhsız gövde bileşen hasarı 22.0; pompalıda her saçma ayrı hasar bileşenidir, tüm saçmalar toplamı can tavanına kırpılır.",P1,Assets/_Project/Scripts/Application/Catalogs/WeaponCatalog.cs,Sözleşme,Çalıştırılmadı
WPN-030,Silahlar,SAR 109T: menzil düşüşü,Atış Poligonu test düzeneği; SAR 109T; dolu şarjör ve uygun yedek mühimmat; sabit zırhsız 100 can hedef; test düzenek erişimi yoksa Engelli.,Aynı zırhsız hedefi 100.0 m mesafeye koy | Tek mermi/saçma gövde hasarını kaydet,Menzil sonu çarpanı 0.5; tek bileşen hasarı 11.0; kaçan atışlar hasar ölçümüne katılmaz.,P1,Assets/_Project/Scripts/Application/Catalogs/WeaponCatalog.cs,Sözleşme,Çalıştırılmadı
WPN-031,Silahlar,MPT-55: şarjör kapasitesi,Atış Poligonu test düzeneği; MPT-55; dolu şarjör ve uygun yedek mühimmat; sabit zırhsız 100 can hedef; test düzenek erişimi yoksa Engelli.,Silahı kuşan | HUD şarjör sayısını kaydet | Bir atış yap,"Başlangıç 30 mermi; her tetiklenen atışta bir mermi azalır, saçma sayısı 1 olsa da maliyet bir fişektir.",P1,Assets/_Project/Scripts/Application/Catalogs/WeaponCatalog.cs,Sözleşme,Çalıştırılmadı
WPN-032,Silahlar,MPT-55: boş tetik,Atış Poligonu test düzeneği; MPT-55; dolu şarjör ve uygun yedek mühimmat; sabit zırhsız 100 can hedef; test düzenek erişimi yoksa Engelli.,Şarjörü tüket | Son mermiden sonra tetiği üç kez çek,0 altında mühimmat oluşmaz; boş tetik hasar vermez.,P1,Assets/_Project/Scripts/Application/Catalogs/WeaponCatalog.cs,Sözleşme,Çalıştırılmadı
WPN-033,Silahlar,MPT-55: yeniden doldurma,Atış Poligonu test düzeneği; MPT-55; dolu şarjör ve uygun yedek mühimmat; sabit zırhsız 100 can hedef; test düzenek erişimi yoksa Engelli.,Şarjörden 3 mermi harca | R bas | Tamamlanma süresini ölç,"Katalog süresi 2.3 sn (görüntü toleransı 0,15 sn); şarjör kapasiteye döner, yedekten tam 3 alınır.",P1,Assets/_Project/Scripts/Application/Catalogs/WeaponCatalog.cs,Sözleşme,Çalıştırılmadı
WPN-034,Silahlar,MPT-55: yedeksiz doldurma,Atış Poligonu test düzeneği; MPT-55; dolu şarjör ve uygun yedek mühimmat; sabit zırhsız 100 can hedef; test düzenek erişimi yoksa Engelli.,Yedek mühimmatı sıfırla | Şarjörden 3 harca | R bas,Yeniden doldurma başlamaz; mevcut şarjör mermisi kaybolmaz.,P1,Assets/_Project/Scripts/Application/Catalogs/WeaponCatalog.cs,Sözleşme,Çalıştırılmadı
WPN-035,Silahlar,MPT-55: doldurma iptali,Atış Poligonu test düzeneği; MPT-55; dolu şarjör ve uygun yedek mühimmat; sabit zırhsız 100 can hedef; test düzenek erişimi yoksa Engelli.,3 mermi harca | R bas | Süre bitmeden başka silaha geç | Geri dön,İptal edilen doldurma bedelsiz mermi eklemez; HUD takılı ilerleme göstermez.,P1,Assets/_Project/Scripts/Application/Catalogs/WeaponCatalog.cs,Sözleşme,Çalıştırılmadı
WPN-036,Silahlar,MPT-55: atış aralığı,Atış Poligonu test düzeneği; MPT-55; dolu şarjör ve uygun yedek mühimmat; sabit zırhsız 100 can hedef; test düzenek erişimi yoksa Engelli.,Uygun modda 5 atışı video/zaman kaydına al | Ardışık atış aralığını ölç,"Ateş aralığı 0.08 sn altına inmez (bir simülasyon tick toleransı); sabit makro kullanılmaz, gözlenen gecikme ayrı raporlanır.",P1,Assets/_Project/Scripts/Application/Catalogs/WeaponCatalog.cs,Sözleşme,Çalıştırılmadı
WPN-037,Silahlar,MPT-55: atış modu döngüsü,Atış Poligonu test düzeneği; MPT-55; dolu şarjör ve uygun yedek mühimmat; sabit zırhsız 100 can hedef; test düzenek erişimi yoksa Engelli.,B tuşuna tüm seçenekler dönene kadar bas | Her modda tetiği basılı tut,"Sıra katalogla uyumlu: Single, Burst, Auto; Single tek basışta bir atış, Auto basılı tutmada devam, yalnız listelenen modlar seçilebilir.",P1,Assets/_Project/Scripts/Application/Catalogs/WeaponCatalog.cs,Sözleşme,Çalıştırılmadı
WPN-038,Silahlar,MPT-55: ADS ve büyütme,Atış Poligonu test düzeneği; MPT-55; dolu şarjör ve uygun yedek mühimmat; sabit zırhsız 100 can hedef; test düzenek erişimi yoksa Engelli.,RMB ile nişan al | Görüş açısı ve örtüyü gözle | Bırak,Dürbün örtüsü açılmaz; standart ADS görünür; katalog büyütmesi 1.35×; bırakınca temel görüş açısına döner.,P1,Assets/_Project/Scripts/Application/Catalogs/WeaponCatalog.cs,Sözleşme,Çalıştırılmadı
WPN-039,Silahlar,MPT-55: hasar bileşeni,Atış Poligonu test düzeneği; MPT-55; dolu şarjör ve uygun yedek mühimmat; sabit zırhsız 100 can hedef; test düzenek erişimi yoksa Engelli.,Hedefi FalloffStart öncesine yerleştir | Gövdeye tek mermi veya kontrollü tek saçma isabet ettir | Can farkını kaydet,"Zırhsız gövde bileşen hasarı 26.0; pompalıda her saçma ayrı hasar bileşenidir, tüm saçmalar toplamı can tavanına kırpılır.",P1,Assets/_Project/Scripts/Application/Catalogs/WeaponCatalog.cs,Sözleşme,Çalıştırılmadı
WPN-040,Silahlar,MPT-55: menzil düşüşü,Atış Poligonu test düzeneği; MPT-55; dolu şarjör ve uygun yedek mühimmat; sabit zırhsız 100 can hedef; test düzenek erişimi yoksa Engelli.,Aynı zırhsız hedefi 300.0 m mesafeye koy | Tek mermi/saçma gövde hasarını kaydet,Menzil sonu çarpanı 0.65; tek bileşen hasarı 16.9; kaçan atışlar hasar ölçümüne katılmaz.,P1,Assets/_Project/Scripts/Application/Catalogs/WeaponCatalog.cs,Sözleşme,Çalıştırılmadı
WPN-041,Silahlar,MPT-76: şarjör kapasitesi,Atış Poligonu test düzeneği; MPT-76; dolu şarjör ve uygun yedek mühimmat; sabit zırhsız 100 can hedef; test düzenek erişimi yoksa Engelli.,Silahı kuşan | HUD şarjör sayısını kaydet | Bir atış yap,"Başlangıç 20 mermi; her tetiklenen atışta bir mermi azalır, saçma sayısı 1 olsa da maliyet bir fişektir.",P1,Assets/_Project/Scripts/Application/Catalogs/WeaponCatalog.cs,Sözleşme,Çalıştırılmadı
WPN-042,Silahlar,MPT-76: boş tetik,Atış Poligonu test düzeneği; MPT-76; dolu şarjör ve uygun yedek mühimmat; sabit zırhsız 100 can hedef; test düzenek erişimi yoksa Engelli.,Şarjörü tüket | Son mermiden sonra tetiği üç kez çek,0 altında mühimmat oluşmaz; boş tetik hasar vermez.,P1,Assets/_Project/Scripts/Application/Catalogs/WeaponCatalog.cs,Sözleşme,Çalıştırılmadı
WPN-043,Silahlar,MPT-76: yeniden doldurma,Atış Poligonu test düzeneği; MPT-76; dolu şarjör ve uygun yedek mühimmat; sabit zırhsız 100 can hedef; test düzenek erişimi yoksa Engelli.,Şarjörden 3 mermi harca | R bas | Tamamlanma süresini ölç,"Katalog süresi 2.5 sn (görüntü toleransı 0,15 sn); şarjör kapasiteye döner, yedekten tam 3 alınır.",P1,Assets/_Project/Scripts/Application/Catalogs/WeaponCatalog.cs,Sözleşme,Çalıştırılmadı
WPN-044,Silahlar,MPT-76: yedeksiz doldurma,Atış Poligonu test düzeneği; MPT-76; dolu şarjör ve uygun yedek mühimmat; sabit zırhsız 100 can hedef; test düzenek erişimi yoksa Engelli.,Yedek mühimmatı sıfırla | Şarjörden 3 harca | R bas,Yeniden doldurma başlamaz; mevcut şarjör mermisi kaybolmaz.,P1,Assets/_Project/Scripts/Application/Catalogs/WeaponCatalog.cs,Sözleşme,Çalıştırılmadı
WPN-045,Silahlar,MPT-76: doldurma iptali,Atış Poligonu test düzeneği; MPT-76; dolu şarjör ve uygun yedek mühimmat; sabit zırhsız 100 can hedef; test düzenek erişimi yoksa Engelli.,3 mermi harca | R bas | Süre bitmeden başka silaha geç | Geri dön,İptal edilen doldurma bedelsiz mermi eklemez; HUD takılı ilerleme göstermez.,P1,Assets/_Project/Scripts/Application/Catalogs/WeaponCatalog.cs,Sözleşme,Çalıştırılmadı
WPN-046,Silahlar,MPT-76: atış aralığı,Atış Poligonu test düzeneği; MPT-76; dolu şarjör ve uygun yedek mühimmat; sabit zırhsız 100 can hedef; test düzenek erişimi yoksa Engelli.,Uygun modda 5 atışı video/zaman kaydına al | Ardışık atış aralığını ölç,"Ateş aralığı 0.1 sn altına inmez (bir simülasyon tick toleransı); sabit makro kullanılmaz, gözlenen gecikme ayrı raporlanır.",P1,Assets/_Project/Scripts/Application/Catalogs/WeaponCatalog.cs,Sözleşme,Çalıştırılmadı
WPN-047,Silahlar,MPT-76: atış modu döngüsü,Atış Poligonu test düzeneği; MPT-76; dolu şarjör ve uygun yedek mühimmat; sabit zırhsız 100 can hedef; test düzenek erişimi yoksa Engelli.,B tuşuna tüm seçenekler dönene kadar bas | Her modda tetiği basılı tut,"Sıra katalogla uyumlu: Single, Auto; Single tek basışta bir atış, Auto basılı tutmada devam, yalnız listelenen modlar seçilebilir.",P1,Assets/_Project/Scripts/Application/Catalogs/WeaponCatalog.cs,Sözleşme,Çalıştırılmadı
WPN-048,Silahlar,MPT-76: ADS ve büyütme,Atış Poligonu test düzeneği; MPT-76; dolu şarjör ve uygun yedek mühimmat; sabit zırhsız 100 can hedef; test düzenek erişimi yoksa Engelli.,RMB ile nişan al | Görüş açısı ve örtüyü gözle | Bırak,Dürbün örtüsü açılmaz; standart ADS görünür; katalog büyütmesi 1.35×; bırakınca temel görüş açısına döner.,P1,Assets/_Project/Scripts/Application/Catalogs/WeaponCatalog.cs,Sözleşme,Çalıştırılmadı
WPN-049,Silahlar,MPT-76: hasar bileşeni,Atış Poligonu test düzeneği; MPT-76; dolu şarjör ve uygun yedek mühimmat; sabit zırhsız 100 can hedef; test düzenek erişimi yoksa Engelli.,Hedefi FalloffStart öncesine yerleştir | Gövdeye tek mermi veya kontrollü tek saçma isabet ettir | Can farkını kaydet,"Zırhsız gövde bileşen hasarı 36.0; pompalıda her saçma ayrı hasar bileşenidir, tüm saçmalar toplamı can tavanına kırpılır.",P1,Assets/_Project/Scripts/Application/Catalogs/WeaponCatalog.cs,Sözleşme,Çalıştırılmadı
WPN-050,Silahlar,MPT-76: menzil düşüşü,Atış Poligonu test düzeneği; MPT-76; dolu şarjör ve uygun yedek mühimmat; sabit zırhsız 100 can hedef; test düzenek erişimi yoksa Engelli.,Aynı zırhsız hedefi 400.0 m mesafeye koy | Tek mermi/saçma gövde hasarını kaydet,Menzil sonu çarpanı 0.7; tek bileşen hasarı 25.2; kaçan atışlar hasar ölçümüne katılmaz.,P1,Assets/_Project/Scripts/Application/Catalogs/WeaponCatalog.cs,Sözleşme,Çalıştırılmadı
WPN-051,Silahlar,G3A7: şarjör kapasitesi,Atış Poligonu test düzeneği; G3A7; dolu şarjör ve uygun yedek mühimmat; sabit zırhsız 100 can hedef; test düzenek erişimi yoksa Engelli.,Silahı kuşan | HUD şarjör sayısını kaydet | Bir atış yap,"Başlangıç 20 mermi; her tetiklenen atışta bir mermi azalır, saçma sayısı 1 olsa da maliyet bir fişektir.",P1,Assets/_Project/Scripts/Application/Catalogs/WeaponCatalog.cs,Sözleşme,Çalıştırılmadı
WPN-052,Silahlar,G3A7: boş tetik,Atış Poligonu test düzeneği; G3A7; dolu şarjör ve uygun yedek mühimmat; sabit zırhsız 100 can hedef; test düzenek erişimi yoksa Engelli.,Şarjörü tüket | Son mermiden sonra tetiği üç kez çek,0 altında mühimmat oluşmaz; boş tetik hasar vermez.,P1,Assets/_Project/Scripts/Application/Catalogs/WeaponCatalog.cs,Sözleşme,Çalıştırılmadı
WPN-053,Silahlar,G3A7: yeniden doldurma,Atış Poligonu test düzeneği; G3A7; dolu şarjör ve uygun yedek mühimmat; sabit zırhsız 100 can hedef; test düzenek erişimi yoksa Engelli.,Şarjörden 3 mermi harca | R bas | Tamamlanma süresini ölç,"Katalog süresi 2.6 sn (görüntü toleransı 0,15 sn); şarjör kapasiteye döner, yedekten tam 3 alınır.",P1,Assets/_Project/Scripts/Application/Catalogs/WeaponCatalog.cs,Sözleşme,Çalıştırılmadı
WPN-054,Silahlar,G3A7: yedeksiz doldurma,Atış Poligonu test düzeneği; G3A7; dolu şarjör ve uygun yedek mühimmat; sabit zırhsız 100 can hedef; test düzenek erişimi yoksa Engelli.,Yedek mühimmatı sıfırla | Şarjörden 3 harca | R bas,Yeniden doldurma başlamaz; mevcut şarjör mermisi kaybolmaz.,P1,Assets/_Project/Scripts/Application/Catalogs/WeaponCatalog.cs,Sözleşme,Çalıştırılmadı
WPN-055,Silahlar,G3A7: doldurma iptali,Atış Poligonu test düzeneği; G3A7; dolu şarjör ve uygun yedek mühimmat; sabit zırhsız 100 can hedef; test düzenek erişimi yoksa Engelli.,3 mermi harca | R bas | Süre bitmeden başka silaha geç | Geri dön,İptal edilen doldurma bedelsiz mermi eklemez; HUD takılı ilerleme göstermez.,P1,Assets/_Project/Scripts/Application/Catalogs/WeaponCatalog.cs,Sözleşme,Çalıştırılmadı
WPN-056,Silahlar,G3A7: atış aralığı,Atış Poligonu test düzeneği; G3A7; dolu şarjör ve uygun yedek mühimmat; sabit zırhsız 100 can hedef; test düzenek erişimi yoksa Engelli.,Uygun modda 5 atışı video/zaman kaydına al | Ardışık atış aralığını ölç,"Ateş aralığı 0.10909090909090909 sn altına inmez (bir simülasyon tick toleransı); sabit makro kullanılmaz, gözlenen gecikme ayrı raporlanır.",P1,Assets/_Project/Scripts/Application/Catalogs/WeaponCatalog.cs,Sözleşme,Çalıştırılmadı
WPN-057,Silahlar,G3A7: atış modu döngüsü,Atış Poligonu test düzeneği; G3A7; dolu şarjör ve uygun yedek mühimmat; sabit zırhsız 100 can hedef; test düzenek erişimi yoksa Engelli.,B tuşuna tüm seçenekler dönene kadar bas | Her modda tetiği basılı tut,"Sıra katalogla uyumlu: Single, Auto; Single tek basışta bir atış, Auto basılı tutmada devam, yalnız listelenen modlar seçilebilir.",P1,Assets/_Project/Scripts/Application/Catalogs/WeaponCatalog.cs,Sözleşme,Çalıştırılmadı
WPN-058,Silahlar,G3A7: ADS ve büyütme,Atış Poligonu test düzeneği; G3A7; dolu şarjör ve uygun yedek mühimmat; sabit zırhsız 100 can hedef; test düzenek erişimi yoksa Engelli.,RMB ile nişan al | Görüş açısı ve örtüyü gözle | Bırak,Dürbün örtüsü açılmaz; standart ADS görünür; katalog büyütmesi 1.35×; bırakınca temel görüş açısına döner.,P1,Assets/_Project/Scripts/Application/Catalogs/WeaponCatalog.cs,Sözleşme,Çalıştırılmadı
WPN-059,Silahlar,G3A7: hasar bileşeni,Atış Poligonu test düzeneği; G3A7; dolu şarjör ve uygun yedek mühimmat; sabit zırhsız 100 can hedef; test düzenek erişimi yoksa Engelli.,Hedefi FalloffStart öncesine yerleştir | Gövdeye tek mermi veya kontrollü tek saçma isabet ettir | Can farkını kaydet,"Zırhsız gövde bileşen hasarı 38.0; pompalıda her saçma ayrı hasar bileşenidir, tüm saçmalar toplamı can tavanına kırpılır.",P1,Assets/_Project/Scripts/Application/Catalogs/WeaponCatalog.cs,Sözleşme,Çalıştırılmadı
WPN-060,Silahlar,G3A7: menzil düşüşü,Atış Poligonu test düzeneği; G3A7; dolu şarjör ve uygun yedek mühimmat; sabit zırhsız 100 can hedef; test düzenek erişimi yoksa Engelli.,Aynı zırhsız hedefi 400.0 m mesafeye koy | Tek mermi/saçma gövde hasarını kaydet,Menzil sonu çarpanı 0.7; tek bileşen hasarı 26.6; kaçan atışlar hasar ölçümüne katılmaz.,P1,Assets/_Project/Scripts/Application/Catalogs/WeaponCatalog.cs,Sözleşme,Çalıştırılmadı
WPN-061,Silahlar,KNT-76: şarjör kapasitesi,Atış Poligonu test düzeneği; KNT-76; dolu şarjör ve uygun yedek mühimmat; sabit zırhsız 100 can hedef; test düzenek erişimi yoksa Engelli.,Silahı kuşan | HUD şarjör sayısını kaydet | Bir atış yap,"Başlangıç 10 mermi; her tetiklenen atışta bir mermi azalır, saçma sayısı 1 olsa da maliyet bir fişektir.",P1,Assets/_Project/Scripts/Application/Catalogs/WeaponCatalog.cs,Sözleşme,Çalıştırılmadı
WPN-062,Silahlar,KNT-76: boş tetik,Atış Poligonu test düzeneği; KNT-76; dolu şarjör ve uygun yedek mühimmat; sabit zırhsız 100 can hedef; test düzenek erişimi yoksa Engelli.,Şarjörü tüket | Son mermiden sonra tetiği üç kez çek,0 altında mühimmat oluşmaz; boş tetik hasar vermez.,P1,Assets/_Project/Scripts/Application/Catalogs/WeaponCatalog.cs,Sözleşme,Çalıştırılmadı
WPN-063,Silahlar,KNT-76: yeniden doldurma,Atış Poligonu test düzeneği; KNT-76; dolu şarjör ve uygun yedek mühimmat; sabit zırhsız 100 can hedef; test düzenek erişimi yoksa Engelli.,Şarjörden 3 mermi harca | R bas | Tamamlanma süresini ölç,"Katalog süresi 2.8 sn (görüntü toleransı 0,15 sn); şarjör kapasiteye döner, yedekten tam 3 alınır.",P1,Assets/_Project/Scripts/Application/Catalogs/WeaponCatalog.cs,Sözleşme,Çalıştırılmadı
WPN-064,Silahlar,KNT-76: yedeksiz doldurma,Atış Poligonu test düzeneği; KNT-76; dolu şarjör ve uygun yedek mühimmat; sabit zırhsız 100 can hedef; test düzenek erişimi yoksa Engelli.,Yedek mühimmatı sıfırla | Şarjörden 3 harca | R bas,Yeniden doldurma başlamaz; mevcut şarjör mermisi kaybolmaz.,P1,Assets/_Project/Scripts/Application/Catalogs/WeaponCatalog.cs,Sözleşme,Çalıştırılmadı
WPN-065,Silahlar,KNT-76: doldurma iptali,Atış Poligonu test düzeneği; KNT-76; dolu şarjör ve uygun yedek mühimmat; sabit zırhsız 100 can hedef; test düzenek erişimi yoksa Engelli.,3 mermi harca | R bas | Süre bitmeden başka silaha geç | Geri dön,İptal edilen doldurma bedelsiz mermi eklemez; HUD takılı ilerleme göstermez.,P1,Assets/_Project/Scripts/Application/Catalogs/WeaponCatalog.cs,Sözleşme,Çalıştırılmadı
WPN-066,Silahlar,KNT-76: atış aralığı,Atış Poligonu test düzeneği; KNT-76; dolu şarjör ve uygun yedek mühimmat; sabit zırhsız 100 can hedef; test düzenek erişimi yoksa Engelli.,Uygun modda 5 atışı video/zaman kaydına al | Ardışık atış aralığını ölç,"Ateş aralığı 0.28 sn altına inmez (bir simülasyon tick toleransı); sabit makro kullanılmaz, gözlenen gecikme ayrı raporlanır.",P1,Assets/_Project/Scripts/Application/Catalogs/WeaponCatalog.cs,Sözleşme,Çalıştırılmadı
WPN-067,Silahlar,KNT-76: atış modu döngüsü,Atış Poligonu test düzeneği; KNT-76; dolu şarjör ve uygun yedek mühimmat; sabit zırhsız 100 can hedef; test düzenek erişimi yoksa Engelli.,B tuşuna tüm seçenekler dönene kadar bas | Her modda tetiği basılı tut,"Sıra katalogla uyumlu: Single; Single tek basışta bir atış, Auto basılı tutmada devam, yalnız listelenen modlar seçilebilir.",P1,Assets/_Project/Scripts/Application/Catalogs/WeaponCatalog.cs,Sözleşme,Çalıştırılmadı
WPN-068,Silahlar,KNT-76: ADS ve büyütme,Atış Poligonu test düzeneği; KNT-76; dolu şarjör ve uygun yedek mühimmat; sabit zırhsız 100 can hedef; test düzenek erişimi yoksa Engelli.,RMB ile nişan al | Görüş açısı ve örtüyü gözle | Bırak,Dürbün örtüsü görünür; katalog büyütmesi 3.0×; bırakınca temel görüş açısına döner.,P1,Assets/_Project/Scripts/Application/Catalogs/WeaponCatalog.cs,Sözleşme,Çalıştırılmadı
WPN-069,Silahlar,KNT-76: hasar bileşeni,Atış Poligonu test düzeneği; KNT-76; dolu şarjör ve uygun yedek mühimmat; sabit zırhsız 100 can hedef; test düzenek erişimi yoksa Engelli.,Hedefi FalloffStart öncesine yerleştir | Gövdeye tek mermi veya kontrollü tek saçma isabet ettir | Can farkını kaydet,"Zırhsız gövde bileşen hasarı 52.0; pompalıda her saçma ayrı hasar bileşenidir, tüm saçmalar toplamı can tavanına kırpılır.",P1,Assets/_Project/Scripts/Application/Catalogs/WeaponCatalog.cs,Sözleşme,Çalıştırılmadı
WPN-070,Silahlar,KNT-76: menzil düşüşü,Atış Poligonu test düzeneği; KNT-76; dolu şarjör ve uygun yedek mühimmat; sabit zırhsız 100 can hedef; test düzenek erişimi yoksa Engelli.,Aynı zırhsız hedefi 600.0 m mesafeye koy | Tek mermi/saçma gövde hasarını kaydet,Menzil sonu çarpanı 0.75; tek bileşen hasarı 39.0; kaçan atışlar hasar ölçümüne katılmaz.,P1,Assets/_Project/Scripts/Application/Catalogs/WeaponCatalog.cs,Sözleşme,Çalıştırılmadı
WPN-071,Silahlar,JNG-90: şarjör kapasitesi,Atış Poligonu test düzeneği; JNG-90; dolu şarjör ve uygun yedek mühimmat; sabit zırhsız 100 can hedef; test düzenek erişimi yoksa Engelli.,Silahı kuşan | HUD şarjör sayısını kaydet | Bir atış yap,"Başlangıç 5 mermi; her tetiklenen atışta bir mermi azalır, saçma sayısı 1 olsa da maliyet bir fişektir.",P1,Assets/_Project/Scripts/Application/Catalogs/WeaponCatalog.cs,Sözleşme,Çalıştırılmadı
WPN-072,Silahlar,JNG-90: boş tetik,Atış Poligonu test düzeneği; JNG-90; dolu şarjör ve uygun yedek mühimmat; sabit zırhsız 100 can hedef; test düzenek erişimi yoksa Engelli.,Şarjörü tüket | Son mermiden sonra tetiği üç kez çek,0 altında mühimmat oluşmaz; boş tetik hasar vermez.,P1,Assets/_Project/Scripts/Application/Catalogs/WeaponCatalog.cs,Sözleşme,Çalıştırılmadı
WPN-073,Silahlar,JNG-90: yeniden doldurma,Atış Poligonu test düzeneği; JNG-90; dolu şarjör ve uygun yedek mühimmat; sabit zırhsız 100 can hedef; test düzenek erişimi yoksa Engelli.,Şarjörden 3 mermi harca | R bas | Tamamlanma süresini ölç,"Katalog süresi 3.4 sn (görüntü toleransı 0,15 sn); şarjör kapasiteye döner, yedekten tam 3 alınır.",P1,Assets/_Project/Scripts/Application/Catalogs/WeaponCatalog.cs,Sözleşme,Çalıştırılmadı
WPN-074,Silahlar,JNG-90: yedeksiz doldurma,Atış Poligonu test düzeneği; JNG-90; dolu şarjör ve uygun yedek mühimmat; sabit zırhsız 100 can hedef; test düzenek erişimi yoksa Engelli.,Yedek mühimmatı sıfırla | Şarjörden 3 harca | R bas,Yeniden doldurma başlamaz; mevcut şarjör mermisi kaybolmaz.,P1,Assets/_Project/Scripts/Application/Catalogs/WeaponCatalog.cs,Sözleşme,Çalıştırılmadı
WPN-075,Silahlar,JNG-90: doldurma iptali,Atış Poligonu test düzeneği; JNG-90; dolu şarjör ve uygun yedek mühimmat; sabit zırhsız 100 can hedef; test düzenek erişimi yoksa Engelli.,3 mermi harca | R bas | Süre bitmeden başka silaha geç | Geri dön,İptal edilen doldurma bedelsiz mermi eklemez; HUD takılı ilerleme göstermez.,P1,Assets/_Project/Scripts/Application/Catalogs/WeaponCatalog.cs,Sözleşme,Çalıştırılmadı
WPN-076,Silahlar,JNG-90: atış aralığı,Atış Poligonu test düzeneği; JNG-90; dolu şarjör ve uygun yedek mühimmat; sabit zırhsız 100 can hedef; test düzenek erişimi yoksa Engelli.,Uygun modda 5 atışı video/zaman kaydına al | Ardışık atış aralığını ölç,"Ateş aralığı 1.4 sn altına inmez (bir simülasyon tick toleransı); sabit makro kullanılmaz, gözlenen gecikme ayrı raporlanır.",P1,Assets/_Project/Scripts/Application/Catalogs/WeaponCatalog.cs,Sözleşme,Çalıştırılmadı
WPN-077,Silahlar,JNG-90: atış modu döngüsü,Atış Poligonu test düzeneği; JNG-90; dolu şarjör ve uygun yedek mühimmat; sabit zırhsız 100 can hedef; test düzenek erişimi yoksa Engelli.,B tuşuna tüm seçenekler dönene kadar bas | Her modda tetiği basılı tut,"Sıra katalogla uyumlu: Single; Single tek basışta bir atış, Auto basılı tutmada devam, yalnız listelenen modlar seçilebilir.",P1,Assets/_Project/Scripts/Application/Catalogs/WeaponCatalog.cs,Sözleşme,Çalıştırılmadı
WPN-078,Silahlar,JNG-90: ADS ve büyütme,Atış Poligonu test düzeneği; JNG-90; dolu şarjör ve uygun yedek mühimmat; sabit zırhsız 100 can hedef; test düzenek erişimi yoksa Engelli.,RMB ile nişan al | Görüş açısı ve örtüyü gözle | Bırak,Dürbün örtüsü görünür; katalog büyütmesi 6.0×; bırakınca temel görüş açısına döner.,P1,Assets/_Project/Scripts/Application/Catalogs/WeaponCatalog.cs,Sözleşme,Çalıştırılmadı
WPN-079,Silahlar,JNG-90: hasar bileşeni,Atış Poligonu test düzeneği; JNG-90; dolu şarjör ve uygun yedek mühimmat; sabit zırhsız 100 can hedef; test düzenek erişimi yoksa Engelli.,Hedefi FalloffStart öncesine yerleştir | Gövdeye tek mermi veya kontrollü tek saçma isabet ettir | Can farkını kaydet,"Zırhsız gövde bileşen hasarı 90.0; pompalıda her saçma ayrı hasar bileşenidir, tüm saçmalar toplamı can tavanına kırpılır.",P1,Assets/_Project/Scripts/Application/Catalogs/WeaponCatalog.cs,Sözleşme,Çalıştırılmadı
WPN-080,Silahlar,JNG-90: menzil düşüşü,Atış Poligonu test düzeneği; JNG-90; dolu şarjör ve uygun yedek mühimmat; sabit zırhsız 100 can hedef; test düzenek erişimi yoksa Engelli.,Aynı zırhsız hedefi 800.0 m mesafeye koy | Tek mermi/saçma gövde hasarını kaydet,Menzil sonu çarpanı 0.8; tek bileşen hasarı 72.0; kaçan atışlar hasar ölçümüne katılmaz.,P1,Assets/_Project/Scripts/Application/Catalogs/WeaponCatalog.cs,Sözleşme,Çalıştırılmadı
WPN-081,Silahlar,PMT-76: şarjör kapasitesi,Atış Poligonu test düzeneği; PMT-76; dolu şarjör ve uygun yedek mühimmat; sabit zırhsız 100 can hedef; test düzenek erişimi yoksa Engelli.,Silahı kuşan | HUD şarjör sayısını kaydet | Bir atış yap,"Başlangıç 100 mermi; her tetiklenen atışta bir mermi azalır, saçma sayısı 1 olsa da maliyet bir fişektir.",P1,Assets/_Project/Scripts/Application/Catalogs/WeaponCatalog.cs,Sözleşme,Çalıştırılmadı
WPN-082,Silahlar,PMT-76: boş tetik,Atış Poligonu test düzeneği; PMT-76; dolu şarjör ve uygun yedek mühimmat; sabit zırhsız 100 can hedef; test düzenek erişimi yoksa Engelli.,Şarjörü tüket | Son mermiden sonra tetiği üç kez çek,0 altında mühimmat oluşmaz; boş tetik hasar vermez.,P1,Assets/_Project/Scripts/Application/Catalogs/WeaponCatalog.cs,Sözleşme,Çalıştırılmadı
WPN-083,Silahlar,PMT-76: yeniden doldurma,Atış Poligonu test düzeneği; PMT-76; dolu şarjör ve uygun yedek mühimmat; sabit zırhsız 100 can hedef; test düzenek erişimi yoksa Engelli.,Şarjörden 3 mermi harca | R bas | Tamamlanma süresini ölç,"Katalog süresi 6.0 sn (görüntü toleransı 0,15 sn); şarjör kapasiteye döner, yedekten tam 3 alınır.",P1,Assets/_Project/Scripts/Application/Catalogs/WeaponCatalog.cs,Sözleşme,Çalıştırılmadı
WPN-084,Silahlar,PMT-76: yedeksiz doldurma,Atış Poligonu test düzeneği; PMT-76; dolu şarjör ve uygun yedek mühimmat; sabit zırhsız 100 can hedef; test düzenek erişimi yoksa Engelli.,Yedek mühimmatı sıfırla | Şarjörden 3 harca | R bas,Yeniden doldurma başlamaz; mevcut şarjör mermisi kaybolmaz.,P1,Assets/_Project/Scripts/Application/Catalogs/WeaponCatalog.cs,Sözleşme,Çalıştırılmadı
WPN-085,Silahlar,PMT-76: doldurma iptali,Atış Poligonu test düzeneği; PMT-76; dolu şarjör ve uygun yedek mühimmat; sabit zırhsız 100 can hedef; test düzenek erişimi yoksa Engelli.,3 mermi harca | R bas | Süre bitmeden başka silaha geç | Geri dön,İptal edilen doldurma bedelsiz mermi eklemez; HUD takılı ilerleme göstermez.,P1,Assets/_Project/Scripts/Application/Catalogs/WeaponCatalog.cs,Sözleşme,Çalıştırılmadı
WPN-086,Silahlar,PMT-76: atış aralığı,Atış Poligonu test düzeneği; PMT-76; dolu şarjör ve uygun yedek mühimmat; sabit zırhsız 100 can hedef; test düzenek erişimi yoksa Engelli.,Uygun modda 5 atışı video/zaman kaydına al | Ardışık atış aralığını ölç,"Ateş aralığı 0.09230769230769231 sn altına inmez (bir simülasyon tick toleransı); sabit makro kullanılmaz, gözlenen gecikme ayrı raporlanır.",P1,Assets/_Project/Scripts/Application/Catalogs/WeaponCatalog.cs,Sözleşme,Çalıştırılmadı
WPN-087,Silahlar,PMT-76: atış modu döngüsü,Atış Poligonu test düzeneği; PMT-76; dolu şarjör ve uygun yedek mühimmat; sabit zırhsız 100 can hedef; test düzenek erişimi yoksa Engelli.,B tuşuna tüm seçenekler dönene kadar bas | Her modda tetiği basılı tut,"Sıra katalogla uyumlu: Auto; Single tek basışta bir atış, Auto basılı tutmada devam, yalnız listelenen modlar seçilebilir.",P1,Assets/_Project/Scripts/Application/Catalogs/WeaponCatalog.cs,Sözleşme,Çalıştırılmadı
WPN-088,Silahlar,PMT-76: ADS ve büyütme,Atış Poligonu test düzeneği; PMT-76; dolu şarjör ve uygun yedek mühimmat; sabit zırhsız 100 can hedef; test düzenek erişimi yoksa Engelli.,RMB ile nişan al | Görüş açısı ve örtüyü gözle | Bırak,Dürbün örtüsü açılmaz; standart ADS görünür; katalog büyütmesi 1.3×; bırakınca temel görüş açısına döner.,P1,Assets/_Project/Scripts/Application/Catalogs/WeaponCatalog.cs,Sözleşme,Çalıştırılmadı
WPN-089,Silahlar,PMT-76: hasar bileşeni,Atış Poligonu test düzeneği; PMT-76; dolu şarjör ve uygun yedek mühimmat; sabit zırhsız 100 can hedef; test düzenek erişimi yoksa Engelli.,Hedefi FalloffStart öncesine yerleştir | Gövdeye tek mermi veya kontrollü tek saçma isabet ettir | Can farkını kaydet,"Zırhsız gövde bileşen hasarı 34.0; pompalıda her saçma ayrı hasar bileşenidir, tüm saçmalar toplamı can tavanına kırpılır.",P1,Assets/_Project/Scripts/Application/Catalogs/WeaponCatalog.cs,Sözleşme,Çalıştırılmadı
WPN-090,Silahlar,PMT-76: menzil düşüşü,Atış Poligonu test düzeneği; PMT-76; dolu şarjör ve uygun yedek mühimmat; sabit zırhsız 100 can hedef; test düzenek erişimi yoksa Engelli.,Aynı zırhsız hedefi 400.0 m mesafeye koy | Tek mermi/saçma gövde hasarını kaydet,Menzil sonu çarpanı 0.7; tek bileşen hasarı 23.8; kaçan atışlar hasar ölçümüne katılmaz.,P1,Assets/_Project/Scripts/Application/Catalogs/WeaponCatalog.cs,Sözleşme,Çalıştırılmadı
WPN-091,Silahlar,Escort: şarjör kapasitesi,Atış Poligonu test düzeneği; Escort; dolu şarjör ve uygun yedek mühimmat; sabit zırhsız 100 can hedef; test düzenek erişimi yoksa Engelli.,Silahı kuşan | HUD şarjör sayısını kaydet | Bir atış yap,"Başlangıç 7 mermi; her tetiklenen atışta bir mermi azalır, saçma sayısı 9 olsa da maliyet bir fişektir.",P1,Assets/_Project/Scripts/Application/Catalogs/WeaponCatalog.cs,Sözleşme,Çalıştırılmadı
WPN-092,Silahlar,Escort: boş tetik,Atış Poligonu test düzeneği; Escort; dolu şarjör ve uygun yedek mühimmat; sabit zırhsız 100 can hedef; test düzenek erişimi yoksa Engelli.,Şarjörü tüket | Son mermiden sonra tetiği üç kez çek,0 altında mühimmat oluşmaz; boş tetik hasar vermez.,P1,Assets/_Project/Scripts/Application/Catalogs/WeaponCatalog.cs,Sözleşme,Çalıştırılmadı
WPN-093,Silahlar,Escort: yeniden doldurma,Atış Poligonu test düzeneği; Escort; dolu şarjör ve uygun yedek mühimmat; sabit zırhsız 100 can hedef; test düzenek erişimi yoksa Engelli.,Şarjörden 3 mermi harca | R bas | Tamamlanma süresini ölç,"Katalog süresi 4.2 sn (görüntü toleransı 0,15 sn); şarjör kapasiteye döner, yedekten tam 3 alınır.",P1,Assets/_Project/Scripts/Application/Catalogs/WeaponCatalog.cs,Sözleşme,Çalıştırılmadı
WPN-094,Silahlar,Escort: yedeksiz doldurma,Atış Poligonu test düzeneği; Escort; dolu şarjör ve uygun yedek mühimmat; sabit zırhsız 100 can hedef; test düzenek erişimi yoksa Engelli.,Yedek mühimmatı sıfırla | Şarjörden 3 harca | R bas,Yeniden doldurma başlamaz; mevcut şarjör mermisi kaybolmaz.,P1,Assets/_Project/Scripts/Application/Catalogs/WeaponCatalog.cs,Sözleşme,Çalıştırılmadı
WPN-095,Silahlar,Escort: doldurma iptali,Atış Poligonu test düzeneği; Escort; dolu şarjör ve uygun yedek mühimmat; sabit zırhsız 100 can hedef; test düzenek erişimi yoksa Engelli.,3 mermi harca | R bas | Süre bitmeden başka silaha geç | Geri dön,İptal edilen doldurma bedelsiz mermi eklemez; HUD takılı ilerleme göstermez.,P1,Assets/_Project/Scripts/Application/Catalogs/WeaponCatalog.cs,Sözleşme,Çalıştırılmadı
WPN-096,Silahlar,Escort: atış aralığı,Atış Poligonu test düzeneği; Escort; dolu şarjör ve uygun yedek mühimmat; sabit zırhsız 100 can hedef; test düzenek erişimi yoksa Engelli.,Uygun modda 5 atışı video/zaman kaydına al | Ardışık atış aralığını ölç,"Ateş aralığı 0.85 sn altına inmez (bir simülasyon tick toleransı); sabit makro kullanılmaz, gözlenen gecikme ayrı raporlanır.",P1,Assets/_Project/Scripts/Application/Catalogs/WeaponCatalog.cs,Sözleşme,Çalıştırılmadı
WPN-097,Silahlar,Escort: atış modu döngüsü,Atış Poligonu test düzeneği; Escort; dolu şarjör ve uygun yedek mühimmat; sabit zırhsız 100 can hedef; test düzenek erişimi yoksa Engelli.,B tuşuna tüm seçenekler dönene kadar bas | Her modda tetiği basılı tut,"Sıra katalogla uyumlu: Single; Single tek basışta bir atış, Auto basılı tutmada devam, yalnız listelenen modlar seçilebilir.",P1,Assets/_Project/Scripts/Application/Catalogs/WeaponCatalog.cs,Sözleşme,Çalıştırılmadı
WPN-098,Silahlar,Escort: ADS ve büyütme,Atış Poligonu test düzeneği; Escort; dolu şarjör ve uygun yedek mühimmat; sabit zırhsız 100 can hedef; test düzenek erişimi yoksa Engelli.,RMB ile nişan al | Görüş açısı ve örtüyü gözle | Bırak,Dürbün örtüsü açılmaz; standart ADS görünür; katalog büyütmesi 1.15×; bırakınca temel görüş açısına döner.,P1,Assets/_Project/Scripts/Application/Catalogs/WeaponCatalog.cs,Sözleşme,Çalıştırılmadı
WPN-099,Silahlar,Escort: hasar bileşeni,Atış Poligonu test düzeneği; Escort; dolu şarjör ve uygun yedek mühimmat; sabit zırhsız 100 can hedef; test düzenek erişimi yoksa Engelli.,Hedefi FalloffStart öncesine yerleştir | Gövdeye tek mermi veya kontrollü tek saçma isabet ettir | Can farkını kaydet,"Zırhsız gövde bileşen hasarı 20.0; pompalıda her saçma ayrı hasar bileşenidir, tüm saçmalar toplamı can tavanına kırpılır.",P1,Assets/_Project/Scripts/Application/Catalogs/WeaponCatalog.cs,Sözleşme,Çalıştırılmadı
WPN-100,Silahlar,Escort: menzil düşüşü,Atış Poligonu test düzeneği; Escort; dolu şarjör ve uygun yedek mühimmat; sabit zırhsız 100 can hedef; test düzenek erişimi yoksa Engelli.,Aynı zırhsız hedefi 40.0 m mesafeye koy | Tek mermi/saçma gövde hasarını kaydet,Menzil sonu çarpanı 0.2; tek bileşen hasarı 4.0; kaçan atışlar hasar ölçümüne katılmaz.,P1,Assets/_Project/Scripts/Application/Catalogs/WeaponCatalog.cs,Sözleşme,Çalıştırılmadı
INV-001,Envanter,İlk ana silahı alma,"Offline test sahnesi; boş envanter, yerde bilinen eşya yığınları; başlangıç kapasitesi 60; doğrudan fixture yoksa Engelli.",Yerdeki MPT-76 üzerine bak | F bas | Tab aç,Boş ana yuvaya alınır ve otomatik kuşanılır; yerdeki silah tek kez kaybolur.,P1,Assets/_Project/Scripts/Application/Services/InventoryService.cs,Sözleşme,Çalıştırılmadı
INV-002,Envanter,İkinci ana yuva,"Offline test sahnesi; boş envanter, yerde bilinen eşya yığınları; başlangıç kapasitesi 60; doğrudan fixture yoksa Engelli.",MPT-76 varken G3A7 al | Yuvaları kontrol et,İkinci ana yuva dolar; ilk silah korunur.,P1,Assets/_Project/Scripts/Application/Services/InventoryService.cs,Sözleşme,Çalıştırılmadı
INV-003,Envanter,Dolu ana yuva değiştirme,"Offline test sahnesi; boş envanter, yerde bilinen eşya yığınları; başlangıç kapasitesi 60; doğrudan fixture yoksa Engelli.",İki ana yuva doluyken birini seç | KNT-76 al,Seçili ana silah yerde düşer; yeni silah seçili yuvada olur.,P1,Assets/_Project/Scripts/Application/Services/InventoryService.cs,Sözleşme,Çalıştırılmadı
INV-004,Envanter,Tabanca aktifken ana silah alma,"Offline test sahnesi; boş envanter, yerde bilinen eşya yığınları; başlangıç kapasitesi 60; doğrudan fixture yoksa Engelli.",İki ana yuvayı doldur | Tabancayı seç | MPT-55 al,Ana yuva 0 değiştirilir; tabanca yuvası korunur.,P1,Assets/_Project/Scripts/Application/Services/InventoryService.cs,Sözleşme,Çalıştırılmadı
INV-005,Envanter,Tabanca yuvası,"Offline test sahnesi; boş envanter, yerde bilinen eşya yığınları; başlangıç kapasitesi 60; doğrudan fixture yoksa Engelli.",SAR 9 al | Canik TP9 al,Tek tabanca yuvası 2 kullanılır; eski tabanca yere düşer.,P1,Assets/_Project/Scripts/Application/Services/InventoryService.cs,Sözleşme,Çalıştırılmadı
INV-006,Envanter,Düşen silahın mermisi,"Offline test sahnesi; boş envanter, yerde bilinen eşya yığınları; başlangıç kapasitesi 60; doğrudan fixture yoksa Engelli.",MPT-76 şarjörünü 7 mermiye indir | Silahı bırak | Yeniden al,Yerdeki ve geri alınan silahta 7 mermi korunur; tam şarjöre bedelsiz dönmez.,P1,Assets/_Project/Scripts/Application/Services/InventoryService.cs,Sözleşme,Çalıştırılmadı
INV-007,Envanter,Boş yuva seçimi,"Offline test sahnesi; boş envanter, yerde bilinen eşya yığınları; başlangıç kapasitesi 60; doğrudan fixture yoksa Engelli.",Tek silahla boş yuvanın numara tuşuna bas,Boş yuva geçerli silah gibi kuşanılmaz; mevcut silah bozulmaz.,P1,Assets/_Project/Scripts/Application/Services/InventoryService.cs,Sözleşme,Çalıştırılmadı
INV-008,Envanter,Tekerlek yuva döngüsü,"Offline test sahnesi; boş envanter, yerde bilinen eşya yığınları; başlangıç kapasitesi 60; doğrudan fixture yoksa Engelli.",Bir ana silah ve tabancayla tekerleği iki yönde çevir,Yalnız dolu yuvalar arasında döner; sınırda takılmaz.,P1,Assets/_Project/Scripts/Application/Services/InventoryService.cs,Sözleşme,Çalıştırılmadı
INV-009,Envanter,Silahsız yumruk,"Offline test sahnesi; boş envanter, yerde bilinen eşya yığınları; başlangıç kapasitesi 60; doğrudan fixture yoksa Engelli.",X ile silahı indir | 2 m içindeki hedefe LMB bas,Yumruk uygulanır; silah mermisi harcanmaz.,P1,Assets/_Project/Scripts/Application/Services/InventoryService.cs,Sözleşme,Çalıştırılmadı
INV-010,Envanter,Mühimmat kısmi alma,"Offline test sahnesi; boş envanter, yerde bilinen eşya yığınları; başlangıç kapasitesi 60; doğrudan fixture yoksa Engelli.",Kapasitede 5 ağırlık boşluk bırak | 30 adet 5.56 yığınını al,"Her mermi 0,5 ağırlık olduğundan 10 alınır; yerde 20 kalır.",P1,Assets/_Project/Scripts/Application/Services/InventoryService.cs,Sözleşme,Çalıştırılmadı
INV-011,Envanter,Kapasite doluyken alma,"Offline test sahnesi; boş envanter, yerde bilinen eşya yığınları; başlangıç kapasitesi 60; doğrudan fixture yoksa Engelli.",Yükü tam kapasiteye getir | Bir bandaj almayı dene,Alım reddedilir; yerde eşya ve mevcut envanter değişmez.,P1,Assets/_Project/Scripts/Application/Services/InventoryService.cs,Sözleşme,Çalıştırılmadı
INV-012,Envanter,Kuşanılan ekipman ağırlığı,"Offline test sahnesi; boş envanter, yerde bilinen eşya yığınları; başlangıç kapasitesi 60; doğrudan fixture yoksa Engelli.",Boş envanterde kask/yelek/silah kuşan | Ağırlık sayacını izle,Kuşanılan teçhizat yığın ağırlığına eklenmez; yelek kapasiteye 50 ekler.,P1,Assets/_Project/Scripts/Application/Services/InventoryService.cs,Sözleşme,Çalıştırılmadı
INV-013,Envanter,Çanta kaybında fazla yük,"Offline test sahnesi; boş envanter, yerde bilinen eşya yığınları; başlangıç kapasitesi 60; doğrudan fixture yoksa Engelli.",Sv.3 çantayla 200 ağırlık taşı | Çantayı bırak | Yeni mühimmat almayı dene,Mevcut eşyalar sessizce silinmez; fazla yük gösterilir ve yeni yığın alınmaz.,P1,Assets/_Project/Scripts/Application/Services/InventoryService.cs,Sözleşme,Çalıştırılmadı
INV-014,Envanter,Ölüm yağması,"Offline test sahnesi; boş envanter, yerde bilinen eşya yığınları; başlangıç kapasitesi 60; doğrudan fixture yoksa Engelli.",Mermi ve iki silahla öl | İkinci gözlemciyle düşen eşyaları say,DropLootOnDeath açıkken envanter bir kez düşer; aynı ölümde çoğalma olmaz.,P1,Assets/_Project/Scripts/Application/Services/InventoryService.cs,Sözleşme,Çalıştırılmadı
HEAL-001,İyileşme,Sargı Bezi: tam kullanım,100 azami can; envanterde 2 adet Sargı Bezi; boost 0; can test düzeneği erişilebilir.,Canı 50 yap | Envanterden kullan | 4 sn bekle,Can 60 olur; eşya sayısı bir azalır; kullanım çubuğu kapanır.,P1,Assets/_Project/Scripts/Application/Services/ItemUseService.cs,Sözleşme,Çalıştırılmadı
HEAL-002,İyileşme,Sargı Bezi: iyileşme tavanı,100 azami can; envanterde 2 adet Sargı Bezi; boost 0; can test düzeneği erişilebilir.,Canı 75 yap | Kullanmayı dene,Kullanım başlamaz; can ve eşya sayısı değişmez.,P1,Assets/_Project/Scripts/Application/Services/ItemUseService.cs,Sözleşme,Çalıştırılmadı
HEAL-003,İyileşme,Sargı Bezi: ateşle iptal,100 azami can; envanterde 2 adet Sargı Bezi; boost 0; can test düzeneği erişilebilir.,Canı 50 yap | Kullan | Süre dolmadan ateş et,"Kullanım iptal olur; eşya harcanmaz, iyileşme uygulanmaz.",P1,Assets/_Project/Scripts/Application/Services/ItemUseService.cs,Sözleşme,Çalıştırılmadı
HEAL-004,İyileşme,Sargı Bezi: silah değişiminde iptal,100 azami can; envanterde 2 adet Sargı Bezi; boost 0; can test düzeneği erişilebilir.,Canı 50 yap | Kullan | İkinci silahı seç,Kullanım/animasyon kapanır; eşya tüketilmez.,P1,Assets/_Project/Scripts/Application/Services/ItemUseService.cs,Sözleşme,Çalıştırılmadı
HEAL-005,İyileşme,Sargı Bezi: kullanımda hız,100 azami can; envanterde 2 adet Sargı Bezi; boost 0; can test düzeneği erişilebilir.,Canı 50 yap | Kullanırken düz yürü | Kullanımdan sonra yürü,"Kullanımda hız çarpanı 0,5; bitiş/iptal sonrası 1,0 olur.",P1,Assets/_Project/Scripts/Application/Services/ItemUseService.cs,Sözleşme,Çalıştırılmadı
HEAL-006,İyileşme,İlk Yardım Çantası: tam kullanım,100 azami can; envanterde 2 adet İlk Yardım Çantası; boost 0; can test düzeneği erişilebilir.,Canı 20 yap | Envanterden kullan | 6 sn bekle,Can 75 olur; eşya sayısı bir azalır; kullanım çubuğu kapanır.,P1,Assets/_Project/Scripts/Application/Services/ItemUseService.cs,Sözleşme,Çalıştırılmadı
HEAL-007,İyileşme,İlk Yardım Çantası: iyileşme tavanı,100 azami can; envanterde 2 adet İlk Yardım Çantası; boost 0; can test düzeneği erişilebilir.,Canı 75 yap | Kullanmayı dene,Kullanım başlamaz; can ve eşya sayısı değişmez.,P1,Assets/_Project/Scripts/Application/Services/ItemUseService.cs,Sözleşme,Çalıştırılmadı
HEAL-008,İyileşme,İlk Yardım Çantası: ateşle iptal,100 azami can; envanterde 2 adet İlk Yardım Çantası; boost 0; can test düzeneği erişilebilir.,Canı 20 yap | Kullan | Süre dolmadan ateş et,"Kullanım iptal olur; eşya harcanmaz, iyileşme uygulanmaz.",P1,Assets/_Project/Scripts/Application/Services/ItemUseService.cs,Sözleşme,Çalıştırılmadı
HEAL-009,İyileşme,İlk Yardım Çantası: silah değişiminde iptal,100 azami can; envanterde 2 adet İlk Yardım Çantası; boost 0; can test düzeneği erişilebilir.,Canı 20 yap | Kullan | İkinci silahı seç,Kullanım/animasyon kapanır; eşya tüketilmez.,P1,Assets/_Project/Scripts/Application/Services/ItemUseService.cs,Sözleşme,Çalıştırılmadı
HEAL-010,İyileşme,İlk Yardım Çantası: kullanımda hız,100 azami can; envanterde 2 adet İlk Yardım Çantası; boost 0; can test düzeneği erişilebilir.,Canı 20 yap | Kullanırken düz yürü | Kullanımdan sonra yürü,"Kullanımda hız çarpanı 0,5; bitiş/iptal sonrası 1,0 olur.",P1,Assets/_Project/Scripts/Application/Services/ItemUseService.cs,Sözleşme,Çalıştırılmadı
HEAL-011,İyileşme,Sıhhiye Çantası: tam kullanım,100 azami can; envanterde 2 adet Sıhhiye Çantası; boost 0; can test düzeneği erişilebilir.,Canı 20 yap | Envanterden kullan | 8 sn bekle,Can 100 olur; eşya sayısı bir azalır; kullanım çubuğu kapanır.,P1,Assets/_Project/Scripts/Application/Services/ItemUseService.cs,Sözleşme,Çalıştırılmadı
HEAL-012,İyileşme,Sıhhiye Çantası: iyileşme tavanı,100 azami can; envanterde 2 adet Sıhhiye Çantası; boost 0; can test düzeneği erişilebilir.,Canı 100 yap | Kullanmayı dene,Kullanım başlamaz; can ve eşya sayısı değişmez.,P1,Assets/_Project/Scripts/Application/Services/ItemUseService.cs,Sözleşme,Çalıştırılmadı
HEAL-013,İyileşme,Sıhhiye Çantası: ateşle iptal,100 azami can; envanterde 2 adet Sıhhiye Çantası; boost 0; can test düzeneği erişilebilir.,Canı 20 yap | Kullan | Süre dolmadan ateş et,"Kullanım iptal olur; eşya harcanmaz, iyileşme uygulanmaz.",P1,Assets/_Project/Scripts/Application/Services/ItemUseService.cs,Sözleşme,Çalıştırılmadı
HEAL-014,İyileşme,Sıhhiye Çantası: silah değişiminde iptal,100 azami can; envanterde 2 adet Sıhhiye Çantası; boost 0; can test düzeneği erişilebilir.,Canı 20 yap | Kullan | İkinci silahı seç,Kullanım/animasyon kapanır; eşya tüketilmez.,P1,Assets/_Project/Scripts/Application/Services/ItemUseService.cs,Sözleşme,Çalıştırılmadı
HEAL-015,İyileşme,Sıhhiye Çantası: kullanımda hız,100 azami can; envanterde 2 adet Sıhhiye Çantası; boost 0; can test düzeneği erişilebilir.,Canı 20 yap | Kullanırken düz yürü | Kullanımdan sonra yürü,"Kullanımda hız çarpanı 0,5; bitiş/iptal sonrası 1,0 olur.",P1,Assets/_Project/Scripts/Application/Services/ItemUseService.cs,Sözleşme,Çalıştırılmadı
HEAL-016,İyileşme,Enerji içeceği,"Test sahnesi; 100 azami can, yaralı karakter, enerji içeceği/ağrı kesici; boost sayacı okunabilir.",Boost 0 iken enerji içeceğini kullan | 4 saniye bekle,40 boost eklenir; zamanla azalma varsa bitiş tick sırası kaydedilir; eşya bir azalır.,P1,Assets/_Project/Scripts/Application/Services/BoostService.cs,Sözleşme,Çalıştırılmadı
HEAL-017,İyileşme,Ağrı kesici,"Test sahnesi; 100 azami can, yaralı karakter, enerji içeceği/ağrı kesici; boost sayacı okunabilir.",Boost 0 iken ağrı kesici kullan | 6 saniye bekle,60 boost eklenir; can anlık tam dolmaz.,P1,Assets/_Project/Scripts/Application/Services/BoostService.cs,Sözleşme,Çalıştırılmadı
HEAL-018,İyileşme,Boost tavanı,"Test sahnesi; 100 azami can, yaralı karakter, enerji içeceği/ağrı kesici; boost sayacı okunabilir.",Boost 100 iken takviye kullanmayı dene,Kullanım başlamaz; eşya boşa harcanmaz.,P1,Assets/_Project/Scripts/Application/Services/BoostService.cs,Sözleşme,Çalıştırılmadı
HEAL-019,İyileşme,Boost sönümü,"Test sahnesi; 100 azami can, yaralı karakter, enerji içeceği/ağrı kesici; boost sayacı okunabilir.",Boost 60 yap | 10 saniye eşya kullanmadan bekle,Boost yaklaşık 6 azalır; 0 altına inmez.,P1,Assets/_Project/Scripts/Application/Services/BoostService.cs,Sözleşme,Çalıştırılmadı
HEAL-020,İyileşme,Ölüm sırasında iyileşme,"Test sahnesi; 100 azami can, yaralı karakter, enerji içeceği/ağrı kesici; boost sayacı okunabilir.",Sargı kullan | Süre dolmadan öldürücü hasar al,Ölü karakter iyileşmez; kullanım sonlandırılır.,P1,Assets/_Project/Scripts/Application/Services/BoostService.cs,Sözleşme,Çalıştırılmadı
HEAL-021,İyileşme,Zıplamayla kullanım iptali,"Test sahnesi; 100 azami can, yaralı karakter, enerji içeceği/ağrı kesici; boost sayacı okunabilir.",Yaralıyken H bas | Kullanım sırasında Space bas,Kullanım iptal olur ve tüketim gerçekleşmez.,P1,Assets/_Project/Scripts/Application/Services/BoostService.cs,Sözleşme,Çalıştırılmadı
HEAL-022,İyileşme,Yaralanma tek ölüm bildirimi,"Test sahnesi; 100 azami can, yaralı karakter, enerji içeceği/ağrı kesici; boost sayacı okunabilir.",1 can hedefe aynı karede iki öldürücü isabet uygula,"Ölüm, skor ve yağma tek kez işlenir; öldürme sayısı çift artmaz.",P1,Assets/_Project/Scripts/Application/Services/BoostService.cs,Sözleşme,Çalıştırılmadı
ARM-001,Zırh,Yelek Sv.1: azaltma,"Test hedefinde yeni Sv.1 Yelek, dayanıklılık 200; diğer zırh boş; tek bileşen ham hasar 40 olarak hazırlanmış fixture.",gövde bölgesine 40 ham hasar uygula | Can ve dayanıklılık farkını ölç,Can kaybı 28; dayanıklılık kaybı 12; azalma yüzde 30.,P1,Assets/_Project/Scripts/Application/Services/DamageCalculator.cs,Sözleşme,Çalıştırılmadı
ARM-002,Zırh,Yelek Sv.1: kırılmış parça,"Test hedefinde yeni Sv.1 Yelek, dayanıklılık 200; diğer zırh boş; tek bileşen ham hasar 40 olarak hazırlanmış fixture.",Dayanıklılığı 0 yap | Aynı bölgeye 40 ham hasar uygula,Kırık parça hasarı azaltmaz; can kaybı 40 olur.,P1,Assets/_Project/Scripts/Application/Services/DamageCalculator.cs,Sözleşme,Çalıştırılmadı
ARM-003,Zırh,Yelek Sv.1: daha sağlam eş,"Test hedefinde yeni Sv.1 Yelek, dayanıklılık 200; diğer zırh boş; tek bileşen ham hasar 40 olarak hazırlanmış fixture.",Kuşanılan dayanıklılığı 10 yap | Aynı seviye yeni parça al,Yeni 200 dayanıklıklı parça kuşanılır; eski 10 dayanıklıklı parça yere düşer.,P1,Assets/_Project/Scripts/Application/Services/DamageCalculator.cs,Sözleşme,Çalıştırılmadı
ARM-004,Zırh,Yelek Sv.2: azaltma,"Test hedefinde yeni Sv.2 Yelek, dayanıklılık 220; diğer zırh boş; tek bileşen ham hasar 40 olarak hazırlanmış fixture.",gövde bölgesine 40 ham hasar uygula | Can ve dayanıklılık farkını ölç,Can kaybı 24; dayanıklılık kaybı 16; azalma yüzde 40.,P1,Assets/_Project/Scripts/Application/Services/DamageCalculator.cs,Sözleşme,Çalıştırılmadı
ARM-005,Zırh,Yelek Sv.2: kırılmış parça,"Test hedefinde yeni Sv.2 Yelek, dayanıklılık 220; diğer zırh boş; tek bileşen ham hasar 40 olarak hazırlanmış fixture.",Dayanıklılığı 0 yap | Aynı bölgeye 40 ham hasar uygula,Kırık parça hasarı azaltmaz; can kaybı 40 olur.,P1,Assets/_Project/Scripts/Application/Services/DamageCalculator.cs,Sözleşme,Çalıştırılmadı
ARM-006,Zırh,Yelek Sv.2: daha sağlam eş,"Test hedefinde yeni Sv.2 Yelek, dayanıklılık 220; diğer zırh boş; tek bileşen ham hasar 40 olarak hazırlanmış fixture.",Kuşanılan dayanıklılığı 10 yap | Aynı seviye yeni parça al,Yeni 220 dayanıklıklı parça kuşanılır; eski 10 dayanıklıklı parça yere düşer.,P1,Assets/_Project/Scripts/Application/Services/DamageCalculator.cs,Sözleşme,Çalıştırılmadı
ARM-007,Zırh,Yelek Sv.3: azaltma,"Test hedefinde yeni Sv.3 Yelek, dayanıklılık 250; diğer zırh boş; tek bileşen ham hasar 40 olarak hazırlanmış fixture.",gövde bölgesine 40 ham hasar uygula | Can ve dayanıklılık farkını ölç,Can kaybı 18; dayanıklılık kaybı 22; azalma yüzde 55.,P1,Assets/_Project/Scripts/Application/Services/DamageCalculator.cs,Sözleşme,Çalıştırılmadı
ARM-008,Zırh,Yelek Sv.3: kırılmış parça,"Test hedefinde yeni Sv.3 Yelek, dayanıklılık 250; diğer zırh boş; tek bileşen ham hasar 40 olarak hazırlanmış fixture.",Dayanıklılığı 0 yap | Aynı bölgeye 40 ham hasar uygula,Kırık parça hasarı azaltmaz; can kaybı 40 olur.,P1,Assets/_Project/Scripts/Application/Services/DamageCalculator.cs,Sözleşme,Çalıştırılmadı
ARM-009,Zırh,Yelek Sv.3: daha sağlam eş,"Test hedefinde yeni Sv.3 Yelek, dayanıklılık 250; diğer zırh boş; tek bileşen ham hasar 40 olarak hazırlanmış fixture.",Kuşanılan dayanıklılığı 10 yap | Aynı seviye yeni parça al,Yeni 250 dayanıklıklı parça kuşanılır; eski 10 dayanıklıklı parça yere düşer.,P1,Assets/_Project/Scripts/Application/Services/DamageCalculator.cs,Sözleşme,Çalıştırılmadı
ARM-010,Zırh,Kask Sv.1: azaltma,"Test hedefinde yeni Sv.1 Kask, dayanıklılık 80; diğer zırh boş; tek bileşen ham hasar 40 olarak hazırlanmış fixture.",kafa bölgesine 40 ham hasar uygula | Can ve dayanıklılık farkını ölç,Can kaybı 28; dayanıklılık kaybı 12; azalma yüzde 30.,P1,Assets/_Project/Scripts/Application/Services/DamageCalculator.cs,Sözleşme,Çalıştırılmadı
ARM-011,Zırh,Kask Sv.1: kırılmış parça,"Test hedefinde yeni Sv.1 Kask, dayanıklılık 80; diğer zırh boş; tek bileşen ham hasar 40 olarak hazırlanmış fixture.",Dayanıklılığı 0 yap | Aynı bölgeye 40 ham hasar uygula,Kırık parça hasarı azaltmaz; can kaybı 40 olur.,P1,Assets/_Project/Scripts/Application/Services/DamageCalculator.cs,Sözleşme,Çalıştırılmadı
ARM-012,Zırh,Kask Sv.1: daha sağlam eş,"Test hedefinde yeni Sv.1 Kask, dayanıklılık 80; diğer zırh boş; tek bileşen ham hasar 40 olarak hazırlanmış fixture.",Kuşanılan dayanıklılığı 10 yap | Aynı seviye yeni parça al,Yeni 80 dayanıklıklı parça kuşanılır; eski 10 dayanıklıklı parça yere düşer.,P1,Assets/_Project/Scripts/Application/Services/DamageCalculator.cs,Sözleşme,Çalıştırılmadı
ARM-013,Zırh,Kask Sv.2: azaltma,"Test hedefinde yeni Sv.2 Kask, dayanıklılık 150; diğer zırh boş; tek bileşen ham hasar 40 olarak hazırlanmış fixture.",kafa bölgesine 40 ham hasar uygula | Can ve dayanıklılık farkını ölç,Can kaybı 24; dayanıklılık kaybı 16; azalma yüzde 40.,P1,Assets/_Project/Scripts/Application/Services/DamageCalculator.cs,Sözleşme,Çalıştırılmadı
ARM-014,Zırh,Kask Sv.2: kırılmış parça,"Test hedefinde yeni Sv.2 Kask, dayanıklılık 150; diğer zırh boş; tek bileşen ham hasar 40 olarak hazırlanmış fixture.",Dayanıklılığı 0 yap | Aynı bölgeye 40 ham hasar uygula,Kırık parça hasarı azaltmaz; can kaybı 40 olur.,P1,Assets/_Project/Scripts/Application/Services/DamageCalculator.cs,Sözleşme,Çalıştırılmadı
ARM-015,Zırh,Kask Sv.2: daha sağlam eş,"Test hedefinde yeni Sv.2 Kask, dayanıklılık 150; diğer zırh boş; tek bileşen ham hasar 40 olarak hazırlanmış fixture.",Kuşanılan dayanıklılığı 10 yap | Aynı seviye yeni parça al,Yeni 150 dayanıklıklı parça kuşanılır; eski 10 dayanıklıklı parça yere düşer.,P1,Assets/_Project/Scripts/Application/Services/DamageCalculator.cs,Sözleşme,Çalıştırılmadı
ARM-016,Zırh,Kask Sv.3: azaltma,"Test hedefinde yeni Sv.3 Kask, dayanıklılık 230; diğer zırh boş; tek bileşen ham hasar 40 olarak hazırlanmış fixture.",kafa bölgesine 40 ham hasar uygula | Can ve dayanıklılık farkını ölç,Can kaybı 18; dayanıklılık kaybı 22; azalma yüzde 55.,P1,Assets/_Project/Scripts/Application/Services/DamageCalculator.cs,Sözleşme,Çalıştırılmadı
ARM-017,Zırh,Kask Sv.3: kırılmış parça,"Test hedefinde yeni Sv.3 Kask, dayanıklılık 230; diğer zırh boş; tek bileşen ham hasar 40 olarak hazırlanmış fixture.",Dayanıklılığı 0 yap | Aynı bölgeye 40 ham hasar uygula,Kırık parça hasarı azaltmaz; can kaybı 40 olur.,P1,Assets/_Project/Scripts/Application/Services/DamageCalculator.cs,Sözleşme,Çalıştırılmadı
ARM-018,Zırh,Kask Sv.3: daha sağlam eş,"Test hedefinde yeni Sv.3 Kask, dayanıklılık 230; diğer zırh boş; tek bileşen ham hasar 40 olarak hazırlanmış fixture.",Kuşanılan dayanıklılığı 10 yap | Aynı seviye yeni parça al,Yeni 230 dayanıklıklı parça kuşanılır; eski 10 dayanıklıklı parça yere düşer.,P1,Assets/_Project/Scripts/Application/Services/DamageCalculator.cs,Sözleşme,Çalıştırılmadı
TRN-001,İntikal,T-70 tercihinin uygulanması,Kuzgun Vadisi; 4 tim × 10; sabit seed; görüntü/süre kaydı. Araç ve intikal fixture yoksa Engelli.,Kurulumda Helikopter seç | Harekât başlat,Oyuncu timi T-70 ile başlar; Kirpi tercihi yanlış uygulanmaz.,P1,Docs/CONTRACTS.md,Sözleşme,Çalıştırılmadı
TRN-002,İntikal,Kirpi tercihinin uygulanması,Kuzgun Vadisi; 4 tim × 10; sabit seed; görüntü/süre kaydı. Araç ve intikal fixture yoksa Engelli.,Kurulumda Zırhlı Araç seç | Harekât başlat,Oyuncu timi Kirpi koltuklarında başlar; yere erken düşmez.,P1,Docs/CONTRACTS.md,Sözleşme,Çalıştırılmadı
TRN-003,İntikal,On yolcu koltuğu,Kuzgun Vadisi; 4 tim × 10; sabit seed; görüntü/süre kaydı. Araç ve intikal fixture yoksa Engelli.,Her iki intikal türünde oyuncu ve 9 botu gözle,Tüm tim için benzersiz koltuk/iniş noktası vardır; üst üste karakter doğmaz.,P1,Docs/CONTRACTS.md,Sözleşme,Çalıştırılmadı
TRN-004,İntikal,Koltukta serbest bakış,Kuzgun Vadisi; 4 tim × 10; sabit seed; görüntü/süre kaydı. Araç ve intikal fixture yoksa Engelli.,İntikal sürerken fareyle sağa sola bak | WASD dene,Bakış çalışır; oyuncu koltuğu yürüyerek terk edemez.,P1,Docs/CONTRACTS.md,Sözleşme,Çalıştırılmadı
TRN-005,İntikal,Erken iniş engeli,Kuzgun Vadisi; 4 tim × 10; sabit seed; görüntü/süre kaydı. Araç ve intikal fixture yoksa Engelli.,Araç hedefe varmadan F bas,Uygulanmış intikal kuralı erken inişi engeller; oyuncu boşlukta/kayalık içinde bırakılmaz.,P1,Docs/CONTRACTS.md,Sözleşme,Çalıştırılmadı
TRN-006,İntikal,Elle inme,Kuzgun Vadisi; 4 tim × 10; sabit seed; görüntü/süre kaydı. Araç ve intikal fixture yoksa Engelli.,Araç Arrived durumuna gelince F bas,Yerde güvenli iniş noktasına geçilir; hareket açılır ve DropState Landed olur.,P1,Docs/CONTRACTS.md,Sözleşme,Çalıştırılmadı
TRN-007,İntikal,Otomatik inme,Kuzgun Vadisi; 4 tim × 10; sabit seed; görüntü/süre kaydı. Araç ve intikal fixture yoksa Engelli.,Varıştan sonra hiçbir tuşa basma | 3 saniye izle,Otomatik tahliye gerçekleşir; yolcular araçta süresiz kalmaz.,P1,Docs/CONTRACTS.md,Sözleşme,Çalıştırılmadı
TRN-008,İntikal,Sektör ayrılığı,Kuzgun Vadisi; 4 tim × 10; sabit seed; görüntü/süre kaydı. Araç ve intikal fixture yoksa Engelli.,Sabit seed ile tüm timlerin iniş noktalarını haritada işaretle,Timler harita kenarı sektörlerine dağılır; koordinatlar mutlak 400 m altında kalır.,P1,Docs/CONTRACTS.md,Sözleşme,Çalıştırılmadı
TRN-009,İntikal,İntikal zaman aşımı,Kuzgun Vadisi; 4 tim × 10; sabit seed; görüntü/süre kaydı. Araç ve intikal fixture yoksa Engelli.,Bir test aracının varışını geciktir | 90 saniye ilerlet,Maç Insertion durumunda sonsuz kalmaz; süre aşımı akışı gözlenir ve kayıt edilir.,P1,Docs/CONTRACTS.md,Sözleşme,Çalıştırılmadı
TRN-010,İntikal,İntikalden maç fazına,Kuzgun Vadisi; 4 tim × 10; sabit seed; görüntü/süre kaydı. Araç ve intikal fixture yoksa Engelli.,Tüm araçlar varıp tahliye olana dek izle,Maç InMatch fazına geçer; sayaç/zone başlangıcı çift tetiklenmez.,P1,Docs/CONTRACTS.md,Sözleşme,Çalıştırılmadı
TRN-011,İntikal,Araçtan güvenli çıkış,Kuzgun Vadisi; 4 tim × 10; sabit seed; görüntü/süre kaydı. Araç ve intikal fixture yoksa Engelli.,Sürülebilir Kirpiyle duvar yakınına git | F ile çık,Karakter katı duvar içine veya harita altına doğmaz.,P1,Docs/CONTRACTS.md,Sözleşme,Çalıştırılmadı
TRN-012,İntikal,Dolu sürücü koltuğu,Kuzgun Vadisi; 4 tim × 10; sabit seed; görüntü/süre kaydı. Araç ve intikal fixture yoksa Engelli.,İlk karakter Kirpiye girsin | İkinci karakterle girmeyi dene,Aynı sürücü koltuğuna ikinci sahip atanmaz.,P1,Docs/CONTRACTS.md,Sözleşme,Çalıştırılmadı
TRN-013,İntikal,Araç frenleme,Kuzgun Vadisi; 4 tim × 10; sabit seed; görüntü/süre kaydı. Araç ve intikal fixture yoksa Engelli.,Düz parkurda hızlan | Fren girdisini uygula,Hız azalır; çıkış sonrası eski gaz girdisi istemsiz sürmeyi sürdürmez.,P1,Docs/CONTRACTS.md,Sözleşme,Çalıştırılmadı
CMD-001,Komuta ve topçu,Takip emri,"4 tim offline kontrollü fixture; oyuncu komutan, canlı telsizci; komuta kayıtları ve topçu olayları görülebilir.",F1 bas | Komutanı botlardan 15 m uzaklaştır,Tim üyeleri Follow emriyle komutana yaklaşır; başka timler emir almaz.,P1,Assets/_Project/Scripts/Application/Services/SquadOrderService.cs,Sözleşme,Çalıştırılmadı
CMD-002,Komuta ve topçu,Mevzi emri,"4 tim offline kontrollü fixture; oyuncu komutan, canlı telsizci; komuta kayıtları ve topçu olayları görülebilir.",Nişangâhı güvenli noktaya getir | F2 bas | Komutanı uzaklaştır,Mevzi emri kayıt edilir; düşman yokken tim mevzide kalır.,P1,Assets/_Project/Scripts/Application/Services/SquadOrderService.cs,Sözleşme,Çalıştırılmadı
CMD-003,Komuta ve topçu,Taarruz hedefi,"4 tim offline kontrollü fixture; oyuncu komutan, canlı telsizci; komuta kayıtları ve topçu olayları görülebilir.",50 m uzakta zemine nişan al | F3 bas,Attack emri hedef koordinatını korur; botlar hedefe yönelir.,P1,Assets/_Project/Scripts/Application/Services/SquadOrderService.cs,Sözleşme,Çalıştırılmadı
CMD-004,Komuta ve topçu,Toplan emri,"4 tim offline kontrollü fixture; oyuncu komutan, canlı telsizci; komuta kayıtları ve topçu olayları görülebilir.",Botları dağıt | F4 bas,Regroup emriyle hayattaki takım üyeleri komutana yaklaşır.,P1,Assets/_Project/Scripts/Application/Services/SquadOrderService.cs,Sözleşme,Çalıştırılmadı
CMD-005,Komuta ve topçu,Komutan dışı emir,"4 tim offline kontrollü fixture; oyuncu komutan, canlı telsizci; komuta kayıtları ve topçu olayları görülebilir.",Komutansız normal piyade fixture ile F1-F4 bas,Yetkisiz oyuncu timin emrini değiştiremez; komuta yetkisi UI ile tutarlıdır.,P1,Assets/_Project/Scripts/Application/Services/SquadOrderService.cs,Sözleşme,Çalıştırılmadı
CMD-006,Komuta ve topçu,Komuta devri,"4 tim offline kontrollü fixture; oyuncu komutan, canlı telsizci; komuta kayıtları ve topçu olayları görülebilir.",Komutanı öldür | Sağ kalan rütbe sırasını kaydet,En yüksek rütbeli sağ kalana komuta geçer; bildirimde doğru isim gösterilir.,P1,Assets/_Project/Scripts/Application/Services/SquadOrderService.cs,Sözleşme,Çalıştırılmadı
CMD-007,Komuta ve topçu,Eş rütbede devir,"4 tim offline kontrollü fixture; oyuncu komutan, canlı telsizci; komuta kayıtları ve topçu olayları görülebilir.",Aynı rütbeli iki aday kaydet | Komutanı öldür,Kayıt sırası eşitlik bozucu olarak kullanılır; rastgele aday seçilmez.,P1,Assets/_Project/Scripts/Application/Services/SquadOrderService.cs,Sözleşme,Çalıştırılmadı
CMD-008,Komuta ve topçu,Son komutan ölümü,"4 tim offline kontrollü fixture; oyuncu komutan, canlı telsizci; komuta kayıtları ve topçu olayları görülebilir.",Tek kalan tim üyesini öldür,Ölü oyuncuya yeni komuta verilmez; tim elenir.,P1,Assets/_Project/Scripts/Application/Services/SquadOrderService.cs,Sözleşme,Çalıştırılmadı
CMD-009,Komuta ve topçu,Topçu ilk çağrı,"4 tim offline kontrollü fixture; oyuncu komutan, canlı telsizci; komuta kayıtları ve topçu olayları görülebilir.",Bekleme süresi 0 iken 100 m hedefe V bas,Çağrı bir kez kabul edilir; 8 mermi planlanır ve tim bekleme süresi başlar.,P1,Assets/_Project/Scripts/Application/Services/SquadOrderService.cs,Sözleşme,Çalıştırılmadı
CMD-010,Komuta ve topçu,Topçu bekleme süresi,"4 tim offline kontrollü fixture; oyuncu komutan, canlı telsizci; komuta kayıtları ve topçu olayları görülebilir.",İlk çağrıdan hemen sonra V bas | Sayaç bitince tekrar dene,Süre içinde ikinci çağrı reddedilir; süre sonunda tekrar kabul edilir.,P1,Assets/_Project/Scripts/Application/Services/SquadOrderService.cs,Sözleşme,Çalıştırılmadı
CMD-011,Komuta ve topçu,Topçu tim izolasyonu,"4 tim offline kontrollü fixture; oyuncu komutan, canlı telsizci; komuta kayıtları ve topçu olayları görülebilir.",Mavi çağrıdan sonra Kırmızı komutanı çağrı yapsın,Bir timin bekleme süresi diğer timi kilitlemez.,P1,Assets/_Project/Scripts/Application/Services/SquadOrderService.cs,Sözleşme,Çalıştırılmadı
CMD-012,Komuta ve topçu,Topçu zamanlama,"4 tim offline kontrollü fixture; oyuncu komutan, canlı telsizci; komuta kayıtları ve topçu olayları görülebilir.",V çağrısından ilk patlamaya süre tut | Tüm patlamaları say,"İlk patlama yaklaşık 6 sn sonra; toplam 8; ardışık aralıklar 0,35–0,75 sn.",P1,Assets/_Project/Scripts/Application/Services/SquadOrderService.cs,Sözleşme,Çalıştırılmadı
CMD-013,Komuta ve topçu,Topçu saçılma alanı,"4 tim offline kontrollü fixture; oyuncu komutan, canlı telsizci; komuta kayıtları ve topçu olayları görülebilir.",Tek çağrının tüm patlama koordinatlarını kaydet,Her patlama merkezden yatay en çok 18 m uzaklıktadır.,P1,Assets/_Project/Scripts/Application/Services/SquadOrderService.cs,Sözleşme,Çalıştırılmadı
CMD-014,Komuta ve topçu,Harita işaretinden topçu,"4 tim offline kontrollü fixture; oyuncu komutan, canlı telsizci; komuta kayıtları ve topçu olayları görülebilir.",M ile haritada hedef koy | Kapat | V ile çağır,Kullanılan hedef işaret ile örtüşür; kamera bakışı eski hedefi sessizce ezmez.,P1,Assets/_Project/Scripts/Application/Services/SquadOrderService.cs,Sözleşme,Çalıştırılmadı
CMD-015,Komuta ve topçu,Yeni maçta topçu temizliği,"4 tim offline kontrollü fixture; oyuncu komutan, canlı telsizci; komuta kayıtları ve topçu olayları görülebilir.",Topçu çağırıp maçtan çık | Yeni maç başlat,Eski patlamalar/yasak süre yeni maçta sürmez; sayaç ve tehlike işareti temizdir.,P1,Assets/_Project/Scripts/Application/Services/SquadOrderService.cs,Sözleşme,Çalıştırılmadı
ZON-001,Bölge ve maç,Başlangıçta zone hasarı,Sabit seed 4×10 Kuzgun Vadisi; zone fazlarını hızlandırabilen izole test düzeneği.,Zone başlamadan sınır dışına çık | 3 saniye bekle,Start öncesi zone hasarı uygulanmaz.,P1,Assets/_Project/Scripts/Application/Services/ZoneService.cs,Sözleşme,Çalıştırılmadı
ZON-002,Bölge ve maç,Güvenli alan hasarsızlığı,Sabit seed 4×10 Kuzgun Vadisi; zone fazlarını hızlandırabilen izole test düzeneği.,Zone başladıktan sonra merkezde 5 saniye bekle,Zone kaynaklı can kaybı olmaz.,P1,Assets/_Project/Scripts/Application/Services/ZoneService.cs,Sözleşme,Çalıştırılmadı
ZON-003,Bölge ve maç,Sınır dışı periyot,Sabit seed 4×10 Kuzgun Vadisi; zone fazlarını hızlandırabilen izole test düzeneği.,Aktif fazda dışarıda 3 tam hasar periyodu bekle,Saniyelik hasar mevcut fazın DPS değeriyle uyumludur; kare hızına göre çarpılmaz.,P1,Assets/_Project/Scripts/Application/Services/ZoneService.cs,Sözleşme,Çalıştırılmadı
ZON-004,Bölge ve maç,İçeri dönüş,Sabit seed 4×10 Kuzgun Vadisi; zone fazlarını hızlandırabilen izole test düzeneği.,Hasar alırken güvenli alana gir | İki periyot bekle,Sonraki dış alan hasarı durur; dış alan uyarısı kapanır.,P1,Assets/_Project/Scripts/Application/Services/ZoneService.cs,Sözleşme,Çalıştırılmadı
ZON-005,Bölge ve maç,Yeni çember kapsaması,Sabit seed 4×10 Kuzgun Vadisi; zone fazlarını hızlandırabilen izole test düzeneği.,Tüm fazların merkez/radius değerlerini kaydet,Yeni merkez uzaklığı + yeni radius önceki radius değerini aşmaz.,P1,Assets/_Project/Scripts/Application/Services/ZoneService.cs,Sözleşme,Çalıştırılmadı
ZON-006,Bölge ve maç,Doğrusal daralma,Sabit seed 4×10 Kuzgun Vadisi; zone fazlarını hızlandırabilen izole test düzeneği.,Daralma başlangıç/orta/bitiş radiusunu kaydet,Orta zamanda radius başlangıç ve bitiş ortalamasına yakın; sıçrama olmaz.,P1,Assets/_Project/Scripts/Application/Services/ZoneService.cs,Sözleşme,Çalıştırılmadı
ZON-007,Bölge ve maç,Harita sınırı,Sabit seed 4×10 Kuzgun Vadisi; zone fazlarını hızlandırabilen izole test düzeneği.,20 farklı seed ile son merkezleri kaydet,"Merkez koordinatları harita halfsize×0,8 sınırı içinde kalır.",P1,Assets/_Project/Scripts/Application/Services/ZoneService.cs,Sözleşme,Çalıştırılmadı
ZON-008,Bölge ve maç,İntikal yolcusu muafiyeti,Sabit seed 4×10 Kuzgun Vadisi; zone fazlarını hızlandırabilen izole test düzeneği.,Zone dışında hâlâ intikal koltuğunda olan hedefi izle,Henüz Landed olmayan yolcuya yaya zone hasarı uygulanmaz.,P1,Assets/_Project/Scripts/Application/Services/ZoneService.cs,Sözleşme,Çalıştırılmadı
ZON-009,Bölge ve maç,Son tim galibiyeti,Sabit seed 4×10 Kuzgun Vadisi; zone fazlarını hızlandırabilen izole test düzeneği.,Diğer timlerin son üyelerini sırayla ele,Bir tim kaldığında yalnız bir MatchEnded olayı ve doğru kazanan görünür.,P1,Assets/_Project/Scripts/Application/Services/ZoneService.cs,Sözleşme,Çalıştırılmadı
ZON-010,Bölge ve maç,Tim değil birey sayımı,Sabit seed 4×10 Kuzgun Vadisi; zone fazlarını hızlandırabilen izole test düzeneği.,"Mavi timde 1, Kırmızı timde 2 oyuncu bırak",2 canlı tim varken maç bitmez; oyuncu sayısıyla tim sayısı karıştırılmaz.,P1,Assets/_Project/Scripts/Application/Services/ZoneService.cs,Sözleşme,Çalıştırılmadı
ZON-011,Bölge ve maç,Çift ölüm bildirimi,Sabit seed 4×10 Kuzgun Vadisi; zone fazlarını hızlandırabilen izole test düzeneği.,Aynı ölü oyuncu için ikinci test ölüm olayı gönder,Canlı tim/oyuncu sayısı ikinci kez düşmez; yerleşim bozulmaz.,P1,Assets/_Project/Scripts/Application/Services/ZoneService.cs,Sözleşme,Çalıştırılmadı
ZON-012,Bölge ve maç,Yeni maç zone sıfırlama,Sabit seed 4×10 Kuzgun Vadisi; zone fazlarını hızlandırabilen izole test düzeneği.,Son fazda menüye dön | Yeni maç başlat,Önceki radius/süre/hasar yeni maça taşınmaz.,P1,Assets/_Project/Scripts/Application/Services/ZoneService.cs,Sözleşme,Çalıştırılmadı
AI-001,Yapay zekâ,Dost hedefi reddi,Sabit seed; normal zorluk; Mavi/Kırmızı bot takımları; görüş ve emir durumları gözlemci kaydında.,Silahlı botun önüne yalnız dost yerleştir | 10 saniye izle,"Bot dostu düşman seçmez, ateş açmaz.",P1,Assets/_Project/Scripts/Application/Services/BotDecisionService.cs,Sözleşme,Çalıştırılmadı
AI-002,Yapay zekâ,Görünen düşman,Sabit seed; normal zorluk; Mavi/Kırmızı bot takımları; görüş ve emir durumları gözlemci kaydında.,Silahlı botun açık görüşüne düşman koy,Bot zorluk tepki süresi sonrası düşmana döner/çatışır; hedef kimliği doğrudur.,P1,Assets/_Project/Scripts/Application/Services/BotDecisionService.cs,Sözleşme,Çalıştırılmadı
AI-003,Yapay zekâ,Duvar arkasını görmeme,Sabit seed; normal zorluk; Mavi/Kırmızı bot takımları; görüş ve emir durumları gözlemci kaydında.,Düşmanı kapalı duvar arkasına al | Son bilinen hedefi izle,Yeni görüş bilgisi duvardan üretilmez; geçmiş konum bilgisi yeni konumla karıştırılmaz.,P1,Assets/_Project/Scripts/Application/Services/BotDecisionService.cs,Sözleşme,Çalıştırılmadı
AI-004,Yapay zekâ,Sis görüş engeli,Sabit seed; normal zorluk; Mavi/Kırmızı bot takımları; görüş ve emir durumları gözlemci kaydında.,Bot ve düşman arasına sis at | Süre boyunca izle,SmokeVolume görüş hattını engeller; kesintisiz tam görüş nişanı sürmez.,P1,Assets/_Project/Scripts/Application/Services/BotDecisionService.cs,Sözleşme,Çalıştırılmadı
AI-005,Yapay zekâ,Zone emre üstün,Sabit seed; normal zorluk; Mavi/Kırmızı bot takımları; görüş ve emir durumları gözlemci kaydında.,Dışarıdaki bota Hold ver | Güvenli alanı gözle,Zone kaçışı mevzi emrinden önce gelir; bot ölümüne yerinde beklemez.,P1,Assets/_Project/Scripts/Application/Services/BotDecisionService.cs,Sözleşme,Çalıştırılmadı
AI-006,Yapay zekâ,Mevzide savunma,Sabit seed; normal zorluk; Mavi/Kırmızı bot takımları; görüş ve emir durumları gözlemci kaydında.,Hold emrindeki botun görüşüne düşman sok,Mevzi davranışı düşman tehdidini yok saymaz; Engage olur.,P1,Assets/_Project/Scripts/Application/Services/BotDecisionService.cs,Sözleşme,Çalıştırılmadı
AI-007,Yapay zekâ,Silahsız bot,Sabit seed; normal zorluk; Mavi/Kırmızı bot takımları; görüş ve emir durumları gözlemci kaydında.,Botun silahlarını boşalt | Önüne düşman koy,Silahsız bot geçersiz silahtan ateş üretmez; uygun karar/yağma davranışı gözlenir.,P1,Assets/_Project/Scripts/Application/Services/BotDecisionService.cs,Sözleşme,Çalıştırılmadı
AI-008,Yapay zekâ,Mühimmat yağmalama,Sabit seed; normal zorluk; Mavi/Kırmızı bot takımları; görüş ve emir durumları gözlemci kaydında.,Botu kullanılabilir mermisiz bırak | Uygun kalibre mühimmat koy,Bot uygun mühimmata erişebiliyorsa alır; alakasız kalibreyi ateş için kullanmaz.,P1,Assets/_Project/Scripts/Application/Services/BotDecisionService.cs,Sözleşme,Çalıştırılmadı
AI-009,Yapay zekâ,Lider değişimi,Sabit seed; normal zorluk; Mavi/Kırmızı bot takımları; görüş ve emir durumları gözlemci kaydında.,Takipteki lideri öldür | Yeni komutanı uzaklaştır,Takip hedefi ölü liderde takılı kalmaz; yeni liderle güncellenir.,P1,Assets/_Project/Scripts/Application/Services/BotDecisionService.cs,Sözleşme,Çalıştırılmadı
AI-010,Yapay zekâ,NavMesh dar geçit,Sabit seed; normal zorluk; Mavi/Kırmızı bot takımları; görüş ve emir durumları gözlemci kaydında.,"Timle 1,3 m kapıdan geç | 30 saniye izle",Botlar birbirini kalıcı kilitlemez; zeminden geçmeden çıkış bulur.,P1,Assets/_Project/Scripts/Application/Services/BotDecisionService.cs,Sözleşme,Çalıştırılmadı
AI-011,Yapay zekâ,Zorluk tepki karşılaştırması,Sabit seed; normal zorluk; Mavi/Kırmızı bot takımları; görüş ve emir durumları gözlemci kaydında.,Aynı seed sahnesini Easy/Normal/Hard ile 10 kez çalıştır,"Hedef tepki profilleri 0,9/0,55/0,3 sn ile yönsel uyumlu; dağılım kaydedilir, tek örnekten üstünlük hükmü verilmez.",P1,Assets/_Project/Scripts/Application/Services/BotDecisionService.cs,Sözleşme,Çalıştırılmadı
AI-012,Yapay zekâ,Bot ölüm temizliği,Sabit seed; normal zorluk; Mavi/Kırmızı bot takımları; görüş ve emir durumları gözlemci kaydında.,Bir botu öldür | Olaylar ve hareketini izle,Ölü bot yeni ateş/yağma/komuta kararı üretmez; kayıt listesinden temizlenir.,P1,Assets/_Project/Scripts/Application/Services/BotDecisionService.cs,Sözleşme,Çalıştırılmadı
HUD-001,HUD ve harita,Can göstergesi,Windows 1920×1080 ve Türkçe; oyuncu +9 takım üyesi; olayları kontrollü tetikleyen test sahnesi.,30 hasar al | 10 iyileş | Göstergeyi kontrol et,Can sırasıyla 70 ve 80; bar ve sayı aynı kaynağı gösterir.,P1,Docs/MODUL_SPESIFIKASYONLARI.md,Sözleşme,Çalıştırılmadı
HUD-002,HUD ve harita,Zırh dayanıklılığı,Windows 1920×1080 ve Türkçe; oyuncu +9 takım üyesi; olayları kontrollü tetikleyen test sahnesi.,Yeleğe hasar al | Kaskı değiştir,Seviye/dayanıklılık doğru parçaya yansır; eski değer kalmaz.,P1,Docs/MODUL_SPESIFIKASYONLARI.md,Sözleşme,Çalıştırılmadı
HUD-003,HUD ve harita,Şarjör ve yedek,Windows 1920×1080 ve Türkçe; oyuncu +9 takım üyesi; olayları kontrollü tetikleyen test sahnesi.,Tek ateş et | R ile doldur,Şarjör azalır ve yedekten tamamlanır; göstergeler birbirine karışmaz.,P1,Docs/MODUL_SPESIFIKASYONLARI.md,Sözleşme,Çalıştırılmadı
HUD-004,HUD ve harita,Ateş modu etiketi,Windows 1920×1080 ve Türkçe; oyuncu +9 takım üyesi; olayları kontrollü tetikleyen test sahnesi.,B ile mod değiştir,Single/Burst/Auto Türkçe TEK/SERİ/OTO karşılığıyla eşleşir.,P1,Docs/MODUL_SPESIFIKASYONLARI.md,Sözleşme,Çalıştırılmadı
HUD-005,HUD ve harita,Pusula yönleri,Windows 1920×1080 ve Türkçe; oyuncu +9 takım üyesi; olayları kontrollü tetikleyen test sahnesi.,Kuzey/doğu/güney/batıya dön,K/D/G/B etiketleri ve derece eşleşir; minimap kuzeyi sabittir.,P1,Docs/MODUL_SPESIFIKASYONLARI.md,Sözleşme,Çalıştırılmadı
HUD-006,HUD ve harita,İsabet sahibi,Windows 1920×1080 ve Türkçe; oyuncu +9 takım üyesi; olayları kontrollü tetikleyen test sahnesi.,Yerel oyuncu ve bot ayrı ayrı vurulsun/vursun,Yerel atış isabetinde gösterge çıkar; başkasının atışı yerel isabet göstergesi üretmez.,P1,Docs/MODUL_SPESIFIKASYONLARI.md,Sözleşme,Çalıştırılmadı
HUD-007,HUD ve harita,Hasar yönü,Windows 1920×1080 ve Türkçe; oyuncu +9 takım üyesi; olayları kontrollü tetikleyen test sahnesi.,Dört yönden tek tek hasar uygula,Gösterge gerçek kaynak yönünü işaret eder; kamera döndüğünde doğru dönüşür.,P1,Docs/MODUL_SPESIFIKASYONLARI.md,Sözleşme,Çalıştırılmadı
HUD-008,HUD ve harita,Öldürme akışı,Windows 1920×1080 ve Türkçe; oyuncu +9 takım üyesi; olayları kontrollü tetikleyen test sahnesi.,Dost ve rakip öldürmelerini tetikle,İsim/silah/kafa isabeti doğru; dost ayrımı yalnız renk dışında metin/ikonla anlaşılır.,P1,Docs/MODUL_SPESIFIKASYONLARI.md,Sözleşme,Çalıştırılmadı
HUD-009,HUD ve harita,On kişilik tim paneli,Windows 1920×1080 ve Türkçe; oyuncu +9 takım üyesi; olayları kontrollü tetikleyen test sahnesi.,10 üyeli timde farklı canlar ve bir ölü oluştur,10 ayrı satır; rütbe/rol/can doğru; ölü üye açıkça işaretli.,P1,Docs/MODUL_SPESIFIKASYONLARI.md,Sözleşme,Çalıştırılmadı
HUD-010,HUD ve harita,Dost dünya işareti,Windows 1920×1080 ve Türkçe; oyuncu +9 takım üyesi; olayları kontrollü tetikleyen test sahnesi.,Dostu 100 m sonra 301 m uzağa taşı,"İşaret yakın dostta görünür, 300 m üstü görünmez; rakipte dost işareti yoktur.",P1,Docs/MODUL_SPESIFIKASYONLARI.md,Sözleşme,Çalıştırılmadı
HUD-011,HUD ve harita,Komuta bildirimi,Windows 1920×1080 ve Türkçe; oyuncu +9 takım üyesi; olayları kontrollü tetikleyen test sahnesi.,Komutan ölümünü tetikle,Bildirim doğru yeni komutan adı/rütbesiyle bir kez çıkar.,P1,Docs/MODUL_SPESIFIKASYONLARI.md,Sözleşme,Çalıştırılmadı
HUD-012,HUD ve harita,Kullanım ilerleme,Windows 1920×1080 ve Türkçe; oyuncu +9 takım üyesi; olayları kontrollü tetikleyen test sahnesi.,H ile iyileş | Ateş ederek iptal et,İlerleme gerçek süreyi izler; iptalde gösterge kaybolur.,P1,Docs/MODUL_SPESIFIKASYONLARI.md,Sözleşme,Çalıştırılmadı
HUD-013,HUD ve harita,Dürbün örtüsü,Windows 1920×1080 ve Türkçe; oyuncu +9 takım üyesi; olayları kontrollü tetikleyen test sahnesi.,JNG-90 ile nişan al | Bırak | SAR 9 ile nişan al,Dürbün retikülü yalnız dürbünlü durumda; eski siyah örtü tabancada kalmaz.,P1,Docs/MODUL_SPESIFIKASYONLARI.md,Sözleşme,Çalıştırılmadı
HUD-014,HUD ve harita,Zone uyarısı,Windows 1920×1080 ve Türkçe; oyuncu +9 takım üyesi; olayları kontrollü tetikleyen test sahnesi.,Sınır dışına çık | Güvenli alana dön,Dış alan renk/uyarısı aktif duruma bağlı; güvenli alanda temizlenir.,P1,Docs/MODUL_SPESIFIKASYONLARI.md,Sözleşme,Çalıştırılmadı
HUD-015,HUD ve harita,Mini harita konumu,Windows 1920×1080 ve Türkçe; oyuncu +9 takım üyesi; olayları kontrollü tetikleyen test sahnesi.,Harita köşelerine git | Oyuncu ve müttefik işaretlerini izle,Dünya koordinatları doğru UV yönüne dönüşür; yatay/dikey aynalanma olmaz.,P1,Docs/MODUL_SPESIFIKASYONLARI.md,Sözleşme,Çalıştırılmadı
HUD-016,HUD ve harita,Tam harita imleci,Windows 1920×1080 ve Türkçe; oyuncu +9 takım üyesi; olayları kontrollü tetikleyen test sahnesi.,M aç | Bir nokta işaretle | M kapat,Açıkken imleç serbest; kapatınca oyun bakışı geri; işaret dünya noktasını tutar.,P1,Docs/MODUL_SPESIFIKASYONLARI.md,Sözleşme,Çalıştırılmadı
HUD-017,HUD ve harita,Harita pencere çakışması,Windows 1920×1080 ve Türkçe; oyuncu +9 takım üyesi; olayları kontrollü tetikleyen test sahnesi.,M aç | Tab aç | Esc ile geri dön,Pencere önceliği tutarlı; gizli pencere tıklama almaz; imleç kilidi kaybolmaz.,P1,Docs/MODUL_SPESIFIKASYONLARI.md,Sözleşme,Çalıştırılmadı
HUD-018,HUD ve harita,Konum adları,Windows 1920×1080 ve Türkçe; oyuncu +9 takım üyesi; olayları kontrollü tetikleyen test sahnesi.,Tüm isimli lokasyonları haritada kontrol et,WorldMetadata isimleri gösterilir; Türkçe İ/ı/Ş/ğ bozulmaz.,P1,Docs/MODUL_SPESIFIKASYONLARI.md,Sözleşme,Çalıştırılmadı
HUD-019,HUD ve harita,Mini harita veri yokluğu,Windows 1920×1080 ve Türkçe; oyuncu +9 takım üyesi; olayları kontrollü tetikleyen test sahnesi.,MinimapTexture olmayan test fixture aç,Gri yedek gösterilir; hata yağmuru veya NullReference oluşmaz.,P1,Docs/MODUL_SPESIFIKASYONLARI.md,Sözleşme,Çalıştırılmadı
HUD-020,HUD ve harita,HUD yeniden giriş,Windows 1920×1080 ve Türkçe; oyuncu +9 takım üyesi; olayları kontrollü tetikleyen test sahnesi.,Maçtan menüye dönüp üç kez başlat | Bir isabet olayı üret,HUD tek olay için tek bildirim verir; eski abonelikler birikmez.,P1,Docs/MODUL_SPESIFIKASYONLARI.md,Sözleşme,Çalıştırılmadı
MENU-001,Menüler ayarlar kariyer,Kurulum tim alt sınırı,Temiz yerel test profili; MainMenu sahnesi; mevcut profilin yedeği alınmış; gerçek hesap kullanılmaz.,Tim kaydırıcısını en düşüğe getir | Başlat,2 tim × 10 = 20 savaşan seçimi gösterilir.,P1,Assets/_Project/Scripts/Application/Services/SettingsService.cs,Sözleşme,Çalıştırılmadı
MENU-002,Menüler ayarlar kariyer,Kurulum tim üst sınırı,Temiz yerel test profili; MainMenu sahnesi; mevcut profilin yedeği alınmış; gerçek hesap kullanılmaz.,Tim kaydırıcısını en yükseğe getir | Başlat,6 tim × 10 = 60 savaşan seçimi gösterilir.,P1,Assets/_Project/Scripts/Application/Services/SettingsService.cs,Sözleşme,Çalıştırılmadı
MENU-003,Menüler ayarlar kariyer,Zorluk eşlemesi,Temiz yerel test profili; MainMenu sahnesi; mevcut profilin yedeği alınmış; gerçek hesap kullanılmaz.,Er/Uzman/Komando seçeneklerini sırayla kaydet,Seçimler Easy/Normal/Hard karşılığına dönüşür; yeniden açınca korunur.,P1,Assets/_Project/Scripts/Application/Services/SettingsService.cs,Sözleşme,Çalıştırılmadı
MENU-004,Menüler ayarlar kariyer,FOV alt üst sınırı,Temiz yerel test profili; MainMenu sahnesi; mevcut profilin yedeği alınmış; gerçek hesap kullanılmaz.,FOV kaydırıcısını 60 sonra 100 yap,Görüş açısı 60–100 aralığında; ADS bırakıldığında seçili temele döner.,P1,Assets/_Project/Scripts/Application/Services/SettingsService.cs,Sözleşme,Çalıştırılmadı
MENU-005,Menüler ayarlar kariyer,Ses ana seviye,Temiz yerel test profili; MainMenu sahnesi; mevcut profilin yedeği alınmış; gerçek hesap kullanılmaz.,Ana sesi 0 yap | Ateş et/menüye dön | Yeniden aç,Ana seviye tüm ilgili sesleri susturur; geri açınca ses döner.,P1,Assets/_Project/Scripts/Application/Services/SettingsService.cs,Sözleşme,Çalıştırılmadı
MENU-006,Menüler ayarlar kariyer,Ortam sesi ayrımı,Temiz yerel test profili; MainMenu sahnesi; mevcut profilin yedeği alınmış; gerçek hesap kullanılmaz.,Ortam sesini 0 yap | Ateş et,Ortam döngüsü kısılır; ana ses açıksa silah sesinin ayrı kontrolü korunur.,P1,Assets/_Project/Scripts/Application/Services/SettingsService.cs,Sözleşme,Çalıştırılmadı
MENU-007,Menüler ayarlar kariyer,ADS hassasiyeti,Temiz yerel test profili; MainMenu sahnesi; mevcut profilin yedeği alınmış; gerçek hesap kullanılmaz.,ADS çarpanını değiştir | Aynı fare hareketini ADS/kalçada uygula,ADS hassasiyeti çarpanı nişan durumuna uygulanır; genel ayar ezilmez.,P1,Assets/_Project/Scripts/Application/Services/SettingsService.cs,Sözleşme,Çalıştırılmadı
MENU-008,Menüler ayarlar kariyer,Kalite uygulama,Temiz yerel test profili; MainMenu sahnesi; mevcut profilin yedeği alınmış; gerçek hesap kullanılmaz.,Düşük ve Ultra seç | Sahneyi gözle,Kalite seçimi uygulanır; sahne pembe materyale dönüşmez veya çökmez.,P1,Assets/_Project/Scripts/Application/Services/SettingsService.cs,Sözleşme,Çalıştırılmadı
MENU-009,Menüler ayarlar kariyer,Tam ekran geçişi,Temiz yerel test profili; MainMenu sahnesi; mevcut profilin yedeği alınmış; gerçek hesap kullanılmaz.,Tam ekranı aç/kapat | Ana menüye dön,Pencere/odak düzeni korunur; UI ekran dışında kalmaz.,P1,Assets/_Project/Scripts/Application/Services/SettingsService.cs,Sözleşme,Çalıştırılmadı
MENU-010,Menüler ayarlar kariyer,FPS ayarı,Temiz yerel test profili; MainMenu sahnesi; mevcut profilin yedeği alınmış; gerçek hesap kullanılmaz.,FPS göster aç | Kapat,Sayaç doğru ayara göre görünür/gizlenir; sürekli kaplamaya dönüşmez.,P1,Assets/_Project/Scripts/Application/Services/SettingsService.cs,Sözleşme,Çalıştırılmadı
MENU-011,Menüler ayarlar kariyer,Ayar kalıcılığı,Temiz yerel test profili; MainMenu sahnesi; mevcut profilin yedeği alınmış; gerçek hesap kullanılmaz.,FOV/ses/oyuncu adı değiştir | Oyunu tamamen kapat/aç,Kaydedilen değerler geri gelir; geçersiz değerler servis sınırlarına alınır.,P1,Assets/_Project/Scripts/Application/Services/SettingsService.cs,Sözleşme,Çalıştırılmadı
MENU-012,Menüler ayarlar kariyer,Offline duraklatma,Temiz yerel test profili; MainMenu sahnesi; mevcut profilin yedeği alınmış; gerçek hesap kullanılmaz.,Maçta Esc aç | 5 saniye bekle | Devam et,Offline simülasyon durur; dönünce Time.timeScale doğru normale gelir.,P1,Assets/_Project/Scripts/Application/Services/SettingsService.cs,Sözleşme,Çalıştırılmadı
MENU-013,Menüler ayarlar kariyer,Menüye çıkış zaman ölçeği,Temiz yerel test profili; MainMenu sahnesi; mevcut profilin yedeği alınmış; gerçek hesap kullanılmaz.,Oyun duraklatılmışken Ana Menü seç | Yeni maç aç,Yeni maç donmuş timeScale=0 durumuyla başlamaz.,P1,Assets/_Project/Scripts/Application/Services/SettingsService.cs,Sözleşme,Çalıştırılmadı
MENU-014,Menüler ayarlar kariyer,Kariyer XP formülü,Temiz yerel test profili; MainMenu sahnesi; mevcut profilin yedeği alınmış; gerçek hesap kullanılmaz.,"4 timde 2. sıra, 3 kill, 1 headshot ve galibiyet yok sonuç kaydet",XP 3×100+1×25+(4−2)×150=625; kariyer bir kez artar.,P1,Assets/_Project/Scripts/Application/Services/SettingsService.cs,Sözleşme,Çalıştırılmadı
MENU-015,Menüler ayarlar kariyer,Galibiyet XP,Temiz yerel test profili; MainMenu sahnesi; mevcut profilin yedeği alınmış; gerçek hesap kullanılmaz.,"4 timde 1. sıra, 0 kill ve galibiyet sonucu kaydet",XP (4−1)×150+1000=1450; rütbe eşiği RankCatalog ile eşleşir.,P1,Assets/_Project/Scripts/Application/Services/SettingsService.cs,Sözleşme,Çalıştırılmadı
RNG-001,Atış Poligonu,Doğru sahne,Ana menüden Atış Poligonu; gözlemci kamera ve ekran kaydı.,Atış Poligonu düğmesine bas | Yüklemeyi bekle,TrainingRange açılır; canlı battle royale maçı başlatılmaz.,P1,Docs/MODUL_SPESIFIKASYONLARI.md,Sözleşme,Çalıştırılmadı
RNG-002,Atış Poligonu,Silah rafı kapsamı,Ana menüden Atış Poligonu; gözlemci kamera ve ekran kaydı.,Rafları dolaş | Silah adlarını katalogla karşılaştır,10 katalog silahı erişilebilir; aynı silahın tekrarı eksik silahı gizlemez.,P1,Docs/MODUL_SPESIFIKASYONLARI.md,Sözleşme,Çalıştırılmadı
RNG-003,Atış Poligonu,Sonsuz yedek,Ana menüden Atış Poligonu; gözlemci kamera ve ekran kaydı.,PMT-76 şarjörünü boşalt | Beş kez doldur,Yedek tükenmez; şarjör/doldurma mekaniği çalışmayı sürdürür.,P1,Docs/MODUL_SPESIFIKASYONLARI.md,Sözleşme,Çalıştırılmadı
RNG-004,Atış Poligonu,Mesafe levhaları,Ana menüden Atış Poligonu; gözlemci kamera ve ekran kaydı.,25/50/100/200/300 m levhalarına bak | Gerçek koordinat uzaklığını ölç,Etiketler gerçek hedef uzaklığına uygundur; 300 m hedef alan dışına taşmaz.,P1,Docs/MODUL_SPESIFIKASYONLARI.md,Sözleşme,Çalıştırılmadı
RNG-005,Atış Poligonu,Sabit hedef hasarı,Ana menüden Atış Poligonu; gözlemci kamera ve ekran kaydı.,Sabit hedefi öldür | Yeniden doğuş süresini izle,Hasar bildirimi doğru; hedef yenilenince tam canla çalışır.,P1,Docs/MODUL_SPESIFIKASYONLARI.md,Sözleşme,Çalıştırılmadı
RNG-006,Atış Poligonu,Hareketli hedef,Ana menüden Atış Poligonu; gözlemci kamera ve ekran kaydı.,Hareketli hedefi bir tam tur gözle | Vur,Tanımlı iki nokta arasında hareket sürer; hasar hitboxla eşleşir.,P1,Docs/MODUL_SPESIFIKASYONLARI.md,Sözleşme,Çalıştırılmadı
RNG-007,Atış Poligonu,Poligonda zone yok,Ana menüden Atış Poligonu; gözlemci kamera ve ekran kaydı.,10 dakika alanda kal,Zone daralması ve takım elenmesi poligonu sonlandırmaz.,P1,Docs/MODUL_SPESIFIKASYONLARI.md,Sözleşme,Çalıştırılmadı
RNG-008,Atış Poligonu,Engel parkuru,Ana menüden Atış Poligonu; gözlemci kamera ve ekran kaydı.,Duvar ve kill house içini dolaş,Katı nesneler çarpışır; kapılar ve rampalar geçilebilir.,P1,Docs/MODUL_SPESIFIKASYONLARI.md,Sözleşme,Çalıştırılmadı
RNG-009,Atış Poligonu,Poligondan çıkış,Ana menüden Atış Poligonu; gözlemci kamera ve ekran kaydı.,Esc ile ana menüye dön | Harekât başlat,Sonsuz mühimmat ve test hedefleri normal maça taşınmaz.,P1,Docs/MODUL_SPESIFIKASYONLARI.md,Sözleşme,Çalıştırılmadı
PERF-001,Performans,20 savaşan temel ölçüm,"Aynı Windows test cihazı, sürücü, güç profili ve build; 60 sn ısınma, 5 dk ölçüm; Profiler/ETW kaydı. Eşikler geçici QA hedefidir.",2 timle 1080p orta kalitede 5 dakika oyna | CPU/GPU frametime kaydet,"P50/P95/P99 ve 1 yüzde düşük FPS kaydedilir; cihaz hedefi TestPlan ile karşılaştırılır, ölçüm yoksa Geçti yazılmaz.",P1,Docs/CONTRACTS.md,QA kabul hedefi,Çalıştırılmadı
PERF-002,Performans,60 savaşan stres,"Aynı Windows test cihazı, sürücü, güç profili ve build; 60 sn ısınma, 5 dk ölçüm; Profiler/ETW kaydı. Eşikler geçici QA hedefidir.",6 timle yoğun çatışmada 5 dakika izle | Tahsisleri kaydet,"Hot path sürekli kare başı GC tahsisi yapmaz; önerilen P95≤16,7 ms hedef sapması raporlanır.",P1,Docs/CONTRACTS.md,QA kabul hedefi,Çalıştırılmadı
PERF-003,Performans,Topçu VFX yükü,"Aynı Windows test cihazı, sürücü, güç profili ve build; 60 sn ısınma, 5 dk ölçüm; Profiler/ETW kaydı. Eşikler geçici QA hedefidir.",Altı tim topçu çağrısı başlat | Patlama zirvesini ölç,VFX havuzu kontrolsüz büyümez; kare sıçramaları ve GPU süresi kanıtla kaydedilir.,P1,Docs/CONTRACTS.md,QA kabul hedefi,Çalıştırılmadı
PERF-004,Performans,Sis yükü,"Aynı Windows test cihazı, sürücü, güç profili ve build; 60 sn ısınma, 5 dk ölçüm; Profiler/ETW kaydı. Eşikler geçici QA hedefidir.",Aynı görüşte 10 sis bulutu oluştur | GPU zamanını ölç,"Saydamlık maliyeti raporlanır; bulutlar 25 sn sonrası temizlenir, kalıcı maliyet bırakmaz.",P1,Docs/CONTRACTS.md,QA kabul hedefi,Çalıştırılmadı
PERF-005,Performans,Mermi havuzu,"Aynı Windows test cihazı, sürücü, güç profili ve build; 60 sn ısınma, 5 dk ölçüm; Profiler/ETW kaydı. Eşikler geçici QA hedefidir.",PMT-76 ile kesintisiz yoğun ateş fixture çalıştır | Aktif mermi sayısını izle,Mermiler yaşam süresi/menzil sonrası temizlenir; sahne nesne sayısı atışla sınırsız büyümez.,P1,Docs/CONTRACTS.md,QA kabul hedefi,Çalıştırılmadı
PERF-006,Performans,Sahne tekrar bellek,"Aynı Windows test cihazı, sürücü, güç profili ve build; 60 sn ısınma, 5 dk ölçüm; Profiler/ETW kaydı. Eşikler geçici QA hedefidir.",Menü→maç→menü döngüsünü 10 kez yap | Her dönüşte belleği kaydet,Kalıcı artış varsa sızıntı adayı açılır; sabit bütçeyle kıyaslanır ve GC sonrası eğilim raporlanır.,P1,Docs/CONTRACTS.md,QA kabul hedefi,Çalıştırılmadı
PERF-007,Performans,Ses başlangıç maliyeti,"Aynı Windows test cihazı, sürücü, güç profili ve build; 60 sn ısınma, 5 dk ölçüm; Profiler/ETW kaydı. Eşikler geçici QA hedefidir.",Soğuk başlangıçta ses sentezi süresini ölç,Sözleşme hedefi toplam <300 ms; donanım ve süre ölçülerek raporlanır.,P1,Docs/CONTRACTS.md,QA kabul hedefi,Çalıştırılmadı
PERF-008,Performans,AudioSource sınırı,"Aynı Windows test cihazı, sürücü, güç profili ve build; 60 sn ısınma, 5 dk ölçüm; Profiler/ETW kaydı. Eşikler geçici QA hedefidir.",Aynı anda çok sayıda atış/patlama oluştur | Ses kaynaklarını say,3D ses havuzu 32 sınırını aşmaz; bittiğinde kaynaklar yeniden kullanılabilir.,P1,Docs/CONTRACTS.md,QA kabul hedefi,Çalıştırılmadı
PERF-009,Performans,Mermi izi temizliği,"Aynı Windows test cihazı, sürücü, güç profili ve build; 60 sn ısınma, 5 dk ölçüm; Profiler/ETW kaydı. Eşikler geçici QA hedefidir.",5 dakika duvara ateş et | Decal sayısını incele,Mermi izi havuzu üst sınır 150; eski izler geri dönüştürülür.,P1,Docs/CONTRACTS.md,QA kabul hedefi,Çalıştırılmadı
PERF-010,Performans,Yükleme süresi,"Aynı Windows test cihazı, sürücü, güç profili ve build; 60 sn ısınma, 5 dk ölçüm; Profiler/ETW kaydı. Eşikler geçici QA hedefidir.",Kuzgun Vadisi soğuk/sıcak açılışı üçer kez ölç,"Yükleme süresi, disk tipi ve NavMesh/runtime üretim yolu ayrı kaydedilir; donmuş görüntü için yükleme durumu görünür.",P1,Docs/CONTRACTS.md,QA kabul hedefi,Çalıştırılmadı
PERF-011,Performans,Arka plan yükü,"Aynı Windows test cihazı, sürücü, güç profili ve build; 60 sn ısınma, 5 dk ölçüm; Profiler/ETW kaydı. Eşikler geçici QA hedefidir.",Windows güncelleme/arka plan iş yükü benzetimi altında maça gir | Süreyi ölç,Çökme/veri kaybı olmaz; FPS düşüşü temel ölçümden ayrı işaretlenir.,P1,Docs/CONTRACTS.md,QA kabul hedefi,Çalıştırılmadı
PERF-012,Performans,Uzun oturum,"Aynı Windows test cihazı, sürücü, güç profili ve build; 60 sn ısınma, 5 dk ölçüm; Profiler/ETW kaydı. Eşikler geçici QA hedefidir.",60 savaşanla 60 dakika tekrar maç döngüsü yap | Bellek/handle sayısını izle,Çökme yok; yükselen bellek/handle eğrisi varsa sızıntı incelemesi açılır.,P1,Docs/CONTRACTS.md,QA kabul hedefi,Çalıştırılmadı
NET-001,Online ve dayanıklılık,Kuyruk temel akışı,İzole Windows Dedicated Server + IIS/MSSQL test dağıtımı; iki test hesabı; ağ şekillendirme yalnız yetkili laboratuvarda. Online entegrasyon bulunmuyorsa Engelli.,Giriş yap | Tek hesapla kuyruğa gir | Bileti izle,Bilet ve durum gösterilir; atama olursa tek maç/sunucu bilgisi gelir.,P1,Backend/ClientSdk/HarekatClient.cs,QA kabul hedefi,Çalıştırılmadı
NET-002,Online ve dayanıklılık,Kuyruk iptali,İzole Windows Dedicated Server + IIS/MSSQL test dağıtımı; iki test hesabı; ağ şekillendirme yalnız yetkili laboratuvarda. Online entegrasyon bulunmuyorsa Engelli.,Kuyruğa gir | Atama öncesi iptal et | Tekrar durum sorgula,İptal UI ve sunucu durumunda tutarlı; istemci bekliyor ekranında kilitlenmez.,P1,Backend/ClientSdk/HarekatClient.cs,QA kabul hedefi,Çalıştırılmadı
NET-003,Online ve dayanıklılık,Tim kuyruğu,İzole Windows Dedicated Server + IIS/MSSQL test dağıtımı; iki test hesabı; ağ şekillendirme yalnız yetkili laboratuvarda. Online entegrasyon bulunmuyorsa Engelli.,10 üyeyi aynı timde hazır yap | Komutan kuyruğa girsin,Tim bölünmeden aynı eşleştirme akışını izler; destek yoksa eksik özellik raporlanır.,P1,Backend/ClientSdk/HarekatClient.cs,QA kabul hedefi,Çalıştırılmadı
NET-004,Online ve dayanıklılık,On birinci üye,İzole Windows Dedicated Server + IIS/MSSQL test dağıtımı; iki test hesabı; ağ şekillendirme yalnız yetkili laboratuvarda. Online entegrasyon bulunmuyorsa Engelli.,10 kişilik time ek hesapla davet kodundan katıl,Üye sayısı 10'u aşmaz; anlaşılır ret gösterilir.,P1,Backend/ClientSdk/HarekatClient.cs,QA kabul hedefi,Çalıştırılmadı
NET-005,Online ve dayanıklılık,Yanlış davet kodu,İzole Windows Dedicated Server + IIS/MSSQL test dağıtımı; iki test hesabı; ağ şekillendirme yalnız yetkili laboratuvarda. Online entegrasyon bulunmuyorsa Engelli.,Var olmayan davet koduyla katıl,Başka tim açığa çıkmadan hata gösterilir; mevcut tim üyeliği bozulmaz.,P1,Backend/ClientSdk/HarekatClient.cs,QA kabul hedefi,Çalıştırılmadı
NET-006,Online ve dayanıklılık,Bağlantı sırasında kopma,İzole Windows Dedicated Server + IIS/MSSQL test dağıtımı; iki test hesabı; ağ şekillendirme yalnız yetkili laboratuvarda. Online entegrasyon bulunmuyorsa Engelli.,Sunucuya bağlanırken ağı 15 sn kes | Geri aç,Sonuç açık başarı/hata durumuna ulaşır; sonsuz yükleme/çift karakter oluşmaz.,P1,Backend/ClientSdk/HarekatClient.cs,QA kabul hedefi,Çalıştırılmadı
NET-007,Online ve dayanıklılık,Maç içinde kopma,İzole Windows Dedicated Server + IIS/MSSQL test dağıtımı; iki test hesabı; ağ şekillendirme yalnız yetkili laboratuvarda. Online entegrasyon bulunmuyorsa Engelli.,Devam eden maçta ağı 15 sn kes | Geri aç,"Belgelenmiş reconnect politikası uygulanır; politika yoksa karar açığı kaydı oluşturulur, başarılı varsayılmaz.",P1,Backend/ClientSdk/HarekatClient.cs,QA kabul hedefi,Çalıştırılmadı
NET-008,Online ve dayanıklılık,100 ms RTT,İzole Windows Dedicated Server + IIS/MSSQL test dağıtımı; iki test hesabı; ağ şekillendirme yalnız yetkili laboratuvarda. Online entegrasyon bulunmuyorsa Engelli.,"Şekillendiricide 100 ms RTT, 0 kayıp kur | 5 dk çatış",P95 komut/hasar gecikmesi ölçülür; çift ateş/çift eşya alımı olmaz.,P1,Backend/ClientSdk/HarekatClient.cs,QA kabul hedefi,Çalıştırılmadı
NET-009,Online ve dayanıklılık,200 ms RTT,İzole Windows Dedicated Server + IIS/MSSQL test dağıtımı; iki test hesabı; ağ şekillendirme yalnız yetkili laboratuvarda. Online entegrasyon bulunmuyorsa Engelli.,Şekillendiricide 200 ms RTT kur | Hareket ve atış kaydet,Düzeltme sıçramaları ve eylem gecikmesi raporlanır; sunucu otoritesi korunur.,P1,Backend/ClientSdk/HarekatClient.cs,QA kabul hedefi,Çalıştırılmadı
NET-010,Online ve dayanıklılık,Yüzde 1 kayıp,İzole Windows Dedicated Server + IIS/MSSQL test dağıtımı; iki test hesabı; ağ şekillendirme yalnız yetkili laboratuvarda. Online entegrasyon bulunmuyorsa Engelli.,100 ms RTT + yüzde 1 kayıpla 5 dk oyna,Güvenilir eylemler kaybolup çoğalmaz; kopma oranı kaydedilir.,P1,Backend/ClientSdk/HarekatClient.cs,QA kabul hedefi,Çalıştırılmadı
NET-011,Online ve dayanıklılık,Yüzde 5 kayıp,İzole Windows Dedicated Server + IIS/MSSQL test dağıtımı; iki test hesabı; ağ şekillendirme yalnız yetkili laboratuvarda. Online entegrasyon bulunmuyorsa Engelli.,100 ms RTT + yüzde 5 kayıpla 5 dk oyna,"Kötü bağlantı anlaşılır; sunucu çökmez, envanter çiftlenmez.",P1,Backend/ClientSdk/HarekatClient.cs,QA kabul hedefi,Çalıştırılmadı
NET-012,Online ve dayanıklılık,Jitter,İzole Windows Dedicated Server + IIS/MSSQL test dağıtımı; iki test hesabı; ağ şekillendirme yalnız yetkili laboratuvarda. Online entegrasyon bulunmuyorsa Engelli.,100 ms RTT üzerine ±50 ms jitter ekle | 5 dk oyna,P95/P99 gecikme ve düzeltmeler ölçülür; zaman sırası ters hasar doğurmaz.,P1,Backend/ClientSdk/HarekatClient.cs,QA kabul hedefi,Çalıştırılmadı
NET-013,Online ve dayanıklılık,Sunucu yeniden başlama,İzole Windows Dedicated Server + IIS/MSSQL test dağıtımı; iki test hesabı; ağ şekillendirme yalnız yetkili laboratuvarda. Online entegrasyon bulunmuyorsa Engelli.,Test maçındayken kontrollü sunucuyu yeniden başlat,İstemci açık hata/menüye dönüş alır; sonuçlar sahte galibiyet diye kaydedilmez.,P1,Backend/ClientSdk/HarekatClient.cs,QA kabul hedefi,Çalıştırılmadı
NET-014,Online ve dayanıklılık,Token süresi dolması,İzole Windows Dedicated Server + IIS/MSSQL test dağıtımı; iki test hesabı; ağ şekillendirme yalnız yetkili laboratuvarda. Online entegrasyon bulunmuyorsa Engelli.,Kısa ömürlü test token ile bekle | Profil isteği yap,İstemci yenileme/yeniden giriş politikası uygular; token UI/logda açığa çıkmaz.,P1,Backend/ClientSdk/HarekatClient.cs,QA kabul hedefi,Çalıştırılmadı
NET-015,Online ve dayanıklılık,Aynı eşyaya eşzamanlı alma,İzole Windows Dedicated Server + IIS/MSSQL test dağıtımı; iki test hesabı; ağ şekillendirme yalnız yetkili laboratuvarda. Online entegrasyon bulunmuyorsa Engelli.,İki test oyuncusu aynı yağmaya aynı anda F bassın,Sunucu tek geçerli sahip/dağıtım üretir; toplam miktar korunur.,P1,Backend/ClientSdk/HarekatClient.cs,QA kabul hedefi,Çalıştırılmadı
NET-016,Online ve dayanıklılık,Otoritesiz hasar,İzole Windows Dedicated Server + IIS/MSSQL test dağıtımı; iki test hesabı; ağ şekillendirme yalnız yetkili laboratuvarda. Online entegrasyon bulunmuyorsa Engelli.,İstemci tarafı test fixture ile yerel can değerini değiştir | Sunucu snapshot bekle,Sunucu otoritesi yerel değişikliği maç sonucuna kabul etmez.,P1,Backend/ClientSdk/HarekatClient.cs,QA kabul hedefi,Çalıştırılmadı
API-001,Backend uçları,GET /health,"İzole IIS/MSSQL test ortamı; API kökü dağıtım kaydında; Swagger/ClientSdk şemasına uygun JSON; A/B oyuncuları, M moderatörü ve S test sunucusu. Üretim verisi kullanılmaz.",Kimliksiz GET /health gönder | Yanıtı oku,"200; status=ok, service=Harekat.Api ve UTC alanı bulunur; bu yalnız API canlılığını gösterir.",P1,Backend/Harekat.Api/Program.cs,Sözleşme,Çalıştırılmadı
API-002,Backend uçları,POST /auth/register,"İzole IIS/MSSQL test ortamı; API kökü dağıtım kaydında; Swagger/ClientSdk şemasına uygun JSON; A/B oyuncuları, M moderatörü ve S test sunucusu. Üretim verisi kullanılmaz.",Benzersiz test kullanıcı/e-posta ve geçerli parola ile kayıt gönder,Başarılı kayıt tek oyuncu oluşturur; dönen auth verisinde parola yer almaz.,P1,Backend/Harekat.Api/Program.cs,Sözleşme,Çalıştırılmadı
API-003,Backend uçları,POST /auth/login,"İzole IIS/MSSQL test ortamı; API kökü dağıtım kaydında; Swagger/ClientSdk şemasına uygun JSON; A/B oyuncuları, M moderatörü ve S test sunucusu. Üretim verisi kullanılmaz.",Kayıtlı A hesabının doğru parolasını gönder | Yanlış parola ile tekrarla,Doğru bilgiyle token; yanlış bilgiyle başarısız yanıt; stack trace/parola açığa çıkmaz.,P1,Backend/Harekat.Api/Program.cs,Sözleşme,Çalıştırılmadı
API-004,Backend uçları,POST /auth/refresh,"İzole IIS/MSSQL test ortamı; API kökü dağıtım kaydında; Swagger/ClientSdk şemasına uygun JSON; A/B oyuncuları, M moderatörü ve S test sunucusu. Üretim verisi kullanılmaz.",Geçerli refresh token ile yenile | Geçersiz token ile tekrarla,Geçerli akış yeni auth verisi üretir; geçersiz token kimlik doğrulamaz.,P1,Backend/Harekat.Api/Program.cs,Sözleşme,Çalıştırılmadı
API-005,Backend uçları,POST /auth/verify-email,"İzole IIS/MSSQL test ortamı; API kökü dağıtım kaydında; Swagger/ClientSdk şemasına uygun JSON; A/B oyuncuları, M moderatörü ve S test sunucusu. Üretim verisi kullanılmaz.",A tokenı ve test doğrulama koduyla gönder | Yanlış kodla tekrarla,Geçerli işlem verified=true; yanlış kod doğrulanmış hesap üretmez.,P1,Backend/Harekat.Api/Program.cs,Sözleşme,Çalıştırılmadı
API-006,Backend uçları,POST /auth/logout,"İzole IIS/MSSQL test ortamı; API kökü dağıtım kaydında; Swagger/ClientSdk şemasına uygun JSON; A/B oyuncuları, M moderatörü ve S test sunucusu. Üretim verisi kullanılmaz.",A tokenıyla çıkış yap | Eski refresh ile yenilemeyi dene,loggedOut=true; çıkış yapılan oturumun yenileme erişimi politikaya göre iptal edilir; sapma hata kaydıdır.,P1,Backend/Harekat.Api/Program.cs,Sözleşme,Çalıştırılmadı
API-007,Backend uçları,GET /players/me,"İzole IIS/MSSQL test ortamı; API kökü dağıtım kaydında; Swagger/ClientSdk şemasına uygun JSON; A/B oyuncuları, M moderatörü ve S test sunucusu. Üretim verisi kullanılmaz.",A tokenıyla isteği gönder | Token olmadan tekrarla,A'nın profili döner; kimliksiz istek 401 alır.,P1,Backend/Harekat.Api/Program.cs,Sözleşme,Çalıştırılmadı
API-008,Backend uçları,GET /players/{username},"İzole IIS/MSSQL test ortamı; API kökü dağıtım kaydında; Swagger/ClientSdk şemasına uygun JSON; A/B oyuncuları, M moderatörü ve S test sunucusu. Üretim verisi kullanılmaz.",A kullanıcı adıyla kimliksiz iste | Olmayan adı sorgula,A'nın herkese açık profili döner; özel auth alanları yoktur; olmayan ad açık hata üretir.,P1,Backend/Harekat.Api/Program.cs,Sözleşme,Çalıştırılmadı
API-009,Backend uçları,POST /squads,"İzole IIS/MSSQL test ortamı; API kökü dağıtım kaydında; Swagger/ClientSdk şemasına uygun JSON; A/B oyuncuları, M moderatörü ve S test sunucusu. Üretim verisi kullanılmaz.",A tokenıyla geçerli isimli tim kur,A komutan/üye olarak tek timde görünür; davet kodu kullanılabilir.,P1,Backend/Harekat.Api/Program.cs,Sözleşme,Çalıştırılmadı
API-010,Backend uçları,POST /squads/join,"İzole IIS/MSSQL test ortamı; API kökü dağıtım kaydında; Swagger/ClientSdk şemasına uygun JSON; A/B oyuncuları, M moderatörü ve S test sunucusu. Üretim verisi kullanılmaz.",B hesabıyla A'nın davet kodunu gönder,B aynı timde görünür; mevcut üyeler kaybolmaz.,P1,Backend/Harekat.Api/Program.cs,Sözleşme,Çalıştırılmadı
API-011,Backend uçları,GET /squads/me,"İzole IIS/MSSQL test ortamı; API kökü dağıtım kaydında; Swagger/ClientSdk şemasına uygun JSON; A/B oyuncuları, M moderatörü ve S test sunucusu. Üretim verisi kullanılmaz.",B tokenıyla sorgula | Timsiz hesapla sorgula,B'nin timi döner; timsiz hesap 404 döner.,P1,Backend/Harekat.Api/Program.cs,Sözleşme,Çalıştırılmadı
API-012,Backend uçları,GET /squads/{id:guid},"İzole IIS/MSSQL test ortamı; API kökü dağıtım kaydında; Swagger/ClientSdk şemasına uygun JSON; A/B oyuncuları, M moderatörü ve S test sunucusu. Üretim verisi kullanılmaz.",Bilinen tim GUID ile yetkili sorgu yap | Geçersiz GUID gönder,Geçerli timin üyeleri döner; geçersiz GUID rota eşleşmez ve 500 üretmez.,P1,Backend/Harekat.Api/Program.cs,Sözleşme,Çalıştırılmadı
API-013,Backend uçları,POST /squads/ready,"İzole IIS/MSSQL test ortamı; API kökü dağıtım kaydında; Swagger/ClientSdk şemasına uygun JSON; A/B oyuncuları, M moderatörü ve S test sunucusu. Üretim verisi kullanılmaz.",A tokenıyla ready=true sorgu parametresi gönder | ready=false tekrarla,Hazır durumu değişir ve lobi Ready olayı yeni durumla tutarlıdır.,P1,Backend/Harekat.Api/Program.cs,Sözleşme,Çalıştırılmadı
API-014,Backend uçları,POST /squads/leave,"İzole IIS/MSSQL test ortamı; API kökü dağıtım kaydında; Swagger/ClientSdk şemasına uygun JSON; A/B oyuncuları, M moderatörü ve S test sunucusu. Üretim verisi kullanılmaz.",B ile ayrıl | Tim listesine tekrar bak,left=true; B listeden çıkar; diğer üyeler korunur.,P1,Backend/Harekat.Api/Program.cs,Sözleşme,Çalıştırılmadı
API-015,Backend uçları,POST /matchmaking/queue,"İzole IIS/MSSQL test ortamı; API kökü dağıtım kaydında; Swagger/ClientSdk şemasına uygun JSON; A/B oyuncuları, M moderatörü ve S test sunucusu. Üretim verisi kullanılmaz.",A tokenıyla geçerli QueueRequest gönder,Bir bilet kimliği ve gerçek durum döner; UI olmayan tahmini beklemeyi gerçek veri diye sunmaz.,P1,Backend/Harekat.Api/Program.cs,Sözleşme,Çalıştırılmadı
API-016,Backend uçları,DELETE /matchmaking/queue,"İzole IIS/MSSQL test ortamı; API kökü dağıtım kaydında; Swagger/ClientSdk şemasına uygun JSON; A/B oyuncuları, M moderatörü ve S test sunucusu. Üretim verisi kullanılmaz.",Kuyruktaki A ile iptal isteği gönder,cancelled=true; A bekleyen eşleştirme girişinden çıkar.,P1,Backend/Harekat.Api/Program.cs,Sözleşme,Çalıştırılmadı
API-017,Backend uçları,GET /matchmaking/tickets/{id:guid},"İzole IIS/MSSQL test ortamı; API kökü dağıtım kaydında; Swagger/ClientSdk şemasına uygun JSON; A/B oyuncuları, M moderatörü ve S test sunucusu. Üretim verisi kullanılmaz.",A'nın biletini sorgula | Rastgele geçerli GUID sorgula,Bilet durumu döner; bilinmeyen GUID için 404.,P1,Backend/Harekat.Api/Program.cs,Sözleşme,Çalıştırılmadı
API-018,Backend uçları,GET /matches/{id:guid},"İzole IIS/MSSQL test ortamı; API kökü dağıtım kaydında; Swagger/ClientSdk şemasına uygun JSON; A/B oyuncuları, M moderatörü ve S test sunucusu. Üretim verisi kullanılmaz.",Atanmış maç kimliğini sorgula | Bilinmeyen GUID gönder,Maç kaydı döner; bilinmeyen GUID 404; token gereklidir.,P1,Backend/Harekat.Api/Program.cs,Sözleşme,Çalıştırılmadı
API-019,Backend uçları,POST /servers/register,"İzole IIS/MSSQL test ortamı; API kökü dağıtım kaydında; Swagger/ClientSdk şemasına uygun JSON; A/B oyuncuları, M moderatörü ve S test sunucusu. Üretim verisi kullanılmaz.",RegisterServerRequest ile izole test sunucusunu kaydet,Sunucu kaydı alınır; üretilen anahtar yalnız yetkili laboratuvar kaydında tutulur; rota bugün AllowAnonymous olduğundan güvenlik kapısı ayrı incelenir.,P1,Backend/Harekat.Api/Program.cs,Sözleşme,Çalıştırılmadı
API-020,Backend uçları,POST /servers/heartbeat,"İzole IIS/MSSQL test ortamı; API kökü dağıtım kaydında; Swagger/ClientSdk şemasına uygun JSON; A/B oyuncuları, M moderatörü ve S test sunucusu. Üretim verisi kullanılmaz.",Kayıtlı test sunucusuyla heartbeat gönder,Son canlılık ve sunucu durum alanları güncellenir; yanlış kimlik/anahtar uygulama servisi politikasına göre reddedilir.,P1,Backend/Harekat.Api/Program.cs,Sözleşme,Çalıştırılmadı
API-021,Backend uçları,GET /servers,"İzole IIS/MSSQL test ortamı; API kökü dağıtım kaydında; Swagger/ClientSdk şemasına uygun JSON; A/B oyuncuları, M moderatörü ve S test sunucusu. Üretim verisi kullanılmaz.",Kimliksiz liste iste | Yanıt alanlarını kontrol et,Sunucu listesi gelir; server key gibi sırlar yanıtta bulunmaz.,P1,Backend/Harekat.Api/Program.cs,Sözleşme,Çalıştırılmadı
API-022,Backend uçları,POST /matches/{id:guid}/result yetkisiz,"İzole IIS/MSSQL test ortamı; API kökü dağıtım kaydında; Swagger/ClientSdk şemasına uygun JSON; A/B oyuncuları, M moderatörü ve S test sunucusu. Üretim verisi kullanılmaz.",X-Server-Id ve X-Server-Key olmadan sonuç gönder,401; maç ve oyuncu XP kaydı değişmez.,P0,Backend/Harekat.Api/Program.cs,Sözleşme,Çalıştırılmadı
API-023,Backend uçları,POST /matches/{id:guid}/result geçerli,"İzole IIS/MSSQL test ortamı; API kökü dağıtım kaydında; Swagger/ClientSdk şemasına uygun JSON; A/B oyuncuları, M moderatörü ve S test sunucusu. Üretim verisi kullanılmaz.",S kimlik/anahtarıyla kendisine atanmış maç sonucunu gönder | Aynı sonucu tekrar gönder,Yetkili sonuç tek kez kaydedilir; tekrarda XP/kill çiftlenmesi olmaz; idempotency sapması hata olarak açılır.,P0,Backend/Harekat.Api/Program.cs,Sözleşme,Çalıştırılmadı
API-024,Backend uçları,GET /leaderboards,"İzole IIS/MSSQL test ortamı; API kökü dağıtım kaydında; Swagger/ClientSdk şemasına uygun JSON; A/B oyuncuları, M moderatörü ve S test sunucusu. Üretim verisi kullanılmaz.",metric=experience ve take=10 ile sorgula,En çok 10 kayıt ilgili metriğe göre sıralıdır; diğer gizli oyuncu alanları sızmaz.,P1,Backend/Harekat.Api/Program.cs,Sözleşme,Çalıştırılmadı
API-025,Backend uçları,GET /leaderboards/season,"İzole IIS/MSSQL test ortamı; API kökü dağıtım kaydında; Swagger/ClientSdk şemasına uygun JSON; A/B oyuncuları, M moderatörü ve S test sunucusu. Üretim verisi kullanılmaz.",Bilinen season ve take=10 ile sorgula,Sezon puanı doğru sezonla sınırlı; kariyer toplamıyla karışmaz.,P1,Backend/Harekat.Api/Program.cs,Sözleşme,Çalıştırılmadı
API-026,Backend uçları,POST /friends/request,"İzole IIS/MSSQL test ortamı; API kökü dağıtım kaydında; Swagger/ClientSdk şemasına uygun JSON; A/B oyuncuları, M moderatörü ve S test sunucusu. Üretim verisi kullanılmaz.",A ile B oyuncu kimliğine istek gönder,B için tek bekleyen arkadaşlık isteği oluşur.,P1,Backend/Harekat.Api/Program.cs,Sözleşme,Çalıştırılmadı
API-027,Backend uçları,POST /friends/{id:guid}/accept,"İzole IIS/MSSQL test ortamı; API kökü dağıtım kaydında; Swagger/ClientSdk şemasına uygun JSON; A/B oyuncuları, M moderatörü ve S test sunucusu. Üretim verisi kullanılmaz.",B ile alınan istek kimliğini kabul et,A/B arkadaşlığı tutarlı görünür; ilgisiz kullanıcı kabul edemez.,P1,Backend/Harekat.Api/Program.cs,Sözleşme,Çalıştırılmadı
API-028,Backend uçları,GET /friends,"İzole IIS/MSSQL test ortamı; API kökü dağıtım kaydında; Swagger/ClientSdk şemasına uygun JSON; A/B oyuncuları, M moderatörü ve S test sunucusu. Üretim verisi kullanılmaz.",A tokenıyla arkadaş listesini sorgula,Kabul edilen B görünür; başka hesabın özel istekleri görünmez.,P1,Backend/Harekat.Api/Program.cs,Sözleşme,Çalıştırılmadı
API-029,Backend uçları,GET /seasons/active,"İzole IIS/MSSQL test ortamı; API kökü dağıtım kaydında; Swagger/ClientSdk şemasına uygun JSON; A/B oyuncuları, M moderatörü ve S test sunucusu. Üretim verisi kullanılmaz.",Aktif sezon fixture ile iste | Aktif sezonsuz fixture ile iste,Aktif sezon döner; aktif sezon yoksa 404.,P1,Backend/Harekat.Api/Program.cs,Sözleşme,Çalıştırılmadı
API-030,Backend uçları,GET /seasons/{number:int}/archive,"İzole IIS/MSSQL test ortamı; API kökü dağıtım kaydında; Swagger/ClientSdk şemasına uygun JSON; A/B oyuncuları, M moderatörü ve S test sunucusu. Üretim verisi kullanılmaz.",Bilinen sezon numarasıyla arşiv iste,İstenen sezon kayıtları gelir; geçerli yeni sezon durumu arşivi değiştirmez.,P1,Backend/Harekat.Api/Program.cs,Sözleşme,Çalıştırılmadı
API-031,Backend uçları,GET /achievements/me,"İzole IIS/MSSQL test ortamı; API kökü dağıtım kaydında; Swagger/ClientSdk şemasına uygun JSON; A/B oyuncuları, M moderatörü ve S test sunucusu. Üretim verisi kullanılmaz.",A tokenıyla başarımları sorgula,A'nın koşullarına göre kilitli/açılmış liste; kimliksiz 401.,P1,Backend/Harekat.Api/Program.cs,Sözleşme,Çalıştırılmadı
API-032,Backend uçları,GET /cosmetics/me,"İzole IIS/MSSQL test ortamı; API kökü dağıtım kaydında; Swagger/ClientSdk şemasına uygun JSON; A/B oyuncuları, M moderatörü ve S test sunucusu. Üretim verisi kullanılmaz.",A tokenıyla kozmetikleri sorgula,A'nın sahiplik/kullanım bilgisi tutarlı; kimliksiz 401.,P1,Backend/Harekat.Api/Program.cs,Sözleşme,Çalıştırılmadı
API-033,Backend uçları,POST /cosmetics/equip,"İzole IIS/MSSQL test ortamı; API kökü dağıtım kaydında; Swagger/ClientSdk şemasına uygun JSON; A/B oyuncuları, M moderatörü ve S test sunucusu. Üretim verisi kullanılmaz.",A'nın sahip olduğu kozmetiği kuşan | Sahip olmadığı kimliği dene,Sahip olunan kozmetik kuşanılır; olmayan sahiplik güç/ödül kazandırmaz.,P1,Backend/Harekat.Api/Program.cs,Sözleşme,Çalıştırılmadı
API-034,Backend uçları,POST /moderation/report,"İzole IIS/MSSQL test ortamı; API kökü dağıtım kaydında; Swagger/ClientSdk şemasına uygun JSON; A/B oyuncuları, M moderatörü ve S test sunucusu. Üretim verisi kullanılmaz.",A ile B hakkında test raporu gönder,reported=true; moderasyon kuyruğunda bir kayıt; rapor tek başına otomatik suç hükmü değildir.,P1,Backend/Harekat.Api/Program.cs,Sözleşme,Çalıştırılmadı
API-035,Backend uçları,POST /moderation/ban,"İzole IIS/MSSQL test ortamı; API kökü dağıtım kaydında; Swagger/ClientSdk şemasına uygun JSON; A/B oyuncuları, M moderatörü ve S test sunucusu. Üretim verisi kullanılmaz.",Normal A tokenıyla test B'yi banlamayı dene | M ile kontrollü tekrarla,A için 403; M için işlem yetki politikasıyla uygulanır; B test hesabıdır.,P0,Backend/Harekat.Api/Program.cs,Sözleşme,Çalıştırılmadı
API-036,Backend uçları,POST /moderation/mute,"İzole IIS/MSSQL test ortamı; API kökü dağıtım kaydında; Swagger/ClientSdk şemasına uygun JSON; A/B oyuncuları, M moderatörü ve S test sunucusu. Üretim verisi kullanılmaz.",Normal A tokenıyla dene | M ile test B üzerinde süreli mute uygula,A için 403; M işlemi uygular; süre/ana gerekçe denetlenebilir.,P1,Backend/Harekat.Api/Program.cs,Sözleşme,Çalıştırılmadı
API-037,Backend uçları,GET /moderation/reports,"İzole IIS/MSSQL test ortamı; API kökü dağıtım kaydında; Swagger/ClientSdk şemasına uygun JSON; A/B oyuncuları, M moderatörü ve S test sunucusu. Üretim verisi kullanılmaz.",A ve M tokenlarıyla sırayla liste iste,A için 403; yalnız M moderasyon kayıtlarını görür.,P0,Backend/Harekat.Api/Program.cs,Sözleşme,Çalıştırılmadı
ACC-001,Erişilebilirlik,Klavye menü sırası,"Windows istemci + portal/anket; klavye, ekran okuyucu, renk simülasyonu; test edilen ürün/sürüm açık kaydedilir.",Fareyi bırak | Tab/Shift+Tab ile ana menüyü dolaş | Enter kullan,Erişilebilir menüde tüm eylemler ulaşılabilir; odak görünür ve mantıklıdır.,P1,Docs/CODEX_FAZ2.md,QA kabul hedefi,Çalıştırılmadı
ACC-002,Erişilebilirlik,Odak tuzağı,"Windows istemci + portal/anket; klavye, ekran okuyucu, renk simülasyonu; test edilen ürün/sürüm açık kaydedilir.",Ayarlar aç | Son alandan Tab bas | Esc ile kapat,Odak aktif pencerede yönetilir; kapanınca açan kontrole döner; sonsuz tuzak olmaz.,P1,Docs/CODEX_FAZ2.md,QA kabul hedefi,Çalıştırılmadı
ACC-003,Erişilebilirlik,Yalnız renk ayrımı,"Windows istemci + portal/anket; klavye, ekran okuyucu, renk simülasyonu; test edilen ürün/sürüm açık kaydedilir.","Dost/düşman, hasar ve hazır durumlarını gri tonla incele",Anlam metin/ikon/şekille de aktarılır; kritik ayrım yalnız kırmızı/yeşile bağlı değildir.,P1,Docs/CODEX_FAZ2.md,QA kabul hedefi,Çalıştırılmadı
ACC-004,Erişilebilirlik,Büyütmede taşma,"Windows istemci + portal/anket; klavye, ekran okuyucu, renk simülasyonu; test edilen ürün/sürüm açık kaydedilir.",Web/anketi yüzde 200 yakınlaştır | 320 CSS px genişlikte kullan,Alanlar okunur; içerik kaybı ve zorunlu yatay kaydırma yoktur.,P1,Docs/CODEX_FAZ2.md,QA kabul hedefi,Çalıştırılmadı
ACC-005,Erişilebilirlik,Anket etiketleri,"Windows istemci + portal/anket; klavye, ekran okuyucu, renk simülasyonu; test edilen ürün/sürüm açık kaydedilir.",Anketi ekran okuyucuyla form modunda gez,Her alanın adı/ölçeği ve hata mesajı duyurulur; zorunluluk anlaşılır.,P1,Docs/CODEX_FAZ2.md,QA kabul hedefi,Çalıştırılmadı
ACC-006,Erişilebilirlik,Hareket hassasiyeti,"Windows istemci + portal/anket; klavye, ekran okuyucu, renk simülasyonu; test edilen ürün/sürüm açık kaydedilir.",İşletim sisteminde azaltılmış hareket aç | UI animasyonlarını izle,Desteklenen web yüzeylerinde gereksiz animasyon azaltılır; oyun kamera seçeneği eksikse öneri açılır.,P1,Docs/CODEX_FAZ2.md,QA kabul hedefi,Çalıştırılmadı
ACC-007,Erişilebilirlik,Anket hata kurtarma,"Windows istemci + portal/anket; klavye, ekran okuyucu, renk simülasyonu; test edilen ürün/sürüm açık kaydedilir.",Zorunlu alanları boş gönder | İlk hatayı düzelt,Gönderim engellenir; ilk hata odağa gelir; doldurulmuş diğer alanlar kaybolmaz.,P1,Docs/CODEX_FAZ2.md,QA kabul hedefi,Çalıştırılmadı
ACC-008,Erişilebilirlik,Ses olmadan kritik olay,"Windows istemci + portal/anket; klavye, ekran okuyucu, renk simülasyonu; test edilen ürün/sürüm açık kaydedilir.",Oyunu sessize al | Zone ve komuta devrini tetikle,Kritik olaylar görsel/metinsel olarak da fark edilir; yalnız sesle bilgi verilmez.,P1,Docs/CODEX_FAZ2.md,QA kabul hedefi,Çalıştırılmadı
WIN-001,Windows matrisi,DPI yüzde 100,"TestPlan cihaz kaydında Windows sürümü/build, GPU/sürücü, DPI, ekran ve güç profili doldurulur; kombinasyonlar ayrı koşul kimliği alır.",1080p yüzde 100 DPI ile menü/HUD/anketi aç,Metin kırpılmaz; tıklama alanları görünür konumla eşleşir.,P1,Docs/CODEX_FAZ2.md,QA kabul hedefi,Çalıştırılmadı
WIN-002,Windows matrisi,DPI yüzde 150,"TestPlan cihaz kaydında Windows sürümü/build, GPU/sürücü, DPI, ekran ve güç profili doldurulur; kombinasyonlar ayrı koşul kimliği alır.",1440p yüzde 150 DPI ayarla | Uygulamayı yeniden aç,Menü ve HUD ekran sınırları içinde; imleç kayması olmaz.,P1,Docs/CODEX_FAZ2.md,QA kabul hedefi,Çalıştırılmadı
WIN-003,Windows matrisi,DPI yüzde 200,"TestPlan cihaz kaydında Windows sürümü/build, GPU/sürücü, DPI, ekran ve güç profili doldurulur; kombinasyonlar ayrı koşul kimliği alır.",4K yüzde 200 DPI ile ayarlar ve envanteri aç,Kritik butonlar erişilir; yazılar oransız küçülmez/kırpılmaz.,P1,Docs/CODEX_FAZ2.md,QA kabul hedefi,Çalıştırılmadı
WIN-004,Windows matrisi,Karma DPI ekran,"TestPlan cihaz kaydında Windows sürümü/build, GPU/sürücü, DPI, ekran ve güç profili doldurulur; kombinasyonlar ayrı koşul kimliği alır.",Yüzde 100 ve yüzde 150 iki monitör arasında pencere taşı,Boyut/odak düzelir; fare koordinatları farklı ölçekte sapmaz.,P1,Docs/CODEX_FAZ2.md,QA kabul hedefi,Çalıştırılmadı
WIN-005,Windows matrisi,Monitör çıkarma,"TestPlan cihaz kaydında Windows sürümü/build, GPU/sürücü, DPI, ekran ve güç profili doldurulur; kombinasyonlar ayrı koşul kimliği alır.",İkinci ekranda pencereli oyunu aç | Ekranı çıkar,Pencere erişilebilir birincil ekrana döner; siyah ekran kilidi olmaz.,P1,Docs/CODEX_FAZ2.md,QA kabul hedefi,Çalıştırılmadı
WIN-006,Windows matrisi,NVIDIA sürücü ölçümü,"TestPlan cihaz kaydında Windows sürümü/build, GPU/sürücü, DPI, ekran ve güç profili doldurulur; kombinasyonlar ayrı koşul kimliği alır.",QA aday cihazında kaydedilmiş NVIDIA sürümüyle 60 savaşan ölç,GPU/sürücü tam sürümü ve frametime eklenir; destek iddiası ancak gerçek koşumdan sonra yapılır.,P1,Docs/CODEX_FAZ2.md,QA kabul hedefi,Çalıştırılmadı
WIN-007,Windows matrisi,AMD sürücü ölçümü,"TestPlan cihaz kaydında Windows sürümü/build, GPU/sürücü, DPI, ekran ve güç profili doldurulur; kombinasyonlar ayrı koşul kimliği alır.",QA aday cihazında kaydedilmiş AMD sürümüyle aynı seed ölç,"Aynı kalite/çözünürlükte artefakt, çökme ve frametime kaydı alınır.",P1,Docs/CODEX_FAZ2.md,QA kabul hedefi,Çalıştırılmadı
WIN-008,Windows matrisi,Intel sürücü ölçümü,"TestPlan cihaz kaydında Windows sürümü/build, GPU/sürücü, DPI, ekran ve güç profili doldurulur; kombinasyonlar ayrı koşul kimliği alır.",QA aday Intel GPU cihazında düşük kalite ölç,Başlatma/render hatası ve performans kaydedilir; destek garantisi varsayılmaz.,P1,Docs/CODEX_FAZ2.md,QA kabul hedefi,Çalıştırılmadı
WIN-009,Windows matrisi,Uyku dönüşü,"TestPlan cihaz kaydında Windows sürümü/build, GPU/sürücü, DPI, ekran ve güç profili doldurulur; kombinasyonlar ayrı koşul kimliği alır.",Menüdeyken Windows uykuya al | Uyandır | Test maçına gir,Ses/giriş/görüntü düzelir; çevrim içi oturum gerekiyorsa açık yeniden bağlantı akışı sunulur.,P1,Docs/CODEX_FAZ2.md,QA kabul hedefi,Çalıştırılmadı
WIN-010,Windows matrisi,Standart kullanıcı kurulumu,"TestPlan cihaz kaydında Windows sürümü/build, GPU/sürücü, DPI, ekran ve güç profili doldurulur; kombinasyonlar ayrı koşul kimliği alır.",Yönetici olmayan test kullanıcısıyla dağıtımı aç | Ayar kaydet,Gerekli kurulum izinleri açık belirtilir; günlük oynanışta gereksiz yükseltilmiş yetki beklenmez.,P1,Docs/CODEX_FAZ2.md,QA kabul hedefi,Çalıştırılmadı
BAL-001,Denge,SAR 9: BalanceCalc gövde TTK,"Kontrollü hasar fixture; SAR 9; hedef 100 can, zırh/kask yok, 10 m; tüm isabetler gövdeye, saçmalı silahta tüm saçmalar; kritik yok.","10 kez hedef sıfırlayıp öldürme atışlarını say | İlk ve ölümcül isabet zamanını kaydet | Seyahat, girdi ve kare gecikmesini ayrı tut","Model 4 atış ve 0.48 sn ideal TTK; atış sayısı eşleşir; simülasyon zaman farkı en çok bir tick, insan/girdi gecikmesi model hatası diye yazılmaz.",P1,Tools/BalanceCalc/out/ttk.csv,Sözleşme,Çalıştırılmadı
BAL-002,Denge,Canik TP9: BalanceCalc gövde TTK,"Kontrollü hasar fixture; Canik TP9; hedef 100 can, zırh/kask yok, 10 m; tüm isabetler gövdeye, saçmalı silahta tüm saçmalar; kritik yok.","10 kez hedef sıfırlayıp öldürme atışlarını say | İlk ve ölümcül isabet zamanını kaydet | Seyahat, girdi ve kare gecikmesini ayrı tut","Model 4 atış ve 0.45 sn ideal TTK; atış sayısı eşleşir; simülasyon zaman farkı en çok bir tick, insan/girdi gecikmesi model hatası diye yazılmaz.",P1,Tools/BalanceCalc/out/ttk.csv,Sözleşme,Çalıştırılmadı
BAL-003,Denge,SAR 109T: BalanceCalc gövde TTK,"Kontrollü hasar fixture; SAR 109T; hedef 100 can, zırh/kask yok, 10 m; tüm isabetler gövdeye, saçmalı silahta tüm saçmalar; kritik yok.","10 kez hedef sıfırlayıp öldürme atışlarını say | İlk ve ölümcül isabet zamanını kaydet | Seyahat, girdi ve kare gecikmesini ayrı tut","Model 5 atış ve 0.3 sn ideal TTK; atış sayısı eşleşir; simülasyon zaman farkı en çok bir tick, insan/girdi gecikmesi model hatası diye yazılmaz.",P1,Tools/BalanceCalc/out/ttk.csv,Sözleşme,Çalıştırılmadı
BAL-004,Denge,MPT-55: BalanceCalc gövde TTK,"Kontrollü hasar fixture; MPT-55; hedef 100 can, zırh/kask yok, 10 m; tüm isabetler gövdeye, saçmalı silahta tüm saçmalar; kritik yok.","10 kez hedef sıfırlayıp öldürme atışlarını say | İlk ve ölümcül isabet zamanını kaydet | Seyahat, girdi ve kare gecikmesini ayrı tut","Model 4 atış ve 0.24 sn ideal TTK; atış sayısı eşleşir; simülasyon zaman farkı en çok bir tick, insan/girdi gecikmesi model hatası diye yazılmaz.",P1,Tools/BalanceCalc/out/ttk.csv,Sözleşme,Çalıştırılmadı
BAL-005,Denge,MPT-76: BalanceCalc gövde TTK,"Kontrollü hasar fixture; MPT-76; hedef 100 can, zırh/kask yok, 10 m; tüm isabetler gövdeye, saçmalı silahta tüm saçmalar; kritik yok.","10 kez hedef sıfırlayıp öldürme atışlarını say | İlk ve ölümcül isabet zamanını kaydet | Seyahat, girdi ve kare gecikmesini ayrı tut","Model 3 atış ve 0.2 sn ideal TTK; atış sayısı eşleşir; simülasyon zaman farkı en çok bir tick, insan/girdi gecikmesi model hatası diye yazılmaz.",P1,Tools/BalanceCalc/out/ttk.csv,Sözleşme,Çalıştırılmadı
BAL-006,Denge,G3A7: BalanceCalc gövde TTK,"Kontrollü hasar fixture; G3A7; hedef 100 can, zırh/kask yok, 10 m; tüm isabetler gövdeye, saçmalı silahta tüm saçmalar; kritik yok.","10 kez hedef sıfırlayıp öldürme atışlarını say | İlk ve ölümcül isabet zamanını kaydet | Seyahat, girdi ve kare gecikmesini ayrı tut","Model 3 atış ve 0.2182 sn ideal TTK; atış sayısı eşleşir; simülasyon zaman farkı en çok bir tick, insan/girdi gecikmesi model hatası diye yazılmaz.",P1,Tools/BalanceCalc/out/ttk.csv,Sözleşme,Çalıştırılmadı
BAL-007,Denge,KNT-76: BalanceCalc gövde TTK,"Kontrollü hasar fixture; KNT-76; hedef 100 can, zırh/kask yok, 10 m; tüm isabetler gövdeye, saçmalı silahta tüm saçmalar; kritik yok.","10 kez hedef sıfırlayıp öldürme atışlarını say | İlk ve ölümcül isabet zamanını kaydet | Seyahat, girdi ve kare gecikmesini ayrı tut","Model 2 atış ve 0.28 sn ideal TTK; atış sayısı eşleşir; simülasyon zaman farkı en çok bir tick, insan/girdi gecikmesi model hatası diye yazılmaz.",P1,Tools/BalanceCalc/out/ttk.csv,Sözleşme,Çalıştırılmadı
BAL-008,Denge,JNG-90: BalanceCalc gövde TTK,"Kontrollü hasar fixture; JNG-90; hedef 100 can, zırh/kask yok, 10 m; tüm isabetler gövdeye, saçmalı silahta tüm saçmalar; kritik yok.","10 kez hedef sıfırlayıp öldürme atışlarını say | İlk ve ölümcül isabet zamanını kaydet | Seyahat, girdi ve kare gecikmesini ayrı tut","Model 2 atış ve 1.4 sn ideal TTK; atış sayısı eşleşir; simülasyon zaman farkı en çok bir tick, insan/girdi gecikmesi model hatası diye yazılmaz.",P1,Tools/BalanceCalc/out/ttk.csv,Sözleşme,Çalıştırılmadı
BAL-009,Denge,PMT-76: BalanceCalc gövde TTK,"Kontrollü hasar fixture; PMT-76; hedef 100 can, zırh/kask yok, 10 m; tüm isabetler gövdeye, saçmalı silahta tüm saçmalar; kritik yok.","10 kez hedef sıfırlayıp öldürme atışlarını say | İlk ve ölümcül isabet zamanını kaydet | Seyahat, girdi ve kare gecikmesini ayrı tut","Model 3 atış ve 0.1846 sn ideal TTK; atış sayısı eşleşir; simülasyon zaman farkı en çok bir tick, insan/girdi gecikmesi model hatası diye yazılmaz.",P1,Tools/BalanceCalc/out/ttk.csv,Sözleşme,Çalıştırılmadı
BAL-010,Denge,Escort: BalanceCalc gövde TTK,"Kontrollü hasar fixture; Escort; hedef 100 can, zırh/kask yok, 10 m; tüm isabetler gövdeye, saçmalı silahta tüm saçmalar; kritik yok.","10 kez hedef sıfırlayıp öldürme atışlarını say | İlk ve ölümcül isabet zamanını kaydet | Seyahat, girdi ve kare gecikmesini ayrı tut","Model 1 atış ve 0.0 sn ideal TTK; atış sayısı eşleşir; simülasyon zaman farkı en çok bir tick, insan/girdi gecikmesi model hatası diye yazılmaz.",P1,Tools/BalanceCalc/out/ttk.csv,Sözleşme,Çalıştırılmadı
KRP-001,Sürülebilir Kirpi,Kirpi'ye binme,"Windows istemci, Unity Editör veya yerel derleme; Kirpi yakınında, ayakta.",Kirpi'ye yaklaş | Bin tuşuna bas,Sürücü koltuğuna geçilir; kamera araç kamerasına döner; HUD araç göstergesi açılır.,P1,Assets/_Project/Scripts (araç/Kirpi),FAZ3 görev C3-8,Çalıştırılmadı
KRP-002,Sürülebilir Kirpi,"Gaz, fren ve direksiyon","Windows istemci, Unity Editör veya yerel derleme; Kirpi'de sürücü.",W ile hızlan | S ile fren | A/D ile dön,"Araç girdiyle tutarlı hızlanır, durur ve döner; ani takla yok.",P1,Assets/_Project/Scripts (araç/Kirpi),FAZ3 görev C3-8,Çalıştırılmadı
KRP-003,Sürülebilir Kirpi,Araçtan inme,"Windows istemci, Unity Editör veya yerel derleme; Kirpi sürülüyor.",Dur | İn tuşuna bas,Oyuncu araç yanında güvenli noktada belirir; motor kilidi kalkar (bkz. MOV-023).,P1,Assets/_Project/Scripts (araç/Kirpi),FAZ3 görev C3-8,Çalıştırılmadı
KRP-004,Sürülebilir Kirpi,Yolcu koltukları,"Windows istemci, Unity Editör veya yerel derleme; İki oyuncu veya bot ile.",Sürücü bin | İkinci oyuncu bin,Yolcular boş koltuklara oturur; dolu koltuk reddedilir.,P2,Assets/_Project/Scripts (araç/Kirpi),FAZ3 görev C3-8,Çalıştırılmadı
KRP-005,Sürülebilir Kirpi,Araç hasarı ve imha,"Windows istemci, Unity Editör veya yerel derleme; Kirpi, silah veya bomba ile.",Araca ateş et/bomba at | Sağlık sıfırlanana kadar devam,Hasar kademeleri görünür; imhada içindekiler hasar alır veya atılır; enkaz kalır.,P1,Assets/_Project/Scripts (araç/Kirpi),FAZ3 görev C3-8,Çalıştırılmadı
KRP-006,Sürülebilir Kirpi,Kirpi ile intikal,"Windows istemci, Unity Editör veya yerel derleme; Maç, intikal aşaması.",Kirpi ile intikal et | Bölgeye in,Kirpi intikali tamamlanır; oyuncular indikten sonra sürülebilir araç olarak kalır.,P1,Assets/_Project/Scripts (araç/Kirpi),FAZ3 görev C3-8,Çalıştırılmadı
KRP-007,Sürülebilir Kirpi,Eğimde ve engelde sürüş,"Windows istemci, Unity Editör veya yerel derleme; Arazi sahnesi.",Rampaya çık | Alçak engele çarp,Araç tırmanır; takılma halinde geri alınabilir; yere gömülme yok.,P2,Assets/_Project/Scripts (araç/Kirpi),FAZ3 görev C3-8,Çalıştırılmadı
DEV-001,Geliştirici konsolu,Konsolu açma/kapama,"Windows istemci, Unity Editör veya yerel derleme; Menü veya maçta.",Konsol tuşuna bas | Tekrar bas,Konsol açılır/kapanır; açıkken oyuncu girdisi kilitlenir.,P1,Assets/_Project/Scripts (konsol),FAZ3 görev C3-8,Çalıştırılmadı
DEV-002,Geliştirici konsolu,Komut listesi ve yardım,"Windows istemci, Unity Editör veya yerel derleme; Konsol açık.",help yaz | Bilinmeyen komut yaz,"Komut listesi görünür; bilinmeyen komut anlaşılır hata verir, çökme yok.",P2,Assets/_Project/Scripts (konsol),FAZ3 görev C3-8,Çalıştırılmadı
DEV-003,Geliştirici konsolu,Hile komutları yerel modda,"Windows istemci, Unity Editör veya yerel derleme; Atış Poligonu.",Silah/can komutu çalıştır,Poligonda komutlar etkili olur; sonuç konsola yazılır.,P1,Assets/_Project/Scripts (konsol),FAZ3 görev C3-8,Çalıştırılmadı
DEV-004,Geliştirici konsolu,Çevrimiçi maçta hile engeli,"Windows istemci, Unity Editör veya yerel derleme; Online maç, normal oyuncu.",Hile komutu çalıştır,Sunucu yetkisiz komutu reddeder; durum değişmez.,P0,Assets/_Project/Scripts (konsol),FAZ3 görev C3-8,Çalıştırılmadı
DEV-005,Geliştirici konsolu,Komut geçmişi,"Windows istemci, Unity Editör veya yerel derleme; Konsol açık.",Üç komut yaz | Yukarı oka bas,Önceki komutlar sırayla gelir.,P3,Assets/_Project/Scripts (konsol),FAZ3 görev C3-8,Çalıştırılmadı
DEV-006,Geliştirici konsolu,Release derlemede konsol,"Windows istemci, Unity Editör veya yerel derleme; Release build.",Konsol tuşuna bas,Konsol kapalı veya yetki kapısı arkasındadır.,P1,Assets/_Project/Scripts (konsol),FAZ3 görev C3-8,Çalıştırılmadı
PNL-001,Online paneller,Giriş/hesap paneli,"Windows istemci, Unity Editör veya yerel derleme; Ana menü, backend açık.",Giriş panelini aç | Geçerli hesapla giriş yap,Giriş başarılı; oyuncu adı ve rütbe görünür.,P1,Assets/_Project/Scripts/Presentation/UI/MainMenuController.cs,FAZ3 görev C3-8,Çalıştırılmadı
PNL-002,Online paneller,Giriş hatası,"Windows istemci, Unity Editör veya yerel derleme; Backend açık.",Yanlış parola gir,Anlaşılır hata mesajı; tekrar denenebilir; parola düz metin görünmez.,P1,Assets/_Project/Scripts/Presentation/UI/MainMenuController.cs,FAZ3 görev C3-8,Çalıştırılmadı
PNL-003,Online paneller,Sunucu listesi,"Windows istemci, Unity Editör veya yerel derleme; Giriş yapılmış.",Sunucu paneline gir | Yenile,"Sunucular ad, oyuncu sayısı ve gecikmeyle listelenir; boş liste mesajı vardır.",P1,Assets/_Project/Scripts/Presentation/UI/MainMenuController.cs,FAZ3 görev C3-8,Çalıştırılmadı
PNL-004,Online paneller,Sunucuya bağlanma,"Windows istemci, Unity Editör veya yerel derleme; Çalışan sunucu.",Sunucu seç | Bağlan,Lobiye geçilir; hata durumunda menüye dönülür.,P0,Assets/_Project/Scripts/Presentation/Bootstrap/GameSession.cs,FAZ3 görev C3-8,Çalıştırılmadı
PNL-005,Online paneller,Backend kapalıyken çevrimdışı,"Windows istemci, Unity Editör veya yerel derleme; Backend durdurulmuş.",Oyunu aç | Atış Poligonu'nu başlat,Oyun çökmez; online panelleri 'bağlanılamadı' gösterir; offline mod çalışır.,P0,Assets/_Project/Scripts/Presentation/Bootstrap/GameSession.cs,FAZ3 görev C3-8,Çalıştırılmadı
PNL-006,Online paneller,Steam kancası,"Windows istemci, Unity Editör veya yerel derleme; Steam yok.",Menüde Steam öğelerine bak,Steam yoksa öğeler pasif/gizli; hata günlüğü yok.,P3,Assets/_Project/Scripts/Presentation/UI/MainMenuController.cs,FAZ3 görev C3-8,Çalıştırılmadı
SRV-001,Windows sunucu,Sunucu servisini başlatma,"Windows istemci, Unity Editör veya yerel derleme; Windows Server, Backend/Harekat.ServerManager.",Servisi/konsolu başlat,"Yönetici açılır, port dinler, günlük yazar.",P0,Backend/Harekat.ServerManager/Program.cs,FAZ3 görev C3-8,Çalıştırılmadı
SRV-002,Windows sunucu,Dedicated maç örneği,"Windows istemci, Unity Editör veya yerel derleme; ServerManager çalışıyor.",Maç örneği oluştur,Dedicated sunucu işlemi başlar ve listede görünür.,P0,Backend/Harekat.ServerManager/Program.cs,FAZ3 görev C3-8,Çalıştırılmadı
SRV-003,Windows sunucu,Örnek kapatma,"Windows istemci, Unity Editör veya yerel derleme; Çalışan örnek.",Örneği durdur,"İşlem temiz kapanır, port serbest kalır, oyuncular menüye döner.",P1,Backend/Harekat.ServerManager/Program.cs,FAZ3 görev C3-8,Çalıştırılmadı
SRV-004,Windows sunucu,Çökme sonrası toparlama,"Windows istemci, Unity Editör veya yerel derleme; Çalışan örnek.",Dedicated işlemi öldür,Yönetici kaybı algılar; liste güncellenir; yeni örnek açılabilir.,P1,Backend/Harekat.ServerManager/Program.cs,FAZ3 görev C3-8,Çalıştırılmadı
SRV-005,Windows sunucu,appsettings yapılandırması,"Windows istemci, Unity Editör veya yerel derleme; appsettings.json değiştirilmiş.",Portu değiştir | Yeniden başlat,Yeni ayar uygulanır; geçersiz değerde açık hata ile durur.,P2,Backend/Harekat.ServerManager/appsettings.json,FAZ3 görev C3-8,Çalıştırılmadı
SRV-006,Windows sunucu,Güvenlik duvarı ve dış erişim,"Windows istemci, Unity Editör veya yerel derleme; Ayrı makineden istemci.",Sunucuya LAN/İnternetten bağlan,Gerekli portlar açıkken bağlanılır; kapalıyken zaman aşımı mesajı.,P1,Backend/Harekat.ServerManager,FAZ3 görev C3-8,Çalıştırılmadı
OVR-001,İçerik override,Varsayılan içerik,"Windows istemci, Unity Editör veya yerel derleme; Override yok.",Oyunu başlat,Yer tutucu/varsayılan varlıklar yüklenir; eksik varlık uyarısı çökertmez.,P1,Assets/ThirdParty/README.md,FAZ3 görev C3-8,Çalıştırılmadı
OVR-002,İçerik override,Model override,"Windows istemci, Unity Editör veya yerel derleme; Geçerli model ThirdParty'ye konmuş.",Oyunu başlat | Silahı gözle,Override model kullanılır; ölçek/pivot doğru.,P2,Assets/ThirdParty/README.md,FAZ3 görev C3-8,Çalıştırılmadı
OVR-003,İçerik override,Ses override,"Windows istemci, Unity Editör veya yerel derleme; Geçerli ses dosyası konmuş.",Silahla ateş et,Override ses çalınır; ses seviyesi ayarlara uyar.,P2,Assets/_Project/Scripts/Infrastructure/Audio/GameAudio.cs,FAZ3 görev C3-8,Çalıştırılmadı
OVR-004,İçerik override,Bozuk override,"Windows istemci, Unity Editör veya yerel derleme; Geçersiz/bozuk dosya konmuş.",Oyunu başlat,"Varsayılana düşülür, uyarı günlüğe yazılır, oyun çökmez.",P1,Assets/ThirdParty/README.md,FAZ3 görev C3-8,Çalıştırılmadı
OVR-005,İçerik override,Malzeme override,"Windows istemci, Unity Editör veya yerel derleme; Malzeme dosyası konmuş.",Sahneyi aç,Malzeme uygulanır; shader eksikse yedek malzeme kullanılır.,P2,Assets/_Project/Scripts/Infrastructure/Rendering/MaterialLibrary.cs,FAZ3 görev C3-8,Çalıştırılmadı
