Unity Editor version:    6000.6.4f1 (12bfff696524)
Branch:                  6000.6/staging
Build type:              Release
Batch mode:              YES
macOS version:           Version 26.6.2 (Build 25G83)
Darwin version:          25.6.0
Architecture:            arm64
Running under Rosetta:   NO
Available memory:        16384 MB
Date:                    2026-10-06T01:03:58Z
VBCSCompilerPreWarmer: watching VBCSCompiler (PID 98558)
VBCSCompilerPreWarmer: pre-warm launched (dotnet PID 98560)
VBCSCompiler prewarm took 2.85 ms
Launching external process: /Applications/Unity/Hub/Editor/6000.6.4f1/Unity.app/Contents/Helpers/UnityLicensingClient.app/Contents/MacOS/Unity.Licensing.Client
[Licensing::Module] Trying to connect to existing licensing client channel...
[Licensing::IpcConnector] Channel LicenseClient-f2gomac doesn't exist
[Licensing::Module] Successfully launched the LicensingClient (PId: 98561)
Launching external process: /Applications/Unity/Hub/Editor/6000.6.4f1/Unity.app/Contents/Helpers/PackageManager/Server/UnityPackageManager

COMMAND LINE ARGUMENTS:
/Applications/Unity/Hub/Editor/6000.6.4f1/Unity.app/Contents/MacOS/Unity
-batchmode
-nographics
-quit
-projectPath
/Users/f2gomac/Desktop/FPS-GAME
-executeMethod
Project.EditorTools.BatchEntry.BuildMac
-logFile
/Users/f2gomac/Desktop/FPS-GAME/Tools/UnityVerify/build_mac_stpfix2.log
Successfully changed project path to: /Users/f2gomac/Desktop/FPS-GAME
/Users/f2gomac/Desktop/FPS-GAME
[UnityMemory] Configuration Parameters - Can be set up in boot.config
    "memorysetup-temp-allocator-size-gi-baking-worker=262144"
    "memorysetup-temp-allocator-size-gi-baking-worker=262144"
    "memorysetup-temp-allocator-size-gi-baking-worker=262144"
    "memorysetup-temp-allocator-size-gi-baking-worker=262144"
    "memorysetup-temp-allocator-size-gi-baking-worker=262144"
    "memorysetup-temp-allocator-size-nav-mesh-worker=65536"
    "memorysetup-temp-allocator-size-audio-worker=65536"
    "memorysetup-temp-allocator-size-cloud-worker=32768"
    "memorysetup-temp-allocator-size-preload-manager=33554432"
    "memorysetup-remapper-allocator-initial-capacity=32768"
    "memorysetup-temp-allocator-size-gfx=262144"
    "memorysetup-allocator-temp-initial-block-size-main=262144"
    "memorysetup-allocator-temp-initial-block-size-worker=262144"
    "memorysetup-temp-allocator-size-background-worker=32768"
    "memorysetup-temp-allocator-size-job-worker=262144"
    "memorysetup-bucket-allocator-granularity=16"
    "memorysetup-bucket-allocator-bucket-count=8"
    "memorysetup-bucket-allocator-block-size=33554432"
    "memorysetup-bucket-allocator-block-count=8"
    "memorysetup-main-allocator-block-size=16777216"
    "memorysetup-thread-allocator-block-size=16777216"
    "memorysetup-main-allocator-mimalloc-enabled=1"
    "memorysetup-gfx-main-allocator-block-size=16777216"
    "memorysetup-gfx-thread-allocator-block-size=16777216"
    "memorysetup-cache-allocator-block-size=4194304"
    "memorysetup-typetree-allocator-block-size=2097152"
    "memorysetup-profiler-bucket-allocator-granularity=16"
    "memorysetup-profiler-bucket-allocator-bucket-count=8"
    "memorysetup-profiler-bucket-allocator-block-size=33554432"
    "memorysetup-profiler-bucket-allocator-block-count=8"
    "memorysetup-profiler-allocator-block-size=16777216"
    "memorysetup-profiler-editor-allocator-block-size=1048576"
    "memorysetup-temp-allocator-size-main=16777216"
    "memorysetup-job-temp-allocator-block-size=2097152"
    "memorysetup-job-temp-allocator-block-size-background=1048576"
    "memorysetup-job-temp-allocator-reduction-small-platforms=262144"
Logging is directed to a specific file, skipping project log.
Player connection [8309662080]  Target information:

Player connection [8309662080]  * "[IP] 192.168.1.4 [Port] 55504 [Flags] 2 [Guid] 4186750487 [EditorId] 4186750487 [Version] 1048832 [Id] OSXEditor(0,192.168.1.4) [Debug] 1 [PackageName] OSXEditor [ProjectName] Editor" 

Player connection [8309662080]  * "[IP] 10.211.55.2 [Port] 55504 [Flags] 2 [Guid] 4186750487 [EditorId] 4186750487 [Version] 1048832 [Id] OSXEditor(0,192.168.1.4) [Debug] 1 [PackageName] OSXEditor [ProjectName] Editor" 

Player connection [8309662080]  * "[IP] 10.37.129.2 [Port] 55504 [Flags] 2 [Guid] 4186750487 [EditorId] 4186750487 [Version] 1048832 [Id] OSXEditor(0,192.168.1.4) [Debug] 1 [PackageName] OSXEditor [ProjectName] Editor" 

Player connection [8309662080] Host joined multi-casting on [225.0.0.222:54997]...
Player connection [8309662080] Host joined alternative multi-casting on [225.0.0.222:34997]...
Input System module state changed to: Initialized.
[Physics::Module] Initialized fallback backend.
[Physics::Module] Id: 0xdecafbad
[Licensing::IpcConnector] Successfully connected to: "LicenseClient-f2gomac" at "2026-10-06T01:03:59.118714Z"
[Package Manager] Connected to IPC stream "Upm-98557" after 0.1 seconds.
[Licensing::Module] Licensing is not yet initialized.
[Licensing::Client] Handshaking with LicensingClient:
  Version:                 1.18.3+d7ffd15
  Session Id:              cafcc6a858324a3f9af2e2d177f7576c
  Correlation Id:          8a138b98720a84bd3f26f644f1d6a76e
  External correlation Id: 8393865141738757729
  Machine Id:              N5wA6icxbnhbHWazitLENc7cwgY=
[Licensing::Module] Successfully connected to LicensingClient on channel: "LicenseClient-f2gomac" (connect: 0.17s, validation: 0.02s, handshake: 0.21s)
[Licensing::IpcConnector] Successfully connected to: "LicenseClient-f2gomac-notifications" at "2026-10-06T01:03:59.342655Z"
[Licensing::Module] Connected to LicensingClient (PId: 98561, launch time: 0.00, total connection time: 0.39s)
[Licensing::Module] Error: Access token is unavailable; failed to update
[Licensing::Client] Successfully resolved entitlement details
[Licensing::Module] License group:
  Id: 18968492814813-UnityPersXXXX
  Product: Unity Personal
  Type: Assigned
  Expiration: Unlimited
[Licensing::Client] Successfully updated license, isAsync: True, time: 0.00
[Licensing::Client] Successfully resolved entitlement details
[Licensing::Module] Licensing Background thread has ended after 0.40s
[Licensing::Module] Licensing is initialized (took 0.17s).
[Licensing::Client] Successfully resolved entitlement details
Library Redirect Path: Library/
Initialising UDS system complete:
  - System type: Client
  - Resource namespace: c3abdf221fc5d9fd33df3a582a8a25a4
  - Shared memory size: 1073741824
  - Command buffer id: 1052672
  - Command buffer size: 8192
  - Hashmap size: 4194304
  - Service connected: false
Launching Unity Data Store - /Applications/Unity/Hub/Editor/6000.6.4f1/Unity.app/Contents/Helpers/Unity.DataStore 
Unity Data Store artifact dir = Library/DataStore, working dir = /Users/f2gomac/Desktop/FPS-GAMEUnity Data Store running and initialised
[Physics::Module] Selected backend (deferred post-plugins).
[Physics::Module] Name: PhysX
[Physics::Module] Id: 0xf2b8ea05
[Physics::Module] SDK Version: 4.1.2
[Physics::Module] Integration Version: 1.0.0
[Physics::Module] Threading Mode: Multi-Threaded
Initialize engine version: 6000.6.4f1 (12bfff696524)
[EntityIdStore] init: VM path (explicit commit), pageSize=16384, blockCount=262144, entitiesPerBlock=1024, slots reserved=4294967296 bytes
[Subsystems] Discovering subsystems at path /Applications/Unity/Hub/Editor/6000.6.4f1/Unity.app/Contents/Resources/UnitySubsystems
[Subsystems] Discovering subsystems at path /Users/f2gomac/Desktop/FPS-GAME/Assets
Forcing GfxDevice: Null
GfxDevice: creating device client; kGfxThreadingModeNonThreaded
NullGfxDevice:
    Version:  NULL 1.0 [1.0]
    Renderer: Null Device
    Vendor:   Unity Technologies
Initialize mono
Mono path[0] = '/Applications/Unity/Hub/Editor/6000.6.4f1/Unity.app/Contents/Resources/Scripting/Managed'
Mono path[1] = '/Applications/Unity/Hub/Editor/6000.6.4f1/Unity.app/Contents/Resources/Scripting/BCLExtensions/runtime/netstandard2.1'
Mono path[2] = '/Applications/Unity/Hub/Editor/6000.6.4f1/Unity.app/Contents/Resources/Scripting/MonoBleedingEdge/lib/mono/unityjit-macos'
Mono config path = '/Applications/Unity/Hub/Editor/6000.6.4f1/Unity.app/Contents/Resources/Scripting/MonoBleedingEdge/etc'
Using monoOptions --debugger-agent=transport=dt_socket,embedding=1,server=y,suspend=n,address=127.0.0.1:56557
CodeReloadManager initialized
ImportWorker Server TCP listen port: 0
AcceleratorClientConnectionCallback - disconnected - :0
Begin MonoManager ReloadAssembly
Registering precompiled unity dll's ...
Register platform support module: /Applications/Unity/Hub/Editor/6000.6.4f1/PlaybackEngines/WebGLSupport/UnityEditor.WebGL.Extensions.dll
Register platform support module: /Applications/Unity/Hub/Editor/6000.6.4f1/PlaybackEngines/MacStandaloneSupport/UnityEditor.OSXStandalone.Extensions.dll
Registered in 0.000322 seconds.
Native extension for OSXStandalone target not found
Native extension for WebGL target not found
Package Manager log level set to [2]
ScheduleIndexationOnStartup MainProcess:False IndexOnStartup:True
Scripting: successfully reloaded assembly
- Finished resetting the current domain, in  0.485 seconds
Domain Reload Profiling: 746ms
	BeginReloadAssembly (72ms)
		CreateAndSetChildDomain (18ms)
	RebuildNativeTypeToScriptingClass (9ms)
	initialDomainReloadingComplete (25ms)
	LoadAllAssembliesAndSetupDomain (153ms)
		LoadAssemblies (54ms)
		TypeCache.Refresh (108ms)
			TypeCache.ScanAssembly (101ms)
		AnalyzeDomain (0ms)
	FinalizeReload (485ms)
		SetupLoadedEditorAssemblies (0ms)
			BeforeProcessingInitializeOnLoad (64ms)
			ProcessInitializeOnLoadAttributes (53ms)
			ProcessInitializeOnLoadMethodAttributes (264ms)
[Licensing::Client] Successfully resolved entitlement details
Application.AssetDatabase Initial Refresh Start
[Package Manager] Restoring resolved packages state from cache
[Licensing::Client] Successfully resolved entitlement details
[Package Manager] Registered 42 packages:
  Packages from [https://packages.unity.com]:
    com.unity.ai.assistant@2.20.0-pre.1 (location: /Users/f2gomac/Desktop/FPS-GAME/Library/PackageCache/com.unity.ai.assistant@ceb45b7b3ebd)
    com.unity.ai.inference@2.6.1 (location: /Users/f2gomac/Desktop/FPS-GAME/Library/PackageCache/com.unity.ai.inference@9a123aee5df7)
    com.unity.ai.navigation@2.0.14 (location: /Users/f2gomac/Desktop/FPS-GAME/Library/PackageCache/com.unity.ai.navigation@134dd6a3b97b)
    com.unity.ide.rider@3.0.38 (location: /Users/f2gomac/Desktop/FPS-GAME/Library/PackageCache/com.unity.ide.rider@1f60b3138684)
    com.unity.ide.visualstudio@2.0.26 (location: /Users/f2gomac/Desktop/FPS-GAME/Library/PackageCache/com.unity.ide.visualstudio@a99d56dec63f)
    com.unity.inputsystem@1.20.0 (location: /Users/f2gomac/Desktop/FPS-GAME/Library/PackageCache/com.unity.inputsystem@7a4e1a2a8194)
    com.unity.dt.app-ui@2.1.13 (location: /Users/f2gomac/Desktop/FPS-GAME/Library/PackageCache/com.unity.dt.app-ui@9d0f103f520a)
    com.unity.nuget.newtonsoft-json@3.2.2 (location: /Users/f2gomac/Desktop/FPS-GAME/Library/PackageCache/com.unity.nuget.newtonsoft-json@4dfd81071c64)
    com.unity.nuget.mono-cecil@1.11.6 (location: /Users/f2gomac/Desktop/FPS-GAME/Library/PackageCache/com.unity.nuget.mono-cecil@ecb9724e46ff)
    com.unity.searcher@4.9.5 (location: /Users/f2gomac/Desktop/FPS-GAME/Library/PackageCache/com.unity.searcher@a463122f2c00)
    com.unity.profiling.core@1.0.3 (location: /Users/f2gomac/Desktop/FPS-GAME/Library/PackageCache/com.unity.profiling.core@8a49f7027d06)
  Built-in packages:
    com.unity.render-pipelines.universal@17.6.0 (location: /Users/f2gomac/Desktop/FPS-GAME/Library/PackageCache/com.unity.render-pipelines.universal@b0678dfc9e21)
    com.unity.test-framework@1.8.0 (location: /Users/f2gomac/Desktop/FPS-GAME/Library/PackageCache/com.unity.test-framework@80f691d4262b)
    com.unity.ugui@2.6.0 (location: /Users/f2gomac/Desktop/FPS-GAME/Library/PackageCache/com.unity.ugui@0727b404f3a0)
    com.unity.modules.ai@1.0.0 (location: /Users/f2gomac/Desktop/FPS-GAME/Library/PackageCache/com.unity.modules.ai)
    com.unity.modules.animation@1.0.0 (location: /Users/f2gomac/Desktop/FPS-GAME/Library/PackageCache/com.unity.modules.animation)
    com.unity.modules.audio@1.0.0 (location: /Users/f2gomac/Desktop/FPS-GAME/Library/PackageCache/com.unity.modules.audio)
    com.unity.modules.imageconversion@1.0.0 (location: /Users/f2gomac/Desktop/FPS-GAME/Library/PackageCache/com.unity.modules.imageconversion)
    com.unity.modules.jsonserialize@1.0.0 (location: /Users/f2gomac/Desktop/FPS-GAME/Library/PackageCache/com.unity.modules.jsonserialize)
    com.unity.modules.particlesystem@1.0.0 (location: /Users/f2gomac/Desktop/FPS-GAME/Library/PackageCache/com.unity.modules.particlesystem)
    com.unity.modules.physics@1.0.0 (location: /Users/f2gomac/Desktop/FPS-GAME/Library/PackageCache/com.unity.modules.physics)
    com.unity.modules.physics2d@1.0.0 (location: /Users/f2gomac/Desktop/FPS-GAME/Library/PackageCache/com.unity.modules.physics2d)
    com.unity.modules.screencapture@1.0.0 (location: /Users/f2gomac/Desktop/FPS-GAME/Library/PackageCache/com.unity.modules.screencapture)
    com.unity.modules.terrain@1.0.0 (location: /Users/f2gomac/Desktop/FPS-GAME/Library/PackageCache/com.unity.modules.terrain)
    com.unity.modules.terrainphysics@1.0.0 (location: /Users/f2gomac/Desktop/FPS-GAME/Library/PackageCache/com.unity.modules.terrainphysics)
    com.unity.modules.ui@1.0.0 (location: /Users/f2gomac/Desktop/FPS-GAME/Library/PackageCache/com.unity.modules.ui)
    com.unity.modules.physicscore2d@1.0.0 (location: /Users/f2gomac/Desktop/FPS-GAME/Library/PackageCache/com.unity.modules.physicscore2d)
    com.unity.modules.imgui@1.0.0 (location: /Users/f2gomac/Desktop/FPS-GAME/Library/PackageCache/com.unity.modules.imgui)
    com.unity.ext.nunit@2.1.0 (location: /Users/f2gomac/Desktop/FPS-GAME/Library/PackageCache/com.unity.ext.nunit@0198eae3b53e)
    com.unity.render-pipelines.core@17.6.0 (location: /Users/f2gomac/Desktop/FPS-GAME/Library/PackageCache/com.unity.render-pipelines.core@285af6b8c83f)
    com.unity.shadergraph@17.6.0 (location: /Users/f2gomac/Desktop/FPS-GAME/Library/PackageCache/com.unity.shadergraph@58bcb150677d)
    com.unity.render-pipelines.universal-config@17.6.0 (location: /Users/f2gomac/Desktop/FPS-GAME/Library/PackageCache/com.unity.render-pipelines.universal-config@561422b74439)
    com.unity.modules.uielements@1.0.0 (location: /Users/f2gomac/Desktop/FPS-GAME/Library/PackageCache/com.unity.modules.uielements)
    com.unity.burst@2.0.0 (location: /Users/f2gomac/Desktop/FPS-GAME/Library/PackageCache/com.unity.burst@626e66ab421b)
    com.unity.collections@6.6.0 (location: /Users/f2gomac/Desktop/FPS-GAME/Library/PackageCache/com.unity.collections@10fff0607388)
    com.unity.2d.sprite@1.0.0 (location: /Users/f2gomac/Desktop/FPS-GAME/Library/PackageCache/com.unity.2d.sprite@752945c75a6f)
    com.unity.mathematics@1.4.0 (location: /Users/f2gomac/Desktop/FPS-GAME/Library/PackageCache/com.unity.mathematics@8306a64d0cd6)
    com.unity.modules.unitywebrequest@1.0.0 (location: /Users/f2gomac/Desktop/FPS-GAME/Library/PackageCache/com.unity.modules.unitywebrequest)
    com.unity.graph-authoring@1.0.0 (location: /Users/f2gomac/Desktop/FPS-GAME/Library/PackageCache/com.unity.graph-authoring@cfd2588851ee)
    com.unity.modules.hierarchycore@1.0.0 (location: /Users/f2gomac/Desktop/FPS-GAME/Library/PackageCache/com.unity.modules.hierarchycore)
    com.unity.test-framework.performance@6.6.0 (location: /Users/f2gomac/Desktop/FPS-GAME/Library/PackageCache/com.unity.test-framework.performance@b6023decb532)
    com.unity.modules.androidjni@1.0.0 (location: /Users/f2gomac/Desktop/FPS-GAME/Library/PackageCache/com.unity.modules.androidjni)
[Subsystems] No new subsystems found in resolved package list.
[Package Manager] Done registering packages in 0.01 seconds
[Package Manager] Done resolving packages in 4.63 seconds
[Licensing::Client] Successfully resolved entitlement details
[Package Manager] Lock file was modified
[Package Manager] Registered 43 packages:
  Packages from [https://packages.unity.com]:
    com.unity.ai.assistant@2.20.0-pre.1 (location: /Users/f2gomac/Desktop/FPS-GAME/Library/PackageCache/com.unity.ai.assistant@ceb45b7b3ebd)
    com.unity.ai.inference@2.6.1 (location: /Users/f2gomac/Desktop/FPS-GAME/Library/PackageCache/com.unity.ai.inference@9a123aee5df7)
    com.unity.ai.navigation@2.0.14 (location: /Users/f2gomac/Desktop/FPS-GAME/Library/PackageCache/com.unity.ai.navigation@134dd6a3b97b)
    com.unity.ide.rider@3.0.38 (location: /Users/f2gomac/Desktop/FPS-GAME/Library/PackageCache/com.unity.ide.rider@1f60b3138684)
    com.unity.ide.visualstudio@2.0.26 (location: /Users/f2gomac/Desktop/FPS-GAME/Library/PackageCache/com.unity.ide.visualstudio@a99d56dec63f)
    com.unity.inputsystem@1.20.0 (location: /Users/f2gomac/Desktop/FPS-GAME/Library/PackageCache/com.unity.inputsystem@7a4e1a2a8194)
    com.unity.dt.app-ui@2.1.13 (location: /Users/f2gomac/Desktop/FPS-GAME/Library/PackageCache/com.unity.dt.app-ui@9d0f103f520a)
    com.unity.nuget.newtonsoft-json@3.2.2 (location: /Users/f2gomac/Desktop/FPS-GAME/Library/PackageCache/com.unity.nuget.newtonsoft-json@4dfd81071c64)
    com.unity.nuget.mono-cecil@1.11.6 (location: /Users/f2gomac/Desktop/FPS-GAME/Library/PackageCache/com.unity.nuget.mono-cecil@ecb9724e46ff)
    com.unity.searcher@4.9.5 (location: /Users/f2gomac/Desktop/FPS-GAME/Library/PackageCache/com.unity.searcher@a463122f2c00)
    com.unity.profiling.core@1.0.3 (location: /Users/f2gomac/Desktop/FPS-GAME/Library/PackageCache/com.unity.profiling.core@8a49f7027d06)
  Built-in packages:
    com.unity.render-pipelines.universal@17.6.0 (location: /Users/f2gomac/Desktop/FPS-GAME/Library/PackageCache/com.unity.render-pipelines.universal@b0678dfc9e21)
    com.unity.test-framework@1.8.0 (location: /Users/f2gomac/Desktop/FPS-GAME/Library/PackageCache/com.unity.test-framework@80f691d4262b)
    com.unity.ugui@2.6.0 (location: /Users/f2gomac/Desktop/FPS-GAME/Library/PackageCache/com.unity.ugui@0727b404f3a0)
    com.unity.modules.ai@1.0.0 (location: /Users/f2gomac/Desktop/FPS-GAME/Library/PackageCache/com.unity.modules.ai)
    com.unity.modules.animation@1.0.0 (location: /Users/f2gomac/Desktop/FPS-GAME/Library/PackageCache/com.unity.modules.animation)
    com.unity.modules.audio@1.0.0 (location: /Users/f2gomac/Desktop/FPS-GAME/Library/PackageCache/com.unity.modules.audio)
    com.unity.modules.imageconversion@1.0.0 (location: /Users/f2gomac/Desktop/FPS-GAME/Library/PackageCache/com.unity.modules.imageconversion)
    com.unity.modules.jsonserialize@1.0.0 (location: /Users/f2gomac/Desktop/FPS-GAME/Library/PackageCache/com.unity.modules.jsonserialize)
    com.unity.modules.particlesystem@1.0.0 (location: /Users/f2gomac/Desktop/FPS-GAME/Library/PackageCache/com.unity.modules.particlesystem)
    com.unity.modules.physics@1.0.0 (location: /Users/f2gomac/Desktop/FPS-GAME/Library/PackageCache/com.unity.modules.physics)
    com.unity.modules.physics2d@1.0.0 (location: /Users/f2gomac/Desktop/FPS-GAME/Library/PackageCache/com.unity.modules.physics2d)
    com.unity.modules.screencapture@1.0.0 (location: /Users/f2gomac/Desktop/FPS-GAME/Library/PackageCache/com.unity.modules.screencapture)
    com.unity.modules.terrain@1.0.0 (location: /Users/f2gomac/Desktop/FPS-GAME/Library/PackageCache/com.unity.modules.terrain)
    com.unity.modules.terrainphysics@1.0.0 (location: /Users/f2gomac/Desktop/FPS-GAME/Library/PackageCache/com.unity.modules.terrainphysics)
    com.unity.modules.ui@1.0.0 (location: /Users/f2gomac/Desktop/FPS-GAME/Library/PackageCache/com.unity.modules.ui)
    com.unity.modules.unitywebrequest@1.0.0 (location: /Users/f2gomac/Desktop/FPS-GAME/Library/PackageCache/com.unity.modules.unitywebrequest)
    com.unity.modules.video@1.0.0 (location: /Users/f2gomac/Desktop/FPS-GAME/Library/PackageCache/com.unity.modules.video)
    com.unity.modules.physicscore2d@1.0.0 (location: /Users/f2gomac/Desktop/FPS-GAME/Library/PackageCache/com.unity.modules.physicscore2d)
    com.unity.modules.imgui@1.0.0 (location: /Users/f2gomac/Desktop/FPS-GAME/Library/PackageCache/com.unity.modules.imgui)
    com.unity.ext.nunit@2.1.0 (location: /Users/f2gomac/Desktop/FPS-GAME/Library/PackageCache/com.unity.ext.nunit@0198eae3b53e)
    com.unity.render-pipelines.core@17.6.0 (location: /Users/f2gomac/Desktop/FPS-GAME/Library/PackageCache/com.unity.render-pipelines.core@285af6b8c83f)
    com.unity.shadergraph@17.6.0 (location: /Users/f2gomac/Desktop/FPS-GAME/Library/PackageCache/com.unity.shadergraph@58bcb150677d)
    com.unity.render-pipelines.universal-config@17.6.0 (location: /Users/f2gomac/Desktop/FPS-GAME/Library/PackageCache/com.unity.render-pipelines.universal-config@561422b74439)
    com.unity.modules.uielements@1.0.0 (location: /Users/f2gomac/Desktop/FPS-GAME/Library/PackageCache/com.unity.modules.uielements)
    com.unity.burst@2.0.0 (location: /Users/f2gomac/Desktop/FPS-GAME/Library/PackageCache/com.unity.burst@626e66ab421b)
    com.unity.collections@6.6.0 (location: /Users/f2gomac/Desktop/FPS-GAME/Library/PackageCache/com.unity.collections@10fff0607388)
    com.unity.2d.sprite@1.0.0 (location: /Users/f2gomac/Desktop/FPS-GAME/Library/PackageCache/com.unity.2d.sprite@752945c75a6f)
    com.unity.mathematics@1.4.0 (location: /Users/f2gomac/Desktop/FPS-GAME/Library/PackageCache/com.unity.mathematics@8306a64d0cd6)
    com.unity.graph-authoring@1.0.0 (location: /Users/f2gomac/Desktop/FPS-GAME/Library/PackageCache/com.unity.graph-authoring@cfd2588851ee)
    com.unity.modules.hierarchycore@1.0.0 (location: /Users/f2gomac/Desktop/FPS-GAME/Library/PackageCache/com.unity.modules.hierarchycore)
    com.unity.test-framework.performance@6.6.0 (location: /Users/f2gomac/Desktop/FPS-GAME/Library/PackageCache/com.unity.test-framework.performance@b6023decb532)
    com.unity.modules.androidjni@1.0.0 (location: /Users/f2gomac/Desktop/FPS-GAME/Library/PackageCache/com.unity.modules.androidjni)
[Subsystems] No new subsystems found in resolved package list.
[Package Manager] Done registering packages in 0.00 seconds
[ScriptCompilation] Requested script compilation because: AssetDatabase observed changes in script compilation related files
Starting: /Applications/Unity/Hub/Editor/6000.6.4f1/Unity.app/Contents/Resources/BuildPipeline/bee_backend --ipc --defer-dag-verification --dagfile="Library/Bee/200b0aE.dag" --continue-on-failure --profile="Library/Bee/backend1.traceevents" ScriptAssemblies
WorkingDir: /Users/f2gomac/Desktop/FPS-GAME
DisplayProgressbar: Compiling Scripts
Starting: /Applications/Unity/Hub/Editor/6000.6.4f1/Unity.app/Contents/Resources/Scripting/DotNetSdk/dotnet "/Applications/Unity/Hub/Editor/6000.6.4f1/Unity.app/Contents/Resources/BuildPipeline/ScriptCompilationBuildProgram.exe" "Library/Bee/200b0aE.dag.json" "Library/Bee/200b0aE-inputdata.json" "Library/Bee/buildprogram0.traceevents"
WorkingDir: /Users/f2gomac/Desktop/FPS-GAME
ExitCode: 4 Duration: 0s220ms
Rebuilding DAG because FileSignature timestamp changed: Library/Bee/200b0aE-inputdata.json
*** Tundra requires additional run (0.19 seconds), 0 items updated, 0 evaluated
ExitCode: 0 Duration: 1s377ms
Starting: /Applications/Unity/Hub/Editor/6000.6.4f1/Unity.app/Contents/Resources/BuildPipeline/bee_backend --ipc --defer-dag-verification --dagfile="Library/Bee/200b0aE.dag" --continue-on-failure --dagfilejson="Library/Bee/200b0aE.dag.json" --profile="Library/Bee/backend2.traceevents" ScriptAssemblies
WorkingDir: /Users/f2gomac/Desktop/FPS-GAME
warn: Unity.ILPP.Runner.PostProcessingAssemblyLoadContext[0]
      Assembly system.runtime.interopservices.windowsruntime has duplicate hint path. Ignoring "/Applications/Unity/Hub/Editor/6000.6.4f1/Unity.app/Contents/Resources/Scripting/UnityReferenceAssemblies/unity-4.8-api/Facades/System.Runtime.InteropServices.WindowsRuntime.dll" in favor of "/Applications/Unity/Hub/Editor/6000.6.4f1/Unity.app/Contents/Resources/Scripting/NetStandard/Extensions/2.0.0/System.Runtime.InteropServices.WindowsRuntime.dll"
warn: Unity.ILPP.Runner.PostProcessingAssemblyLoadContext[0]
      Assembly system.componentmodel.composition has duplicate hint path. Ignoring "/Applications/Unity/Hub/Editor/6000.6.4f1/Unity.app/Contents/Resources/Scripting/UnityReferenceAssemblies/unity-4.8-api/System.ComponentModel.Composition.dll" in favor of "/Applications/Unity/Hub/Editor/6000.6.4f1/Unity.app/Contents/Resources/Scripting/NetStandard/compat/2.1.0/shims/netfx/System.ComponentModel.Composition.dll"
ExitCode: 3 Duration: 15s
Finished compiling graph: 1382 nodes, 30572 flattened edges (25244 ToBuild, 252 ToUse), maximum node priority 1710
[ 156/1379  0s] WriteText Library/Bee/artifacts/200b0aE.dag/UnityEngine.UI.dll.mvfrm.rsp
[ 159/1379  0s] WriteText Library/Bee/artifacts/200b0aE.dag/UnityEngine.TestRunner.dll.mvfrm.rsp
[ 164/1379  0s] WriteText Library/Bee/artifacts/200b0aE.dag/UnityEngine.UI.rsp
[ 188/1379  0s] WriteText Library/Bee/artifacts/200b0aE.dag/Unity.Mathematics.dll.mvfrm.rsp
[ 197/1379  0s] WriteText Library/Bee/artifacts/200b0aE.dag/UnityEngine.TestRunner.rsp
[ 205/1379  0s] WriteText Library/Bee/artifacts/200b0aE.dag/Unity.Burst.rsp
[ 208/1379  0s] WriteText Library/Bee/artifacts/200b0aE.dag/Unity.Burst.dll.mvfrm.rsp
[ 229/1379  0s] WriteText Library/Bee/artifacts/200b0aE.dag/Unity.Mathematics.rsp
[ 230/1379  0s] WriteText Library/Bee/artifacts/200b0aE.dag/Unity.InputSystem.dll.mvfrm.rsp
[ 234/1379  0s] WriteText Library/Bee/artifacts/200b0aE.dag/Unity.Collections.rsp
[ 235/1379  0s] WriteText Library/Bee/artifacts/200b0aE.dag/Unity.AI.Tracing.rsp
[ 237/1379  0s] WriteText Library/Bee/artifacts/200b0aE.dag/Unity.Collections.dll.mvfrm.rsp
[ 238/1379  0s] WriteText Library/Bee/artifacts/200b0aE.dag/Unity.RenderPipelines.Core.Runtime.dll.mvfrm.rsp
[ 255/1379  0s] WriteText Library/Bee/artifacts/200b0aE.dag/Unity.UnifiedRayTracing.Runtime.dll.mvfrm.rsp
[ 265/1379  0s] WriteText Library/Bee/artifacts/200b0aE.dag/Unity.RenderPipelines.Core.Runtime.rsp
[ 266/1379  0s] WriteText Library/Bee/artifacts/200b0aE.dag/Unity.AI.Tracing.dll.mvfrm.rsp
[ 269/1379  0s] WriteText Library/Bee/artifacts/200b0aE.dag/Unity.PathTracing.Runtime.rsp
[ 273/1379  0s] WriteText Library/Bee/artifacts/200b0aE.dag/Unity.InternalAPIEngineBridge.RenderPipelines.Core.Runtime.Shared.dll.mvfrm.rsp
[ 275/1379  0s] WriteText Library/Bee/artifacts/200b0aE.dag/Unity.AI.Assistant.Runtime.rsp
[ 282/1379  0s] WriteText Library/Bee/artifacts/200b0aE.dag/Unity.AI.Assistant.Runtime.dll.mvfrm.rsp
[ 283/1379  0s] WriteText Library/Bee/artifacts/200b0aE.dag/Unity.InternalAPIEngineBridge.RenderPipelines.Core.Runtime.Shared.rsp
[ 292/1379  0s] WriteText Library/Bee/artifacts/200b0aE.dag/Unity.InputSystem.rsp
[ 298/1379  0s] WriteText Library/Bee/artifacts/200b0aE.dag/Unity.Profiling.Core.rsp
[ 301/1379  0s] WriteText Library/Bee/artifacts/200b0aE.dag/Unity.UnifiedRayTracing.Runtime.rsp
[ 303/1379  0s] WriteText Library/Bee/artifacts/200b0aE.dag/Unity.PathTracing.Runtime.dll.mvfrm.rsp
[ 306/1379  0s] WriteText Library/Bee/artifacts/200b0aE.dag/Unity.RenderPipelines.Core.Runtime.Shared.dll.mvfrm.rsp
[ 307/1379  0s] WriteText Library/Bee/artifacts/200b0aE.dag/Unity.InferenceEngine.dll.mvfrm.rsp
[ 309/1379  0s] WriteText Library/Bee/artifacts/200b0aE.dag/Unity.RenderPipelines.GPUDriven.Runtime.dll.mvfrm.rsp
[ 310/1379  0s] WriteText Library/Bee/artifacts/200b0aE.dag/Unity.RenderPipelines.GPUDriven.Runtime.rsp
[ 311/1379  0s] WriteText Library/Bee/artifacts/200b0aE.dag/Unity.Profiling.Core.dll.mvfrm.rsp
[ 314/1379  0s] WriteText Library/Bee/artifacts/200b0aE.dag/Unity.RenderPipeline.Universal.ShaderLibrary.dll.mvfrm.rsp
[ 315/1379  0s] WriteText Library/Bee/artifacts/200b0aE.dag/Unity.SurfaceCache.Runtime.dll.mvfrm.rsp
[ 316/1379  0s] WriteText Library/Bee/artifacts/200b0aE.dag/Unity.RenderPipeline.Universal.ShaderLibrary.rsp
[ 317/1379  0s] WriteText Library/Bee/artifacts/200b0aE.dag/Unity.RenderPipelines.Universal.Config.Runtime.dll.mvfrm.rsp
[ 319/1379  0s] WriteText Library/Bee/artifacts/200b0aE.dag/Unity.SurfaceCache.Runtime.rsp
[ 332/1379  0s] WriteText Library/Bee/artifacts/200b0aE.dag/Unity.RenderPipelines.Core.Runtime.Shared.rsp
[ 338/1379  0s] WriteText Library/Bee/artifacts/200b0aE.dag/Unity.InternalAPIEngineBridge.ObjectDispatcher.Runtime.dll.mvfrm.rsp
[ 343/1379  0s] WriteText Library/Bee/artifacts/200b0aE.dag/Unity.AppUI.InternalAPIBridge.rsp
[ 344/1379  0s] WriteText Library/Bee/artifacts/200b0aE.dag/Unity.InferenceEngine.rsp
[ 345/1379  0s] WriteText Library/Bee/artifacts/200b0aE.dag/Unity.AppUI.InternalAPIBridge.dll.mvfrm.rsp
[ 346/1379  0s] WriteText Library/Bee/artifacts/200b0aE.dag/Unity.InternalAPIEngineBridge.ObjectDispatcher.Runtime.rsp
[ 355/1379  0s] WriteText Library/Bee/artifacts/200b0aE.dag/Unity.RenderPipelines.Universal.Config.Runtime.rsp
[ 357/1379  0s] WriteText Library/Bee/artifacts/200b0aE.dag/Unity.RenderPipelines.Universal.Runtime.dll.mvfrm.rsp
[ 369/1379  0s] WriteText Library/Bee/artifacts/200b0aE.dag/Unity.RenderPipelines.Universal.Runtime.rsp
[ 378/1379  0s] WriteText Library/Bee/artifacts/200b0aE.dag/Unity.AppUI.dll.mvfrm.rsp
[ 395/1379  0s] WriteText Library/Bee/artifacts/200b0aE.dag/Unity.AppUI.rsp
[ 402/1379  0s] WriteText Library/Bee/artifacts/200b0aE.dag/Unity.AI.Animate.Motion.Runtime.dll.mvfrm.rsp
[ 422/1379  0s] WriteText Library/Bee/artifacts/200b0aE.dag/Unity.AI.Animate.Motion.Runtime.rsp
[ 447/1379  0s] WriteText Library/Bee/artifacts/200b0aE.dag/Project.Infrastructure.dll.mvfrm.rsp
[ 452/1379  0s] WriteText Library/Bee/artifacts/200b0aE.dag/Unity.InternalAPIEngineBridge.004.dll.mvfrm.rsp
[ 453/1379  0s] WriteText Library/Bee/artifacts/200b0aE.dag/Project.Infrastructure.rsp
[ 454/1379  0s] WriteText Library/Bee/artifacts/200b0aE.dag/Unity.AppUI.Redux.dll.mvfrm.rsp
[ 455/1379  0s] WriteText Library/Bee/artifacts/200b0aE.dag/Unity.AI.Navigation.dll.mvfrm.rsp
[ 456/1379  0s] WriteText Library/Bee/artifacts/200b0aE.dag/Unity.InternalAPIEngineBridge.004.rsp
[ 465/1379  0s] WriteText Library/Bee/artifacts/200b0aE.dag/Unity.AppUI.Redux.rsp
[ 478/1379  0s] WriteText Library/Bee/artifacts/200b0aE.dag/Unity.AI.Navigation.rsp
[ 480/1379  0s] WriteText Library/Bee/artifacts/200b0aE.dag/Project.Presentation.dll.mvfrm.rsp
[ 486/1379  0s] WriteText Library/Bee/artifacts/200b0aE.dag/Unity.RenderPipelines.Universal.2D.Runtime.dll.mvfrm.rsp
[ 488/1379  0s] WriteText Library/Bee/artifacts/200b0aE.dag/Unity.TextMeshPro.dll.mvfrm.rsp
[ 502/1379  0s] WriteText Library/Bee/artifacts/200b0aE.dag/Unity.AI.MCP.Runtime.dll.mvfrm.rsp
[ 503/1379  0s] WriteText Library/Bee/artifacts/200b0aE.dag/Project.Presentation.rsp
[ 509/1379  0s] WriteText Library/Bee/artifacts/200b0aE.dag/Unity.InputSystem.ForUI.dll.mvfrm.rsp
[ 514/1379  0s] WriteText Library/Bee/artifacts/200b0aE.dag/Unity.TextMeshPro.rsp
[ 515/1379  0s] WriteText Library/Bee/artifacts/200b0aE.dag/Unity.AppUI.Navigation.dll.mvfrm.rsp
[ 516/1379  0s] WriteText Library/Bee/artifacts/200b0aE.dag/Unity.RenderPipelines.Universal.2D.Runtime.rsp
[ 520/1379  0s] WriteText Library/Bee/artifacts/200b0aE.dag/Unity.PerformanceTesting.dll.mvfrm.rsp
[ 524/1379  0s] WriteText Library/Bee/artifacts/200b0aE.dag/Project.Online.dll.mvfrm.rsp
[ 525/1379  0s] WriteText Library/Bee/artifacts/200b0aE.dag/Unity.AppUI.Navigation.rsp
[ 526/1379  0s] WriteText Library/Bee/artifacts/200b0aE.dag/Unity.InputSystem.ForUI.rsp
[ 527/1379  0s] WriteText Library/Bee/artifacts/200b0aE.dag/Unity.AI.MCP.Runtime.rsp
[ 528/1379  0s] WriteText Library/Bee/artifacts/200b0aE.dag/Unity.PerformanceTesting.rsp
[ 529/1379  0s] WriteText Library/Bee/artifacts/200b0aE.dag/Unity.Collections.Tests.CoreCLR.PublicJobPrivateGeneric.dll.mvfrm.rsp
[ 530/1379  0s] WriteText Library/Bee/artifacts/200b0aE.dag/Project.Tests.PlayMode.dll.mvfrm.rsp
[ 531/1379  0s] WriteText Library/Bee/artifacts/200b0aE.dag/Unity.AppUI.MVVM.dll.mvfrm.rsp
[ 532/1379  0s] WriteText Library/Bee/artifacts/200b0aE.dag/Project.Online.rsp
[ 533/1379  0s] WriteText Library/Bee/artifacts/200b0aE.dag/Unity.Collections.Tests.CoreCLR.InternalJobNestedPrivate.dll.mvfrm.rsp
[ 534/1379  0s] WriteText Library/Bee/artifacts/200b0aE.dag/Unity.Collections.Tests.CoreCLR.ProtectedJobNested.dll.mvfrm.rsp
[ 535/1379  0s] WriteText Library/Bee/artifacts/200b0aE.dag/Unity.Collections.Tests.CoreCLR.PrivateJobNested.dll.mvfrm.rsp
[ 536/1379  0s] WriteText Library/Bee/artifacts/200b0aE.dag/Unity.InferenceEngine.MacBLAS.dll.mvfrm.rsp
[ 537/1379  0s] WriteText Library/Bee/artifacts/200b0aE.dag/Unity.InputSystem.TestFramework.dll.mvfrm.rsp
[ 538/1379  0s] WriteText Library/Bee/artifacts/200b0aE.dag/Unity.InferenceEngine.Tokenization.dll.mvfrm.rsp
[ 552/1379  0s] WriteText Library/Bee/artifacts/200b0aE.dag/Unity.InferenceEngine.iOSBLAS.dll.mvfrm.rsp
[ 553/1379  0s] WriteText Library/Bee/artifacts/200b0aE.dag/Unity.RenderPipelines.Core.ShaderLibrary.dll.mvfrm.rsp
[ 554/1379  0s] WriteText Library/Bee/artifacts/200b0aE.dag/Unity.AppUI.Undo.dll.mvfrm.rsp
[ 555/1379  0s] WriteText Library/Bee/artifacts/200b0aE.dag/Unity.RenderPipelines.ShaderGraph.ShaderGraphLibrary.dll.mvfrm.rsp
[ 558/1379  0s] WriteText Library/Bee/artifacts/200b0aE.dag/Unity.RenderPipelines.Universal.Shaders.dll.mvfrm.rsp
[ 565/1379  0s] WriteText Library/Bee/artifacts/200b0aE.dag/Project.Infrastructure.VfxGraph.dll.mvfrm.rsp
[ 605/1379  0s] WriteText Library/Bee/artifacts/200b0aE.dag/Unity.Collections.Tests.CoreCLR.PublicJobPrivateGeneric.rsp
[ 608/1379  0s] WriteText Library/Bee/artifacts/200b0aE.dag/Unity.Collections.Tests.CoreCLR.ProtectedJobNested.rsp
[ 612/1379  0s] WriteText Library/Bee/artifacts/200b0aE.dag/Unity.Collections.Tests.CoreCLR.PrivateJobNested.rsp
[ 614/1379  0s] WriteText Library/Bee/artifacts/200b0aE.dag/Unity.InferenceEngine.MacBLAS.rsp
[ 626/1379  0s] WriteText Library/Bee/artifacts/200b0aE.dag/Unity.Collections.Tests.CoreCLR.InternalJobNestedPrivate.rsp
[ 633/1379  0s] WriteText Library/Bee/artifacts/200b0aE.dag/Unity.InferenceEngine.iOSBLAS.rsp
[ 635/1379  0s] WriteText Library/Bee/artifacts/200b0aE.dag/Project.Tests.PlayMode.rsp
[ 636/1379  0s] WriteText Library/Bee/artifacts/200b0aE.dag/Unity.AppUI.MVVM.rsp
[ 637/1379  0s] WriteText Library/Bee/artifacts/200b0aE.dag/Unity.AppUI.Undo.rsp
[ 638/1379  0s] WriteText Library/Bee/artifacts/200b0aE.dag/Project.Infrastructure.VfxGraph.rsp
[ 639/1379  0s] WriteText Library/Bee/artifacts/200b0aE.dag/Unity.InferenceEngine.Tokenization.rsp
[ 640/1379  0s] WriteText Library/Bee/artifacts/200b0aE.dag/Unity.InputSystem.TestFramework.rsp
[ 643/1379  0s] WriteText Library/Bee/artifacts/200b0aE.dag/Unity.RenderPipelines.Universal.Shaders.rsp
[ 648/1379  0s] WriteText Library/Bee/artifacts/200b0aE.dag/Unity.RenderPipelines.ShaderGraph.ShaderGraphLibrary.rsp
[ 650/1379  0s] WriteText Library/Bee/artifacts/200b0aE.dag/Unity.RenderPipelines.Core.ShaderLibrary.rsp
[ 672/1379  0s] MovedFromExtractor-Combine Library/Bee/artifacts/200b0aE.dag/UnityEngine.TestRunner.dll.mvfrm
[ 673/1379  0s] MovedFromExtractor-Combine Library/Bee/artifacts/200b0aE.dag/UnityEngine.UI.dll.mvfrm
[           0s] Csc Library/Bee/artifacts/200b0aE.dag/UnityEngine.UI.dll (+2 others) [CacheMiss bb80aa199204cb45c5477e3232e84cf000000000000000000000000000000006]
[           0s] Csc Library/Bee/artifacts/200b0aE.dag/UnityEngine.TestRunner.dll (+2 others) [CacheMiss 8457016b7a8f8d5d04f19d6d3474650100000000000000000000000000000006]
[ 674/1379  0s] Csc Library/Bee/artifacts/200b0aE.dag/UnityEngine.TestRunner.dll (+2 others)
[ 675/1379  0s] Csc Library/Bee/artifacts/200b0aE.dag/UnityEngine.UI.dll (+2 others)
[           0s] Csc Library/Bee/artifacts/200b0aE.dag/UnityEngine.TestRunner.dll (+2 others) [CacheWrite 8457016b7a8f8d5d04f19d6d3474650100000000000000000000000000000006]
[           0s] Csc Library/Bee/artifacts/200b0aE.dag/UnityEngine.UI.dll (+2 others) [CacheWrite bb80aa199204cb45c5477e3232e84cf000000000000000000000000000000006]
[ 744/1379  0s] MovedFromExtractor-Combine Library/Bee/artifacts/200b0aE.dag/Unity.InputSystem.dll.mvfrm
[ 745/1379  0s] MovedFromExtractor-Combine Library/Bee/artifacts/200b0aE.dag/Unity.Burst.dll.mvfrm
[ 746/1379  0s] MovedFromExtractor-Combine Library/Bee/artifacts/200b0aE.dag/Unity.AppUI.InternalAPIBridge.dll.mvfrm
[ 747/1379  0s] MovedFromExtractor-Combine Library/Bee/artifacts/200b0aE.dag/Unity.InternalAPIEngineBridge.ObjectDispatcher.Runtime.dll.mvfrm
[ 748/1379  0s] MovedFromExtractor-Combine Library/Bee/artifacts/200b0aE.dag/Unity.AI.Tracing.dll.mvfrm
[ 749/1379  0s] MovedFromExtractor-Combine Library/Bee/artifacts/200b0aE.dag/Unity.InternalAPIEngineBridge.RenderPipelines.Core.Runtime.Shared.dll.mvfrm
[ 750/1379  0s] MovedFromExtractor-Combine Library/Bee/artifacts/200b0aE.dag/Unity.Mathematics.dll.mvfrm
[ 751/1379  0s] MovedFromExtractor-Combine Library/Bee/artifacts/200b0aE.dag/Unity.Profiling.Core.dll.mvfrm
[           0s] Csc Library/Bee/artifacts/200b0aE.dag/Unity.AppUI.InternalAPIBridge.dll (+2 others) [CacheMiss ad3f3e4963b041da99141a21ecefe5e700000000000000000000000000000006]
[ 752/1379  0s] MovedFromExtractor-Combine Library/Bee/artifacts/200b0aE.dag/Unity.AI.Animate.Motion.Runtime.dll.mvfrm
[           0s] Csc Library/Bee/artifacts/200b0aE.dag/Unity.Burst.dll (+2 others) [CacheMiss 59d15a8771be08b799dd4548035a8a4c00000000000000000000000000000006]
[           0s] Csc Library/Bee/artifacts/200b0aE.dag/Unity.InputSystem.dll (+2 others) [CacheMiss e7cf307058b36ff47e57e607d07aac6300000000000000000000000000000006]
[           0s] Csc Library/Bee/artifacts/200b0aE.dag/Unity.Profiling.Core.dll (+2 others) [CacheMiss 8fb5b77653c0c56d87781bffcb0f7f6c00000000000000000000000000000006]
[ 753/1379  0s] MovedFromExtractor-Combine Library/Bee/artifacts/200b0aE.dag/Unity.InternalAPIEngineBridge.004.dll.mvfrm
[           0s] Csc Library/Bee/artifacts/200b0aE.dag/Unity.InternalAPIEngineBridge.RenderPipelines.Core.Runtime.Shared.dll (+2 others) [CacheMiss 17f180f09233732aa235d2f60dc080f600000000000000000000000000000006]
[           0s] Csc Library/Bee/artifacts/200b0aE.dag/Unity.Mathematics.dll (+2 others) [CacheMiss 35fb0d8db04a865dff8d20d8c5bf885700000000000000000000000000000006]
[           0s] Csc Library/Bee/artifacts/200b0aE.dag/Unity.AI.Tracing.dll (+2 others) [CacheMiss 561abd59dd5a3806e75be20aa268e25800000000000000000000000000000006]
[           0s] Csc Library/Bee/artifacts/200b0aE.dag/Unity.InternalAPIEngineBridge.ObjectDispatcher.Runtime.dll (+2 others) [CacheMiss 276c3447bc554603c4bdcc2e24ef56a500000000000000000000000000000006]
[ 754/1379  0s] Csc Library/Bee/artifacts/200b0aE.dag/Unity.AI.Tracing.dll (+2 others)
[           0s] Csc Library/Bee/artifacts/200b0aE.dag/Unity.AI.Tracing.dll (+2 others) [CacheWrite 561abd59dd5a3806e75be20aa268e25800000000000000000000000000000006]
[ 756/1379  0s] Csc Library/Bee/artifacts/200b0aE.dag/Unity.InternalAPIEngineBridge.RenderPipelines.Core.Runtime.Shared.dll (+2 others)
[           0s] Csc Library/Bee/artifacts/200b0aE.dag/Unity.InternalAPIEngineBridge.RenderPipelines.Core.Runtime.Shared.dll (+2 others) [CacheWrite 17f180f09233732aa235d2f60dc080f600000000000000000000000000000006]
[ 763/1379  0s] MovedFromExtractor-Combine Library/Bee/artifacts/200b0aE.dag/Unity.AI.Assistant.Runtime.dll.mvfrm
[           0s] Csc Library/Bee/artifacts/200b0aE.dag/Unity.AI.Assistant.Runtime.dll (+2 others) [CacheMiss 59544aac8eac96a32803265791d442f700000000000000000000000000000006]
[           0s] Csc Library/Bee/artifacts/200b0aE.dag/Unity.AI.Animate.Motion.Runtime.dll (+2 others) [CacheMiss 81cdf737fafdacd7b8d12567c3d199d300000000000000000000000000000006]
[ 764/1379  0s] Csc Library/Bee/artifacts/200b0aE.dag/Unity.Profiling.Core.dll (+2 others)
[ 765/1379  0s] Csc Library/Bee/artifacts/200b0aE.dag/Unity.AppUI.InternalAPIBridge.dll (+2 others)
[ 766/1379  0s] MovedFromExtractor-Combine Library/Bee/artifacts/200b0aE.dag/Unity.AI.Navigation.dll.mvfrm
[           0s] Csc Library/Bee/artifacts/200b0aE.dag/Unity.Profiling.Core.dll (+2 others) [CacheWrite 8fb5b77653c0c56d87781bffcb0f7f6c00000000000000000000000000000006]
[           0s] Csc Library/Bee/artifacts/200b0aE.dag/Unity.AI.Navigation.dll (+2 others) [CacheMiss 752ca66fa341c555911be628de22d05700000000000000000000000000000006]
[ 777/1379  0s] Csc Library/Bee/artifacts/200b0aE.dag/Unity.InternalAPIEngineBridge.ObjectDispatcher.Runtime.dll (+2 others)
[ 778/1379  0s] Csc Library/Bee/artifacts/200b0aE.dag/Unity.Mathematics.dll (+2 others)
[           0s] Csc Library/Bee/artifacts/200b0aE.dag/Unity.Mathematics.dll (+2 others) [CacheWrite 35fb0d8db04a865dff8d20d8c5bf885700000000000000000000000000000006]
[           0s] Csc Library/Bee/artifacts/200b0aE.dag/Unity.InternalAPIEngineBridge.ObjectDispatcher.Runtime.dll (+2 others) [CacheWrite 276c3447bc554603c4bdcc2e24ef56a500000000000000000000000000000006]
[ 793/1379  0s] MovedFromExtractor-Combine Library/Bee/artifacts/200b0aE.dag/Unity.AI.MCP.Runtime.dll.mvfrm
[           0s] Csc Library/Bee/artifacts/200b0aE.dag/Unity.AI.MCP.Runtime.dll (+2 others) [CacheMiss 029216b63255bb04da68ef1e18585c4000000000000000000000000000000006]
[ 794/1379  0s] MovedFromExtractor-Combine Library/Bee/artifacts/200b0aE.dag/Unity.PerformanceTesting.dll.mvfrm
[           0s] Csc Library/Bee/artifacts/200b0aE.dag/Unity.PerformanceTesting.dll (+2 others) [CacheMiss 2bba0234c62949b21888b253656d34bb00000000000000000000000000000006]
[ 795/1379  0s] MovedFromExtractor-Combine Library/Bee/artifacts/200b0aE.dag/Unity.AppUI.Undo.dll.mvfrm
[           0s] Csc Library/Bee/artifacts/200b0aE.dag/Unity.AppUI.InternalAPIBridge.dll (+2 others) [CacheWrite ad3f3e4963b041da99141a21ecefe5e700000000000000000000000000000006]
[ 796/1379  0s] Csc Library/Bee/artifacts/200b0aE.dag/Unity.AI.Animate.Motion.Runtime.dll (+2 others)
[           0s] Csc Library/Bee/artifacts/200b0aE.dag/Unity.AI.Animate.Motion.Runtime.dll (+2 others) [CacheWrite 81cdf737fafdacd7b8d12567c3d199d300000000000000000000000000000006]
[ 799/1379  0s] MovedFromExtractor-Combine Library/Bee/artifacts/200b0aE.dag/Unity.RenderPipelines.Universal.Shaders.dll.mvfrm
[ 800/1379  0s] MovedFromExtractor-Combine Library/Bee/artifacts/200b0aE.dag/Unity.InferenceEngine.Tokenization.dll.mvfrm
[ 801/1379  0s] Csc Library/Bee/artifacts/200b0aE.dag/Unity.AI.Navigation.dll (+2 others)
[           0s] Csc Library/Bee/artifacts/200b0aE.dag/Unity.AI.Navigation.dll (+2 others) [CacheWrite 752ca66fa341c555911be628de22d05700000000000000000000000000000006]
[ 809/1379  0s] MovedFromExtractor-Combine Library/Bee/artifacts/200b0aE.dag/Unity.RenderPipelines.Core.ShaderLibrary.dll.mvfrm
[           0s] Csc Library/Bee/artifacts/200b0aE.dag/Unity.InferenceEngine.Tokenization.dll (+2 others) [CacheMiss 48f4e201d30f011abe8c3b014280c16900000000000000000000000000000006]
[           0s] Csc Library/Bee/artifacts/200b0aE.dag/Unity.RenderPipelines.Core.ShaderLibrary.dll (+2 others) [CacheMiss e309e920487463d67b93903dae24026700000000000000000000000000000006]
[ 810/1379  0s] MovedFromExtractor-Combine Library/Bee/artifacts/200b0aE.dag/Project.Infrastructure.VfxGraph.dll.mvfrm
[ 811/1379  0s] MovedFromExtractor-Combine Library/Bee/artifacts/200b0aE.dag/Unity.RenderPipelines.ShaderGraph.ShaderGraphLibrary.dll.mvfrm
[           0s] Csc Library/Bee/artifacts/200b0aE.dag/Unity.RenderPipelines.ShaderGraph.ShaderGraphLibrary.dll (+2 others) [CacheMiss 6e530765998b35e50e0a218aade3231800000000000000000000000000000006]
[           0s] Csc Library/Bee/artifacts/200b0aE.dag/Unity.RenderPipelines.Universal.Shaders.dll (+2 others) [CacheMiss 68f03af838ea9cb68433e529cf3339b300000000000000000000000000000006]
[ 812/1379  0s] Csc Library/Bee/artifacts/200b0aE.dag/Unity.AI.MCP.Runtime.dll (+2 others)
[           0s] Csc Library/Bee/artifacts/200b0aE.dag/Unity.AI.MCP.Runtime.dll (+2 others) [CacheWrite 029216b63255bb04da68ef1e18585c4000000000000000000000000000000006]
[           0s] Csc Library/Bee/artifacts/200b0aE.dag/Unity.AppUI.Undo.dll (+2 others) [CacheMiss d8d5262bdd6ee2b4a905120e247fbe7800000000000000000000000000000006]
[ 814/1379  0s] Csc Library/Bee/artifacts/200b0aE.dag/Unity.RenderPipelines.Core.ShaderLibrary.dll (+2 others)
[ 815/1379  0s] Csc Library/Bee/artifacts/200b0aE.dag/Unity.RenderPipelines.ShaderGraph.ShaderGraphLibrary.dll (+2 others)
[ 816/1379  0s] Csc Library/Bee/artifacts/200b0aE.dag/Unity.RenderPipelines.Universal.Shaders.dll (+2 others)
[           0s] Csc Library/Bee/artifacts/200b0aE.dag/Unity.RenderPipelines.Core.ShaderLibrary.dll (+2 others) [CacheWrite e309e920487463d67b93903dae24026700000000000000000000000000000006]
[ 823/1379  0s] CopyFiles Library/ScriptAssemblies/Unity.Rider.Editor.pdb
[ 824/1379  0s] CopyFiles Library/ScriptAssemblies/Unity.Rider.Editor.dll
[ 825/1379  0s] CopyFiles Library/ScriptAssemblies/Unity.VisualStudio.Editor.pdb
[ 826/1379  0s] CopyFiles Library/ScriptAssemblies/Unity.VisualStudio.Editor.dll
[           0s] Csc Library/Bee/artifacts/200b0aE.dag/Unity.RenderPipelines.ShaderGraph.ShaderGraphLibrary.dll (+2 others) [CacheWrite 6e530765998b35e50e0a218aade3231800000000000000000000000000000006]
[           0s] Csc Library/Bee/artifacts/200b0aE.dag/Unity.RenderPipelines.Universal.Shaders.dll (+2 others) [CacheWrite 68f03af838ea9cb68433e529cf3339b300000000000000000000000000000006]
[ 827/1379  0s] Csc Library/Bee/artifacts/200b0aE.dag/Unity.AppUI.Undo.dll (+2 others)
[           0s] Csc Library/Bee/artifacts/200b0aE.dag/Unity.AppUI.Undo.dll (+2 others) [CacheWrite d8d5262bdd6ee2b4a905120e247fbe7800000000000000000000000000000006]
[           1s] Csc Library/Bee/artifacts/200b0aE.dag/Unity.InternalAPIEngineBridge.004.dll (+2 others) [CacheMiss b921ffdd2c1d616bd414d0879d711c8f00000000000000000000000000000006]
[ 828/1379  1s] Csc Library/Bee/artifacts/200b0aE.dag/Unity.Burst.dll (+2 others)
[           0s] Csc Library/Bee/artifacts/200b0aE.dag/Unity.Burst.dll (+2 others) [CacheWrite 59d15a8771be08b799dd4548035a8a4c00000000000000000000000000000006]
[ 830/1379  0s] Csc Library/Bee/artifacts/200b0aE.dag/Unity.PerformanceTesting.dll (+2 others)
[           0s] Csc Library/Bee/artifacts/200b0aE.dag/Unity.PerformanceTesting.dll (+2 others) [CacheWrite 2bba0234c62949b21888b253656d34bb00000000000000000000000000000006]
[ 834/1379  0s] MovedFromExtractor-Combine Library/Bee/artifacts/200b0aE.dag/Unity.Collections.dll.mvfrm
[           0s] Csc Library/Bee/artifacts/200b0aE.dag/Unity.Collections.dll (+2 others) [CacheMiss 273d3b4938e17a099bf36f7a1c93d8fe00000000000000000000000000000006]
[ 835/1379  0s] Csc Library/Bee/artifacts/200b0aE.dag/Unity.InternalAPIEngineBridge.004.dll (+2 others)
[           0s] Csc Library/Bee/artifacts/200b0aE.dag/Unity.InternalAPIEngineBridge.004.dll (+2 others) [CacheWrite b921ffdd2c1d616bd414d0879d711c8f00000000000000000000000000000006]
[ 837/1379  0s] MovedFromExtractor-Combine Library/Bee/artifacts/200b0aE.dag/Unity.TextMeshPro.dll.mvfrm
[           0s] Csc Library/Bee/artifacts/200b0aE.dag/Unity.TextMeshPro.dll (+2 others) [CacheMiss d98aabcba03a7e4ded215fbc92a9de2200000000000000000000000000000006]
[ 838/1379  1s] Csc Library/Bee/artifacts/200b0aE.dag/Unity.AI.Assistant.Runtime.dll (+2 others)
[           0s] Csc Library/Bee/artifacts/200b0aE.dag/Unity.AI.Assistant.Runtime.dll (+2 others) [CacheWrite 59544aac8eac96a32803265791d442f700000000000000000000000000000006]
[ 861/1379  1s] Csc Library/Bee/artifacts/200b0aE.dag/Unity.InferenceEngine.Tokenization.dll (+2 others)
[           0s] Csc Library/Bee/artifacts/200b0aE.dag/Unity.InferenceEngine.Tokenization.dll (+2 others) [CacheWrite 48f4e201d30f011abe8c3b014280c16900000000000000000000000000000006]
[ 862/1379  2s] Csc Library/Bee/artifacts/200b0aE.dag/Unity.InputSystem.dll (+2 others)
[           0s] Csc Library/Bee/artifacts/200b0aE.dag/Unity.InputSystem.dll (+2 others) [CacheWrite e7cf307058b36ff47e57e607d07aac6300000000000000000000000000000006]
[ 868/1379  0s] MovedFromExtractor-Combine Library/Bee/artifacts/200b0aE.dag/Unity.AppUI.dll.mvfrm
[ 869/1379  0s] MovedFromExtractor-Combine Library/Bee/artifacts/200b0aE.dag/Unity.InputSystem.ForUI.dll.mvfrm
[ 870/1379  0s] MovedFromExtractor-Combine Library/Bee/artifacts/200b0aE.dag/Project.Tests.PlayMode.dll.mvfrm
[ 871/1379  0s] MovedFromExtractor-Combine Library/Bee/artifacts/200b0aE.dag/Unity.InputSystem.TestFramework.dll.mvfrm
[ 872/1379  0s] MovedFromExtractor-Combine Library/Bee/artifacts/200b0aE.dag/Project.Online.dll.mvfrm
[           0s] Csc Library/Bee/artifacts/200b0aE.dag/Unity.AppUI.dll (+2 others) [CacheMiss afbeaab1d6c763cbe7660fc8820611e300000000000000000000000000000006]
[           0s] Csc Library/Bee/artifacts/200b0aE.dag/Unity.InputSystem.TestFramework.dll (+2 others) [CacheMiss 2a5393bbc3523e55d0692acac7349e0700000000000000000000000000000006]
[           0s] Csc Library/Bee/artifacts/200b0aE.dag/Unity.InputSystem.ForUI.dll (+2 others) [CacheMiss 9550878a59dbe116dc64b11424e3179b00000000000000000000000000000006]
[ 873/1379  1s] Csc Library/Bee/artifacts/200b0aE.dag/Unity.TextMeshPro.dll (+2 others)
[           0s] Csc Library/Bee/artifacts/200b0aE.dag/Unity.TextMeshPro.dll (+2 others) [CacheWrite d98aabcba03a7e4ded215fbc92a9de2200000000000000000000000000000006]
[ 877/1379  0s] Csc Library/Bee/artifacts/200b0aE.dag/Unity.InputSystem.ForUI.dll (+2 others)
[           0s] Csc Library/Bee/artifacts/200b0aE.dag/Unity.InputSystem.ForUI.dll (+2 others) [CacheWrite 9550878a59dbe116dc64b11424e3179b00000000000000000000000000000006]
[ 881/1379  2s] Csc Library/Bee/artifacts/200b0aE.dag/Unity.Collections.dll (+2 others)
[ 882/1379  0s] Csc Library/Bee/artifacts/200b0aE.dag/Unity.InputSystem.TestFramework.dll (+2 others)
[           0s] Csc Library/Bee/artifacts/200b0aE.dag/Unity.Collections.dll (+2 others) [CacheWrite 273d3b4938e17a099bf36f7a1c93d8fe00000000000000000000000000000006]
[           0s] Csc Library/Bee/artifacts/200b0aE.dag/Unity.InputSystem.TestFramework.dll (+2 others) [CacheWrite 2a5393bbc3523e55d0692acac7349e0700000000000000000000000000000006]
[ 888/1379  0s] CopyFiles Library/ScriptAssemblies/Unity.Collections.CodeGen.pdb
[ 889/1379  0s] CopyFiles Library/ScriptAssemblies/Unity.Collections.CodeGen.dll
[ 890/1379  0s] MovedFromExtractor-Combine Library/Bee/artifacts/200b0aE.dag/Unity.Collections.Tests.CoreCLR.InternalJobNestedPrivate.dll.mvfrm
[ 891/1379  0s] MovedFromExtractor-Combine Library/Bee/artifacts/200b0aE.dag/Unity.Collections.Tests.CoreCLR.ProtectedJobNested.dll.mvfrm
[           0s] Csc Library/Bee/artifacts/200b0aE.dag/Unity.Collections.Tests.CoreCLR.InternalJobNestedPrivate.dll (+2 others) [CacheMiss 779604e155cdda803f27db1483c7c6cd00000000000000000000000000000006]
[ 892/1379  0s] MovedFromExtractor-Combine Library/Bee/artifacts/200b0aE.dag/Unity.RenderPipelines.Core.Runtime.dll.mvfrm
[ 893/1379  0s] MovedFromExtractor-Combine Library/Bee/artifacts/200b0aE.dag/Unity.UnifiedRayTracing.Runtime.dll.mvfrm
[           0s] Csc Library/Bee/artifacts/200b0aE.dag/Unity.Collections.Tests.CoreCLR.ProtectedJobNested.dll (+2 others) [CacheMiss 264a028227ea9b4e0d59c66723d9a33600000000000000000000000000000006]
[ 894/1379  0s] MovedFromExtractor-Combine Library/Bee/artifacts/200b0aE.dag/Unity.Collections.Tests.CoreCLR.PublicJobPrivateGeneric.dll.mvfrm
[ 895/1379  0s] MovedFromExtractor-Combine Library/Bee/artifacts/200b0aE.dag/Unity.Collections.Tests.CoreCLR.PrivateJobNested.dll.mvfrm
[ 896/1379  0s] MovedFromExtractor-Combine Library/Bee/artifacts/200b0aE.dag/Unity.InferenceEngine.dll.mvfrm
[           0s] Csc Library/Bee/artifacts/200b0aE.dag/Unity.UnifiedRayTracing.Runtime.dll (+2 others) [CacheMiss 91ccbca118c8d2cbd2e4dffb5b78856100000000000000000000000000000006]
[           0s] Csc Library/Bee/artifacts/200b0aE.dag/Unity.InferenceEngine.dll (+2 others) [CacheMiss e836399546e947299121742afa63df4100000000000000000000000000000006]
[           0s] Csc Library/Bee/artifacts/200b0aE.dag/Unity.RenderPipelines.Core.Runtime.dll (+2 others) [CacheMiss e08c15a838a05fb14f021ee15b0a6ee900000000000000000000000000000006]
[           0s] Csc Library/Bee/artifacts/200b0aE.dag/Unity.Collections.Tests.CoreCLR.PublicJobPrivateGeneric.dll (+2 others) [CacheMiss 91eb8a6f9c3c68b7aa9e99f2179a1f5e00000000000000000000000000000006]
[           0s] Csc Library/Bee/artifacts/200b0aE.dag/Unity.Collections.Tests.CoreCLR.PrivateJobNested.dll (+2 others) [CacheMiss e257b5137cf456b8fe9e0f5d6393460700000000000000000000000000000006]
[ 897/1379  0s] ILPP-Configuration Library/ilpp-configuration.nevergeneratedoutput
[ 898/1379  0s] Csc Library/Bee/artifacts/200b0aE.dag/Unity.Collections.Tests.CoreCLR.InternalJobNestedPrivate.dll (+2 others)
[           0s] Csc Library/Bee/artifacts/200b0aE.dag/Unity.Collections.Tests.CoreCLR.InternalJobNestedPrivate.dll (+2 others) [CacheWrite 779604e155cdda803f27db1483c7c6cd00000000000000000000000000000006]
[ 899/1379  0s] Csc Library/Bee/artifacts/200b0aE.dag/Unity.Collections.Tests.CoreCLR.PrivateJobNested.dll (+2 others)
[ 900/1379  0s] Csc Library/Bee/artifacts/200b0aE.dag/Unity.Collections.Tests.CoreCLR.PublicJobPrivateGeneric.dll (+2 others)
[           0s] Csc Library/Bee/artifacts/200b0aE.dag/Unity.Collections.Tests.CoreCLR.PublicJobPrivateGeneric.dll (+2 others) [CacheWrite 91eb8a6f9c3c68b7aa9e99f2179a1f5e00000000000000000000000000000006]
[           0s] Csc Library/Bee/artifacts/200b0aE.dag/Unity.Collections.Tests.CoreCLR.PrivateJobNested.dll (+2 others) [CacheWrite e257b5137cf456b8fe9e0f5d6393460700000000000000000000000000000006]
[ 901/1379  0s] Csc Library/Bee/artifacts/200b0aE.dag/Unity.Collections.Tests.CoreCLR.ProtectedJobNested.dll (+2 others)
[           0s] Csc Library/Bee/artifacts/200b0aE.dag/Unity.Collections.Tests.CoreCLR.ProtectedJobNested.dll (+2 others) [CacheWrite 264a028227ea9b4e0d59c66723d9a33600000000000000000000000000000006]
[ 902/1379  0s] ILPostProcess Library/Bee/artifacts/200b0aE.dag/post-processed/Unity.InputSystem.TestFramework.dll (+pdb)
Processing assembly Library/Bee/artifacts/200b0aE.dag/Unity.InputSystem.TestFramework.dll, with 145 defines and 274 references
processors: Unity.Jobs.CodeGen.JobsILPostProcessor, zzzUnity.Burst.CodeGen.BurstILPostProcessor
1 processor(s) skipped this assembly
running Unity.Jobs.CodeGen.JobsILPostProcessor
[ 903/1379  0s] Csc Library/Bee/artifacts/200b0aE.dag/Unity.UnifiedRayTracing.Runtime.dll (+2 others)
[           0s] Csc Library/Bee/artifacts/200b0aE.dag/Unity.UnifiedRayTracing.Runtime.dll (+2 others) [CacheWrite 91ccbca118c8d2cbd2e4dffb5b78856100000000000000000000000000000006]
[ 905/1379  0s] ILPostProcess Library/Bee/artifacts/200b0aE.dag/post-processed/Unity.Collections.Tests.CoreCLR.InternalJobNestedPrivate.dll (+pdb)
Processing assembly Library/Bee/artifacts/200b0aE.dag/Unity.Collections.Tests.CoreCLR.InternalJobNestedPrivate.dll, with 143 defines and 279 references
processors: Unity.Jobs.CodeGen.JobsILPostProcessor, zzzUnity.Burst.CodeGen.BurstILPostProcessor
1 processor(s) skipped this assembly
running Unity.Jobs.CodeGen.JobsILPostProcessor
[ 906/1379  0s] ILPostProcess Library/Bee/artifacts/200b0aE.dag/post-processed/Unity.Collections.Tests.CoreCLR.PublicJobPrivateGeneric.dll (+pdb)
Processing assembly Library/Bee/artifacts/200b0aE.dag/Unity.Collections.Tests.CoreCLR.PublicJobPrivateGeneric.dll, with 143 defines and 279 references
processors: Unity.Jobs.CodeGen.JobsILPostProcessor, zzzUnity.Burst.CodeGen.BurstILPostProcessor
1 processor(s) skipped this assembly
running Unity.Jobs.CodeGen.JobsILPostProcessor
[ 907/1379  0s] ILPostProcess Library/Bee/artifacts/200b0aE.dag/post-processed/Unity.Collections.Tests.CoreCLR.ProtectedJobNested.dll (+pdb)
Processing assembly Library/Bee/artifacts/200b0aE.dag/Unity.Collections.Tests.CoreCLR.ProtectedJobNested.dll, with 143 defines and 279 references
processors: Unity.Jobs.CodeGen.JobsILPostProcessor, zzzUnity.Burst.CodeGen.BurstILPostProcessor
1 processor(s) skipped this assembly
running Unity.Jobs.CodeGen.JobsILPostProcessor
[ 908/1379  0s] ILPostProcess Library/Bee/artifacts/200b0aE.dag/post-processed/Unity.Collections.Tests.CoreCLR.PrivateJobNested.dll (+pdb)
Processing assembly Library/Bee/artifacts/200b0aE.dag/Unity.Collections.Tests.CoreCLR.PrivateJobNested.dll, with 143 defines and 279 references
processors: Unity.Jobs.CodeGen.JobsILPostProcessor, zzzUnity.Burst.CodeGen.BurstILPostProcessor
1 processor(s) skipped this assembly
running Unity.Jobs.CodeGen.JobsILPostProcessor
[ 909/1379  0s] ILPostProcess Library/Bee/artifacts/200b0aE.dag/post-processed/Unity.AI.Tracing.dll (+pdb)
Processing assembly Library/Bee/artifacts/200b0aE.dag/Unity.AI.Tracing.dll, with 143 defines and 274 references
processors: Unity.Jobs.CodeGen.JobsILPostProcessor, zzzUnity.Burst.CodeGen.BurstILPostProcessor
1 processor(s) skipped this assembly
running Unity.Jobs.CodeGen.JobsILPostProcessor
[ 910/1379  0s] ILPostProcess Library/Bee/artifacts/200b0aE.dag/post-processed/Unity.RenderPipelines.Universal.Shaders.dll (+pdb)
Processing assembly Library/Bee/artifacts/200b0aE.dag/Unity.RenderPipelines.Universal.Shaders.dll, with 143 defines and 278 references
processors: Unity.Jobs.CodeGen.JobsILPostProcessor, zzzUnity.Burst.CodeGen.BurstILPostProcessor
1 processor(s) skipped this assembly
running Unity.Jobs.CodeGen.JobsILPostProcessor
[ 911/1379  0s] ILPostProcess Library/Bee/artifacts/200b0aE.dag/post-processed/Unity.InternalAPIEngineBridge.004.dll (+pdb)
Processing assembly Library/Bee/artifacts/200b0aE.dag/Unity.InternalAPIEngineBridge.004.dll, with 143 defines and 278 references
processors: Unity.Jobs.CodeGen.JobsILPostProcessor, zzzUnity.Burst.CodeGen.BurstILPostProcessor
1 processor(s) skipped this assembly
running Unity.Jobs.CodeGen.JobsILPostProcessor
[ 912/1379  0s] ILPostProcess Library/Bee/artifacts/200b0aE.dag/post-processed/Unity.UnifiedRayTracing.Runtime.dll (+pdb)
Processing assembly Library/Bee/artifacts/200b0aE.dag/Unity.UnifiedRayTracing.Runtime.dll, with 144 defines and 281 references
processors: Unity.Jobs.CodeGen.JobsILPostProcessor, zzzUnity.Burst.CodeGen.BurstILPostProcessor
running Unity.Jobs.CodeGen.JobsILPostProcessor
running zzzUnity.Burst.CodeGen.BurstILPostProcessor
[ 913/1379  0s] ILPostProcess Library/Bee/artifacts/200b0aE.dag/post-processed/Unity.AppUI.Undo.dll (+pdb)
Processing assembly Library/Bee/artifacts/200b0aE.dag/Unity.AppUI.Undo.dll, with 143 defines and 274 references
processors: Unity.Jobs.CodeGen.JobsILPostProcessor, zzzUnity.Burst.CodeGen.BurstILPostProcessor
1 processor(s) skipped this assembly
running Unity.Jobs.CodeGen.JobsILPostProcessor
[ 914/1379  0s] ILPostProcess Library/Bee/artifacts/200b0aE.dag/post-processed/Unity.InferenceEngine.Tokenization.dll (+pdb)
Processing assembly Library/Bee/artifacts/200b0aE.dag/Unity.InferenceEngine.Tokenization.dll, with 143 defines and 274 references
processors: Unity.Jobs.CodeGen.JobsILPostProcessor, zzzUnity.Burst.CodeGen.BurstILPostProcessor
1 processor(s) skipped this assembly
running Unity.Jobs.CodeGen.JobsILPostProcessor
[ 915/1379  0s] ILPostProcess Library/Bee/artifacts/200b0aE.dag/post-processed/Project.Application.dll (+pdb)
Processing assembly Library/Bee/artifacts/200b0aE.dag/Project.Application.dll, with 143 defines and 139 references
processors: Unity.Jobs.CodeGen.JobsILPostProcessor, zzzUnity.Burst.CodeGen.BurstILPostProcessor
1 processor(s) skipped this assembly
running Unity.Jobs.CodeGen.JobsILPostProcessor
[ 916/1379  0s] ILPostProcess Library/Bee/artifacts/200b0aE.dag/post-processed/Unity.AI.Navigation.dll (+pdb)
Processing assembly Library/Bee/artifacts/200b0aE.dag/Unity.AI.Navigation.dll, with 144 defines and 278 references
processors: Unity.Jobs.CodeGen.JobsILPostProcessor, zzzUnity.Burst.CodeGen.BurstILPostProcessor
1 processor(s) skipped this assembly
running Unity.Jobs.CodeGen.JobsILPostProcessor
[ 917/1379  0s] ILPostProcess Library/Bee/artifacts/200b0aE.dag/post-processed/Project.Core.dll (+pdb)
Processing assembly Library/Bee/artifacts/200b0aE.dag/Project.Core.dll, with 143 defines and 138 references
processors: Unity.Jobs.CodeGen.JobsILPostProcessor, zzzUnity.Burst.CodeGen.BurstILPostProcessor
1 processor(s) skipped this assembly
running Unity.Jobs.CodeGen.JobsILPostProcessor
[ 918/1379  0s] ILPostProcess Library/Bee/artifacts/200b0aE.dag/post-processed/Unity.AppUI.InternalAPIBridge.dll (+pdb)
Processing assembly Library/Bee/artifacts/200b0aE.dag/Unity.AppUI.InternalAPIBridge.dll, with 144 defines and 274 references
processors: Unity.Jobs.CodeGen.JobsILPostProcessor, zzzUnity.Burst.CodeGen.BurstILPostProcessor
1 processor(s) skipped this assembly
running Unity.Jobs.CodeGen.JobsILPostProcessor
[ 919/1379  0s] ILPostProcess Library/Bee/artifacts/200b0aE.dag/post-processed/Unity.Burst.dll (+pdb)
Processing assembly Library/Bee/artifacts/200b0aE.dag/Unity.Burst.dll, with 143 defines and 278 references
processors: Unity.Jobs.CodeGen.JobsILPostProcessor, zzzUnity.Burst.CodeGen.BurstILPostProcessor
running Unity.Jobs.CodeGen.JobsILPostProcessor
running zzzUnity.Burst.CodeGen.BurstILPostProcessor
[ 920/1379  0s] ILPostProcess Library/Bee/artifacts/200b0aE.dag/post-processed/UnityEngine.TestRunner.dll (+pdb)
Processing assembly Library/Bee/artifacts/200b0aE.dag/UnityEngine.TestRunner.dll, with 144 defines and 269 references
processors: Unity.Jobs.CodeGen.JobsILPostProcessor, zzzUnity.Burst.CodeGen.BurstILPostProcessor
1 processor(s) skipped this assembly
running Unity.Jobs.CodeGen.JobsILPostProcessor
[ 921/1379  0s] ILPostProcess Library/Bee/artifacts/200b0aE.dag/post-processed/Unity.RenderPipelines.Core.ShaderLibrary.dll (+pdb)
Processing assembly Library/Bee/artifacts/200b0aE.dag/Unity.RenderPipelines.Core.ShaderLibrary.dll, with 143 defines and 278 references
processors: Unity.Jobs.CodeGen.JobsILPostProcessor, zzzUnity.Burst.CodeGen.BurstILPostProcessor
1 processor(s) skipped this assembly
running Unity.Jobs.CodeGen.JobsILPostProcessor
[ 922/1379  0s] ILPostProcess Library/Bee/artifacts/200b0aE.dag/post-processed/Unity.Mathematics.dll (+pdb)
Processing assembly Library/Bee/artifacts/200b0aE.dag/Unity.Mathematics.dll, with 143 defines and 278 references
processors: Unity.Jobs.CodeGen.JobsILPostProcessor, zzzUnity.Burst.CodeGen.BurstILPostProcessor
1 processor(s) skipped this assembly
running Unity.Jobs.CodeGen.JobsILPostProcessor
[ 923/1379  0s] ILPostProcess Library/Bee/artifacts/200b0aE.dag/post-processed/Unity.RenderPipelines.ShaderGraph.ShaderGraphLibrary.dll (+pdb)
Processing assembly Library/Bee/artifacts/200b0aE.dag/Unity.RenderPipelines.ShaderGraph.ShaderGraphLibrary.dll, with 143 defines and 278 references
processors: Unity.Jobs.CodeGen.JobsILPostProcessor, zzzUnity.Burst.CodeGen.BurstILPostProcessor
1 processor(s) skipped this assembly
running Unity.Jobs.CodeGen.JobsILPostProcessor
[ 924/1379  0s] ILPostProcess Library/Bee/artifacts/200b0aE.dag/post-processed/Unity.PerformanceTesting.dll (+pdb)
Processing assembly Library/Bee/artifacts/200b0aE.dag/Unity.PerformanceTesting.dll, with 144 defines and 272 references
processors: Unity.Jobs.CodeGen.JobsILPostProcessor, zzzUnity.Burst.CodeGen.BurstILPostProcessor
1 processor(s) skipped this assembly
running Unity.Jobs.CodeGen.JobsILPostProcessor
[ 925/1379  0s] ILPostProcess Library/Bee/artifacts/200b0aE.dag/post-processed/Unity.AI.MCP.Runtime.dll (+pdb)
Processing assembly Library/Bee/artifacts/200b0aE.dag/Unity.AI.MCP.Runtime.dll, with 143 defines and 278 references
processors: Unity.Jobs.CodeGen.JobsILPostProcessor, zzzUnity.Burst.CodeGen.BurstILPostProcessor
1 processor(s) skipped this assembly
running Unity.Jobs.CodeGen.JobsILPostProcessor
[ 926/1379  0s] ILPostProcess Library/Bee/artifacts/200b0aE.dag/post-processed/Unity.InternalAPIEngineBridge.ObjectDispatcher.Runtime.dll (+pdb)
Processing assembly Library/Bee/artifacts/200b0aE.dag/Unity.InternalAPIEngineBridge.ObjectDispatcher.Runtime.dll, with 143 defines and 278 references
processors: Unity.Jobs.CodeGen.JobsILPostProcessor, zzzUnity.Burst.CodeGen.BurstILPostProcessor
1 processor(s) skipped this assembly
running Unity.Jobs.CodeGen.JobsILPostProcessor
[ 927/1379  0s] ILPostProcess Library/Bee/artifacts/200b0aE.dag/post-processed/Unity.AI.Assistant.Runtime.dll (+pdb)
Processing assembly Library/Bee/artifacts/200b0aE.dag/Unity.AI.Assistant.Runtime.dll, with 143 defines and 272 references
processors: Unity.Jobs.CodeGen.JobsILPostProcessor, zzzUnity.Burst.CodeGen.BurstILPostProcessor
1 processor(s) skipped this assembly
running Unity.Jobs.CodeGen.JobsILPostProcessor
[ 928/1379  0s] ILPostProcess Library/Bee/artifacts/200b0aE.dag/post-processed/Unity.AI.Animate.Motion.Runtime.dll (+pdb)
Processing assembly Library/Bee/artifacts/200b0aE.dag/Unity.AI.Animate.Motion.Runtime.dll, with 143 defines and 274 references
processors: Unity.Jobs.CodeGen.JobsILPostProcessor, zzzUnity.Burst.CodeGen.BurstILPostProcessor
1 processor(s) skipped this assembly
running Unity.Jobs.CodeGen.JobsILPostProcessor
[ 929/1379  0s] ILPostProcess Library/Bee/artifacts/200b0aE.dag/post-processed/Unity.Profiling.Core.dll (+pdb)
Processing assembly Library/Bee/artifacts/200b0aE.dag/Unity.Profiling.Core.dll, with 143 defines and 278 references
processors: Unity.Jobs.CodeGen.JobsILPostProcessor, zzzUnity.Burst.CodeGen.BurstILPostProcessor
1 processor(s) skipped this assembly
running Unity.Jobs.CodeGen.JobsILPostProcessor
[ 930/1379  0s] ILPostProcess Library/Bee/artifacts/200b0aE.dag/post-processed/Unity.InternalAPIEngineBridge.RenderPipelines.Core.Runtime.Shared.dll (+pdb)
Processing assembly Library/Bee/artifacts/200b0aE.dag/Unity.InternalAPIEngineBridge.RenderPipelines.Core.Runtime.Shared.dll, with 143 defines and 278 references
processors: Unity.Jobs.CodeGen.JobsILPostProcessor, zzzUnity.Burst.CodeGen.BurstILPostProcessor
1 processor(s) skipped this assembly
running Unity.Jobs.CodeGen.JobsILPostProcessor
[ 931/1379  0s] ILPostProcess Library/Bee/artifacts/200b0aE.dag/post-processed/UnityEngine.UI.dll (+pdb)
Processing assembly Library/Bee/artifacts/200b0aE.dag/UnityEngine.UI.dll, with 148 defines and 276 references
processors: Unity.Jobs.CodeGen.JobsILPostProcessor, zzzUnity.Burst.CodeGen.BurstILPostProcessor
1 processor(s) skipped this assembly
running Unity.Jobs.CodeGen.JobsILPostProcessor
[ 932/1379  2s] Csc Library/Bee/artifacts/200b0aE.dag/Unity.AppUI.dll (+2 others)
[           0s] Csc Library/Bee/artifacts/200b0aE.dag/Unity.AppUI.dll (+2 others) [CacheWrite afbeaab1d6c763cbe7660fc8820611e300000000000000000000000000000006]
[ 933/1379  1s] ILPostProcess Library/Bee/artifacts/200b0aE.dag/post-processed/Unity.TextMeshPro.dll (+pdb)
Processing assembly Library/Bee/artifacts/200b0aE.dag/Unity.TextMeshPro.dll, with 144 defines and 279 references
processors: Unity.Jobs.CodeGen.JobsILPostProcessor, zzzUnity.Burst.CodeGen.BurstILPostProcessor
1 processor(s) skipped this assembly
running Unity.Jobs.CodeGen.JobsILPostProcessor
[ 935/1379  2s] ILPostProcess Library/Bee/artifacts/200b0aE.dag/post-processed/Unity.Collections.dll (+pdb)
Processing assembly Library/Bee/artifacts/200b0aE.dag/Unity.Collections.dll, with 145 defines and 280 references
processors: Unity.Jobs.CodeGen.JobsILPostProcessor, zzzUnity.Burst.CodeGen.BurstILPostProcessor
running Unity.Jobs.CodeGen.JobsILPostProcessor
running zzzUnity.Burst.CodeGen.BurstILPostProcessor
[ 939/1379  0s] ILPostProcess Library/Bee/artifacts/200b0aE.dag/post-processed/Unity.InputSystem.ForUI.dll (+pdb)
Processing assembly Library/Bee/artifacts/200b0aE.dag/Unity.InputSystem.ForUI.dll, with 143 defines and 279 references
processors: Unity.Jobs.CodeGen.JobsILPostProcessor, zzzUnity.Burst.CodeGen.BurstILPostProcessor
1 processor(s) skipped this assembly
running Unity.Jobs.CodeGen.JobsILPostProcessor
[ 940/1379  0s] MovedFromExtractor-Combine Library/Bee/artifacts/200b0aE.dag/Unity.AppUI.MVVM.dll.mvfrm
[ 941/1379  0s] MovedFromExtractor-Combine Library/Bee/artifacts/200b0aE.dag/Unity.AppUI.Redux.dll.mvfrm
[ 942/1379  0s] MovedFromExtractor-Combine Library/Bee/artifacts/200b0aE.dag/Unity.AppUI.Navigation.dll.mvfrm
[           0s] Csc Library/Bee/artifacts/200b0aE.dag/Unity.AppUI.MVVM.dll (+2 others) [CacheMiss ace7dfb5cf95ec6532136317b203a2fa00000000000000000000000000000006]
[           0s] Csc Library/Bee/artifacts/200b0aE.dag/Unity.AppUI.Redux.dll (+2 others) [CacheMiss aef28c35099226cff7db035e84af281800000000000000000000000000000006]
[           0s] Csc Library/Bee/artifacts/200b0aE.dag/Unity.AppUI.Navigation.dll (+2 others) [CacheMiss 53835f5b74eee5a8fd60131edf8b10c900000000000000000000000000000006]
[ 943/1379  1s] ILPostProcess Library/Bee/artifacts/200b0aE.dag/post-processed/Unity.InputSystem.dll (+pdb)
Processing assembly Library/Bee/artifacts/200b0aE.dag/Unity.InputSystem.dll, with 154 defines and 278 references
processors: Unity.Jobs.CodeGen.JobsILPostProcessor, zzzUnity.Burst.CodeGen.BurstILPostProcessor
1 processor(s) skipped this assembly
running Unity.Jobs.CodeGen.JobsILPostProcessor
[ 944/1379  0s] ILPostProcess Library/Bee/artifacts/200b0aE.dag/post-processed/Unity.InputSystem.DocCodeSamples.dll (+pdb)
Processing assembly Library/Bee/artifacts/200b0aE.dag/Unity.InputSystem.DocCodeSamples.dll, with 141 defines and 302 references
processors: Unity.Jobs.CodeGen.JobsILPostProcessor, zzzUnity.Burst.CodeGen.BurstILPostProcessor
1 processor(s) skipped this assembly
running Unity.Jobs.CodeGen.JobsILPostProcessor
[ 945/1379  0s] ILPostProcess Library/Bee/artifacts/200b0aE.dag/post-processed/Unity.PerformanceTesting.Editor.dll (+pdb)
Processing assembly Library/Bee/artifacts/200b0aE.dag/Unity.PerformanceTesting.Editor.dll, with 142 defines and 302 references
processors: Unity.Jobs.CodeGen.JobsILPostProcessor, zzzUnity.Burst.CodeGen.BurstILPostProcessor
1 processor(s) skipped this assembly
running Unity.Jobs.CodeGen.JobsILPostProcessor
[ 946/1379  0s] ILPostProcess Library/Bee/artifacts/200b0aE.dag/post-processed/Unity.AI.Generators.Redux.dll (+pdb)
Processing assembly Library/Bee/artifacts/200b0aE.dag/Unity.AI.Generators.Redux.dll, with 141 defines and 309 references
processors: Unity.Jobs.CodeGen.JobsILPostProcessor, zzzUnity.Burst.CodeGen.BurstILPostProcessor
1 processor(s) skipped this assembly
running Unity.Jobs.CodeGen.JobsILPostProcessor
[ 947/1379  0s] ILPostProcess Library/Bee/artifacts/200b0aE.dag/post-processed/Unity.AI.ModelSelector.dll (+pdb)
Processing assembly Library/Bee/artifacts/200b0aE.dag/Unity.AI.ModelSelector.dll, with 141 defines and 315 references
processors: Unity.Jobs.CodeGen.JobsILPostProcessor, zzzUnity.Burst.CodeGen.BurstILPostProcessor
1 processor(s) skipped this assembly
running Unity.Jobs.CodeGen.JobsILPostProcessor
[ 948/1379  0s] ILPostProcess Library/Bee/artifacts/200b0aE.dag/post-processed/HFDownloader.dll (+pdb)
Processing assembly Library/Bee/artifacts/200b0aE.dag/HFDownloader.dll, with 141 defines and 302 references
processors: Unity.Jobs.CodeGen.JobsILPostProcessor, zzzUnity.Burst.CodeGen.BurstILPostProcessor
1 processor(s) skipped this assembly
running Unity.Jobs.CodeGen.JobsILPostProcessor
[ 949/1379  0s] ILPostProcess Library/Bee/artifacts/200b0aE.dag/post-processed/Unity.AI.Generators.UI.dll (+pdb)
Processing assembly Library/Bee/artifacts/200b0aE.dag/Unity.AI.Generators.UI.dll, with 141 defines and 313 references
processors: Unity.Jobs.CodeGen.JobsILPostProcessor, zzzUnity.Burst.CodeGen.BurstILPostProcessor
1 processor(s) skipped this assembly
running Unity.Jobs.CodeGen.JobsILPostProcessor
[ 950/1379  0s] ILPostProcess Library/Bee/artifacts/200b0aE.dag/post-processed/Unity.AppUI.dll (+pdb)
Processing assembly Library/Bee/artifacts/200b0aE.dag/Unity.AppUI.dll, with 152 defines and 276 references
processors: Unity.Jobs.CodeGen.JobsILPostProcessor, zzzUnity.Burst.CodeGen.BurstILPostProcessor
1 processor(s) skipped this assembly
running Unity.Jobs.CodeGen.JobsILPostProcessor
[ 951/1379  0s] ILPostProcess Library/Bee/artifacts/200b0aE.dag/post-processed/Unity.2D.Sprite.Editor.dll (+pdb)
Processing assembly Library/Bee/artifacts/200b0aE.dag/Unity.2D.Sprite.Editor.dll, with 141 defines and 306 references
processors: Unity.Jobs.CodeGen.JobsILPostProcessor, zzzUnity.Burst.CodeGen.BurstILPostProcessor
1 processor(s) skipped this assembly
running Unity.Jobs.CodeGen.JobsILPostProcessor
[ 952/1379  0s] ILPostProcess Library/Bee/artifacts/200b0aE.dag/post-processed/Unity.AI.Animate.dll (+pdb)
Processing assembly Library/Bee/artifacts/200b0aE.dag/Unity.AI.Animate.dll, with 141 defines and 323 references
processors: Unity.Jobs.CodeGen.JobsILPostProcessor, zzzUnity.Burst.CodeGen.BurstILPostProcessor
1 processor(s) skipped this assembly
running Unity.Jobs.CodeGen.JobsILPostProcessor
[ 953/1379  0s] Csc Library/Bee/artifacts/200b0aE.dag/Unity.AppUI.MVVM.dll (+2 others)
[           0s] Csc Library/Bee/artifacts/200b0aE.dag/Unity.AppUI.MVVM.dll (+2 others) [CacheWrite ace7dfb5cf95ec6532136317b203a2fa00000000000000000000000000000006]
[ 954/1379  1s] Csc Library/Bee/artifacts/200b0aE.dag/Unity.AppUI.Navigation.dll (+2 others)
[           0s] Csc Library/Bee/artifacts/200b0aE.dag/Unity.AppUI.Navigation.dll (+2 others) [CacheWrite 53835f5b74eee5a8fd60131edf8b10c900000000000000000000000000000006]
[ 958/1379  0s] ILPostProcess Library/Bee/artifacts/200b0aE.dag/post-processed/Unity.AI.Navigation.Editor.ConversionSystem.dll (+pdb)
Processing assembly Library/Bee/artifacts/200b0aE.dag/Unity.AI.Navigation.Editor.ConversionSystem.dll, with 141 defines and 306 references
processors: Unity.Jobs.CodeGen.JobsILPostProcessor, zzzUnity.Burst.CodeGen.BurstILPostProcessor
1 processor(s) skipped this assembly
running Unity.Jobs.CodeGen.JobsILPostProcessor
[ 959/1379  0s] ILPostProcess Library/Bee/artifacts/200b0aE.dag/post-processed/Unity.AI.Pbr.dll (+pdb)
Processing assembly Library/Bee/artifacts/200b0aE.dag/Unity.AI.Pbr.dll, with 141 defines and 322 references
processors: Unity.Jobs.CodeGen.JobsILPostProcessor, zzzUnity.Burst.CodeGen.BurstILPostProcessor
1 processor(s) skipped this assembly
running Unity.Jobs.CodeGen.JobsILPostProcessor
[ 960/1379  0s] ILPostProcess Library/Bee/artifacts/200b0aE.dag/post-processed/Unity.AI.Generators.Sdk.dll (+pdb)
Processing assembly Library/Bee/artifacts/200b0aE.dag/Unity.AI.Generators.Sdk.dll, with 141 defines and 310 references
processors: Unity.Jobs.CodeGen.JobsILPostProcessor, zzzUnity.Burst.CodeGen.BurstILPostProcessor
1 processor(s) skipped this assembly
running Unity.Jobs.CodeGen.JobsILPostProcessor
[ 961/1379  0s] ILPostProcess Library/Bee/artifacts/200b0aE.dag/post-processed/Unity.AI.Generators.Contexts.dll (+pdb)
Processing assembly Library/Bee/artifacts/200b0aE.dag/Unity.AI.Generators.Contexts.dll, with 141 defines and 306 references
processors: Unity.Jobs.CodeGen.JobsILPostProcessor, zzzUnity.Burst.CodeGen.BurstILPostProcessor
1 processor(s) skipped this assembly
running Unity.Jobs.CodeGen.JobsILPostProcessor
[ 962/1379  0s] ILPostProcess Library/Bee/artifacts/200b0aE.dag/post-processed/Unity.AI.Image.dll (+pdb)
Processing assembly Library/Bee/artifacts/200b0aE.dag/Unity.AI.Image.dll, with 141 defines and 323 references
processors: Unity.Jobs.CodeGen.JobsILPostProcessor, zzzUnity.Burst.CodeGen.BurstILPostProcessor
1 processor(s) skipped this assembly
running Unity.Jobs.CodeGen.JobsILPostProcessor
[ 963/1379  0s] ILPostProcess Library/Bee/artifacts/200b0aE.dag/post-processed/Unity.AppUI.MVVM.dll (+pdb)
Processing assembly Library/Bee/artifacts/200b0aE.dag/Unity.AppUI.MVVM.dll, with 145 defines and 276 references
processors: Unity.Jobs.CodeGen.JobsILPostProcessor, zzzUnity.Burst.CodeGen.BurstILPostProcessor
1 processor(s) skipped this assembly
running Unity.Jobs.CodeGen.JobsILPostProcessor
[ 964/1379  0s] ILPostProcess Library/Bee/artifacts/200b0aE.dag/post-processed/Unity.AppUI.Navigation.dll (+pdb)
Processing assembly Library/Bee/artifacts/200b0aE.dag/Unity.AppUI.Navigation.dll, with 145 defines and 276 references
processors: Unity.Jobs.CodeGen.JobsILPostProcessor, zzzUnity.Burst.CodeGen.BurstILPostProcessor
1 processor(s) skipped this assembly
running Unity.Jobs.CodeGen.JobsILPostProcessor
[ 965/1379  1s] Csc Library/Bee/artifacts/200b0aE.dag/Unity.AppUI.Redux.dll (+2 others)
[           0s] Csc Library/Bee/artifacts/200b0aE.dag/Unity.AppUI.Redux.dll (+2 others) [CacheWrite aef28c35099226cff7db035e84af281800000000000000000000000000000006]
[ 969/1379  0s] ILPostProcess Library/Bee/artifacts/200b0aE.dag/post-processed/Unity.AI.Generators.UI.AIDropdownIntegrations.dll (+pdb)
Processing assembly Library/Bee/artifacts/200b0aE.dag/Unity.AI.Generators.UI.AIDropdownIntegrations.dll, with 141 defines and 309 references
processors: Unity.Jobs.CodeGen.JobsILPostProcessor, zzzUnity.Burst.CodeGen.BurstILPostProcessor
1 processor(s) skipped this assembly
running Unity.Jobs.CodeGen.JobsILPostProcessor
[ 970/1379  0s] ILPostProcess Library/Bee/artifacts/200b0aE.dag/post-processed/Unity.InternalAPIEngineBridge.RenderPipelines.Core.Editor.dll (+pdb)
Processing assembly Library/Bee/artifacts/200b0aE.dag/Unity.InternalAPIEngineBridge.RenderPipelines.Core.Editor.dll, with 141 defines and 306 references
processors: Unity.Jobs.CodeGen.JobsILPostProcessor, zzzUnity.Burst.CodeGen.BurstILPostProcessor
1 processor(s) skipped this assembly
running Unity.Jobs.CodeGen.JobsILPostProcessor
[ 971/1379  0s] ILPostProcess Library/Bee/artifacts/200b0aE.dag/post-processed/Unity.AI.Toolkit.GenerationObjectPicker.dll (+pdb)
Processing assembly Library/Bee/artifacts/200b0aE.dag/Unity.AI.Toolkit.GenerationObjectPicker.dll, with 142 defines and 309 references
processors: Unity.Jobs.CodeGen.JobsILPostProcessor, zzzUnity.Burst.CodeGen.BurstILPostProcessor
1 processor(s) skipped this assembly
running Unity.Jobs.CodeGen.JobsILPostProcessor
[ 972/1379  0s] ILPostProcess Library/Bee/artifacts/200b0aE.dag/post-processed/Unity.AI.Generators.IO.dll (+pdb)
Processing assembly Library/Bee/artifacts/200b0aE.dag/Unity.AI.Generators.IO.dll, with 141 defines and 311 references
processors: Unity.Jobs.CodeGen.JobsILPostProcessor, zzzUnity.Burst.CodeGen.BurstILPostProcessor
1 processor(s) skipped this assembly
running Unity.Jobs.CodeGen.JobsILPostProcessor
[ 973/1379  0s] ILPostProcess Library/Bee/artifacts/200b0aE.dag/post-processed/Unity.AI.Assistant.Bridge.Editor.dll (+pdb)
Processing assembly Library/Bee/artifacts/200b0aE.dag/Unity.AI.Assistant.Bridge.Editor.dll, with 142 defines and 306 references
processors: Unity.Jobs.CodeGen.JobsILPostProcessor, zzzUnity.Burst.CodeGen.BurstILPostProcessor
1 processor(s) skipped this assembly
running Unity.Jobs.CodeGen.JobsILPostProcessor
[ 974/1379  0s] ILPostProcess Library/Bee/artifacts/200b0aE.dag/post-processed/Unity.GraphAuthoring.Editor.dll (+pdb)
Processing assembly Library/Bee/artifacts/200b0aE.dag/Unity.GraphAuthoring.Editor.dll, with 141 defines and 306 references
processors: Unity.Jobs.CodeGen.JobsILPostProcessor, zzzUnity.Burst.CodeGen.BurstILPostProcessor
1 processor(s) skipped this assembly
running Unity.Jobs.CodeGen.JobsILPostProcessor
[ 975/1379  0s] ILPostProcess Library/Bee/artifacts/200b0aE.dag/post-processed/Unity.AppUI.Redux.dll (+pdb)
Processing assembly Library/Bee/artifacts/200b0aE.dag/Unity.AppUI.Redux.dll, with 143 defines and 276 references
processors: Unity.Jobs.CodeGen.JobsILPostProcessor, zzzUnity.Burst.CodeGen.BurstILPostProcessor
1 processor(s) skipped this assembly
running Unity.Jobs.CodeGen.JobsILPostProcessor
[ 976/1379  0s] ILPostProcess Library/Bee/artifacts/200b0aE.dag/post-processed/UnityEditor.TestRunner.dll (+pdb)
Processing assembly Library/Bee/artifacts/200b0aE.dag/UnityEditor.TestRunner.dll, with 142 defines and 302 references
processors: Unity.Jobs.CodeGen.JobsILPostProcessor, zzzUnity.Burst.CodeGen.BurstILPostProcessor
1 processor(s) skipped this assembly
running Unity.Jobs.CodeGen.JobsILPostProcessor
[ 977/1379  0s] ILPostProcess Library/Bee/artifacts/200b0aE.dag/post-processed/UnityEditor.UI.Analytics.dll (+pdb)
Processing assembly Library/Bee/artifacts/200b0aE.dag/UnityEditor.UI.Analytics.dll, with 141 defines and 307 references
processors: Unity.Jobs.CodeGen.JobsILPostProcessor, zzzUnity.Burst.CodeGen.BurstILPostProcessor
1 processor(s) skipped this assembly
running Unity.Jobs.CodeGen.JobsILPostProcessor
[ 978/1379  0s] ILPostProcess Library/Bee/artifacts/200b0aE.dag/post-processed/Unity.Searcher.Editor.dll (+pdb)
Processing assembly Library/Bee/artifacts/200b0aE.dag/Unity.Searcher.Editor.dll, with 141 defines and 306 references
processors: Unity.Jobs.CodeGen.JobsILPostProcessor, zzzUnity.Burst.CodeGen.BurstILPostProcessor
1 processor(s) skipped this assembly
running Unity.Jobs.CodeGen.JobsILPostProcessor
[ 979/1379  0s] ILPostProcess Library/Bee/artifacts/200b0aE.dag/post-processed/Unity.ShaderGraph.Utilities.dll (+pdb)
Processing assembly Library/Bee/artifacts/200b0aE.dag/Unity.ShaderGraph.Utilities.dll, with 141 defines and 306 references
processors: Unity.Jobs.CodeGen.JobsILPostProcessor, zzzUnity.Burst.CodeGen.BurstILPostProcessor
1 processor(s) skipped this assembly
running Unity.Jobs.CodeGen.JobsILPostProcessor
[ 980/1379  0s] ILPostProcess Library/Bee/artifacts/200b0aE.dag/post-processed/Unity.AI.Toolkit.Utility.dll (+pdb)
Processing assembly Library/Bee/artifacts/200b0aE.dag/Unity.AI.Toolkit.Utility.dll, with 141 defines and 306 references
processors: Unity.Jobs.CodeGen.JobsILPostProcessor, zzzUnity.Burst.CodeGen.BurstILPostProcessor
1 processor(s) skipped this assembly
running Unity.Jobs.CodeGen.JobsILPostProcessor
[ 981/1379  4s] Csc Library/Bee/artifacts/200b0aE.dag/Unity.RenderPipelines.Core.Runtime.dll (+2 others)
[ 982/1379  4s] Csc Library/Bee/artifacts/200b0aE.dag/Unity.InferenceEngine.dll (+2 others)
[           0s] Csc Library/Bee/artifacts/200b0aE.dag/Unity.InferenceEngine.dll (+2 others) [CacheWrite e836399546e947299121742afa63df4100000000000000000000000000000006]
[           0s] Csc Library/Bee/artifacts/200b0aE.dag/Unity.RenderPipelines.Core.Runtime.dll (+2 others) [CacheWrite e08c15a838a05fb14f021ee15b0a6ee900000000000000000000000000000006]
[1002/1379  0s] ILPostProcess Library/Bee/artifacts/200b0aE.dag/post-processed/Unity.AI.Generators.Asset.dll (+pdb)
Processing assembly Library/Bee/artifacts/200b0aE.dag/Unity.AI.Generators.Asset.dll, with 141 defines and 311 references
processors: Unity.Jobs.CodeGen.JobsILPostProcessor, zzzUnity.Burst.CodeGen.BurstILPostProcessor
1 processor(s) skipped this assembly
running Unity.Jobs.CodeGen.JobsILPostProcessor
[1003/1379  0s] ILPostProcess Library/Bee/artifacts/200b0aE.dag/post-processed/Unity.AI.Pbr.Srp.dll (+pdb)
Processing assembly Library/Bee/artifacts/200b0aE.dag/Unity.AI.Pbr.Srp.dll, with 141 defines and 307 references
processors: Unity.Jobs.CodeGen.JobsILPostProcessor, zzzUnity.Burst.CodeGen.BurstILPostProcessor
1 processor(s) skipped this assembly
running Unity.Jobs.CodeGen.JobsILPostProcessor
[1004/1379  0s] ILPostProcess Library/Bee/artifacts/200b0aE.dag/post-processed/Unity.AI.Generators.IO.Srp.dll (+pdb)
Processing assembly Library/Bee/artifacts/200b0aE.dag/Unity.AI.Generators.IO.Srp.dll, with 141 defines and 306 references
processors: Unity.Jobs.CodeGen.JobsILPostProcessor, zzzUnity.Burst.CodeGen.BurstILPostProcessor
1 processor(s) skipped this assembly
running Unity.Jobs.CodeGen.JobsILPostProcessor
[1005/1379  0s] ILPostProcess Library/Bee/artifacts/200b0aE.dag/post-processed/Unity.AppUI.Navigation.Editor.dll (+pdb)
Processing assembly Library/Bee/artifacts/200b0aE.dag/Unity.AppUI.Navigation.Editor.dll, with 142 defines and 310 references
processors: Unity.Jobs.CodeGen.JobsILPostProcessor, zzzUnity.Burst.CodeGen.BurstILPostProcessor
1 processor(s) skipped this assembly
running Unity.Jobs.CodeGen.JobsILPostProcessor
[1010/1379  0s] MovedFromExtractor-Combine Library/Bee/artifacts/200b0aE.dag/Unity.PathTracing.Runtime.dll.mvfrm
[1011/1379  0s] ILPostProcess Library/Bee/artifacts/200b0aE.dag/post-processed/UnityEditor.UI.dll (+pdb)
Processing assembly Library/Bee/artifacts/200b0aE.dag/UnityEditor.UI.dll, with 144 defines and 305 references
processors: Unity.Jobs.CodeGen.JobsILPostProcessor, zzzUnity.Burst.CodeGen.BurstILPostProcessor
1 processor(s) skipped this assembly
running Unity.Jobs.CodeGen.JobsILPostProcessor
[           0s] Csc Library/Bee/artifacts/200b0aE.dag/Unity.PathTracing.Runtime.dll (+2 others) [CacheMiss ebe1e593303018a86c4382d9c905119300000000000000000000000000000006]
[1012/1379  0s] MovedFromExtractor-Combine Library/Bee/artifacts/200b0aE.dag/Unity.RenderPipelines.GPUDriven.Runtime.dll.mvfrm
[1013/1379  0s] ILPostProcess Library/Bee/artifacts/200b0aE.dag/post-processed/Unity.AI.Navigation.Editor.dll (+pdb)
Processing assembly Library/Bee/artifacts/200b0aE.dag/Unity.AI.Navigation.Editor.dll, with 142 defines and 308 references
processors: Unity.Jobs.CodeGen.JobsILPostProcessor, zzzUnity.Burst.CodeGen.BurstILPostProcessor
1 processor(s) skipped this assembly
running Unity.Jobs.CodeGen.JobsILPostProcessor
[1014/1379  0s] ILPostProcess Library/Bee/artifacts/200b0aE.dag/post-processed/Unity.AI.Generators.Tools.dll (+pdb)
Processing assembly Library/Bee/artifacts/200b0aE.dag/Unity.AI.Generators.Tools.dll, with 141 defines and 319 references
processors: Unity.Jobs.CodeGen.JobsILPostProcessor, zzzUnity.Burst.CodeGen.BurstILPostProcessor
1 processor(s) skipped this assembly
running Unity.Jobs.CodeGen.JobsILPostProcessor
[1015/1379  0s] MovedFromExtractor-Combine Library/Bee/artifacts/200b0aE.dag/Unity.RenderPipelines.Core.Runtime.Shared.dll.mvfrm
[           0s] Csc Library/Bee/artifacts/200b0aE.dag/Unity.RenderPipelines.GPUDriven.Runtime.dll (+2 others) [CacheMiss 8c5d7a6fea31b3f7091528a63a27993800000000000000000000000000000006]
[           0s] Csc Library/Bee/artifacts/200b0aE.dag/Unity.RenderPipelines.Core.Runtime.Shared.dll (+2 others) [CacheMiss 4f446efa49e124c0b867fc7491ba413d00000000000000000000000000000006]
[1016/1379  0s] MovedFromExtractor-Combine Library/Bee/artifacts/200b0aE.dag/Unity.RenderPipeline.Universal.ShaderLibrary.dll.mvfrm
[1017/1379  0s] MovedFromExtractor-Combine Library/Bee/artifacts/200b0aE.dag/Unity.RenderPipelines.Universal.Config.Runtime.dll.mvfrm
[           0s] Csc Library/Bee/artifacts/200b0aE.dag/Unity.RenderPipelines.Universal.Config.Runtime.dll (+2 others) [CacheMiss 87b351005163a1509cb048129396303500000000000000000000000000000006]
[1026/1379  0s] MovedFromExtractor-Combine Library/Bee/artifacts/200b0aE.dag/Unity.InferenceEngine.iOSBLAS.dll.mvfrm
[1027/1379  0s] ILPostProcess Library/Bee/artifacts/200b0aE.dag/post-processed/Unity.AI.Mesh.dll (+pdb)
Processing assembly Library/Bee/artifacts/200b0aE.dag/Unity.AI.Mesh.dll, with 141 defines and 320 references
processors: Unity.Jobs.CodeGen.JobsILPostProcessor, zzzUnity.Burst.CodeGen.BurstILPostProcessor
1 processor(s) skipped this assembly
running Unity.Jobs.CodeGen.JobsILPostProcessor
[           0s] Csc Library/Bee/artifacts/200b0aE.dag/Unity.InferenceEngine.iOSBLAS.dll (+2 others) [CacheMiss 20005b3797daead84ad4f424a84e3cef00000000000000000000000000000006]
[1028/1379  0s] Csc Library/Bee/artifacts/200b0aE.dag/Unity.RenderPipelines.Universal.Config.Runtime.dll (+2 others)
[           0s] Csc Library/Bee/artifacts/200b0aE.dag/Unity.RenderPipelines.Universal.Config.Runtime.dll (+2 others) [CacheWrite 87b351005163a1509cb048129396303500000000000000000000000000000006]
[1030/1379  0s] Csc Library/Bee/artifacts/200b0aE.dag/Unity.InferenceEngine.iOSBLAS.dll (+2 others)
[           0s] Csc Library/Bee/artifacts/200b0aE.dag/Unity.InferenceEngine.iOSBLAS.dll (+2 others) [CacheWrite 20005b3797daead84ad4f424a84e3cef00000000000000000000000000000006]
[1031/1379  0s] ILPostProcess Library/Bee/artifacts/200b0aE.dag/post-processed/Unity.Collections.Editor.dll (+pdb)
Processing assembly Library/Bee/artifacts/200b0aE.dag/Unity.Collections.Editor.dll, with 142 defines and 307 references
processors: Unity.Jobs.CodeGen.JobsILPostProcessor, zzzUnity.Burst.CodeGen.BurstILPostProcessor
1 processor(s) skipped this assembly
running Unity.Jobs.CodeGen.JobsILPostProcessor
[           0s] Csc Library/Bee/artifacts/200b0aE.dag/Unity.RenderPipeline.Universal.ShaderLibrary.dll (+2 others) [CacheMiss d62b527dcc50b73c3d9d80eca6d6ae1e00000000000000000000000000000006]
[1032/1379  0s] Csc Library/Bee/artifacts/200b0aE.dag/Unity.RenderPipelines.Core.Runtime.Shared.dll (+2 others)
[1033/1379  0s] ILPostProcess Library/Bee/artifacts/200b0aE.dag/post-processed/Unity.RenderPipelines.Universal.Config.Runtime.dll (+pdb)
Processing assembly Library/Bee/artifacts/200b0aE.dag/Unity.RenderPipelines.Universal.Config.Runtime.dll, with 143 defines and 279 references
processors: Unity.Jobs.CodeGen.JobsILPostProcessor, zzzUnity.Burst.CodeGen.BurstILPostProcessor
1 processor(s) skipped this assembly
running Unity.Jobs.CodeGen.JobsILPostProcessor
[1034/1379  0s] ILPostProcess Library/Bee/artifacts/200b0aE.dag/post-processed/Unity.InferenceEngine.iOSBLAS.dll (+pdb)
Processing assembly Library/Bee/artifacts/200b0aE.dag/Unity.InferenceEngine.iOSBLAS.dll, with 143 defines and 279 references
processors: Unity.Jobs.CodeGen.JobsILPostProcessor, zzzUnity.Burst.CodeGen.BurstILPostProcessor
1 processor(s) skipped this assembly
running Unity.Jobs.CodeGen.JobsILPostProcessor
[1035/1379  0s] MovedFromExtractor-Combine Library/Bee/artifacts/200b0aE.dag/Unity.InferenceEngine.MacBLAS.dll.mvfrm
[1036/1379  0s] Csc Library/Bee/artifacts/200b0aE.dag/Unity.PathTracing.Runtime.dll (+2 others)
[           0s] Csc Library/Bee/artifacts/200b0aE.dag/Unity.PathTracing.Runtime.dll (+2 others) [CacheWrite ebe1e593303018a86c4382d9c905119300000000000000000000000000000006]
[           0s] Csc Library/Bee/artifacts/200b0aE.dag/Unity.InferenceEngine.MacBLAS.dll (+2 others) [CacheMiss 874be060f1457f281d33106270b81be900000000000000000000000000000006]
[1041/1379  0s] ILPostProcess Library/Bee/artifacts/200b0aE.dag/post-processed/Unity.AI.Toolkit.GenerationContextMenu.dll (+pdb)
Processing assembly Library/Bee/artifacts/200b0aE.dag/Unity.AI.Toolkit.GenerationContextMenu.dll, with 141 defines and 307 references
processors: Unity.Jobs.CodeGen.JobsILPostProcessor, zzzUnity.Burst.CodeGen.BurstILPostProcessor
1 processor(s) skipped this assembly
running Unity.Jobs.CodeGen.JobsILPostProcessor
[1042/1379  0s] MovedFromExtractor-Combine Library/Bee/artifacts/200b0aE.dag/Unity.SurfaceCache.Runtime.dll.mvfrm
[           0s] Csc Library/Bee/artifacts/200b0aE.dag/Unity.SurfaceCache.Runtime.dll (+2 others) [CacheMiss b5590fe3d76d21fd978073fc1d43932d00000000000000000000000000000006]
[           0s] Csc Library/Bee/artifacts/200b0aE.dag/Unity.RenderPipelines.Core.Runtime.Shared.dll (+2 others) [CacheWrite 4f446efa49e124c0b867fc7491ba413d00000000000000000000000000000006]
[1043/1379  0s] Csc Library/Bee/artifacts/200b0aE.dag/Unity.RenderPipeline.Universal.ShaderLibrary.dll (+2 others)
[           0s] Csc Library/Bee/artifacts/200b0aE.dag/Unity.RenderPipeline.Universal.ShaderLibrary.dll (+2 others) [CacheWrite d62b527dcc50b73c3d9d80eca6d6ae1e00000000000000000000000000000006]
[1046/1379  0s] Csc Library/Bee/artifacts/200b0aE.dag/Unity.InferenceEngine.MacBLAS.dll (+2 others)
[           0s] Csc Library/Bee/artifacts/200b0aE.dag/Unity.InferenceEngine.MacBLAS.dll (+2 others) [CacheWrite 874be060f1457f281d33106270b81be900000000000000000000000000000006]
[1047/1379  0s] ILPostProcess Library/Bee/artifacts/200b0aE.dag/post-processed/Unity.InferenceEngine.MacBLAS.dll (+pdb)
Processing assembly Library/Bee/artifacts/200b0aE.dag/Unity.InferenceEngine.MacBLAS.dll, with 143 defines and 279 references
processors: Unity.Jobs.CodeGen.JobsILPostProcessor, zzzUnity.Burst.CodeGen.BurstILPostProcessor
1 processor(s) skipped this assembly
running Unity.Jobs.CodeGen.JobsILPostProcessor
[1048/1379  0s] Csc Library/Bee/artifacts/200b0aE.dag/Unity.SurfaceCache.Runtime.dll (+2 others)
[           0s] Csc Library/Bee/artifacts/200b0aE.dag/Unity.SurfaceCache.Runtime.dll (+2 others) [CacheWrite b5590fe3d76d21fd978073fc1d43932d00000000000000000000000000000006]
[1050/1379  0s] Csc Library/Bee/artifacts/200b0aE.dag/Unity.RenderPipelines.GPUDriven.Runtime.dll (+2 others)
[1051/1379  0s] ILPostProcess Library/Bee/artifacts/200b0aE.dag/post-processed/Unity.AI.Assistant.AssetGenerators.Editor.dll (+pdb)
Processing assembly Library/Bee/artifacts/200b0aE.dag/Unity.AI.Assistant.AssetGenerators.Editor.dll, with 141 defines and 307 references
processors: Unity.Jobs.CodeGen.JobsILPostProcessor, zzzUnity.Burst.CodeGen.BurstILPostProcessor
1 processor(s) skipped this assembly
running Unity.Jobs.CodeGen.JobsILPostProcessor
[           0s] Csc Library/Bee/artifacts/200b0aE.dag/Unity.RenderPipelines.GPUDriven.Runtime.dll (+2 others) [CacheWrite 8c5d7a6fea31b3f7091528a63a27993800000000000000000000000000000006]
[1052/1379  0s] ILPostProcess Library/Bee/artifacts/200b0aE.dag/post-processed/Unity.RenderPipeline.Universal.ShaderLibrary.dll (+pdb)
Processing assembly Library/Bee/artifacts/200b0aE.dag/Unity.RenderPipeline.Universal.ShaderLibrary.dll, with 143 defines and 279 references
processors: Unity.Jobs.CodeGen.JobsILPostProcessor, zzzUnity.Burst.CodeGen.BurstILPostProcessor
1 processor(s) skipped this assembly
running Unity.Jobs.CodeGen.JobsILPostProcessor
[1063/1379  0s] ILPostProcess Library/Bee/artifacts/200b0aE.dag/post-processed/Unity.RenderPipelines.Core.Runtime.Shared.dll (+pdb)
Processing assembly Library/Bee/artifacts/200b0aE.dag/Unity.RenderPipelines.Core.Runtime.Shared.dll, with 143 defines and 281 references
processors: Unity.Jobs.CodeGen.JobsILPostProcessor, zzzUnity.Burst.CodeGen.BurstILPostProcessor
1 processor(s) skipped this assembly
running Unity.Jobs.CodeGen.JobsILPostProcessor
[1064/1379  0s] MovedFromExtractor-Combine Library/Bee/artifacts/200b0aE.dag/Unity.RenderPipelines.Universal.Runtime.dll.mvfrm
[           0s] Csc Library/Bee/artifacts/200b0aE.dag/Unity.RenderPipelines.Universal.Runtime.dll (+2 others) [CacheMiss 4392908db2627de0b4e11df852c3052600000000000000000000000000000006]
[1065/1379  0s] ILPostProcess Library/Bee/artifacts/200b0aE.dag/post-processed/Unity.AI.Assistant.Tools.Editor.dll (+pdb)
Processing assembly Library/Bee/artifacts/200b0aE.dag/Unity.AI.Assistant.Tools.Editor.dll, with 141 defines and 311 references
processors: Unity.Jobs.CodeGen.JobsILPostProcessor, zzzUnity.Burst.CodeGen.BurstILPostProcessor
1 processor(s) skipped this assembly
running Unity.Jobs.CodeGen.JobsILPostProcessor
[1066/1379  0s] ILPostProcess Library/Bee/artifacts/200b0aE.dag/post-processed/Unity.AI.Toolkit.Asset.dll (+pdb)
Processing assembly Library/Bee/artifacts/200b0aE.dag/Unity.AI.Toolkit.Asset.dll, with 141 defines and 307 references
processors: Unity.Jobs.CodeGen.JobsILPostProcessor, zzzUnity.Burst.CodeGen.BurstILPostProcessor
1 processor(s) skipped this assembly
running Unity.Jobs.CodeGen.JobsILPostProcessor
[1067/1379  0s] ILPostProcess Library/Bee/artifacts/200b0aE.dag/post-processed/Unity.SurfaceCache.Runtime.dll (+pdb)
Processing assembly Library/Bee/artifacts/200b0aE.dag/Unity.SurfaceCache.Runtime.dll, with 144 defines and 282 references
processors: Unity.Jobs.CodeGen.JobsILPostProcessor, zzzUnity.Burst.CodeGen.BurstILPostProcessor
1 processor(s) skipped this assembly
running Unity.Jobs.CodeGen.JobsILPostProcessor
[1068/1379  0s] ILPostProcess Library/Bee/artifacts/200b0aE.dag/post-processed/Unity.AI.Toolkit.Compliance.dll (+pdb)
Processing assembly Library/Bee/artifacts/200b0aE.dag/Unity.AI.Toolkit.Compliance.dll, with 141 defines and 306 references
processors: Unity.Jobs.CodeGen.JobsILPostProcessor, zzzUnity.Burst.CodeGen.BurstILPostProcessor
1 processor(s) skipped this assembly
running Unity.Jobs.CodeGen.JobsILPostProcessor
[1069/1379  0s] ILPostProcess Library/Bee/artifacts/200b0aE.dag/post-processed/Unity.PathTracing.Runtime.dll (+pdb)
Processing assembly Library/Bee/artifacts/200b0aE.dag/Unity.PathTracing.Runtime.dll, with 146 defines and 282 references
processors: Unity.Jobs.CodeGen.JobsILPostProcessor, zzzUnity.Burst.CodeGen.BurstILPostProcessor
1 processor(s) skipped this assembly
running Unity.Jobs.CodeGen.JobsILPostProcessor
[1070/1379  1s] ILPostProcess Library/Bee/artifacts/200b0aE.dag/post-processed/Unity.RenderPipelines.Core.Runtime.dll (+pdb)
Processing assembly Library/Bee/artifacts/200b0aE.dag/Unity.RenderPipelines.Core.Runtime.dll, with 147 defines and 282 references
processors: Unity.Jobs.CodeGen.JobsILPostProcessor, zzzUnity.Burst.CodeGen.BurstILPostProcessor
1 processor(s) skipped this assembly
running Unity.Jobs.CodeGen.JobsILPostProcessor
[1071/1379  0s] ILPostProcess Library/Bee/artifacts/200b0aE.dag/post-processed/Unity.AI.Assistant.Agent.Dynamic.Extension.Editor.dll (+pdb)
Processing assembly Library/Bee/artifacts/200b0aE.dag/Unity.AI.Assistant.Agent.Dynamic.Extension.Editor.dll, with 141 defines and 306 references
processors: Unity.Jobs.CodeGen.JobsILPostProcessor, zzzUnity.Burst.CodeGen.BurstILPostProcessor
1 processor(s) skipped this assembly
running Unity.Jobs.CodeGen.JobsILPostProcessor
[1072/1379  0s] ILPostProcess Library/Bee/artifacts/200b0aE.dag/post-processed/Unity.AppUI.Editor.dll (+pdb)
Processing assembly Library/Bee/artifacts/200b0aE.dag/Unity.AppUI.Editor.dll, with 144 defines and 308 references
processors: Unity.Jobs.CodeGen.JobsILPostProcessor, zzzUnity.Burst.CodeGen.BurstILPostProcessor
1 processor(s) skipped this assembly
running Unity.Jobs.CodeGen.JobsILPostProcessor
[1073/1379  1s] Csc Library/Bee/artifacts/200b0aE.dag/Unity.RenderPipelines.Universal.Runtime.dll (+2 others)
[           0s] Csc Library/Bee/artifacts/200b0aE.dag/Unity.RenderPipelines.Universal.Runtime.dll (+2 others) [CacheWrite 4392908db2627de0b4e11df852c3052600000000000000000000000000000006]
[1075/1379  1s] ILPostProcess Library/Bee/artifacts/200b0aE.dag/post-processed/Unity.AI.MCP.Editor.dll (+pdb)
Processing assembly Library/Bee/artifacts/200b0aE.dag/Unity.AI.MCP.Editor.dll, with 141 defines and 310 references
processors: Unity.Jobs.CodeGen.JobsILPostProcessor, zzzUnity.Burst.CodeGen.BurstILPostProcessor
1 processor(s) skipped this assembly
running Unity.Jobs.CodeGen.JobsILPostProcessor
[1076/1379  1s] ILPostProcess Library/Bee/artifacts/200b0aE.dag/post-processed/Unity.AI.Sound.dll (+pdb)
Processing assembly Library/Bee/artifacts/200b0aE.dag/Unity.AI.Sound.dll, with 141 defines and 322 references
processors: Unity.Jobs.CodeGen.JobsILPostProcessor, zzzUnity.Burst.CodeGen.BurstILPostProcessor
1 processor(s) skipped this assembly
running Unity.Jobs.CodeGen.JobsILPostProcessor
[1077/1379  1s] ILPostProcess Library/Bee/artifacts/200b0aE.dag/post-processed/Unity.AI.Toolkit.Accounts.dll (+pdb)
Processing assembly Library/Bee/artifacts/200b0aE.dag/Unity.AI.Toolkit.Accounts.dll, with 141 defines and 308 references
processors: Unity.Jobs.CodeGen.JobsILPostProcessor, zzzUnity.Burst.CodeGen.BurstILPostProcessor
1 processor(s) skipped this assembly
running Unity.Jobs.CodeGen.JobsILPostProcessor
[1078/1379  1s] ILPostProcess Library/Bee/artifacts/200b0aE.dag/post-processed/Unity.RenderPipelines.GPUDriven.Runtime.dll (+pdb)
Processing assembly Library/Bee/artifacts/200b0aE.dag/Unity.RenderPipelines.GPUDriven.Runtime.dll, with 144 defines and 283 references
processors: Unity.Jobs.CodeGen.JobsILPostProcessor, zzzUnity.Burst.CodeGen.BurstILPostProcessor
running Unity.Jobs.CodeGen.JobsILPostProcessor
running zzzUnity.Burst.CodeGen.BurstILPostProcessor
[1079/1379  1s] ILPostProcess Library/Bee/artifacts/200b0aE.dag/post-processed/Unity.TextMeshPro.Editor.dll (+pdb)
Processing assembly Library/Bee/artifacts/200b0aE.dag/Unity.TextMeshPro.Editor.dll, with 141 defines and 308 references
processors: Unity.Jobs.CodeGen.JobsILPostProcessor, zzzUnity.Burst.CodeGen.BurstILPostProcessor
1 processor(s) skipped this assembly
running Unity.Jobs.CodeGen.JobsILPostProcessor
[1080/1379  1s] ILPostProcess Library/Bee/artifacts/200b0aE.dag/post-processed/Unity.AI.Assistant.UI.Editor.dll (+pdb)
Processing assembly Library/Bee/artifacts/200b0aE.dag/Unity.AI.Assistant.UI.Editor.dll, with 141 defines and 315 references
processors: Unity.Jobs.CodeGen.JobsILPostProcessor, zzzUnity.Burst.CodeGen.BurstILPostProcessor
1 processor(s) skipped this assembly
running Unity.Jobs.CodeGen.JobsILPostProcessor
[1081/1379  1s] ILPostProcess Library/Bee/artifacts/200b0aE.dag/post-processed/Unity.AI.Assistant.Editor.dll (+pdb)
Processing assembly Library/Bee/artifacts/200b0aE.dag/Unity.AI.Assistant.Editor.dll, with 141 defines and 312 references
processors: Unity.Jobs.CodeGen.JobsILPostProcessor, zzzUnity.Burst.CodeGen.BurstILPostProcessor
1 processor(s) skipped this assembly
running Unity.Jobs.CodeGen.JobsILPostProcessor
[1082/1379  1s] ILPostProcess Library/Bee/artifacts/200b0aE.dag/post-processed/Unity.InferenceEngine.ONNX.Editor.dll (+pdb)
Processing assembly Library/Bee/artifacts/200b0aE.dag/Unity.InferenceEngine.ONNX.Editor.dll, with 141 defines and 302 references
processors: Unity.Jobs.CodeGen.JobsILPostProcessor, zzzUnity.Burst.CodeGen.BurstILPostProcessor
1 processor(s) skipped this assembly
running Unity.Jobs.CodeGen.JobsILPostProcessor
[1083/1379  0s] MovedFromExtractor-Combine Library/Bee/artifacts/200b0aE.dag/Project.Infrastructure.dll.mvfrm
[1084/1379  0s] MovedFromExtractor-Combine Library/Bee/artifacts/200b0aE.dag/Project.Presentation.dll.mvfrm
[1086/1379  0s] MovedFromExtractor-Combine Library/Bee/artifacts/200b0aE.dag/Unity.RenderPipelines.Universal.2D.Runtime.dll.mvfrm
[           0s] Csc Library/Bee/artifacts/200b0aE.dag/Unity.RenderPipelines.Universal.2D.Runtime.dll (+2 others) [CacheMiss 82d09a992c410529be402fa99721ba5c00000000000000000000000000000006]
[1087/1379  0s] ILPostProcess Library/Bee/artifacts/200b0aE.dag/post-processed/Unity.AI.Toolkit.Async.dll (+pdb)
Processing assembly Library/Bee/artifacts/200b0aE.dag/Unity.AI.Toolkit.Async.dll, with 141 defines and 306 references
processors: Unity.Jobs.CodeGen.JobsILPostProcessor, zzzUnity.Burst.CodeGen.BurstILPostProcessor
1 processor(s) skipped this assembly
running Unity.Jobs.CodeGen.JobsILPostProcessor
[1088/1379  0s] ILPostProcess Library/Bee/artifacts/200b0aE.dag/post-processed/Unity.InternalAPIEditorBridge.ShaderGraph.Editor.dll (+pdb)
Processing assembly Library/Bee/artifacts/200b0aE.dag/Unity.InternalAPIEditorBridge.ShaderGraph.Editor.dll, with 141 defines and 306 references
processors: Unity.Jobs.CodeGen.JobsILPostProcessor, zzzUnity.Burst.CodeGen.BurstILPostProcessor
1 processor(s) skipped this assembly
running Unity.Jobs.CodeGen.JobsILPostProcessor
[1089/1379  0s] ILPostProcess Library/Bee/artifacts/200b0aE.dag/post-processed/Unity.AI.Assistant.Integrations.Profiler.Editor.dll (+pdb)
Processing assembly Library/Bee/artifacts/200b0aE.dag/Unity.AI.Assistant.Integrations.Profiler.Editor.dll, with 141 defines and 311 references
processors: Unity.Jobs.CodeGen.JobsILPostProcessor, zzzUnity.Burst.CodeGen.BurstILPostProcessor
1 processor(s) skipped this assembly
running Unity.Jobs.CodeGen.JobsILPostProcessor
[1090/1379  0s] Csc Library/Bee/artifacts/200b0aE.dag/Unity.RenderPipelines.Universal.2D.Runtime.dll (+2 others)
[           0s] Csc Library/Bee/artifacts/200b0aE.dag/Unity.RenderPipelines.Universal.2D.Runtime.dll (+2 others) [CacheWrite 82d09a992c410529be402fa99721ba5c00000000000000000000000000000006]
[1096/1379  1s] ILPostProcess Library/Bee/artifacts/200b0aE.dag/post-processed/Unity.RenderPipelines.Universal.Runtime.dll (+pdb)
Processing assembly Library/Bee/artifacts/200b0aE.dag/Unity.RenderPipelines.Universal.Runtime.dll, with 149 defines and 289 references
processors: Unity.Jobs.CodeGen.JobsILPostProcessor, zzzUnity.Burst.CodeGen.BurstILPostProcessor
running Unity.Jobs.CodeGen.JobsILPostProcessor
running zzzUnity.Burst.CodeGen.BurstILPostProcessor
[1097/1379  1s] ILPostProcess Library/Bee/artifacts/200b0aE.dag/post-processed/Unity.AI.Assistant.API.Editor.dll (+pdb)
Processing assembly Library/Bee/artifacts/200b0aE.dag/Unity.AI.Assistant.API.Editor.dll, with 141 defines and 310 references
processors: Unity.Jobs.CodeGen.JobsILPostProcessor, zzzUnity.Burst.CodeGen.BurstILPostProcessor
1 processor(s) skipped this assembly
running Unity.Jobs.CodeGen.JobsILPostProcessor
[1098/1379  1s] ILPostProcess Library/Bee/artifacts/200b0aE.dag/post-processed/Unity.AI.Search.Editor.dll (+pdb)
Processing assembly Library/Bee/artifacts/200b0aE.dag/Unity.AI.Search.Editor.dll, with 142 defines and 310 references
processors: Unity.Jobs.CodeGen.JobsILPostProcessor, zzzUnity.Burst.CodeGen.BurstILPostProcessor
1 processor(s) skipped this assembly
running Unity.Jobs.CodeGen.JobsILPostProcessor
[1099/1379  1s] ILPostProcess Library/Bee/artifacts/200b0aE.dag/post-processed/Unity.ShaderGraph.Editor.dll (+pdb)
Processing assembly Library/Bee/artifacts/200b0aE.dag/Unity.ShaderGraph.Editor.dll, with 141 defines and 312 references
processors: Unity.Jobs.CodeGen.JobsILPostProcessor, zzzUnity.Burst.CodeGen.BurstILPostProcessor
1 processor(s) skipped this assembly
running Unity.Jobs.CodeGen.JobsILPostProcessor
[1100/1379  4s] ILPostProcess Library/Bee/artifacts/200b0aE.dag/post-processed/Unity.InferenceEngine.dll (+pdb)
Processing assembly Library/Bee/artifacts/200b0aE.dag/Unity.InferenceEngine.dll, with 143 defines and 281 references
processors: Unity.Jobs.CodeGen.JobsILPostProcessor, zzzUnity.Burst.CodeGen.BurstILPostProcessor
running Unity.Jobs.CodeGen.JobsILPostProcessor
running zzzUnity.Burst.CodeGen.BurstILPostProcessor
[1101/1379  1s] ILPostProcess Library/Bee/artifacts/200b0aE.dag/post-processed/Unity.PathTracing.Editor.dll (+pdb)
Processing assembly Library/Bee/artifacts/200b0aE.dag/Unity.PathTracing.Editor.dll, with 142 defines and 310 references
processors: Unity.Jobs.CodeGen.JobsILPostProcessor, zzzUnity.Burst.CodeGen.BurstILPostProcessor
1 processor(s) skipped this assembly
running Unity.Jobs.CodeGen.JobsILPostProcessor
[1102/1379  1s] ILPostProcess Library/Bee/artifacts/200b0aE.dag/post-processed/Unity.Rendering.LightTransport.Editor.dll (+pdb)
Processing assembly Library/Bee/artifacts/200b0aE.dag/Unity.Rendering.LightTransport.Editor.dll, with 141 defines and 306 references
processors: Unity.Jobs.CodeGen.JobsILPostProcessor, zzzUnity.Burst.CodeGen.BurstILPostProcessor
1 processor(s) skipped this assembly
running Unity.Jobs.CodeGen.JobsILPostProcessor
[1103/1379  1s] ILPostProcess Library/Bee/artifacts/200b0aE.dag/post-processed/Unity.InferenceEngine.Microsoft.Msagl.dll (+pdb)
Processing assembly Library/Bee/artifacts/200b0aE.dag/Unity.InferenceEngine.Microsoft.Msagl.dll, with 141 defines and 306 references
processors: Unity.Jobs.CodeGen.JobsILPostProcessor, zzzUnity.Burst.CodeGen.BurstILPostProcessor
1 processor(s) skipped this assembly
running Unity.Jobs.CodeGen.JobsILPostProcessor
[1104/1379  1s] ILPostProcess Library/Bee/artifacts/200b0aE.dag/post-processed/Unity.RenderPipelines.Universal.2D.Runtime.dll (+pdb)
Processing assembly Library/Bee/artifacts/200b0aE.dag/Unity.RenderPipelines.Universal.2D.Runtime.dll, with 145 defines and 284 references
processors: Unity.Jobs.CodeGen.JobsILPostProcessor, zzzUnity.Burst.CodeGen.BurstILPostProcessor
running Unity.Jobs.CodeGen.JobsILPostProcessor
running zzzUnity.Burst.CodeGen.BurstILPostProcessor
[1105/1379  0s] ILPostProcess Library/Bee/artifacts/200b0aE.dag/post-processed/Unity.AI.Navigation.Updater.dll (+pdb)
Processing assembly Library/Bee/artifacts/200b0aE.dag/Unity.AI.Navigation.Updater.dll, with 141 defines and 309 references
processors: Unity.Jobs.CodeGen.JobsILPostProcessor, zzzUnity.Burst.CodeGen.BurstILPostProcessor
1 processor(s) skipped this assembly
running Unity.Jobs.CodeGen.JobsILPostProcessor
[1106/1379  0s] ILPostProcess Library/Bee/artifacts/200b0aE.dag/post-processed/Unity.AppUI.Redux.Editor.dll (+pdb)
Processing assembly Library/Bee/artifacts/200b0aE.dag/Unity.AppUI.Redux.Editor.dll, with 144 defines and 305 references
processors: Unity.Jobs.CodeGen.JobsILPostProcessor, zzzUnity.Burst.CodeGen.BurstILPostProcessor
1 processor(s) skipped this assembly
running Unity.Jobs.CodeGen.JobsILPostProcessor
[1107/1379  0s] ILPostProcess Library/Bee/artifacts/200b0aE.dag/post-processed/Unity.RenderPipelines.Core.Editor.Shared.dll (+pdb)
Processing assembly Library/Bee/artifacts/200b0aE.dag/Unity.RenderPipelines.Core.Editor.Shared.dll, with 141 defines and 313 references
processors: Unity.Jobs.CodeGen.JobsILPostProcessor, zzzUnity.Burst.CodeGen.BurstILPostProcessor
1 processor(s) skipped this assembly
running Unity.Jobs.CodeGen.JobsILPostProcessor
[1108/1379  0s] CopyFiles Library/ScriptAssemblies/Unity.Profiling.Core.dll
[1109/1379  0s] CopyFiles Library/ScriptAssemblies/Unity.RenderPipelines.Core.Runtime.dll
[1110/1379  0s] CopyFiles Library/ScriptAssemblies/Unity.PathTracing.Runtime.dll
[1111/1379  0s] CopyFiles Library/ScriptAssemblies/Unity.AI.Animate.Motion.Runtime.dll
[1112/1379  0s] CopyFiles Library/ScriptAssemblies/Unity.RenderPipelines.Universal.2D.Runtime.dll
[1113/1379  0s] CopyFiles Library/ScriptAssemblies/Unity.AI.Assistant.Runtime.dll
[1114/1379  0s] CopyFiles Library/ScriptAssemblies/Project.Application.dll
[1115/1379  0s] CopyFiles Library/ScriptAssemblies/Unity.Collections.dll
[1116/1379  0s] CopyFiles Library/ScriptAssemblies/Unity.SurfaceCache.Runtime.dll
[1117/1379  0s] CopyFiles Library/ScriptAssemblies/Unity.InternalAPIEngineBridge.ObjectDispatcher.Runtime.dll
[1118/1379  0s] CopyFiles Library/ScriptAssemblies/Unity.AppUI.dll
[1119/1379  0s] CopyFiles Library/ScriptAssemblies/Unity.Collections.Tests.CoreCLR.PublicJobPrivateGeneric.dll
[1120/1379  0s] CopyFiles Library/ScriptAssemblies/Unity.TextMeshPro.dll
[1121/1379  0s] CopyFiles Library/ScriptAssemblies/Unity.InferenceEngine.dll
[1122/1379  0s] CopyFiles Library/ScriptAssemblies/Unity.InferenceEngine.Tokenization.dll
[1123/1379  0s] CopyFiles Library/ScriptAssemblies/Unity.RenderPipelines.Core.Runtime.Shared.dll
[1124/1379  0s] CopyFiles Library/ScriptAssemblies/Unity.AppUI.Redux.dll
[1125/1379  0s] CopyFiles Library/ScriptAssemblies/Unity.RenderPipeline.Universal.ShaderLibrary.dll
[1126/1379  0s] CopyFiles Library/ScriptAssemblies/Unity.InputSystem.ForUI.dll
[1127/1379  0s] CopyFiles Library/ScriptAssemblies/Unity.Collections.Tests.CoreCLR.ProtectedJobNested.dll
[1128/1379  0s] CopyFiles Library/ScriptAssemblies/Unity.RenderPipelines.ShaderGraph.ShaderGraphLibrary.dll
[1129/1379  0s] CopyFiles Library/ScriptAssemblies/Unity.InputSystem.TestFramework.dll
[1130/1379  0s] CopyFiles Library/ScriptAssemblies/Unity.RenderPipelines.Universal.Runtime.dll
[1131/1379  0s] CopyFiles Library/ScriptAssemblies/Unity.InferenceEngine.MacBLAS.dll
[1132/1379  0s] CopyFiles Library/ScriptAssemblies/Unity.AppUI.InternalAPIBridge.dll
[1133/1379  0s] CopyFiles Library/ScriptAssemblies/Unity.RenderPipelines.Core.ShaderLibrary.dll
[1134/1379  0s] CopyFiles Library/ScriptAssemblies/Unity.InferenceEngine.iOSBLAS.dll
[1135/1379  0s] CopyFiles Library/ScriptAssemblies/Unity.PerformanceTesting.dll
[1136/1379  0s] CopyFiles Library/ScriptAssemblies/Unity.RenderPipelines.Universal.Config.Runtime.dll
[1137/1379  0s] CopyFiles Library/ScriptAssemblies/Unity.Mathematics.dll
[1138/1379  0s] CopyFiles Library/ScriptAssemblies/Unity.InternalAPIEngineBridge.RenderPipelines.Core.Runtime.Shared.dll
[1139/1379  0s] CopyFiles Library/ScriptAssemblies/Unity.Collections.Tests.CoreCLR.InternalJobNestedPrivate.dll
[1140/1379  0s] CopyFiles Library/ScriptAssemblies/Unity.Burst.dll
[1141/1379  0s] CopyFiles Library/ScriptAssemblies/Unity.UnifiedRayTracing.Runtime.dll
[1142/1379  0s] CopyFiles Library/ScriptAssemblies/UnityEngine.TestRunner.dll
[1143/1379  0s] CopyFiles Library/ScriptAssemblies/Unity.RenderPipelines.Universal.Shaders.dll
[1144/1379  0s] CopyFiles Library/ScriptAssemblies/Project.Core.dll
[1145/1379  0s] CopyFiles Library/ScriptAssemblies/Unity.AppUI.Navigation.dll
[1146/1379  0s] CopyFiles Library/ScriptAssemblies/Unity.RenderPipelines.GPUDriven.Runtime.dll
[1147/1379  0s] CopyFiles Library/ScriptAssemblies/Unity.AppUI.MVVM.dll
[1148/1379  0s] CopyFiles Library/ScriptAssemblies/Unity.AI.Navigation.dll
[1149/1379  0s] CopyFiles Library/ScriptAssemblies/Unity.AI.Tracing.dll
[1150/1379  0s] CopyFiles Library/ScriptAssemblies/Unity.AI.MCP.Runtime.dll
[1151/1379  0s] CopyFiles Library/ScriptAssemblies/Unity.AppUI.Undo.dll
[1152/1379  0s] CopyFiles Library/ScriptAssemblies/Unity.Collections.Tests.CoreCLR.PrivateJobNested.dll
[1153/1379  0s] CopyFiles Library/ScriptAssemblies/Unity.InternalAPIEngineBridge.004.dll
[1154/1379  0s] CopyFiles Library/ScriptAssemblies/Unity.InputSystem.dll
[1155/1379  0s] CopyFiles Library/ScriptAssemblies/Unity.RenderPipelines.Core.Editor.Shared.dll
[1156/1379  0s] CopyFiles Library/ScriptAssemblies/Unity.RenderPipelines.Core.Editor.Shared.pdb
[1157/1379  0s] CopyFiles Library/ScriptAssemblies/Unity.AppUI.Redux.Editor.dll
[1158/1379  0s] CopyFiles Library/ScriptAssemblies/Unity.AppUI.Redux.Editor.pdb
[1159/1379  0s] CopyFiles Library/ScriptAssemblies/Unity.AI.Navigation.Updater.pdb
[1160/1379  0s] CopyFiles Library/ScriptAssemblies/UnityEngine.UI.dll
[1161/1379  0s] CopyFiles Library/ScriptAssemblies/Unity.AI.Navigation.Updater.dll
[1162/1379  0s] CopyFiles Library/ScriptAssemblies/Unity.RenderPipelines.Universal.2D.Runtime.pdb
[1163/1379  0s] CopyFiles Library/ScriptAssemblies/Unity.InferenceEngine.Microsoft.Msagl.dll
[1164/1379  0s] CopyFiles Library/ScriptAssemblies/Unity.Rendering.LightTransport.Editor.pdb
[1165/1379  0s] CopyFiles Library/ScriptAssemblies/Unity.InferenceEngine.Microsoft.Msagl.pdb
[1166/1379  0s] CopyFiles Library/ScriptAssemblies/Unity.Rendering.LightTransport.Editor.dll
[1167/1379  0s] CopyFiles Library/ScriptAssemblies/Unity.PathTracing.Editor.dll
[1168/1379  0s] CopyFiles Library/ScriptAssemblies/Unity.InferenceEngine.pdb
[1169/1379  0s] CopyFiles Library/ScriptAssemblies/Unity.PathTracing.Editor.pdb
[1170/1379  0s] CopyFiles Library/ScriptAssemblies/Unity.ShaderGraph.Editor.pdb
[1171/1379  0s] CopyFiles Library/ScriptAssemblies/Unity.ShaderGraph.Editor.dll
[1172/1379  0s] CopyFiles Library/ScriptAssemblies/Unity.AI.Search.Editor.pdb
[1173/1379  0s] CopyFiles Library/ScriptAssemblies/Unity.AI.Assistant.API.Editor.dll
[1174/1379  0s] CopyFiles Library/ScriptAssemblies/Unity.AI.Assistant.API.Editor.pdb
[1175/1379  0s] CopyFiles Library/ScriptAssemblies/Unity.AI.Search.Editor.dll
[1176/1379  0s] CopyFiles Library/ScriptAssemblies/Unity.RenderPipelines.Universal.Runtime.pdb
[1177/1379  0s] CopyFiles Library/ScriptAssemblies/Unity.AI.Assistant.Integrations.Profiler.Editor.pdb
[1178/1379  0s] CopyFiles Library/ScriptAssemblies/Unity.AI.Assistant.Integrations.Profiler.Editor.dll
[1179/1379  0s] CopyFiles Library/ScriptAssemblies/Unity.InternalAPIEditorBridge.ShaderGraph.Editor.pdb
[1180/1379  0s] CopyFiles Library/ScriptAssemblies/Unity.AI.Toolkit.Async.pdb
[1181/1379  0s] CopyFiles Library/ScriptAssemblies/Unity.InternalAPIEditorBridge.ShaderGraph.Editor.dll
[1182/1379  0s] CopyFiles Library/ScriptAssemblies/Unity.AI.Toolkit.Async.dll
[1183/1379  0s] CopyFiles Library/ScriptAssemblies/Unity.AI.Assistant.Editor.pdb
[1184/1379  0s] CopyFiles Library/ScriptAssemblies/Unity.InferenceEngine.ONNX.Editor.pdb
[1185/1379  0s] CopyFiles Library/ScriptAssemblies/Unity.InferenceEngine.ONNX.Editor.dll
[1186/1379  0s] CopyFiles Library/ScriptAssemblies/Unity.AI.Assistant.Editor.dll
[1187/1379  0s] CopyFiles Library/ScriptAssemblies/Unity.AI.Assistant.UI.Editor.pdb
[1188/1379  0s] CopyFiles Library/ScriptAssemblies/Unity.AI.Assistant.UI.Editor.dll
[1189/1379  0s] CopyFiles Library/ScriptAssemblies/Unity.TextMeshPro.Editor.pdb
[1190/1379  0s] CopyFiles Library/ScriptAssemblies/Unity.TextMeshPro.Editor.dll
[1191/1379  0s] CopyFiles Library/ScriptAssemblies/Unity.RenderPipelines.GPUDriven.Runtime.pdb
[1192/1379  0s] CopyFiles Library/ScriptAssemblies/Unity.AI.Toolkit.Accounts.dll
[1193/1379  0s] CopyFiles Library/ScriptAssemblies/Unity.AI.Toolkit.Accounts.pdb
[1194/1379  0s] CopyFiles Library/ScriptAssemblies/Unity.AI.Sound.pdb
[1195/1379  0s] CopyFiles Library/ScriptAssemblies/Unity.AI.Sound.dll
[1196/1379  0s] CopyFiles Library/ScriptAssemblies/Unity.AI.MCP.Editor.pdb
[1197/1379  0s] CopyFiles Library/ScriptAssemblies/Unity.AI.MCP.Editor.dll
[1198/1379  0s] CopyFiles Library/ScriptAssemblies/Unity.AppUI.Editor.pdb
[1199/1379  0s] CopyFiles Library/ScriptAssemblies/Unity.AI.Assistant.Agent.Dynamic.Extension.Editor.dll
[1200/1379  0s] CopyFiles Library/ScriptAssemblies/Unity.AppUI.Editor.dll
[1201/1379  0s] CopyFiles Library/ScriptAssemblies/Unity.RenderPipelines.Core.Runtime.pdb
[1202/1379  0s] CopyFiles Library/ScriptAssemblies/Unity.AI.Assistant.Agent.Dynamic.Extension.Editor.pdb
[1203/1379  0s] CopyFiles Library/ScriptAssemblies/Unity.PathTracing.Runtime.pdb
[1204/1379  0s] CopyFiles Library/ScriptAssemblies/Unity.AI.Toolkit.Compliance.pdb
[1205/1379  0s] CopyFiles Library/ScriptAssemblies/Unity.SurfaceCache.Runtime.pdb
[1206/1379  0s] CopyFiles Library/ScriptAssemblies/Unity.AI.Toolkit.Compliance.dll
[1207/1379  0s] CopyFiles Library/ScriptAssemblies/Unity.AI.Toolkit.Asset.dll
[1208/1379  0s] CopyFiles Library/ScriptAssemblies/Unity.AI.Toolkit.Asset.pdb
[1209/1379  0s] CopyFiles Library/ScriptAssemblies/Unity.AI.Assistant.Tools.Editor.pdb
[1210/1379  0s] CopyFiles Library/ScriptAssemblies/Unity.RenderPipelines.Core.Runtime.Shared.pdb
[1211/1379  0s] CopyFiles Library/ScriptAssemblies/Unity.RenderPipeline.Universal.ShaderLibrary.pdb
[1212/1379  0s] CopyFiles Library/ScriptAssemblies/Unity.AI.Assistant.AssetGenerators.Editor.pdb
[1213/1379  0s] CopyFiles Library/ScriptAssemblies/Unity.AI.Assistant.AssetGenerators.Editor.dll
[1214/1379  0s] CopyFiles Library/ScriptAssemblies/Unity.InferenceEngine.MacBLAS.pdb
[1215/1379  0s] CopyFiles Library/ScriptAssemblies/Unity.AI.Toolkit.GenerationContextMenu.pdb
[1216/1379  0s] CopyFiles Library/ScriptAssemblies/Unity.AI.Assistant.Tools.Editor.dll
[1217/1379  0s] CopyFiles Library/ScriptAssemblies/Unity.InferenceEngine.iOSBLAS.pdb
[1218/1379  0s] CopyFiles Library/ScriptAssemblies/Unity.AI.Toolkit.GenerationContextMenu.dll
[1219/1379  0s] CopyFiles Library/ScriptAssemblies/Unity.RenderPipelines.Universal.Config.Runtime.pdb
[1220/1379  0s] CopyFiles Library/ScriptAssemblies/Unity.Collections.Editor.pdb
[1221/1379  0s] CopyFiles Library/ScriptAssemblies/Unity.Collections.Editor.dll
[1222/1379  0s] CopyFiles Library/ScriptAssemblies/Unity.AI.Mesh.dll
[1223/1379  0s] CopyFiles Library/ScriptAssemblies/Unity.AI.Mesh.pdb
[1224/1379  0s] CopyFiles Library/ScriptAssemblies/Unity.AI.Generators.Tools.pdb
[1225/1379  0s] CopyFiles Library/ScriptAssemblies/Unity.AI.Generators.Tools.dll
[1226/1379  0s] CopyFiles Library/ScriptAssemblies/Unity.AI.Navigation.Editor.pdb
[1227/1379  0s] CopyFiles Library/ScriptAssemblies/Unity.AI.Navigation.Editor.dll
[1228/1379  0s] CopyFiles Library/ScriptAssemblies/UnityEditor.UI.dll
[1229/1379  0s] CopyFiles Library/ScriptAssemblies/UnityEditor.UI.pdb
[1230/1379  0s] CopyFiles Library/ScriptAssemblies/Unity.AppUI.Navigation.Editor.dll
[1231/1379  0s] CopyFiles Library/ScriptAssemblies/Unity.AI.Generators.IO.Srp.dll
[1232/1379  0s] CopyFiles Library/ScriptAssemblies/Unity.AppUI.Navigation.Editor.pdb
[1233/1379  0s] CopyFiles Library/ScriptAssemblies/Unity.AI.Generators.IO.Srp.pdb
[1234/1379  0s] CopyFiles Library/ScriptAssemblies/Unity.AI.Pbr.Srp.pdb
[1235/1379  0s] CopyFiles Library/ScriptAssemblies/Unity.AI.Generators.Asset.dll
[1236/1379  0s] CopyFiles Library/ScriptAssemblies/Unity.AI.Generators.Asset.pdb
[1237/1379  0s] CopyFiles Library/ScriptAssemblies/Unity.ShaderGraph.Utilities.pdb
[1238/1379  0s] CopyFiles Library/ScriptAssemblies/Unity.ShaderGraph.Utilities.dll
[1239/1379  0s] CopyFiles Library/ScriptAssemblies/Unity.AI.Toolkit.Utility.pdb
[1240/1379  0s] CopyFiles Library/ScriptAssemblies/Unity.AI.Toolkit.Utility.dll
[1241/1379  0s] CopyFiles Library/ScriptAssemblies/Unity.AI.Pbr.Srp.dll
[1242/1379  0s] CopyFiles Library/ScriptAssemblies/Unity.Searcher.Editor.pdb
[1243/1379  0s] CopyFiles Library/ScriptAssemblies/Unity.Searcher.Editor.dll
[1244/1379  0s] CopyFiles Library/ScriptAssemblies/UnityEditor.UI.Analytics.pdb
[1245/1379  0s] CopyFiles Library/ScriptAssemblies/UnityEditor.UI.Analytics.dll
[1246/1379  0s] CopyFiles Library/ScriptAssemblies/UnityEditor.TestRunner.dll
[1247/1379  0s] CopyFiles Library/ScriptAssemblies/UnityEditor.TestRunner.pdb
[1248/1379  0s] CopyFiles Library/ScriptAssemblies/Unity.AppUI.Redux.pdb
[1249/1379  0s] CopyFiles Library/ScriptAssemblies/Unity.GraphAuthoring.Editor.pdb
[1250/1379  0s] CopyFiles Library/ScriptAssemblies/Unity.GraphAuthoring.Editor.dll
[1251/1379  0s] CopyFiles Library/ScriptAssemblies/Unity.AI.Assistant.Bridge.Editor.dll
[1252/1379  0s] CopyFiles Library/ScriptAssemblies/Unity.AI.Assistant.Bridge.Editor.pdb
[1253/1379  0s] CopyFiles Library/ScriptAssemblies/Unity.AI.Toolkit.GenerationObjectPicker.pdb
[1254/1379  0s] CopyFiles Library/ScriptAssemblies/Unity.AI.Toolkit.GenerationObjectPicker.dll
[1255/1379  0s] CopyFiles Library/ScriptAssemblies/Unity.AI.Generators.IO.dll
[1256/1379  0s] CopyFiles Library/ScriptAssemblies/Unity.InternalAPIEngineBridge.RenderPipelines.Core.Editor.pdb
[1257/1379  0s] CopyFiles Library/ScriptAssemblies/Unity.AI.Generators.IO.pdb
[1258/1379  0s] CopyFiles Library/ScriptAssemblies/Unity.AI.Generators.UI.AIDropdownIntegrations.pdb
[1259/1379  0s] CopyFiles Library/ScriptAssemblies/Unity.InternalAPIEngineBridge.RenderPipelines.Core.Editor.dll
[1260/1379  0s] CopyFiles Library/ScriptAssemblies/Unity.AI.Generators.UI.AIDropdownIntegrations.dll
[1261/1379  0s] CopyFiles Library/ScriptAssemblies/Unity.AppUI.Navigation.pdb
[1262/1379  0s] CopyFiles Library/ScriptAssemblies/Unity.AppUI.MVVM.pdb
[1263/1379  0s] CopyFiles Library/ScriptAssemblies/Unity.AI.Image.pdb
[1264/1379  0s] CopyFiles Library/ScriptAssemblies/Unity.AI.Image.dll
[1265/1379  0s] CopyFiles Library/ScriptAssemblies/Unity.AI.Generators.Contexts.pdb
[1266/1379  0s] CopyFiles Library/ScriptAssemblies/Unity.AI.Generators.Contexts.dll
[1267/1379  0s] CopyFiles Library/ScriptAssemblies/Unity.AI.Navigation.Editor.ConversionSystem.pdb
[1268/1379  0s] CopyFiles Library/ScriptAssemblies/Unity.AI.Navigation.Editor.ConversionSystem.dll
[1269/1379  0s] CopyFiles Library/ScriptAssemblies/Unity.AI.Pbr.dll
[1270/1379  0s] CopyFiles Library/ScriptAssemblies/Unity.AI.Pbr.pdb
[1271/1379  0s] CopyFiles Library/ScriptAssemblies/Unity.AI.Generators.Sdk.dll
[1272/1379  0s] CopyFiles Library/ScriptAssemblies/Unity.AI.Animate.dll
[1273/1379  0s] CopyFiles Library/ScriptAssemblies/Unity.AI.Animate.pdb
[1274/1379  0s] CopyFiles Library/ScriptAssemblies/Unity.2D.Sprite.Editor.pdb
[1275/1379  0s] CopyFiles Library/ScriptAssemblies/Unity.2D.Sprite.Editor.dll
[1276/1379  0s] CopyFiles Library/ScriptAssemblies/Unity.AI.Generators.Sdk.pdb
[1277/1379  0s] CopyFiles Library/ScriptAssemblies/Unity.AppUI.pdb
[1278/1379  0s] CopyFiles Library/ScriptAssemblies/Unity.AI.Generators.UI.dll
[1279/1379  0s] CopyFiles Library/ScriptAssemblies/Unity.AI.Generators.UI.pdb
[1280/1379  0s] CopyFiles Library/ScriptAssemblies/HFDownloader.dll
[1281/1379  0s] CopyFiles Library/ScriptAssemblies/HFDownloader.pdb
[1282/1379  0s] CopyFiles Library/ScriptAssemblies/Unity.AI.ModelSelector.dll
[1283/1379  0s] CopyFiles Library/ScriptAssemblies/Unity.AI.ModelSelector.pdb
[1284/1379  0s] CopyFiles Library/ScriptAssemblies/Unity.AI.Generators.Redux.pdb
[1285/1379  0s] CopyFiles Library/ScriptAssemblies/Unity.PerformanceTesting.Editor.pdb
[1286/1379  0s] CopyFiles Library/ScriptAssemblies/Unity.AI.Generators.Redux.dll
[1287/1379  0s] CopyFiles Library/ScriptAssemblies/Unity.PerformanceTesting.Editor.dll
[1288/1379  0s] CopyFiles Library/ScriptAssemblies/Unity.InputSystem.DocCodeSamples.pdb
[1289/1379  0s] CopyFiles Library/ScriptAssemblies/Unity.InputSystem.DocCodeSamples.dll
[1290/1379  0s] CopyFiles Library/ScriptAssemblies/Unity.InputSystem.ForUI.pdb
[1291/1379  0s] CopyFiles Library/ScriptAssemblies/Unity.InputSystem.pdb
[1292/1379  0s] CopyFiles Library/ScriptAssemblies/Unity.Collections.pdb
[1293/1379  0s] CopyFiles Library/ScriptAssemblies/Unity.InternalAPIEngineBridge.RenderPipelines.Core.Runtime.Shared.pdb
[1294/1379  0s] CopyFiles Library/ScriptAssemblies/Unity.TextMeshPro.pdb
[1295/1379  0s] CopyFiles Library/ScriptAssemblies/UnityEngine.UI.pdb
[1296/1379  0s] CopyFiles Library/ScriptAssemblies/Unity.AI.Animate.Motion.Runtime.pdb
[1297/1379  0s] CopyFiles Library/ScriptAssemblies/Unity.Profiling.Core.pdb
[1298/1379  0s] CopyFiles Library/ScriptAssemblies/Unity.AI.Assistant.Runtime.pdb
[1299/1379  0s] CopyFiles Library/ScriptAssemblies/Unity.InternalAPIEngineBridge.ObjectDispatcher.Runtime.pdb
[1300/1379  0s] CopyFiles Library/ScriptAssemblies/Unity.AI.MCP.Runtime.pdb
[1301/1379  0s] CopyFiles Library/ScriptAssemblies/Unity.PerformanceTesting.pdb
[1302/1379  0s] CopyFiles Library/ScriptAssemblies/Unity.RenderPipelines.ShaderGraph.ShaderGraphLibrary.pdb
[1303/1379  0s] CopyFiles Library/ScriptAssemblies/Unity.Mathematics.pdb
[1304/1379  0s] CopyFiles Library/ScriptAssemblies/UnityEngine.TestRunner.pdb
[1305/1379  0s] CopyFiles Library/ScriptAssemblies/Unity.RenderPipelines.Core.ShaderLibrary.pdb
[1306/1379  0s] CopyFiles Library/ScriptAssemblies/Unity.Burst.pdb
[1307/1379  0s] CopyFiles Library/ScriptAssemblies/Unity.AppUI.InternalAPIBridge.pdb
[1308/1379  0s] CopyFiles Library/ScriptAssemblies/Project.Core.pdb
[1309/1379  0s] CopyFiles Library/ScriptAssemblies/Unity.AI.Navigation.pdb
[1310/1379  0s] CopyFiles Library/ScriptAssemblies/Project.Application.pdb
[1311/1379  0s] CopyFiles Library/ScriptAssemblies/Unity.AppUI.Undo.pdb
[1312/1379  0s] CopyFiles Library/ScriptAssemblies/Unity.InferenceEngine.Tokenization.pdb
[1313/1379  0s] CopyFiles Library/ScriptAssemblies/Unity.UnifiedRayTracing.Runtime.pdb
[1314/1379  0s] CopyFiles Library/ScriptAssemblies/Unity.InternalAPIEngineBridge.004.pdb
[1315/1379  0s] CopyFiles Library/ScriptAssemblies/Unity.AI.Tracing.pdb
[1316/1379  0s] CopyFiles Library/ScriptAssemblies/Unity.RenderPipelines.Universal.Shaders.pdb
[1317/1379  0s] CopyFiles Library/ScriptAssemblies/Unity.Collections.Tests.CoreCLR.ProtectedJobNested.pdb
[1318/1379  0s] CopyFiles Library/ScriptAssemblies/Unity.Collections.Tests.CoreCLR.PrivateJobNested.pdb
[1319/1379  0s] CopyFiles Library/ScriptAssemblies/Unity.Collections.Tests.CoreCLR.PublicJobPrivateGeneric.pdb
[1320/1379  0s] CopyFiles Library/ScriptAssemblies/Unity.Collections.Tests.CoreCLR.InternalJobNestedPrivate.pdb
[1321/1379  0s] CopyFiles Library/ScriptAssemblies/Unity.InputSystem.TestFramework.pdb
[1322/1379  0s] ILPostProcess Library/Bee/artifacts/200b0aE.dag/post-processed/Unity.InputSystem.ForUI.Editor.dll (+pdb)
Processing assembly Library/Bee/artifacts/200b0aE.dag/Unity.InputSystem.ForUI.Editor.dll, with 141 defines and 308 references
processors: Unity.Jobs.CodeGen.JobsILPostProcessor, zzzUnity.Burst.CodeGen.BurstILPostProcessor
1 processor(s) skipped this assembly
running Unity.Jobs.CodeGen.JobsILPostProcessor
[1323/1379  0s] ILPostProcess Library/Bee/artifacts/200b0aE.dag/post-processed/Unity.AI.Assistant.Annotations.Editor.dll (+pdb)
Processing assembly Library/Bee/artifacts/200b0aE.dag/Unity.AI.Assistant.Annotations.Editor.dll, with 141 defines and 306 references
processors: Unity.Jobs.CodeGen.JobsILPostProcessor, zzzUnity.Burst.CodeGen.BurstILPostProcessor
1 processor(s) skipped this assembly
running Unity.Jobs.CodeGen.JobsILPostProcessor
[1324/1379  0s] ILPostProcess Library/Bee/artifacts/200b0aE.dag/post-processed/Unity.InferenceEngine.Editor.Visualizer.dll (+pdb)
Processing assembly Library/Bee/artifacts/200b0aE.dag/Unity.InferenceEngine.Editor.Visualizer.dll, with 141 defines and 313 references
processors: Unity.Jobs.CodeGen.JobsILPostProcessor, zzzUnity.Burst.CodeGen.BurstILPostProcessor
1 processor(s) skipped this assembly
running Unity.Jobs.CodeGen.JobsILPostProcessor
[1325/1379  0s] ILPostProcess Library/Bee/artifacts/200b0aE.dag/post-processed/Unity.RenderPipelines.Universal.2D.Editor.Overrides.dll (+pdb)
Processing assembly Library/Bee/artifacts/200b0aE.dag/Unity.RenderPipelines.Universal.2D.Editor.Overrides.dll, with 141 defines and 314 references
processors: Unity.Jobs.CodeGen.JobsILPostProcessor, zzzUnity.Burst.CodeGen.BurstILPostProcessor
1 processor(s) skipped this assembly
running Unity.Jobs.CodeGen.JobsILPostProcessor
[1326/1379  0s] ILPostProcess Library/Bee/artifacts/200b0aE.dag/post-processed/Unity.RenderPipelines.Universal.Editor.dll (+pdb)
Processing assembly Library/Bee/artifacts/200b0aE.dag/Unity.RenderPipelines.Universal.Editor.dll, with 143 defines and 318 references
processors: Unity.Jobs.CodeGen.JobsILPostProcessor, zzzUnity.Burst.CodeGen.BurstILPostProcessor
1 processor(s) skipped this assembly
running Unity.Jobs.CodeGen.JobsILPostProcessor
[1327/1379  0s] CopyFiles Library/ScriptAssemblies/Unity.InputSystem.ForUI.Editor.dll
[1328/1379  0s] CopyFiles Library/ScriptAssemblies/Unity.InputSystem.ForUI.Editor.pdb
[1329/1379  0s] CopyFiles Library/ScriptAssemblies/Unity.AI.Assistant.Annotations.Editor.pdb
[1330/1379  0s] CopyFiles Library/ScriptAssemblies/Unity.AI.Assistant.Annotations.Editor.dll
[1331/1379  0s] CopyFiles Library/ScriptAssemblies/Unity.InferenceEngine.Editor.Visualizer.dll
[1332/1379  0s] CopyFiles Library/ScriptAssemblies/Unity.RenderPipelines.Universal.2D.Editor.Overrides.pdb
[1333/1379  0s] CopyFiles Library/ScriptAssemblies/Unity.RenderPipelines.Universal.Editor.pdb
[1334/1379  0s] CopyFiles Library/ScriptAssemblies/Unity.RenderPipelines.Universal.2D.Editor.Overrides.dll
[1335/1379  0s] CopyFiles Library/ScriptAssemblies/Unity.InferenceEngine.Editor.Visualizer.pdb
[1336/1379  0s] CopyFiles Library/ScriptAssemblies/Unity.RenderPipelines.Universal.Editor.dll
[1337/1379  0s] ILPostProcess Library/Bee/artifacts/200b0aE.dag/post-processed/Unity.RenderPipelines.Core.Editor.dll (+pdb)
Processing assembly Library/Bee/artifacts/200b0aE.dag/Unity.RenderPipelines.Core.Editor.dll, with 145 defines and 315 references
processors: Unity.Jobs.CodeGen.JobsILPostProcessor, zzzUnity.Burst.CodeGen.BurstILPostProcessor
1 processor(s) skipped this assembly
running Unity.Jobs.CodeGen.JobsILPostProcessor
[1338/1379  0s] CopyFiles Library/ScriptAssemblies/Unity.RenderPipelines.Core.Editor.pdb
[1339/1379  0s] CopyFiles Library/ScriptAssemblies/Unity.RenderPipelines.Core.Editor.dll
[1340/1379  0s] ILPostProcess Library/Bee/artifacts/200b0aE.dag/post-processed/Unity.InferenceEngine.Editor.dll (+pdb)
Processing assembly Library/Bee/artifacts/200b0aE.dag/Unity.InferenceEngine.Editor.dll, with 141 defines and 308 references
processors: Unity.Jobs.CodeGen.JobsILPostProcessor, zzzUnity.Burst.CodeGen.BurstILPostProcessor
1 processor(s) skipped this assembly
running Unity.Jobs.CodeGen.JobsILPostProcessor
[1341/1379  0s] CopyFiles Library/ScriptAssemblies/Unity.InferenceEngine.Editor.pdb
[1342/1379  0s] CopyFiles Library/ScriptAssemblies/Unity.InferenceEngine.Editor.dll
[1343/1379  2s] Csc Library/Bee/artifacts/200b0aE.dag/Project.Infrastructure.dll (+2 others)
Assets/_Project/Scripts/Infrastructure/Audio/Foley/WeaponFoley.cs(207,22): warning CS0618: 'Object.FindFirstObjectByType<T>()' is obsolete: 'FindFirstObjectByType has been deprecated because it relies on instance ID ordering. Use FindAnyObjectByType instead, which does not depend on ordering.'
Assets/_Project/Scripts/Infrastructure/Rendering/CloudShadows.cs(93,70): warning CS0618: 'FindObjectsSortMode' is obsolete: 'FindObjectsSortMode has been deprecated. Use the FindObjectsByType overloads that do not take a FindObjectsSortMode parameter.'
Assets/_Project/Scripts/Infrastructure/Rendering/CloudShadows.cs(93,26): warning CS0618: 'Object.FindObjectsByType<T>(FindObjectsSortMode)' is obsolete: 'FindObjectsByType with FindObjectsSortMode parameter has been deprecated. Use FindObjectsByType<T>() or FindObjectsByType<T>(FindObjectsInactive) instead. InstanceID will be replaced in the future with EntityId and previous sort order cannot be maintained.'
[1344/1379  0s] Csc Library/Bee/artifacts/200b0aE.dag/Project.Infrastructure.VfxGraph.dll (+2 others)
[1345/1379  0s] ILPostProcess Library/Bee/artifacts/200b0aE.dag/post-processed/Project.Infrastructure.dll (+pdb)
Processing assembly Library/Bee/artifacts/200b0aE.dag/Project.Infrastructure.dll, with 143 defines and 283 references
processors: Unity.Jobs.CodeGen.JobsILPostProcessor, zzzUnity.Burst.CodeGen.BurstILPostProcessor
1 processor(s) skipped this assembly
running Unity.Jobs.CodeGen.JobsILPostProcessor
[1346/1379  0s] CopyFiles Library/ScriptAssemblies/Project.Infrastructure.dll
[1347/1379  0s] CopyFiles Library/ScriptAssemblies/Project.Infrastructure.pdb
[1348/1379  0s] ILPostProcess Library/Bee/artifacts/200b0aE.dag/post-processed/Project.Infrastructure.VfxGraph.dll (+pdb)
Processing assembly Library/Bee/artifacts/200b0aE.dag/Project.Infrastructure.VfxGraph.dll, with 143 defines and 281 references
processors: Unity.Jobs.CodeGen.JobsILPostProcessor, zzzUnity.Burst.CodeGen.BurstILPostProcessor
1 processor(s) skipped this assembly
running Unity.Jobs.CodeGen.JobsILPostProcessor
[1349/1379  0s] CopyFiles Library/ScriptAssemblies/Project.Infrastructure.VfxGraph.dll
[1350/1379  0s] CopyFiles Library/ScriptAssemblies/Project.Infrastructure.VfxGraph.pdb
[1351/1379  0s] Csc Library/Bee/artifacts/200b0aE.dag/Project.Presentation.dll (+2 others)
##### CommandLine
"/Applications/Unity/Hub/Editor/6000.6.4f1/Unity.app/Contents/Resources/Scripting/DotNetSdk/dotnet" exec "/Applications/Unity/Hub/Editor/6000.6.4f1/Unity.app/Contents/Resources/Scripting/DotNetSdk/sdk/8.0.318/Roslyn/bincore/csc.dll" /nostdlib /noconfig /shared "@Library/Bee/artifacts/200b0aE.dag/Project.Presentation.rsp" "@Library/Bee/artifacts/200b0aE.dag/Project.Presentation.rsp2"
##### Contents of Library/Bee/artifacts/200b0aE.dag/Project.Presentation.rsp
-target:library
-out:"Library/Bee/artifacts/200b0aE.dag/Project.Presentation.dll"
-refout:"Library/Bee/artifacts/200b0aE.dag/Project.Presentation.ref.dll"
-define:UNITY_6000_6_4
-define:UNITY_6000_6
-define:UNITY_6000
-define:UNITY_5_3_OR_NEWER
-define:UNITY_5_4_OR_NEWER
-define:UNITY_5_5_OR_NEWER
-define:UNITY_5_6_OR_NEWER
-define:UNITY_2017_1_OR_NEWER
-define:UNITY_2017_2_OR_NEWER
-define:UNITY_2017_3_OR_NEWER
-define:UNITY_2017_4_OR_NEWER
-define:UNITY_2018_1_OR_NEWER
-define:UNITY_2018_2_OR_NEWER
-define:UNITY_2018_3_OR_NEWER
-define:UNITY_2018_4_OR_NEWER
-define:UNITY_2019_1_OR_NEWER
-define:UNITY_2019_2_OR_NEWER
-define:UNITY_2019_3_OR_NEWER
-define:UNITY_2019_4_OR_NEWER
-define:UNITY_2020_1_OR_NEWER
-define:UNITY_2020_2_OR_NEWER
-define:UNITY_2020_3_OR_NEWER
-define:UNITY_2021_1_OR_NEWER
-define:UNITY_2021_2_OR_NEWER
-define:UNITY_2021_3_OR_NEWER
-define:UNITY_2022_1_OR_NEWER
-define:UNITY_2022_2_OR_NEWER
-define:UNITY_2022_3_OR_NEWER
-define:UNITY_2023_1_OR_NEWER
-define:UNITY_2023_2_OR_NEWER
-define:UNITY_2023_3_OR_NEWER
-define:UNITY_6000_0_OR_NEWER
-define:UNITY_6000_1_OR_NEWER
-define:UNITY_6000_2_OR_NEWER
-define:UNITY_6000_3_OR_NEWER
-define:UNITY_6000_4_OR_NEWER
-define:UNITY_6000_5_OR_NEWER
-define:UNITY_6000_6_OR_NEWER
-define:PLATFORM_ARCH_64
-define:UNITY_64
-define:UNITY_INCLUDE_TESTS
-define:ENABLE_AR
-define:ENABLE_AUDIO
-define:ENABLE_AUDIO_SCRIPTABLE_PIPELINE
-define:ENABLE_BURST
-define:ENABLE_CACHING
-define:ENABLE_CLOTH
-define:ENABLE_MICROPHONE
-define:ENABLE_MULTIPLE_DISPLAYS
-define:ENABLE_PHYSICS
-define:ENABLE_TEXTURE_STREAMING
-define:ENABLE_VIRTUALTEXTURING
-define:ENABLE_LZMA
-define:ENABLE_UNITYEVENTS
-define:ENABLE_VR
-define:ENABLE_WEBCAM
-define:ENABLE_UNITYWEBREQUEST
-define:ENABLE_WWW
-define:ENABLE_CLOUD_SERVICES
-define:ENABLE_CLOUD_SERVICES_ADS
-define:ENABLE_CLOUD_SERVICES_USE_WEBREQUEST
-define:ENABLE_UNITY_CONSENT
-define:ENABLE_UNITY_CLOUD_IDENTIFIERS
-define:ENABLE_CLOUD_SERVICES_CRASH_REPORTING
-define:ENABLE_CLOUD_SERVICES_NATIVE_CRASH_REPORTING
-define:ENABLE_CLOUD_SERVICES_PURCHASING
-define:ENABLE_CLOUD_SERVICES_ANALYTICS
-define:ENABLE_CLOUD_SERVICES_BUILD
-define:ENABLE_EDITOR_GAME_SERVICES
-define:ENABLE_UNITY_GAME_SERVICES_ANALYTICS_SUPPORT
-define:ENABLE_CLOUD_LICENSE
-define:ENABLE_EDITOR_HUB_LICENSE
-define:ENABLE_WEBSOCKET_CLIENT
-define:ENABLE_GENERATE_NATIVE_PLUGINS_FOR_ASSEMBLIES_API
-define:ENABLE_DIRECTOR_AUDIO
-define:ENABLE_DIRECTOR_TEXTURE
-define:ENABLE_MANAGED_JOBS
-define:ENABLE_MANAGED_TRANSFORM_JOBS
-define:ENABLE_MANAGED_ANIMATION_JOBS
-define:ENABLE_MANAGED_AUDIO_JOBS
-define:ENABLE_MANAGED_UNITYTLS
-define:INCLUDE_DYNAMIC_GI
-define:ENABLE_SCRIPTING_GC_WBARRIERS
-define:PLATFORM_SUPPORTS_MONO
-define:RENDER_SOFTWARE_CURSOR
-define:ENABLE_MARSHALLING_TESTS
-define:ENABLE_VIDEO
-define:ENABLE_NAVIGATION_OFFMESHLINK_TO_NAVMESHLINK
-define:ENABLE_ACCELERATOR_CLIENT_DEBUGGING
-define:ENABLE_ACCESSIBILITY_SCREEN_READER
-define:TEXTCORE_1_0_OR_NEWER
-define:EDITOR_ONLY_NAVMESH_BUILDER_DEPRECATED
-define:INCLUDE_UNIFIED_RAYTRACING_COMPUTE_BACKEND
-define:INCLUDE_UNIFIED_RAYTRACING_HARDWARE_BACKEND
-define:PLATFORM_STANDALONE_OSX
-define:PLATFORM_STANDALONE
-define:UNITY_STANDALONE_OSX
-define:UNITY_STANDALONE
-define:ENABLE_GAMECENTER
-define:ENABLE_RUNTIME_GI
-define:ENABLE_MOVIES
-define:ENABLE_NETWORK
-define:ENABLE_CRUNCH_TEXTURE_COMPRESSION
-define:ENABLE_CLOUD_SERVICES_ENGINE_DIAGNOSTICS
-define:ENABLE_CLUSTER_SYNC
-define:ENABLE_CLUSTERINPUT
-define:ENABLE_SPATIALTRACKING
-define:PLATFORM_HAS_CUSTOM_MUTEX
-define:PLATFORM_UPDATES_TIME_OUTSIDE_OF_PLAYER_LOOP
-define:PLATFORM_SUPPORTS_SPLIT_GRAPHICS_JOBS
-define:PLATFORM_REQUIRES_PATH_NORMALIZATION
-define:ENABLE_MONO
-define:NET_STANDARD_2_0
-define:NET_STANDARD
-define:NET_STANDARD_2_1
-define:NETSTANDARD
-define:NETSTANDARD2_1
-define:ENABLE_PROFILER
-define:UNITY_INCLUDE_INSTRUMENTATION
-define:DEBUG
-define:TRACE
-define:UNITY_ASSERTIONS
-define:UNITY_ENABLE_CHECKS
-define:UNITY_EDITOR
-define:UNITY_EDITOR_64
-define:UNITY_EDITOR_OSX
-define:ENABLE_UNITY_COLLECTIONS_CHECKS
-define:ENABLE_BURST_AOT
-define:UNITY_TEAM_LICENSE
-define:ENABLE_CUSTOM_RENDER_TEXTURE
-define:ENABLE_DIRECTOR
-define:ENABLE_LOCALIZATION
-define:ENABLE_SPRITES
-define:ENABLE_TERRAIN
-define:ENABLE_TILEMAP
-define:ENABLE_TIMELINE
-define:ENABLE_INPUT_SYSTEM
-define:TEXTCORE_FONT_ENGINE_1_5_OR_NEWER
-define:TEXTCORE_TEXT_ENGINE_1_5_OR_NEWER
-define:TEXTCORE_FONT_ENGINE_1_6_OR_NEWER
-define:APP_UI_EDITOR_ONLY
-define:CSHARP_7_OR_LATER
-define:CSHARP_7_3_OR_NEWER
-r:"/Applications/Unity/Hub/Editor/6000.6.4f1/Unity.app/Contents/Resources/Scripting/BCLExtensions/TargetingPacks/netstandard2.1/ref/Microsoft.Bcl.AsyncInterfaces.dll"
-r:"/Applications/Unity/Hub/Editor/6000.6.4f1/Unity.app/Contents/Resources/Scripting/BCLExtensions/TargetingPacks/netstandard2.1/ref/Microsoft.Extensions.DependencyInjection.Abstractions.dll"
-r:"/Applications/Unity/Hub/Editor/6000.6.4f1/Unity.app/Contents/Resources/Scripting/BCLExtensions/TargetingPacks/netstandard2.1/ref/Microsoft.Extensions.Logging.Abstractions.dll"
-r:"/Applications/Unity/Hub/Editor/6000.6.4f1/Unity.app/Contents/Resources/Scripting/BCLExtensions/TargetingPacks/netstandard2.1/ref/System.Collections.Immutable.dll"
-r:"/Applications/Unity/Hub/Editor/6000.6.4f1/Unity.app/Contents/Resources/Scripting/BCLExtensions/TargetingPacks/netstandard2.1/ref/System.Diagnostics.DiagnosticSource.dll"
-r:"/Applications/Unity/Hub/Editor/6000.6.4f1/Unity.app/Contents/Resources/Scripting/BCLExtensions/TargetingPacks/netstandard2.1/ref/System.IO.Hashing.dll"
-r:"/Applications/Unity/Hub/Editor/6000.6.4f1/Unity.app/Contents/Resources/Scripting/BCLExtensions/TargetingPacks/netstandard2.1/ref/System.Reflection.Metadata.dll"
-r:"/Applications/Unity/Hub/Editor/6000.6.4f1/Unity.app/Contents/Resources/Scripting/BCLExtensions/TargetingPacks/netstandard2.1/ref/System.Runtime.CompilerServices.Unsafe.dll"
-r:"/Applications/Unity/Hub/Editor/6000.6.4f1/Unity.app/Contents/Resources/Scripting/BCLExtensions/TargetingPacks/netstandard2.1/ref/System.Text.Encodings.Web.dll"
-r:"/Applications/Unity/Hub/Editor/6000.6.4f1/Unity.app/Contents/Resources/Scripting/BCLExtensions/TargetingPacks/netstandard2.1/ref/System.Text.Json.dll"
-r:"/Applications/Unity/Hub/Editor/6000.6.4f1/PlaybackEngines/MacStandaloneSupport/UnityEditor.OSXStandalone.Extensions.dll"
-r:"/Applications/Unity/Hub/Editor/6000.6.4f1/PlaybackEngines/MacStandaloneSupport/UnityEditor.iOS.Extensions.Xcode.dll"
-r:"/Applications/Unity/Hub/Editor/6000.6.4f1/PlaybackEngines/WebGLSupport/UnityEditor.WebGL.Extensions.dll"
-r:"/Applications/Unity/Hub/Editor/6000.6.4f1/Unity.app/Contents/Resources/Scripting/Managed/Bootstrap/Unity.Scripting.dll"
-r:"/Applications/Unity/Hub/Editor/6000.6.4f1/Unity.app/Contents/Resources/Scripting/Managed/UnityEditor.Graphs.dll"
-r:"/Applications/Unity/Hub/Editor/6000.6.4f1/Unity.app/Contents/Resources/Scripting/Managed/UnityEngine/UnityEditor.AIModule.dll"
-r:"/Applications/Unity/Hub/Editor/6000.6.4f1/Unity.app/Contents/Resources/Scripting/Managed/UnityEngine/UnityEditor.AccessibilityModule.dll"
-r:"/Applications/Unity/Hub/Editor/6000.6.4f1/Unity.app/Contents/Resources/Scripting/Managed/UnityEngine/UnityEditor.AdaptivePerformanceModule.dll"
-r:"/Applications/Unity/Hub/Editor/6000.6.4f1/Unity.app/Contents/Resources/Scripting/Managed/UnityEngine/UnityEditor.AnimationWindowModule.dll"
-r:"/Applications/Unity/Hub/Editor/6000.6.4f1/Unity.app/Contents/Resources/Scripting/Managed/UnityEngine/UnityEditor.AssetComplianceModule.dll"
-r:"/Applications/Unity/Hub/Editor/6000.6.4f1/Unity.app/Contents/Resources/Scripting/Managed/UnityEngine/UnityEditor.BuildAnalysisModule.dll"
-r:"/Applications/Unity/Hub/Editor/6000.6.4f1/Unity.app/Contents/Resources/Scripting/Managed/UnityEngine/UnityEditor.BuildProfileModule.dll"
-r:"/Applications/Unity/Hub/Editor/6000.6.4f1/Unity.app/Contents/Resources/Scripting/Managed/UnityEngine/UnityEditor.BurstModule.dll"
-r:"/Applications/Unity/Hub/Editor/6000.6.4f1/Unity.app/Contents/Resources/Scripting/Managed/UnityEngine/UnityEditor.ClothModule.dll"
-r:"/Applications/Unity/Hub/Editor/6000.6.4f1/Unity.app/Contents/Resources/Scripting/Managed/UnityEngine/UnityEditor.ContentLoadModule.dll"
-r:"/Applications/Unity/Hub/Editor/6000.6.4f1/Unity.app/Contents/Resources/Scripting/Managed/UnityEngine/UnityEditor.CoreBusinessMetricsModule.dll"
-r:"/Applications/Unity/Hub/Editor/6000.6.4f1/Unity.app/Contents/Resources/Scripting/Managed/UnityEngine/UnityEditor.CoreModule.dll"
-r:"/Applications/Unity/Hub/Editor/6000.6.4f1/Unity.app/Contents/Resources/Scripting/Managed/UnityEngine/UnityEditor.DeviceSimulatorModule.dll"
-r:"/Applications/Unity/Hub/Editor/6000.6.4f1/Unity.app/Contents/Resources/Scripting/Managed/UnityEngine/UnityEditor.DiagnosticsModule.dll"
-r:"/Applications/Unity/Hub/Editor/6000.6.4f1/Unity.app/Contents/Resources/Scripting/Managed/UnityEngine/UnityEditor.EditorToolbarModule.dll"
-r:"/Applications/Unity/Hub/Editor/6000.6.4f1/Unity.app/Contents/Resources/Scripting/Managed/UnityEngine/UnityEditor.EmbreeModule.dll"
-r:"/Applications/Unity/Hub/Editor/6000.6.4f1/Unity.app/Contents/Resources/Scripting/Managed/UnityEngine/UnityEditor.GIModule.dll"
-r:"/Applications/Unity/Hub/Editor/6000.6.4f1/Unity.app/Contents/Resources/Scripting/Managed/UnityEngine/UnityEditor.GenericRemoteModule.dll"
-r:"/Applications/Unity/Hub/Editor/6000.6.4f1/Unity.app/Contents/Resources/Scripting/Managed/UnityEngine/UnityEditor.GraphToolkitModule.dll"
-r:"/Applications/Unity/Hub/Editor/6000.6.4f1/Unity.app/Contents/Resources/Scripting/Managed/UnityEngine/UnityEditor.GraphViewModule.dll"
-r:"/Applications/Unity/Hub/Editor/6000.6.4f1/Unity.app/Contents/Resources/Scripting/Managed/UnityEngine/UnityEditor.GraphicsStateCollectionSerializerModule.dll"
-r:"/Applications/Unity/Hub/Editor/6000.6.4f1/Unity.app/Contents/Resources/Scripting/Managed/UnityEngine/UnityEditor.GridAndSnapModule.dll"
-r:"/Applications/Unity/Hub/Editor/6000.6.4f1/Unity.app/Contents/Resources/Scripting/Managed/UnityEngine/UnityEditor.GridModule.dll"
-r:"/Applications/Unity/Hub/Editor/6000.6.4f1/Unity.app/Contents/Resources/Scripting/Managed/UnityEngine/UnityEditor.HierarchyModule.dll"
-r:"/Applications/Unity/Hub/Editor/6000.6.4f1/Unity.app/Contents/Resources/Scripting/Managed/UnityEngine/UnityEditor.LightingModule.dll"
-r:"/Applications/Unity/Hub/Editor/6000.6.4f1/Unity.app/Contents/Resources/Scripting/Managed/UnityEngine/UnityEditor.MathematicsModule.dll"
-r:"/Applications/Unity/Hub/Editor/6000.6.4f1/Unity.app/Contents/Resources/Scripting/Managed/UnityEngine/UnityEditor.MediaModule.dll"
-r:"/Applications/Unity/Hub/Editor/6000.6.4f1/Unity.app/Contents/Resources/Scripting/Managed/UnityEngine/UnityEditor.MultiplayerModule.dll"
-r:"/Applications/Unity/Hub/Editor/6000.6.4f1/Unity.app/Contents/Resources/Scripting/Managed/UnityEngine/UnityEditor.Physics2DModule.dll"
-r:"/Applications/Unity/Hub/Editor/6000.6.4f1/Unity.app/Contents/Resources/Scripting/Managed/UnityEngine/UnityEditor.PhysicsCore2DModule.dll"
-r:"/Applications/Unity/Hub/Editor/6000.6.4f1/Unity.app/Contents/Resources/Scripting/Managed/UnityEngine/UnityEditor.PhysicsModule.dll"
-r:"/Applications/Unity/Hub/Editor/6000.6.4f1/Unity.app/Contents/Resources/Scripting/Managed/UnityEngine/UnityEditor.PlayModeModule.dll"
-r:"/Applications/Unity/Hub/Editor/6000.6.4f1/Unity.app/Contents/Resources/Scripting/Managed/UnityEngine/UnityEditor.PresetsUIModule.dll"
-r:"/Applications/Unity/Hub/Editor/6000.6.4f1/Unity.app/Contents/Resources/Scripting/Managed/UnityEngine/UnityEditor.ProjectAuditorModule.dll"
-r:"/Applications/Unity/Hub/Editor/6000.6.4f1/Unity.app/Contents/Resources/Scripting/Managed/UnityEngine/UnityEditor.PropertiesModule.dll"
-r:"/Applications/Unity/Hub/Editor/6000.6.4f1/Unity.app/Contents/Resources/Scripting/Managed/UnityEngine/UnityEditor.QuickInstallModule.dll"
-r:"/Applications/Unity/Hub/Editor/6000.6.4f1/Unity.app/Contents/Resources/Scripting/Managed/UnityEngine/UnityEditor.QuickSearchModule.dll"
-r:"/Applications/Unity/Hub/Editor/6000.6.4f1/Unity.app/Contents/Resources/Scripting/Managed/UnityEngine/UnityEditor.SafeModeModule.dll"
-r:"/Applications/Unity/Hub/Editor/6000.6.4f1/Unity.app/Contents/Resources/Scripting/Managed/UnityEngine/UnityEditor.SceneTemplateModule.dll"
-r:"/Applications/Unity/Hub/Editor/6000.6.4f1/Unity.app/Contents/Resources/Scripting/Managed/UnityEngine/UnityEditor.SceneViewModule.dll"
-r:"/Applications/Unity/Hub/Editor/6000.6.4f1/Unity.app/Contents/Resources/Scripting/Managed/UnityEngine/UnityEditor.ShaderBuildSettingsModule.dll"
-r:"/Applications/Unity/Hub/Editor/6000.6.4f1/Unity.app/Contents/Resources/Scripting/Managed/UnityEngine/UnityEditor.ShaderCompilationModule.dll"
-r:"/Applications/Unity/Hub/Editor/6000.6.4f1/Unity.app/Contents/Resources/Scripting/Managed/UnityEngine/UnityEditor.ShaderFoundryModule.dll"
-r:"/Applications/Unity/Hub/Editor/6000.6.4f1/Unity.app/Contents/Resources/Scripting/Managed/UnityEngine/UnityEditor.ShaderPreprocessorModule.dll"
-r:"/Applications/Unity/Hub/Editor/6000.6.4f1/Unity.app/Contents/Resources/Scripting/Managed/UnityEngine/UnityEditor.SketchUpModule.dll"
-r:"/Applications/Unity/Hub/Editor/6000.6.4f1/Unity.app/Contents/Resources/Scripting/Managed/UnityEngine/UnityEditor.SpriteMaskModule.dll"
-r:"/Applications/Unity/Hub/Editor/6000.6.4f1/Unity.app/Contents/Resources/Scripting/Managed/UnityEngine/UnityEditor.SpriteShapeModule.dll"
-r:"/Applications/Unity/Hub/Editor/6000.6.4f1/Unity.app/Contents/Resources/Scripting/Managed/UnityEngine/UnityEditor.SubstanceModule.dll"
-r:"/Applications/Unity/Hub/Editor/6000.6.4f1/Unity.app/Contents/Resources/Scripting/Managed/UnityEngine/UnityEditor.SyntaxTreeModule.dll"
-r:"/Applications/Unity/Hub/Editor/6000.6.4f1/Unity.app/Contents/Resources/Scripting/Managed/UnityEngine/UnityEditor.TerrainModule.dll"
-r:"/Applications/Unity/Hub/Editor/6000.6.4f1/Unity.app/Contents/Resources/Scripting/Managed/UnityEngine/UnityEditor.TextCoreFontEngineModule.dll"
-r:"/Applications/Unity/Hub/Editor/6000.6.4f1/Unity.app/Contents/Resources/Scripting/Managed/UnityEngine/UnityEditor.TextCoreTextEngineModule.dll"
-r:"/Applications/Unity/Hub/Editor/6000.6.4f1/Unity.app/Contents/Resources/Scripting/Managed/UnityEngine/UnityEditor.TextRenderingModule.dll"
-r:"/Applications/Unity/Hub/Editor/6000.6.4f1/Unity.app/Contents/Resources/Scripting/Managed/UnityEngine/UnityEditor.TilemapModule.dll"
-r:"/Applications/Unity/Hub/Editor/6000.6.4f1/Unity.app/Contents/Resources/Scripting/Managed/UnityEngine/UnityEditor.TimelineFoundationModule.dll"
-r:"/Applications/Unity/Hub/Editor/6000.6.4f1/Unity.app/Contents/Resources/Scripting/Managed/UnityEngine/UnityEditor.TreeModule.dll"
-r:"/Applications/Unity/Hub/Editor/6000.6.4f1/Unity.app/Contents/Resources/Scripting/Managed/UnityEngine/UnityEditor.U2DModule.dll"
-r:"/Applications/Unity/Hub/Editor/6000.6.4f1/Unity.app/Contents/Resources/Scripting/Managed/UnityEngine/UnityEditor.UIAutomationModule.dll"
-r:"/Applications/Unity/Hub/Editor/6000.6.4f1/Unity.app/Contents/Resources/Scripting/Managed/UnityEngine/UnityEditor.UIBuilderModule.dll"
-r:"/Applications/Unity/Hub/Editor/6000.6.4f1/Unity.app/Contents/Resources/Scripting/Managed/UnityEngine/UnityEditor.UIElementsModule.dll"
-r:"/Applications/Unity/Hub/Editor/6000.6.4f1/Unity.app/Contents/Resources/Scripting/Managed/UnityEngine/UnityEditor.UIElementsSamplesModule.dll"
-r:"/Applications/Unity/Hub/Editor/6000.6.4f1/Unity.app/Contents/Resources/Scripting/Managed/UnityEngine/UnityEditor.UIToolkitAuthoringModule.dll"
-r:"/Applications/Unity/Hub/Editor/6000.6.4f1/Unity.app/Contents/Resources/Scripting/Managed/UnityEngine/UnityEditor.UmbraModule.dll"
-r:"/Applications/Unity/Hub/Editor/6000.6.4f1/Unity.app/Contents/Resources/Scripting/Managed/UnityEngine/UnityEditor.UnityConnectModule.dll"
-r:"/Applications/Unity/Hub/Editor/6000.6.4f1/Unity.app/Contents/Resources/Scripting/Managed/UnityEngine/UnityEditor.VFXModule.dll"
-r:"/Applications/Unity/Hub/Editor/6000.6.4f1/Unity.app/Contents/Resources/Scripting/Managed/UnityEngine/UnityEditor.VectorGraphicsModule.dll"
-r:"/Applications/Unity/Hub/Editor/6000.6.4f1/Unity.app/Contents/Resources/Scripting/Managed/UnityEngine/UnityEditor.VideoModule.dll"
-r:"/Applications/Unity/Hub/Editor/6000.6.4f1/Unity.app/Contents/Resources/Scripting/Managed/UnityEngine/UnityEditor.XRModule.dll"
-r:"/Applications/Unity/Hub/Editor/6000.6.4f1/Unity.app/Contents/Resources/Scripting/Managed/UnityEngine/UnityEditor.dll"
-r:"/Applications/Unity/Hub/Editor/6000.6.4f1/Unity.app/Contents/Resources/Scripting/Managed/UnityEngine/UnityEngine.AIModule.dll"
-r:"/Applications/Unity/Hub/Editor/6000.6.4f1/Unity.app/Contents/Resources/Scripting/Managed/UnityEngine/UnityEngine.ARModule.dll"
-r:"/Applications/Unity/Hub/Editor/6000.6.4f1/Unity.app/Contents/Resources/Scripting/Managed/UnityEngine/UnityEngine.AndroidJNIModule.dll"
-r:"/Applications/Unity/Hub/Editor/6000.6.4f1/Unity.app/Contents/Resources/Scripting/Managed/UnityEngine/UnityEngine.AnimationModule.dll"
-r:"/Applications/Unity/Hub/Editor/6000.6.4f1/Unity.app/Contents/Resources/Scripting/Managed/UnityEngine/UnityEngine.AudioModule.dll"
-r:"/Applications/Unity/Hub/Editor/6000.6.4f1/Unity.app/Contents/Resources/Scripting/Managed/UnityEngine/UnityEngine.BurstModule.dll"
-r:"/Applications/Unity/Hub/Editor/6000.6.4f1/Unity.app/Contents/Resources/Scripting/Managed/UnityEngine/UnityEngine.ClusterInputModule.dll"
-r:"/Applications/Unity/Hub/Editor/6000.6.4f1/Unity.app/Contents/Resources/Scripting/Managed/UnityEngine/UnityEngine.ClusterRendererModule.dll"
-r:"/Applications/Unity/Hub/Editor/6000.6.4f1/Unity.app/Contents/Resources/Scripting/Managed/UnityEngine/UnityEngine.ContentLoadModule.dll"
-r:"/Applications/Unity/Hub/Editor/6000.6.4f1/Unity.app/Contents/Resources/Scripting/Managed/UnityEngine/UnityEngine.CoreModule.dll"
-r:"/Applications/Unity/Hub/Editor/6000.6.4f1/Unity.app/Contents/Resources/Scripting/Managed/UnityEngine/UnityEngine.CrashReportingModule.dll"
-r:"/Applications/Unity/Hub/Editor/6000.6.4f1/Unity.app/Contents/Resources/Scripting/Managed/UnityEngine/UnityEngine.DSPGraphModule.dll"
-r:"/Applications/Unity/Hub/Editor/6000.6.4f1/Unity.app/Contents/Resources/Scripting/Managed/UnityEngine/UnityEngine.GIModule.dll"
-r:"/Applications/Unity/Hub/Editor/6000.6.4f1/Unity.app/Contents/Resources/Scripting/Managed/UnityEngine/UnityEngine.GameCenterModule.dll"
-r:"/Applications/Unity/Hub/Editor/6000.6.4f1/Unity.app/Contents/Resources/Scripting/Managed/UnityEngine/UnityEngine.GraphicsStateCollectionSerializerModule.dll"
-r:"/Applications/Unity/Hub/Editor/6000.6.4f1/Unity.app/Contents/Resources/Scripting/Managed/UnityEngine/UnityEngine.GridModule.dll"
-r:"/Applications/Unity/Hub/Editor/6000.6.4f1/Unity.app/Contents/Resources/Scripting/Managed/UnityEngine/UnityEngine.HierarchyCoreModule.dll"
-r:"/Applications/Unity/Hub/Editor/6000.6.4f1/Unity.app/Contents/Resources/Scripting/Managed/UnityEngine/UnityEngine.HotReloadModule.dll"
-r:"/Applications/Unity/Hub/Editor/6000.6.4f1/Unity.app/Contents/Resources/Scripting/Managed/UnityEngine/UnityEngine.IMGUIModule.dll"
-r:"/Applications/Unity/Hub/Editor/6000.6.4f1/Unity.app/Contents/Resources/Scripting/Managed/UnityEngine/UnityEngine.IdentifiersModule.dll"
-r:"/Applications/Unity/Hub/Editor/6000.6.4f1/Unity.app/Contents/Resources/Scripting/Managed/UnityEngine/UnityEngine.ImageConversionModule.dll"
-r:"/Applications/Unity/Hub/Editor/6000.6.4f1/Unity.app/Contents/Resources/Scripting/Managed/UnityEngine/UnityEngine.InputForUIModule.dll"
-r:"/Applications/Unity/Hub/Editor/6000.6.4f1/Unity.app/Contents/Resources/Scripting/Managed/UnityEngine/UnityEngine.InputLegacyModule.dll"
-r:"/Applications/Unity/Hub/Editor/6000.6.4f1/Unity.app/Contents/Resources/Scripting/Managed/UnityEngine/UnityEngine.InputModule.dll"
-r:"/Applications/Unity/Hub/Editor/6000.6.4f1/Unity.app/Contents/Resources/Scripting/Managed/UnityEngine/UnityEngine.InsightsModule.dll"
-r:"/Applications/Unity/Hub/Editor/6000.6.4f1/Unity.app/Contents/Resources/Scripting/Managed/UnityEngine/UnityEngine.JSONSerializeModule.dll"
-r:"/Applications/Unity/Hub/Editor/6000.6.4f1/Unity.app/Contents/Resources/Scripting/Managed/UnityEngine/UnityEngine.LocalizationModule.dll"
-r:"/Applications/Unity/Hub/Editor/6000.6.4f1/Unity.app/Contents/Resources/Scripting/Managed/UnityEngine/UnityEngine.ManagedKernelModule.dll"
-r:"/Applications/Unity/Hub/Editor/6000.6.4f1/Unity.app/Contents/Resources/Scripting/Managed/UnityEngine/UnityEngine.MarshallingModule.dll"
-r:"/Applications/Unity/Hub/Editor/6000.6.4f1/Unity.app/Contents/Resources/Scripting/Managed/UnityEngine/UnityEngine.MathematicsModule.dll"
-r:"/Applications/Unity/Hub/Editor/6000.6.4f1/Unity.app/Contents/Resources/Scripting/Managed/UnityEngine/UnityEngine.MultiplayerModule.dll"
-r:"/Applications/Unity/Hub/Editor/6000.6.4f1/Unity.app/Contents/Resources/Scripting/Managed/UnityEngine/UnityEngine.ParticleSystemModule.dll"
-r:"/Applications/Unity/Hub/Editor/6000.6.4f1/Unity.app/Contents/Resources/Scripting/Managed/UnityEngine/UnityEngine.PerformanceReportingModule.dll"
-r:"/Applications/Unity/Hub/Editor/6000.6.4f1/Unity.app/Contents/Resources/Scripting/Managed/UnityEngine/UnityEngine.Physics2DModule.dll"
-r:"/Applications/Unity/Hub/Editor/6000.6.4f1/Unity.app/Contents/Resources/Scripting/Managed/UnityEngine/UnityEngine.PhysicsBackendPhysXModule.dll"
-r:"/Applications/Unity/Hub/Editor/6000.6.4f1/Unity.app/Contents/Resources/Scripting/Managed/UnityEngine/UnityEngine.PhysicsCore2DModule.dll"
-r:"/Applications/Unity/Hub/Editor/6000.6.4f1/Unity.app/Contents/Resources/Scripting/Managed/UnityEngine/UnityEngine.PhysicsModule.dll"
-r:"/Applications/Unity/Hub/Editor/6000.6.4f1/Unity.app/Contents/Resources/Scripting/Managed/UnityEngine/UnityEngine.PropertiesModule.dll"
-r:"/Applications/Unity/Hub/Editor/6000.6.4f1/Unity.app/Contents/Resources/Scripting/Managed/UnityEngine/UnityEngine.RenderAs2DModule.dll"
-r:"/Applications/Unity/Hub/Editor/6000.6.4f1/Unity.app/Contents/Resources/Scripting/Managed/UnityEngine/UnityEngine.RuntimeInitializeOnLoadManagerInitializerModule.dll"
-r:"/Applications/Unity/Hub/Editor/6000.6.4f1/Unity.app/Contents/Resources/Scripting/Managed/UnityEngine/UnityEngine.ScreenCaptureModule.dll"
-r:"/Applications/Unity/Hub/Editor/6000.6.4f1/Unity.app/Contents/Resources/Scripting/Managed/UnityEngine/UnityEngine.ScriptingModule.dll"
-r:"/Applications/Unity/Hub/Editor/6000.6.4f1/Unity.app/Contents/Resources/Scripting/Managed/UnityEngine/UnityEngine.ShaderVariantAnalyticsModule.dll"
-r:"/Applications/Unity/Hub/Editor/6000.6.4f1/Unity.app/Contents/Resources/Scripting/Managed/UnityEngine/UnityEngine.SpriteMaskModule.dll"
-r:"/Applications/Unity/Hub/Editor/6000.6.4f1/Unity.app/Contents/Resources/Scripting/Managed/UnityEngine/UnityEngine.SpriteShapeModule.dll"
-r:"/Applications/Unity/Hub/Editor/6000.6.4f1/Unity.app/Contents/Resources/Scripting/Managed/UnityEngine/UnityEngine.StreamingModule.dll"
-r:"/Applications/Unity/Hub/Editor/6000.6.4f1/Unity.app/Contents/Resources/Scripting/Managed/UnityEngine/UnityEngine.SubstanceModule.dll"
-r:"/Applications/Unity/Hub/Editor/6000.6.4f1/Unity.app/Contents/Resources/Scripting/Managed/UnityEngine/UnityEngine.TLSModule.dll"
-r:"/Applications/Unity/Hub/Editor/6000.6.4f1/Unity.app/Contents/Resources/Scripting/Managed/UnityEngine/UnityEngine.TerrainModule.dll"
-r:"/Applications/Unity/Hub/Editor/6000.6.4f1/Unity.app/Contents/Resources/Scripting/Managed/UnityEngine/UnityEngine.TerrainPhysicsModule.dll"
-r:"/Applications/Unity/Hub/Editor/6000.6.4f1/Unity.app/Contents/Resources/Scripting/Managed/UnityEngine/UnityEngine.TextCoreFontEngineModule.dll"
-r:"/Applications/Unity/Hub/Editor/6000.6.4f1/Unity.app/Contents/Resources/Scripting/Managed/UnityEngine/UnityEngine.TextCoreTextEngineModule.dll"
-r:"/Applications/Unity/Hub/Editor/6000.6.4f1/Unity.app/Contents/Resources/Scripting/Managed/UnityEngine/UnityEngine.TextRenderingModule.dll"
-r:"/Applications/Unity/Hub/Editor/6000.6.4f1/Unity.app/Contents/Resources/Scripting/Managed/UnityEngine/UnityEngine.U2DRuntimeModule.dll"
-r:"/Applications/Unity/Hub/Editor/6000.6.4f1/Unity.app/Contents/Resources/Scripting/Managed/UnityEngine/UnityEngine.UIElementsModule.dll"
-r:"/Applications/Unity/Hub/Editor/6000.6.4f1/Unity.app/Contents/Resources/Scripting/Managed/UnityEngine/UnityEngine.UIModule.dll"
-r:"/Applications/Unity/Hub/Editor/6000.6.4f1/Unity.app/Contents/Resources/Scripting/Managed/UnityEngine/UnityEngine.UnityAnalyticsCommonModule.dll"
-r:"/Applications/Unity/Hub/Editor/6000.6.4f1/Unity.app/Contents/Resources/Scripting/Managed/UnityEngine/UnityEngine.UnityConnectModule.dll"
-r:"/Applications/Unity/Hub/Editor/6000.6.4f1/Unity.app/Contents/Resources/Scripting/Managed/UnityEngine/UnityEngine.UnityConsentModule.dll"
-r:"/Applications/Unity/Hub/Editor/6000.6.4f1/Unity.app/Contents/Resources/Scripting/Managed/UnityEngine/UnityEngine.UnityCurlModule.dll"
-r:"/Applications/Unity/Hub/Editor/6000.6.4f1/Unity.app/Contents/Resources/Scripting/Managed/UnityEngine/UnityEngine.UnityWebRequestModule.dll"
-r:"/Applications/Unity/Hub/Editor/6000.6.4f1/Unity.app/Contents/Resources/Scripting/Managed/UnityEngine/UnityEngine.VFXModule.dll"
-r:"/Applications/Unity/Hub/Editor/6000.6.4f1/Unity.app/Contents/Resources/Scripting/Managed/UnityEngine/UnityEngine.VideoModule.dll"
-r:"/Applications/Unity/Hub/Editor/6000.6.4f1/Unity.app/Contents/Resources/Scripting/Managed/UnityEngine/UnityEngine.VirtualTexturingModule.dll"
-r:"/Applications/Unity/Hub/Editor/6000.6.4f1/Unity.app/Contents/Resources/Scripting/Managed/UnityEngine/UnityEngine.dll"
-r:"/Applications/Unity/Hub/Editor/6000.6.4f1/Unity.app/Contents/Resources/Scripting/NetStandard/Extensions/2.0.0/System.Runtime.InteropServices.WindowsRuntime.dll"
-r:"/Applications/Unity/Hub/Editor/6000.6.4f1/Unity.app/Contents/Resources/Scripting/NetStandard/compat/2.1.0/shims/netfx/System.ComponentModel.Composition.dll"
-r:"/Applications/Unity/Hub/Editor/6000.6.4f1/Unity.app/Contents/Resources/Scripting/NetStandard/compat/2.1.0/shims/netfx/System.Core.dll"
-r:"/Applications/Unity/Hub/Editor/6000.6.4f1/Unity.app/Contents/Resources/Scripting/NetStandard/compat/2.1.0/shims/netfx/System.Data.dll"
-r:"/Applications/Unity/Hub/Editor/6000.6.4f1/Unity.app/Contents/Resources/Scripting/NetStandard/compat/2.1.0/shims/netfx/System.Drawing.dll"
-r:"/Applications/Unity/Hub/Editor/6000.6.4f1/Unity.app/Contents/Resources/Scripting/NetStandard/compat/2.1.0/shims/netfx/System.IO.Compression.FileSystem.dll"
-r:"/Applications/Unity/Hub/Editor/6000.6.4f1/Unity.app/Contents/Resources/Scripting/NetStandard/compat/2.1.0/shims/netfx/System.Net.dll"
-r:"/Applications/Unity/Hub/Editor/6000.6.4f1/Unity.app/Contents/Resources/Scripting/NetStandard/compat/2.1.0/shims/netfx/System.Numerics.dll"
-r:"/Applications/Unity/Hub/Editor/6000.6.4f1/Unity.app/Contents/Resources/Scripting/NetStandard/compat/2.1.0/shims/netfx/System.Runtime.Serialization.dll"
-r:"/Applications/Unity/Hub/Editor/6000.6.4f1/Unity.app/Contents/Resources/Scripting/NetStandard/compat/2.1.0/shims/netfx/System.ServiceModel.Web.dll"
-r:"/Applications/Unity/Hub/Editor/6000.6.4f1/Unity.app/Contents/Resources/Scripting/NetStandard/compat/2.1.0/shims/netfx/System.Transactions.dll"
-r:"/Applications/Unity/Hub/Editor/6000.6.4f1/Unity.app/Contents/Resources/Scripting/NetStandard/compat/2.1.0/shims/netfx/System.Web.dll"
-r:"/Applications/Unity/Hub/Editor/6000.6.4f1/Unity.app/Contents/Resources/Scripting/NetStandard/compat/2.1.0/shims/netfx/System.Windows.dll"
-r:"/Applications/Unity/Hub/Editor/6000.6.4f1/Unity.app/Contents/Resources/Scripting/NetStandard/compat/2.1.0/shims/netfx/System.Xml.Linq.dll"
-r:"/Applications/Unity/Hub/Editor/6000.6.4f1/Unity.app/Contents/Resources/Scripting/NetStandard/compat/2.1.0/shims/netfx/System.Xml.Serialization.dll"
-r:"/Applications/Unity/Hub/Editor/6000.6.4f1/Unity.app/Contents/Resources/Scripting/NetStandard/compat/2.1.0/shims/netfx/System.Xml.dll"
-r:"/Applications/Unity/Hub/Editor/6000.6.4f1/Unity.app/Contents/Resources/Scripting/NetStandard/compat/2.1.0/shims/netfx/System.dll"
-r:"/Applications/Unity/Hub/Editor/6000.6.4f1/Unity.app/Contents/Resources/Scripting/NetStandard/compat/2.1.0/shims/netfx/mscorlib.dll"
-r:"/Applications/Unity/Hub/Editor/6000.6.4f1/Unity.app/Contents/Resources/Scripting/NetStandard/compat/2.1.0/shims/netstandard/Microsoft.Win32.Primitives.dll"
-r:"/Applications/Unity/Hub/Editor/6000.6.4f1/Unity.app/Contents/Resources/Scripting/NetStandard/compat/2.1.0/shims/netstandard/System.AppContext.dll"
-r:"/Applications/Unity/Hub/Editor/6000.6.4f1/Unity.app/Contents/Resources/Scripting/NetStandard/compat/2.1.0/shims/netstandard/System.Buffers.dll"
-r:"/Applications/Unity/Hub/Editor/6000.6.4f1/Unity.app/Contents/Resources/Scripting/NetStandard/compat/2.1.0/shims/netstandard/System.Collections.Concurrent.dll"
-r:"/Applications/Unity/Hub/Editor/6000.6.4f1/Unity.app/Contents/Resources/Scripting/NetStandard/compat/2.1.0/shims/netstandard/System.Collections.NonGeneric.dll"
-r:"/Applications/Unity/Hub/Editor/6000.6.4f1/Unity.app/Contents/Resources/Scripting/NetStandard/compat/2.1.0/shims/netstandard/System.Collections.Specialized.dll"
-r:"/Applications/Unity/Hub/Editor/6000.6.4f1/Unity.app/Contents/Resources/Scripting/NetStandard/compat/2.1.0/shims/netstandard/System.Collections.dll"
-r:"/Applications/Unity/Hub/Editor/6000.6.4f1/Unity.app/Contents/Resources/Scripting/NetStandard/compat/2.1.0/shims/netstandard/System.ComponentModel.EventBasedAsync.dll"
-r:"/Applications/Unity/Hub/Editor/6000.6.4f1/Unity.app/Contents/Resources/Scripting/NetStandard/compat/2.1.0/shims/netstandard/System.ComponentModel.Primitives.dll"
-r:"/Applications/Unity/Hub/Editor/6000.6.4f1/Unity.app/Contents/Resources/Scripting/NetStandard/compat/2.1.0/shims/netstandard/System.ComponentModel.TypeConverter.dll"
-r:"/Applications/Unity/Hub/Editor/6000.6.4f1/Unity.app/Contents/Resources/Scripting/NetStandard/compat/2.1.0/shims/netstandard/System.ComponentModel.dll"
-r:"/Applications/Unity/Hub/Editor/6000.6.4f1/Unity.app/Contents/Resources/Scripting/NetStandard/compat/2.1.0/shims/netstandard/System.Console.dll"
-r:"/Applications/Unity/Hub/Editor/6000.6.4f1/Unity.app/Contents/Resources/Scripting/NetStandard/compat/2.1.0/shims/netstandard/System.Data.Common.dll"
-r:"/Applications/Unity/Hub/Editor/6000.6.4f1/Unity.app/Contents/Resources/Scripting/NetStandard/compat/2.1.0/shims/netstandard/System.Diagnostics.Contracts.dll"
-r:"/Applications/Unity/Hub/Editor/6000.6.4f1/Unity.app/Contents/Resources/Scripting/NetStandard/compat/2.1.0/shims/netstandard/System.Diagnostics.Debug.dll"
-r:"/Applications/Unity/Hub/Editor/6000.6.4f1/Unity.app/Contents/Resources/Scripting/NetStandard/compat/2.1.0/shims/netstandard/System.Diagnostics.FileVersionInfo.dll"
-r:"/Applications/Unity/Hub/Editor/6000.6.4f1/Unity.app/Contents/Resources/Scripting/NetStandard/compat/2.1.0/shims/netstandard/System.Diagnostics.Process.dll"
-r:"/Applications/Unity/Hub/Editor/6000.6.4f1/Unity.app/Contents/Resources/Scripting/NetStandard/compat/2.1.0/shims/netstandard/System.Diagnostics.StackTrace.dll"
-r:"/Applications/Unity/Hub/Editor/6000.6.4f1/Unity.app/Contents/Resources/Scripting/NetStandard/compat/2.1.0/shims/netstandard/System.Diagnostics.TextWriterTraceListener.dll"
-r:"/Applications/Unity/Hub/Editor/6000.6.4f1/Unity.app/Contents/Resources/Scripting/NetStandard/compat/2.1.0/shims/netstandard/System.Diagnostics.Tools.dll"
-r:"/Applications/Unity/Hub/Editor/6000.6.4f1/Unity.app/Contents/Resources/Scripting/NetStandard/compat/2.1.0/shims/netstandard/System.Diagnostics.TraceSource.dll"
-r:"/Applications/Unity/Hub/Editor/6000.6.4f1/Unity.app/Contents/Resources/Scripting/NetStandard/compat/2.1.0/shims/netstandard/System.Diagnostics.Tracing.dll"
-r:"/Applications/Unity/Hub/Editor/6000.6.4f1/Unity.app/Contents/Resources/Scripting/NetStandard/compat/2.1.0/shims/netstandard/System.Drawing.Primitives.dll"
-r:"/Applications/Unity/Hub/Editor/6000.6.4f1/Unity.app/Contents/Resources/Scripting/NetStandard/compat/2.1.0/shims/netstandard/System.Dynamic.Runtime.dll"
-r:"/Applications/Unity/Hub/Editor/6000.6.4f1/Unity.app/Contents/Resources/Scripting/NetStandard/compat/2.1.0/shims/netstandard/System.Globalization.Calendars.dll"
-r:"/Applications/Unity/Hub/Editor/6000.6.4f1/Unity.app/Contents/Resources/Scripting/NetStandard/compat/2.1.0/shims/netstandard/System.Globalization.Extensions.dll"
-r:"/Applications/Unity/Hub/Editor/6000.6.4f1/Unity.app/Contents/Resources/Scripting/NetStandard/compat/2.1.0/shims/netstandard/System.Globalization.dll"
-r:"/Applications/Unity/Hub/Editor/6000.6.4f1/Unity.app/Contents/Resources/Scripting/NetStandard/compat/2.1.0/shims/netstandard/System.IO.Compression.ZipFile.dll"
-r:"/Applications/Unity/Hub/Editor/6000.6.4f1/Unity.app/Contents/Resources/Scripting/NetStandard/compat/2.1.0/shims/netstandard/System.IO.Compression.dll"
-r:"/Applications/Unity/Hub/Editor/6000.6.4f1/Unity.app/Contents/Resources/Scripting/NetStandard/compat/2.1.0/shims/netstandard/System.IO.FileSystem.DriveInfo.dll"
-r:"/Applications/Unity/Hub/Editor/6000.6.4f1/Unity.app/Contents/Resources/Scripting/NetStandard/compat/2.1.0/shims/netstandard/System.IO.FileSystem.Primitives.dll"
-r:"/Applications/Unity/Hub/Editor/6000.6.4f1/Unity.app/Contents/Resources/Scripting/NetStandard/compat/2.1.0/shims/netstandard/System.IO.FileSystem.Watcher.dll"
-r:"/Applications/Unity/Hub/Editor/6000.6.4f1/Unity.app/Contents/Resources/Scripting/NetStandard/compat/2.1.0/shims/netstandard/System.IO.FileSystem.dll"
-r:"/Applications/Unity/Hub/Editor/6000.6.4f1/Unity.app/Contents/Resources/Scripting/NetStandard/compat/2.1.0/shims/netstandard/System.IO.IsolatedStorage.dll"
-r:"/Applications/Unity/Hub/Editor/6000.6.4f1/Unity.app/Contents/Resources/Scripting/NetStandard/compat/2.1.0/shims/netstandard/System.IO.MemoryMappedFiles.dll"
-r:"/Applications/Unity/Hub/Editor/6000.6.4f1/Unity.app/Contents/Resources/Scripting/NetStandard/compat/2.1.0/shims/netstandard/System.IO.Pipes.dll"
-r:"/Applications/Unity/Hub/Editor/6000.6.4f1/Unity.app/Contents/Resources/Scripting/NetStandard/compat/2.1.0/shims/netstandard/System.IO.UnmanagedMemoryStream.dll"
-r:"/Applications/Unity/Hub/Editor/6000.6.4f1/Unity.app/Contents/Resources/Scripting/NetStandard/compat/2.1.0/shims/netstandard/System.IO.dll"
-r:"/Applications/Unity/Hub/Editor/6000.6.4f1/Unity.app/Contents/Resources/Scripting/NetStandard/compat/2.1.0/shims/netstandard/System.Linq.Expressions.dll"
-r:"/Applications/Unity/Hub/Editor/6000.6.4f1/Unity.app/Contents/Resources/Scripting/NetStandard/compat/2.1.0/shims/netstandard/System.Linq.Parallel.dll"
-r:"/Applications/Unity/Hub/Editor/6000.6.4f1/Unity.app/Contents/Resources/Scripting/NetStandard/compat/2.1.0/shims/netstandard/System.Linq.Queryable.dll"
-r:"/Applications/Unity/Hub/Editor/6000.6.4f1/Unity.app/Contents/Resources/Scripting/NetStandard/compat/2.1.0/shims/netstandard/System.Linq.dll"
-r:"/Applications/Unity/Hub/Editor/6000.6.4f1/Unity.app/Contents/Resources/Scripting/NetStandard/compat/2.1.0/shims/netstandard/System.Memory.dll"
-r:"/Applications/Unity/Hub/Editor/6000.6.4f1/Unity.app/Contents/Resources/Scripting/NetStandard/compat/2.1.0/shims/netstandard/System.Net.Http.dll"
-r:"/Applications/Unity/Hub/Editor/6000.6.4f1/Unity.app/Contents/Resources/Scripting/NetStandard/compat/2.1.0/shims/netstandard/System.Net.NameResolution.dll"
-r:"/Applications/Unity/Hub/Editor/6000.6.4f1/Unity.app/Contents/Resources/Scripting/NetStandard/compat/2.1.0/shims/netstandard/System.Net.NetworkInformation.dll"
-r:"/Applications/Unity/Hub/Editor/6000.6.4f1/Unity.app/Contents/Resources/Scripting/NetStandard/compat/2.1.0/shims/netstandard/System.Net.Ping.dll"
-r:"/Applications/Unity/Hub/Editor/6000.6.4f1/Unity.app/Contents/Resources/Scripting/NetStandard/compat/2.1.0/shims/netstandard/System.Net.Primitives.dll"
-r:"/Applications/Unity/Hub/Editor/6000.6.4f1/Unity.app/Contents/Resources/Scripting/NetStandard/compat/2.1.0/shims/netstandard/System.Net.Requests.dll"
-r:"/Applications/Unity/Hub/Editor/6000.6.4f1/Unity.app/Contents/Resources/Scripting/NetStandard/compat/2.1.0/shims/netstandard/System.Net.Security.dll"
-r:"/Applications/Unity/Hub/Editor/6000.6.4f1/Unity.app/Contents/Resources/Scripting/NetStandard/compat/2.1.0/shims/netstandard/System.Net.Sockets.dll"
-r:"/Applications/Unity/Hub/Editor/6000.6.4f1/Unity.app/Contents/Resources/Scripting/NetStandard/compat/2.1.0/shims/netstandard/System.Net.WebHeaderCollection.dll"
-r:"/Applications/Unity/Hub/Editor/6000.6.4f1/Unity.app/Contents/Resources/Scripting/NetStandard/compat/2.1.0/shims/netstandard/System.Net.WebSockets.Client.dll"
-r:"/Applications/Unity/Hub/Editor/6000.6.4f1/Unity.app/Contents/Resources/Scripting/NetStandard/compat/2.1.0/shims/netstandard/System.Net.WebSockets.dll"
-r:"/Applications/Unity/Hub/Editor/6000.6.4f1/Unity.app/Contents/Resources/Scripting/NetStandard/compat/2.1.0/shims/netstandard/System.Numerics.Vectors.dll"
-r:"/Applications/Unity/Hub/Editor/6000.6.4f1/Unity.app/Contents/Resources/Scripting/NetStandard/compat/2.1.0/shims/netstandard/System.ObjectModel.dll"
-r:"/Applications/Unity/Hub/Editor/6000.6.4f1/Unity.app/Contents/Resources/Scripting/NetStandard/compat/2.1.0/shims/netstandard/System.Reflection.DispatchProxy.dll"
-r:"/Applications/Unity/Hub/Editor/6000.6.4f1/Unity.app/Contents/Resources/Scripting/NetStandard/compat/2.1.0/shims/netstandard/System.Reflection.Emit.ILGeneration.dll"
-r:"/Applications/Unity/Hub/Editor/6000.6.4f1/Unity.app/Contents/Resources/Scripting/NetStandard/compat/2.1.0/shims/netstandard/System.Reflection.Emit.Lightweight.dll"
-r:"/Applications/Unity/Hub/Editor/6000.6.4f1/Unity.app/Contents/Resources/Scripting/NetStandard/compat/2.1.0/shims/netstandard/System.Reflection.Emit.dll"
-r:"/Applications/Unity/Hub/Editor/6000.6.4f1/Unity.app/Contents/Resources/Scripting/NetStandard/compat/2.1.0/shims/netstandard/System.Reflection.Extensions.dll"
-r:"/Applications/Unity/Hub/Editor/6000.6.4f1/Unity.app/Contents/Resources/Scripting/NetStandard/compat/2.1.0/shims/netstandard/System.Reflection.Primitives.dll"
-r:"/Applications/Unity/Hub/Editor/6000.6.4f1/Unity.app/Contents/Resources/Scripting/NetStandard/compat/2.1.0/shims/netstandard/System.Reflection.dll"
-r:"/Applications/Unity/Hub/Editor/6000.6.4f1/Unity.app/Contents/Resources/Scripting/NetStandard/compat/2.1.0/shims/netstandard/System.Resources.Reader.dll"
-r:"/Applications/Unity/Hub/Editor/6000.6.4f1/Unity.app/Contents/Resources/Scripting/NetStandard/compat/2.1.0/shims/netstandard/System.Resources.ResourceManager.dll"
-r:"/Applications/Unity/Hub/Editor/6000.6.4f1/Unity.app/Contents/Resources/Scripting/NetStandard/compat/2.1.0/shims/netstandard/System.Resources.Writer.dll"
-r:"/Applications/Unity/Hub/Editor/6000.6.4f1/Unity.app/Contents/Resources/Scripting/NetStandard/compat/2.1.0/shims/netstandard/System.Runtime.CompilerServices.VisualC.dll"
-r:"/Applications/Unity/Hub/Editor/6000.6.4f1/Unity.app/Contents/Resources/Scripting/NetStandard/compat/2.1.0/shims/netstandard/System.Runtime.Extensions.dll"
-r:"/Applications/Unity/Hub/Editor/6000.6.4f1/Unity.app/Contents/Resources/Scripting/NetStandard/compat/2.1.0/shims/netstandard/System.Runtime.Handles.dll"
-r:"/Applications/Unity/Hub/Editor/6000.6.4f1/Unity.app/Contents/Resources/Scripting/NetStandard/compat/2.1.0/shims/netstandard/System.Runtime.InteropServices.RuntimeInformation.dll"
-r:"/Applications/Unity/Hub/Editor/6000.6.4f1/Unity.app/Contents/Resources/Scripting/NetStandard/compat/2.1.0/shims/netstandard/System.Runtime.InteropServices.dll"
-r:"/Applications/Unity/Hub/Editor/6000.6.4f1/Unity.app/Contents/Resources/Scripting/NetStandard/compat/2.1.0/shims/netstandard/System.Runtime.Numerics.dll"
-r:"/Applications/Unity/Hub/Editor/6000.6.4f1/Unity.app/Contents/Resources/Scripting/NetStandard/compat/2.1.0/shims/netstandard/System.Runtime.Serialization.Formatters.dll"
-r:"/Applications/Unity/Hub/Editor/6000.6.4f1/Unity.app/Contents/Resources/Scripting/NetStandard/compat/2.1.0/shims/netstandard/System.Runtime.Serialization.Json.dll"
-r:"/Applications/Unity/Hub/Editor/6000.6.4f1/Unity.app/Contents/Resources/Scripting/NetStandard/compat/2.1.0/shims/netstandard/System.Runtime.Serialization.Primitives.dll"
-r:"/Applications/Unity/Hub/Editor/6000.6.4f1/Unity.app/Contents/Resources/Scripting/NetStandard/compat/2.1.0/shims/netstandard/System.Runtime.Serialization.Xml.dll"
-r:"/Applications/Unity/Hub/Editor/6000.6.4f1/Unity.app/Contents/Resources/Scripting/NetStandard/compat/2.1.0/shims/netstandard/System.Runtime.dll"
-r:"/Applications/Unity/Hub/Editor/6000.6.4f1/Unity.app/Contents/Resources/Scripting/NetStandard/compat/2.1.0/shims/netstandard/System.Security.Claims.dll"
-r:"/Applications/Unity/Hub/Editor/6000.6.4f1/Unity.app/Contents/Resources/Scripting/NetStandard/compat/2.1.0/shims/netstandard/System.Security.Cryptography.Algorithms.dll"
-r:"/Applications/Unity/Hub/Editor/6000.6.4f1/Unity.app/Contents/Resources/Scripting/NetStandard/compat/2.1.0/shims/netstandard/System.Security.Cryptography.Csp.dll"
-r:"/Applications/Unity/Hub/Editor/6000.6.4f1/Unity.app/Contents/Resources/Scripting/NetStandard/compat/2.1.0/shims/netstandard/System.Security.Cryptography.Encoding.dll"
-r:"/Applications/Unity/Hub/Editor/6000.6.4f1/Unity.app/Contents/Resources/Scripting/NetStandard/compat/2.1.0/shims/netstandard/System.Security.Cryptography.Primitives.dll"
-r:"/Applications/Unity/Hub/Editor/6000.6.4f1/Unity.app/Contents/Resources/Scripting/NetStandard/compat/2.1.0/shims/netstandard/System.Security.Cryptography.X509Certificates.dll"
-r:"/Applications/Unity/Hub/Editor/6000.6.4f1/Unity.app/Contents/Resources/Scripting/NetStandard/compat/2.1.0/shims/netstandard/System.Security.Principal.dll"
-r:"/Applications/Unity/Hub/Editor/6000.6.4f1/Unity.app/Contents/Resources/Scripting/NetStandard/compat/2.1.0/shims/netstandard/System.Security.SecureString.dll"
-r:"/Applications/Unity/Hub/Editor/6000.6.4f1/Unity.app/Contents/Resources/Scripting/NetStandard/compat/2.1.0/shims/netstandard/System.Text.Encoding.Extensions.dll"
-r:"/Applications/Unity/Hub/Editor/6000.6.4f1/Unity.app/Contents/Resources/Scripting/NetStandard/compat/2.1.0/shims/netstandard/System.Text.Encoding.dll"
-r:"/Applications/Unity/Hub/Editor/6000.6.4f1/Unity.app/Contents/Resources/Scripting/NetStandard/compat/2.1.0/shims/netstandard/System.Text.RegularExpressions.dll"
-r:"/Applications/Unity/Hub/Editor/6000.6.4f1/Unity.app/Contents/Resources/Scripting/NetStandard/compat/2.1.0/shims/netstandard/System.Threading.Overlapped.dll"
-r:"/Applications/Unity/Hub/Editor/6000.6.4f1/Unity.app/Contents/Resources/Scripting/NetStandard/compat/2.1.0/shims/netstandard/System.Threading.Tasks.Extensions.dll"
-r:"/Applications/Unity/Hub/Editor/6000.6.4f1/Unity.app/Contents/Resources/Scripting/NetStandard/compat/2.1.0/shims/netstandard/System.Threading.Tasks.Parallel.dll"
-r:"/Applications/Unity/Hub/Editor/6000.6.4f1/Unity.app/Contents/Resources/Scripting/NetStandard/compat/2.1.0/shims/netstandard/System.Threading.Tasks.dll"
-r:"/Applications/Unity/Hub/Editor/6000.6.4f1/Unity.app/Contents/Resources/Scripting/NetStandard/compat/2.1.0/shims/netstandard/System.Threading.Thread.dll"
-r:"/Applications/Unity/Hub/Editor/6000.6.4f1/Unity.app/Contents/Resources/Scripting/NetStandard/compat/2.1.0/shims/netstandard/System.Threading.ThreadPool.dll"
-r:"/Applications/Unity/Hub/Editor/6000.6.4f1/Unity.app/Contents/Resources/Scripting/NetStandard/compat/2.1.0/shims/netstandard/System.Threading.Timer.dll"
-r:"/Applications/Unity/Hub/Editor/6000.6.4f1/Unity.app/Contents/Resources/Scripting/NetStandard/compat/2.1.0/shims/netstandard/System.Threading.dll"
-r:"/Applications/Unity/Hub/Editor/6000.6.4f1/Unity.app/Contents/Resources/Scripting/NetStandard/compat/2.1.0/shims/netstandard/System.ValueTuple.dll"
-r:"/Applications/Unity/Hub/Editor/6000.6.4f1/Unity.app/Contents/Resources/Scripting/NetStandard/compat/2.1.0/shims/netstandard/System.Xml.ReaderWriter.dll"
-r:"/Applications/Unity/Hub/Editor/6000.6.4f1/Unity.app/Contents/Resources/Scripting/NetStandard/compat/2.1.0/shims/netstandard/System.Xml.XDocument.dll"
-r:"/Applications/Unity/Hub/Editor/6000.6.4f1/Unity.app/Contents/Resources/Scripting/NetStandard/compat/2.1.0/shims/netstandard/System.Xml.XPath.XDocument.dll"
-r:"/Applications/Unity/Hub/Editor/6000.6.4f1/Unity.app/Contents/Resources/Scripting/NetStandard/compat/2.1.0/shims/netstandard/System.Xml.XPath.dll"
-r:"/Applications/Unity/Hub/Editor/6000.6.4f1/Unity.app/Contents/Resources/Scripting/NetStandard/compat/2.1.0/shims/netstandard/System.Xml.XmlDocument.dll"
-r:"/Applications/Unity/Hub/Editor/6000.6.4f1/Unity.app/Contents/Resources/Scripting/NetStandard/compat/2.1.0/shims/netstandard/System.Xml.XmlSerializer.dll"
-r:"/Applications/Unity/Hub/Editor/6000.6.4f1/Unity.app/Contents/Resources/Scripting/NetStandard/ref/2.1.0/netstandard.dll"
-r:"Library/PackageCache/com.unity.ai.assistant@ceb45b7b3ebd/Modules/Unity.AI.Toolkit.Sdk/Editor/AiEditorToolsSdk.dll"
-r:"Library/PackageCache/com.unity.collections@10fff0607388/Unity.Collections.LowLevel.ILSupport/Unity.Collections.LowLevel.ILSupport.dll"
-r:"Library/PackageCache/com.unity.ext.nunit@0198eae3b53e/net472/unity-custom/nunit.framework.dll"
-r:"Library/PackageCache/com.unity.nuget.mono-cecil@ecb9724e46ff/Mono.Cecil.dll"
-r:"Library/PackageCache/com.unity.nuget.newtonsoft-json@4dfd81071c64/Runtime/Newtonsoft.Json.dll"
-r:"Library/Bee/artifacts/200b0aE.dag/Project.Application.ref.dll"
-r:"Library/Bee/artifacts/200b0aE.dag/Project.Core.ref.dll"
-r:"Library/Bee/artifacts/200b0aE.dag/Project.Infrastructure.ref.dll"
-r:"Library/Bee/artifacts/200b0aE.dag/Unity.InputSystem.ref.dll"
-r:"Library/Bee/artifacts/200b0aE.dag/Unity.RenderPipelines.Core.Runtime.ref.dll"
-r:"Library/Bee/artifacts/200b0aE.dag/Unity.RenderPipelines.Universal.Runtime.ref.dll"
-r:"Library/Bee/artifacts/200b0aE.dag/UnityEditor.UI.ref.dll"
-r:"Library/Bee/artifacts/200b0aE.dag/UnityEngine.UI.ref.dll"
-analyzer:"/Applications/Unity/Hub/Editor/6000.6.4f1/Unity.app/Contents/Resources/BuildPipeline/Unity.Analyzers.Common/Unity.Analyzers.Common.dll"
-analyzer:"/Applications/Unity/Hub/Editor/6000.6.4f1/Unity.app/Contents/Resources/BuildPipeline/Unity.Analyzers.LongLiving/Unity.Analyzers.LongLiving.dll"
-analyzer:"/Applications/Unity/Hub/Editor/6000.6.4f1/Unity.app/Contents/Resources/BuildPipeline/Unity.SourceGenerators/Unity.Properties.SourceGenerator.dll"
-analyzer:"/Applications/Unity/Hub/Editor/6000.6.4f1/Unity.app/Contents/Resources/BuildPipeline/Unity.SourceGenerators/Unity.SourceGenerators.dll"
-analyzer:"/Applications/Unity/Hub/Editor/6000.6.4f1/Unity.app/Contents/Resources/BuildPipeline/Unity.SourceGenerators/Unity.UIToolkit.SourceGenerator.dll"
-analyzer:"/Applications/Unity/Hub/Editor/6000.6.4f1/Unity.app/Contents/Resources/Scripting/BCLExtensions/TargetingPacks/netstandard2.1/analyzers/dotnet/roslyn4.0/cs/Microsoft.Extensions.Logging.Generators.dll"
-analyzer:"/Applications/Unity/Hub/Editor/6000.6.4f1/Unity.app/Contents/Resources/Scripting/BCLExtensions/TargetingPacks/netstandard2.1/analyzers/dotnet/roslyn4.0/cs/System.Text.Json.SourceGeneration.dll"
"Assets/_Project/Scripts/Presentation/Benchmark/AaaBenchmarkBootstrap.cs"
"Assets/_Project/Scripts/Presentation/Benchmark/AaaBenchmarkFeatureInstaller.cs"
"Assets/_Project/Scripts/Presentation/Benchmark/AaaBenchmarkPatrol.cs"
"Assets/_Project/Scripts/Presentation/Benchmark/AaaBenchmarkTerrain.cs"
"Assets/_Project/Scripts/Presentation/Benchmark/AaaBenchmarkVitrin.cs"
"Assets/_Project/Scripts/Presentation/Benchmark/BenchmarkLayout.cs"
"Assets/_Project/Scripts/Presentation/Benchmark/BenchmarkShotPath.cs"
"Assets/_Project/Scripts/Presentation/Bootstrap/AchievementTracker.cs"
"Assets/_Project/Scripts/Presentation/Bootstrap/BootstrapUtility.cs"
"Assets/_Project/Scripts/Presentation/Bootstrap/ConvoyBootstrap.cs"
"Assets/_Project/Scripts/Presentation/Bootstrap/GameBootstrap.cs"
"Assets/_Project/Scripts/Presentation/Bootstrap/GameLoopPresenter.cs"
"Assets/_Project/Scripts/Presentation/Bootstrap/GameSession.cs"
"Assets/_Project/Scripts/Presentation/Bootstrap/GameplayUiController.cs"
"Assets/_Project/Scripts/Presentation/Bootstrap/HostageBootstrap.cs"
"Assets/_Project/Scripts/Presentation/Bootstrap/MainMenuBootstrap.cs"
"Assets/_Project/Scripts/Presentation/Bootstrap/MatchBootstrap.cs"
"Assets/_Project/Scripts/Presentation/Bootstrap/OtoEkranArgs.cs"
"Assets/_Project/Scripts/Presentation/Bootstrap/OtoEkranRunner.cs"
"Assets/_Project/Scripts/Presentation/Bootstrap/OtoEkranViewpoints.cs"
"Assets/_Project/Scripts/Presentation/Bootstrap/SceneNames.cs"
"Assets/_Project/Scripts/Presentation/Bootstrap/ServerRuntime.cs"
"Assets/_Project/Scripts/Presentation/Bootstrap/SkirmishBootstrap.cs"
"Assets/_Project/Scripts/Presentation/Bootstrap/TestArenaBootstrap.cs"
"Assets/_Project/Scripts/Presentation/Bootstrap/TrainingBootstrap.cs"
"Assets/_Project/Scripts/Presentation/Debugging/ZoneVisualizer.cs"
"Assets/_Project/Scripts/Presentation/DevTools/DevConsole.cs"
"Assets/_Project/Scripts/Presentation/DevTools/DevConsoleCommands.cs"
"Assets/_Project/Scripts/Presentation/DevTools/DevConsoleGate.cs"
"Assets/_Project/Scripts/Presentation/DevTools/PerfOverlay.cs"
"Assets/_Project/Scripts/Presentation/Player/AimAssist.cs"
"Assets/_Project/Scripts/Presentation/Player/FirstPersonPlayerPresenter.cs"
"Assets/_Project/Scripts/Presentation/Player/IPlayerHudSource.cs"
"Assets/_Project/Scripts/Presentation/Player/PlayerCameraFx.cs"
"Assets/_Project/Scripts/Presentation/Player/PlayerController.Heli.cs"
"Assets/_Project/Scripts/Presentation/Player/PlayerController.cs"
"Assets/_Project/Scripts/Presentation/Player/PlayerHitboxRig.cs"
"Assets/_Project/Scripts/Presentation/Player/PlayerInteraction.cs"
"Assets/_Project/Scripts/Presentation/Player/PlayerSpawnArgs.cs"
"Assets/_Project/Scripts/Presentation/Player/PlayerWeaponHandler.cs"
"Assets/_Project/Scripts/Presentation/Player/ScopeInput.cs"
"Assets/_Project/Scripts/Presentation/Player/SquadCommandInput.cs"
"Assets/_Project/Scripts/Presentation/Player/Suppression.cs"
"Assets/_Project/Scripts/Presentation/Player/SuppressionDriver.cs"
"Assets/_Project/Scripts/Presentation/Player/WeaponPresenter.cs"
"Assets/_Project/Scripts/Presentation/Replay/ReplayMenuPanel.cs"
"Assets/_Project/Scripts/Presentation/Replay/ReplayViewer.Ui.cs"
"Assets/_Project/Scripts/Presentation/Replay/ReplayViewer.cs"
"Assets/_Project/Scripts/Presentation/Spectator/SpectatorController.cs"
"Assets/_Project/Scripts/Presentation/Training/ChallengeController.cs"
"Assets/_Project/Scripts/Presentation/Tutorial/TutorialPresenter.cs"
"Assets/_Project/Scripts/Presentation/UI/AchievementListView.cs"
"Assets/_Project/Scripts/Presentation/UI/AchievementToastView.cs"
"Assets/_Project/Scripts/Presentation/UI/AdvancedDisplay.cs"
"Assets/_Project/Scripts/Presentation/UI/AllyMarkersView.cs"
"Assets/_Project/Scripts/Presentation/UI/CareerPanel.cs"
"Assets/_Project/Scripts/Presentation/UI/CommandWheelController.cs"
"Assets/_Project/Scripts/Presentation/UI/CommandWheelMath.cs"
"Assets/_Project/Scripts/Presentation/UI/CommandWheelView.cs"
"Assets/_Project/Scripts/Presentation/UI/CompassView.cs"
"Assets/_Project/Scripts/Presentation/UI/CosmeticsPanel.cs"
"Assets/_Project/Scripts/Presentation/UI/CreditsPanel.cs"
"Assets/_Project/Scripts/Presentation/UI/CrosshairView.cs"
"Assets/_Project/Scripts/Presentation/UI/DamageIndicatorView.cs"
"Assets/_Project/Scripts/Presentation/UI/EndScreen.cs"
"Assets/_Project/Scripts/Presentation/UI/FullMapView.cs"
"Assets/_Project/Scripts/Presentation/UI/HitFeedbackDirector.cs"
"Assets/_Project/Scripts/Presentation/UI/HudBuild.cs"
"Assets/_Project/Scripts/Presentation/UI/HudCenterInfoView.cs"
"Assets/_Project/Scripts/Presentation/UI/HudContext.cs"
"Assets/_Project/Scripts/Presentation/UI/HudController.cs"
"Assets/_Project/Scripts/Presentation/UI/HudFormat.cs"
"Assets/_Project/Scripts/Presentation/UI/HudScreenEffectsView.cs"
"Assets/_Project/Scripts/Presentation/UI/HudStatusView.cs"
"Assets/_Project/Scripts/Presentation/UI/HudVitalsView.cs"
"Assets/_Project/Scripts/Presentation/UI/HudWeaponView.cs"
"Assets/_Project/Scripts/Presentation/UI/InventoryActionRequest.cs"
"Assets/_Project/Scripts/Presentation/UI/InventoryView.cs"
"Assets/_Project/Scripts/Presentation/UI/KeyBindingsPanel.cs"
"Assets/_Project/Scripts/Presentation/UI/KillFeedView.cs"
"Assets/_Project/Scripts/Presentation/UI/LoadingScreen.cs"
"Assets/_Project/Scripts/Presentation/UI/LoadingScreenView.cs"
"Assets/_Project/Scripts/Presentation/UI/LobbyCommanderReel.cs"
"Assets/_Project/Scripts/Presentation/UI/MainMenuController.cs"
"Assets/_Project/Scripts/Presentation/UI/MapClickSurface.cs"
"Assets/_Project/Scripts/Presentation/UI/MapDataSource.cs"
"Assets/_Project/Scripts/Presentation/UI/MapIcons.cs"
"Assets/_Project/Scripts/Presentation/UI/MapLineGraphic.cs"
"Assets/_Project/Scripts/Presentation/UI/MapMarkers.cs"
"Assets/_Project/Scripts/Presentation/UI/MapMath.cs"
"Assets/_Project/Scripts/Presentation/UI/MapOverlayInput.cs"
"Assets/_Project/Scripts/Presentation/UI/MapRingGraphic.cs"
"Assets/_Project/Scripts/Presentation/UI/MatchHudPresenter.cs"
"Assets/_Project/Scripts/Presentation/UI/MenuBackdrop.cs"
"Assets/_Project/Scripts/Presentation/UI/MenuBackdropBuilder.cs"
"Assets/_Project/Scripts/Presentation/UI/MenuButtonHint.cs"
"Assets/_Project/Scripts/Presentation/UI/MenuCampfire.cs"
"Assets/_Project/Scripts/Presentation/UI/MenuDialog.cs"
"Assets/_Project/Scripts/Presentation/UI/MenuFlagCloth.cs"
"Assets/_Project/Scripts/Presentation/UI/MenuRankInsignia.cs"
"Assets/_Project/Scripts/Presentation/UI/MenuText.cs"
"Assets/_Project/Scripts/Presentation/UI/MinimapView.cs"
"Assets/_Project/Scripts/Presentation/UI/NotificationView.cs"
"Assets/_Project/Scripts/Presentation/UI/OperationSetupPanel.cs"
"Assets/_Project/Scripts/Presentation/UI/OverlayState.cs"
"Assets/_Project/Scripts/Presentation/UI/PauseMenu.cs"
"Assets/_Project/Scripts/Presentation/UI/PingBoard.cs"
"Assets/_Project/Scripts/Presentation/UI/PingController.cs"
"Assets/_Project/Scripts/Presentation/UI/PingWorldView.cs"
"Assets/_Project/Scripts/Presentation/UI/RadioSubtitleView.cs"
"Assets/_Project/Scripts/Presentation/UI/ReconMarkersView.cs"
"Assets/_Project/Scripts/Presentation/UI/ScopeOverlayView.cs"
"Assets/_Project/Scripts/Presentation/UI/ScoreboardRules.cs"
"Assets/_Project/Scripts/Presentation/UI/ScoreboardView.cs"
"Assets/_Project/Scripts/Presentation/UI/SeasonPassPanel.cs"
"Assets/_Project/Scripts/Presentation/UI/SettingsPanel.cs"
"Assets/_Project/Scripts/Presentation/UI/SquadPanelView.cs"
"Assets/_Project/Scripts/Presentation/UI/SuppressionView.cs"
"Assets/_Project/Scripts/Presentation/UI/UiFactory.cs"
"Assets/_Project/Scripts/Presentation/UI/UiSprites.cs"
"Assets/_Project/Scripts/Presentation/UI/UiTheme.cs"
"Assets/_Project/Scripts/Presentation/UI/UiWidgets.cs"
"Assets/_Project/Scripts/Presentation/World/MapBlockoutBuilder.cs"
"Assets/_Project/Scripts/Presentation/World/ZoneWallView.cs"
-langversion:9.0
/deterministic
/optimize+
/debug:portable
/nologo
/RuntimeMetadataVersion:v4.0.30319
/nowarn:0169
/nowarn:0649
/nowarn:0282
/nowarn:1701
/nowarn:1702
/utf8output
/preferreduilang:en-US
/additionalfile:"Library/Bee/artifacts/200b0aE.dag/Project.Presentation.UnityAdditionalFile.txt"
##### Custom Environment Variables
DOTNET_HOST_PATH=/Applications/Unity/Hub/Editor/6000.6.4f1/Unity.app/Contents/Resources/Scripting/DotNetSdk/dotnet
DOTNET_MULTILEVEL_LOOKUP=0
DOTNET_SYSTEM_GLOBALIZATION_USENLS=1
##### ExitCode
1
##### Output
Assets/_Project/Scripts/Presentation/UI/AdvancedDisplay.cs(119,29): warning CS0618: 'Object.FindFirstObjectByType<T>(FindObjectsInactive)' is obsolete: 'FindFirstObjectByType has been deprecated because it relies on instance ID ordering. Use FindAnyObjectByType instead, which does not depend on ordering.'
Assets/_Project/Scripts/Presentation/UI/AdvancedDisplay.cs(122,31): warning CS0618: 'Object.FindFirstObjectByType<T>(FindObjectsInactive)' is obsolete: 'FindFirstObjectByType has been deprecated because it relies on instance ID ordering. Use FindAnyObjectByType instead, which does not depend on ordering.'
Assets/_Project/Scripts/Presentation/Tutorial/TutorialPresenter.cs(372,34): warning CS0618: 'Object.FindFirstObjectByType<T>(FindObjectsInactive)' is obsolete: 'FindFirstObjectByType has been deprecated because it relies on instance ID ordering. Use FindAnyObjectByType instead, which does not depend on ordering.'
Assets/_Project/Scripts/Presentation/Tutorial/TutorialPresenter.cs(375,28): warning CS0618: 'Object.FindFirstObjectByType<T>(FindObjectsInactive)' is obsolete: 'FindFirstObjectByType has been deprecated because it relies on instance ID ordering. Use FindAnyObjectByType instead, which does not depend on ordering.'
Assets/_Project/Scripts/Presentation/UI/HitFeedbackDirector.cs(96,27): warning CS0618: 'Object.FindFirstObjectByType<T>()' is obsolete: 'FindFirstObjectByType has been deprecated because it relies on instance ID ordering. Use FindAnyObjectByType instead, which does not depend on ordering.'
Assets/_Project/Scripts/Presentation/UI/HitFeedbackDirector.cs(113,19): warning CS0618: 'Object.FindFirstObjectByType<T>()' is obsolete: 'FindFirstObjectByType has been deprecated because it relies on instance ID ordering. Use FindAnyObjectByType instead, which does not depend on ordering.'
Assets/_Project/Scripts/Presentation/Player/PlayerCameraFx.cs(196,74): warning CS0618: 'FindObjectsSortMode' is obsolete: 'FindObjectsSortMode has been deprecated. Use the FindObjectsByType overloads that do not take a FindObjectsSortMode parameter.'
Assets/_Project/Scripts/Presentation/Player/PlayerCameraFx.cs(196,27): warning CS0618: 'Object.FindObjectsByType<T>(FindObjectsSortMode)' is obsolete: 'FindObjectsByType with FindObjectsSortMode parameter has been deprecated. Use FindObjectsByType<T>() or FindObjectsByType<T>(FindObjectsInactive) instead. InstanceID will be replaced in the future with EntityId and previous sort order cannot be maintained.'
Assets/_Project/Scripts/Presentation/UI/LobbyCommanderReel.cs(51,107): error CS0103: The name 'GraphicsDeviceType' does not exist in the current context
Assets/_Project/Scripts/Presentation/UI/LobbyCommanderReel.cs(157,42): error CS1503: Argument 1: cannot convert from 'UnityEngine.UI.Image' to 'UnityEngine.Transform'
Assets/_Project/Scripts/Presentation/DevTools/DevConsoleGate.cs(22,21): warning UAC0009: DEVELOPMENT_BUILD preprocessor directive has been deprecated. Please use one of the managed code variant directives (such as DEBUG, UNITY_ENABLE_CHECKS or UNITY_INCLUDE_INSTRUMENTATION) if different code paths are desired for different managed code variants. Checking for development build is possible at runtime using Debug.isDebugBuild. See the Conditional Compilation manual page for more details.
Assets/_Project/Scripts/Presentation/Benchmark/AaaBenchmarkFeatureInstaller.cs(102,30): warning UAC0005: AppDomain.GetAssemblies() in Unity may return already unloaded assemblies and result in errors or leaks. Use Unity APIs instead, such as 'CurrentAssemblies.GetLoadedAssemblies()' or 'TypeCache.GetTypesDerivedFrom()'.
*** Tundra build failed (15.01 seconds), 557 items updated, 1379 evaluated
## Script Compilation Error for: Csc Library/Bee/artifacts/200b0aE.dag/Project.Presentation.dll (+2 others)
## CmdLine: "/Applications/Unity/Hub/Editor/6000.6.4f1/Unity.app/Contents/Resources/Scripting/DotNetSdk/dotnet" exec "/Applications/Unity/Hub/Editor/6000.6.4f1/Unity.app/Contents/Resources/Scripting/DotNetSdk/sdk/8.0.318/Roslyn/bincore/csc.dll" /nostdlib /noconfig /shared "@Library/Bee/artifacts/200b0aE.dag/Project.Presentation.rsp" "@Library/Bee/artifacts/200b0aE.dag/Project.Presentation.rsp2"
## Output:
Assets/_Project/Scripts/Presentation/UI/AdvancedDisplay.cs(119,29): warning CS0618: 'Object.FindFirstObjectByType<T>(FindObjectsInactive)' is obsolete: 'FindFirstObjectByType has been deprecated because it relies on instance ID ordering. Use FindAnyObjectByType instead, which does not depend on ordering.'
Assets/_Project/Scripts/Presentation/UI/AdvancedDisplay.cs(122,31): warning CS0618: 'Object.FindFirstObjectByType<T>(FindObjectsInactive)' is obsolete: 'FindFirstObjectByType has been deprecated because it relies on instance ID ordering. Use FindAnyObjectByType instead, which does not depend on ordering.'
Assets/_Project/Scripts/Presentation/Tutorial/TutorialPresenter.cs(372,34): warning CS0618: 'Object.FindFirstObjectByType<T>(FindObjectsInactive)' is obsolete: 'FindFirstObjectByType has been deprecated because it relies on instance ID ordering. Use FindAnyObjectByType instead, which does not depend on ordering.'
Assets/_Project/Scripts/Presentation/Tutorial/TutorialPresenter.cs(375,28): warning CS0618: 'Object.FindFirstObjectByType<T>(FindObjectsInactive)' is obsolete: 'FindFirstObjectByType has been deprecated because it relies on instance ID ordering. Use FindAnyObjectByType instead, which does not depend on ordering.'
Assets/_Project/Scripts/Presentation/UI/HitFeedbackDirector.cs(96,27): warning CS0618: 'Object.FindFirstObjectByType<T>()' is obsolete: 'FindFirstObjectByType has been deprecated because it relies on instance ID ordering. Use FindAnyObjectByType instead, which does not depend on ordering.'
Assets/_Project/Scripts/Presentation/UI/HitFeedbackDirector.cs(113,19): warning CS0618: 'Object.FindFirstObjectByType<T>()' is obsolete: 'FindFirstObjectByType has been deprecated because it relies on instance ID ordering. Use FindAnyObjectByType instead, which does not depend on ordering.'
Assets/_Project/Scripts/Presentation/Player/PlayerCameraFx.cs(196,74): warning CS0618: 'FindObjectsSortMode' is obsolete: 'FindObjectsSortMode has been deprecated. Use the FindObjectsByType overloads that do not take a FindObjectsSortMode parameter.'
Assets/_Project/Scripts/Presentation/Player/PlayerCameraFx.cs(196,27): warning CS0618: 'Object.FindObjectsByType<T>(FindObjectsSortMode)' is obsolete: 'FindObjectsByType with FindObjectsSortMode parameter has been deprecated. Use FindObjectsByType<T>() or FindObjectsByType<T>(FindObjectsInactive) instead. InstanceID will be replaced in the future with EntityId and previous sort order cannot be maintained.'
Assets/_Project/Scripts/Presentation/UI/LobbyCommanderReel.cs(51,107): error CS0103: The name 'GraphicsDeviceType' does not exist in the current context
Assets/_Project/Scripts/Presentation/UI/LobbyCommanderReel.cs(157,42): error CS1503: Argument 1: cannot convert from 'UnityEngine.UI.Image' to 'UnityEngine.Transform'
Assets/_Project/Scripts/Presentation/DevTools/DevConsoleGate.cs(22,21): warning UAC0009: DEVELOPMENT_BUILD preprocessor directive has been deprecated. Please use one of the managed code variant directives (such as DEBUG, UNITY_ENABLE_CHECKS or UNITY_INCLUDE_INSTRUMENTATION) if different code paths are desired for different managed code variants. Checking for development build is possible at runtime using Debug.isDebugBuild. See the Conditional Compilation manual page for more details.
Assets/_Project/Scripts/Presentation/Benchmark/AaaBenchmarkFeatureInstaller.cs(102,30): warning UAC0005: AppDomain.GetAssemblies() in Unity may return already unloaded assemblies and result in errors or leaks. Use Unity APIs instead, such as 'CurrentAssemblies.GetLoadedAssemblies()' or 'TypeCache.GetTypesDerivedFrom()'.

Assets/_Project/Scripts/Infrastructure/Audio/Foley/WeaponFoley.cs(207,22): warning CS0618: 'Object.FindFirstObjectByType<T>()' is obsolete: 'FindFirstObjectByType has been deprecated because it relies on instance ID ordering. Use FindAnyObjectByType instead, which does not depend on ordering.'
Assets/_Project/Scripts/Infrastructure/Rendering/CloudShadows.cs(93,70): warning CS0618: 'FindObjectsSortMode' is obsolete: 'FindObjectsSortMode has been deprecated. Use the FindObjectsByType overloads that do not take a FindObjectsSortMode parameter.'
Assets/_Project/Scripts/Infrastructure/Rendering/CloudShadows.cs(93,26): warning CS0618: 'Object.FindObjectsByType<T>(FindObjectsSortMode)' is obsolete: 'FindObjectsByType with FindObjectsSortMode parameter has been deprecated. Use FindObjectsByType<T>() or FindObjectsByType<T>(FindObjectsInactive) instead. InstanceID will be replaced in the future with EntityId and previous sort order cannot be maintained.'
Assets/_Project/Scripts/Presentation/UI/AdvancedDisplay.cs(119,29): warning CS0618: 'Object.FindFirstObjectByType<T>(FindObjectsInactive)' is obsolete: 'FindFirstObjectByType has been deprecated because it relies on instance ID ordering. Use FindAnyObjectByType instead, which does not depend on ordering.'
Assets/_Project/Scripts/Presentation/UI/AdvancedDisplay.cs(122,31): warning CS0618: 'Object.FindFirstObjectByType<T>(FindObjectsInactive)' is obsolete: 'FindFirstObjectByType has been deprecated because it relies on instance ID ordering. Use FindAnyObjectByType instead, which does not depend on ordering.'
Assets/_Project/Scripts/Presentation/Tutorial/TutorialPresenter.cs(372,34): warning CS0618: 'Object.FindFirstObjectByType<T>(FindObjectsInactive)' is obsolete: 'FindFirstObjectByType has been deprecated because it relies on instance ID ordering. Use FindAnyObjectByType instead, which does not depend on ordering.'
Assets/_Project/Scripts/Presentation/Tutorial/TutorialPresenter.cs(375,28): warning CS0618: 'Object.FindFirstObjectByType<T>(FindObjectsInactive)' is obsolete: 'FindFirstObjectByType has been deprecated because it relies on instance ID ordering. Use FindAnyObjectByType instead, which does not depend on ordering.'
Assets/_Project/Scripts/Presentation/UI/HitFeedbackDirector.cs(96,27): warning CS0618: 'Object.FindFirstObjectByType<T>()' is obsolete: 'FindFirstObjectByType has been deprecated because it relies on instance ID ordering. Use FindAnyObjectByType instead, which does not depend on ordering.'
Assets/_Project/Scripts/Presentation/UI/HitFeedbackDirector.cs(113,19): warning CS0618: 'Object.FindFirstObjectByType<T>()' is obsolete: 'FindFirstObjectByType has been deprecated because it relies on instance ID ordering. Use FindAnyObjectByType instead, which does not depend on ordering.'
Assets/_Project/Scripts/Presentation/Player/PlayerCameraFx.cs(196,74): warning CS0618: 'FindObjectsSortMode' is obsolete: 'FindObjectsSortMode has been deprecated. Use the FindObjectsByType overloads that do not take a FindObjectsSortMode parameter.'
Assets/_Project/Scripts/Presentation/Player/PlayerCameraFx.cs(196,27): warning CS0618: 'Object.FindObjectsByType<T>(FindObjectsSortMode)' is obsolete: 'FindObjectsByType with FindObjectsSortMode parameter has been deprecated. Use FindObjectsByType<T>() or FindObjectsByType<T>(FindObjectsInactive) instead. InstanceID will be replaced in the future with EntityId and previous sort order cannot be maintained.'
Assets/_Project/Scripts/Presentation/UI/LobbyCommanderReel.cs(51,107): error CS0103: The name 'GraphicsDeviceType' does not exist in the current context
Assets/_Project/Scripts/Presentation/UI/LobbyCommanderReel.cs(157,42): error CS1503: Argument 1: cannot convert from 'UnityEngine.UI.Image' to 'UnityEngine.Transform'
Assets/_Project/Scripts/Presentation/DevTools/DevConsoleGate.cs(22,21): warning UAC0009: DEVELOPMENT_BUILD preprocessor directive has been deprecated. Please use one of the managed code variant directives (such as DEBUG, UNITY_ENABLE_CHECKS or UNITY_INCLUDE_INSTRUMENTATION) if different code paths are desired for different managed code variants. Checking for development build is possible at runtime using Debug.isDebugBuild. See the Conditional Compilation manual page for more details.
Assets/_Project/Scripts/Presentation/Benchmark/AaaBenchmarkFeatureInstaller.cs(102,30): warning UAC0005: AppDomain.GetAssemblies() in Unity may return already unloaded assemblies and result in errors or leaks. Use Unity APIs instead, such as 'CurrentAssemblies.GetLoadedAssemblies()' or 'TypeCache.GetTypesDerivedFrom()'.
AssetDatabase: script compilation time: 17.212374s
Scripts have compiler errors.
[ExitDontLaunchBugReporter] Exiting without the bug reporter. Application will exit with return code 1
Total cache size 221881088
Total cache size after purge 221881088, took 00:00:00.1524867
[Package Manager] Server process was shutdown
