Unity Editor version:    6000.6.4f1 (12bfff696524)
Branch:                  6000.6/staging
Build type:              Release
Batch mode:              YES
macOS version:           Version 26.6.2 (Build 25G83)
Darwin version:          25.6.0
Architecture:            arm64
Running under Rosetta:   NO
Available memory:        16384 MB
Date:                    2026-10-06T01:04:30Z
VBCSCompilerPreWarmer: watching VBCSCompiler (PID 98937)
VBCSCompilerPreWarmer: pre-warm launched (dotnet PID 98939)
VBCSCompiler prewarm took 2.26 ms
Launching external process: /Applications/Unity/Hub/Editor/6000.6.4f1/Unity.app/Contents/Helpers/UnityLicensingClient.app/Contents/MacOS/Unity.Licensing.Client
[Licensing::Module] Trying to connect to existing licensing client channel...
[Licensing::IpcConnector] Channel LicenseClient-f2gomac doesn't exist
[Licensing::Module] Successfully launched the LicensingClient (PId: 98940)
Launching external process: /Applications/Unity/Hub/Editor/6000.6.4f1/Unity.app/Contents/Helpers/PackageManager/Server/UnityPackageManager

COMMAND LINE ARGUMENTS:
/Applications/Unity/Hub/Editor/6000.6.4f1/Unity.app/Contents/MacOS/Unity
-batchmode
-nographics
-quit
-projectPath
/Users/f2gomac/Desktop/FPS-GAME
-executeMethod
Project.EditorTools.BatchEntry.BuildMac
-logFile
/Users/f2gomac/Desktop/FPS-GAME/Tools/UnityVerify/build_mac_stpfix3.log
Successfully changed project path to: /Users/f2gomac/Desktop/FPS-GAME
/Users/f2gomac/Desktop/FPS-GAME
[UnityMemory] Configuration Parameters - Can be set up in boot.config
    "memorysetup-temp-allocator-size-gi-baking-worker=262144"
    "memorysetup-temp-allocator-size-gi-baking-worker=262144"
    "memorysetup-temp-allocator-size-gi-baking-worker=262144"
    "memorysetup-temp-allocator-size-gi-baking-worker=262144"
    "memorysetup-temp-allocator-size-gi-baking-worker=262144"
    "memorysetup-temp-allocator-size-nav-mesh-worker=65536"
    "memorysetup-temp-allocator-size-audio-worker=65536"
    "memorysetup-temp-allocator-size-cloud-worker=32768"
    "memorysetup-temp-allocator-size-preload-manager=33554432"
    "memorysetup-remapper-allocator-initial-capacity=32768"
    "memorysetup-temp-allocator-size-gfx=262144"
    "memorysetup-allocator-temp-initial-block-size-main=262144"
    "memorysetup-allocator-temp-initial-block-size-worker=262144"
    "memorysetup-temp-allocator-size-background-worker=32768"
    "memorysetup-temp-allocator-size-job-worker=262144"
    "memorysetup-bucket-allocator-granularity=16"
    "memorysetup-bucket-allocator-bucket-count=8"
    "memorysetup-bucket-allocator-block-size=33554432"
    "memorysetup-bucket-allocator-block-count=8"
    "memorysetup-main-allocator-block-size=16777216"
    "memorysetup-thread-allocator-block-size=16777216"
    "memorysetup-main-allocator-mimalloc-enabled=1"
    "memorysetup-gfx-main-allocator-block-size=16777216"
    "memorysetup-gfx-thread-allocator-block-size=16777216"
    "memorysetup-cache-allocator-block-size=4194304"
    "memorysetup-typetree-allocator-block-size=2097152"
    "memorysetup-profiler-bucket-allocator-granularity=16"
    "memorysetup-profiler-bucket-allocator-bucket-count=8"
    "memorysetup-profiler-bucket-allocator-block-size=33554432"
    "memorysetup-profiler-bucket-allocator-block-count=8"
    "memorysetup-profiler-allocator-block-size=16777216"
    "memorysetup-profiler-editor-allocator-block-size=1048576"
    "memorysetup-temp-allocator-size-main=16777216"
    "memorysetup-job-temp-allocator-block-size=2097152"
    "memorysetup-job-temp-allocator-block-size-background=1048576"
    "memorysetup-job-temp-allocator-reduction-small-platforms=262144"
Logging is directed to a specific file, skipping project log.
Player connection [8309662080]  Target information:

Player connection [8309662080]  * "[IP] 192.168.1.4 [Port] 55504 [Flags] 2 [Guid] 3559097929 [EditorId] 3559097929 [Version] 1048832 [Id] OSXEditor(0,192.168.1.4) [Debug] 1 [PackageName] OSXEditor [ProjectName] Editor" 

Player connection [8309662080]  * "[IP] 10.211.55.2 [Port] 55504 [Flags] 2 [Guid] 3559097929 [EditorId] 3559097929 [Version] 1048832 [Id] OSXEditor(0,192.168.1.4) [Debug] 1 [PackageName] OSXEditor [ProjectName] Editor" 

Player connection [8309662080]  * "[IP] 10.37.129.2 [Port] 55504 [Flags] 2 [Guid] 3559097929 [EditorId] 3559097929 [Version] 1048832 [Id] OSXEditor(0,192.168.1.4) [Debug] 1 [PackageName] OSXEditor [ProjectName] Editor" 

Player connection [8309662080] Host joined multi-casting on [225.0.0.222:54997]...
Player connection [8309662080] Host joined alternative multi-casting on [225.0.0.222:34997]...
Input System module state changed to: Initialized.
[Physics::Module] Initialized fallback backend.
[Physics::Module] Id: 0xdecafbad
[Licensing::IpcConnector] Successfully connected to: "LicenseClient-f2gomac" at "2026-10-06T01:04:30.764567Z"
[Package Manager] Connected to IPC stream "Upm-98936" after 0.1 seconds.
[Licensing::Module] Licensing is not yet initialized.
Initialising UDS system complete:
  - System type: Client
  - Resource namespace: c3abdf221fc5d9fd33df3a582a8a25a4
  - Shared memory size: 1073741824
  - Command buffer id: 1052672
  - Command buffer size: 8192
  - Hashmap size: 4194304
  - Service connected: false
[Licensing::Client] Handshaking with LicensingClient:
  Version:                 1.18.3+d7ffd15
  Session Id:              0d30a193a7ee4f69914e68d6e0efc32e
  Correlation Id:          19b06a1006690a531d61400053693b68
  External correlation Id: 2599899169841248172
  Machine Id:              N5wA6icxbnhbHWazitLENc7cwgY=
[Licensing::Module] Successfully connected to LicensingClient on channel: "LicenseClient-f2gomac" (connect: 0.17s, validation: 0.01s, handshake: 0.20s)
[Licensing::IpcConnector] Successfully connected to: "LicenseClient-f2gomac-notifications" at "2026-10-06T01:04:30.977589Z"
[Licensing::Module] Connected to LicensingClient (PId: 98940, launch time: 0.00, total connection time: 0.38s)
[Licensing::Module] Error: Access token is unavailable; failed to update
[Licensing::Client] Successfully resolved entitlement details
[Licensing::Module] License group:
  Id: 18968492814813-UnityPersXXXX
  Product: Unity Personal
  Type: Assigned
  Expiration: Unlimited
[Licensing::Client] Successfully updated license, isAsync: True, time: 0.00
[Licensing::Client] Successfully resolved entitlement details
[Licensing::Module] Licensing Background thread has ended after 0.39s
[Licensing::Module] Licensing is initialized (took 0.18s).
[Licensing::Client] Successfully resolved entitlement details
Library Redirect Path: Library/
Launching Unity Data Store - /Applications/Unity/Hub/Editor/6000.6.4f1/Unity.app/Contents/Helpers/Unity.DataStore 
Unity Data Store artifact dir = Library/DataStore, working dir = /Users/f2gomac/Desktop/FPS-GAMEUnity Data Store running and initialised
[Physics::Module] Selected backend (deferred post-plugins).
[Physics::Module] Name: PhysX
[Physics::Module] Id: 0xf2b8ea05
[Physics::Module] SDK Version: 4.1.2
[Physics::Module] Integration Version: 1.0.0
[Physics::Module] Threading Mode: Multi-Threaded
Initialize engine version: 6000.6.4f1 (12bfff696524)
[EntityIdStore] init: VM path (explicit commit), pageSize=16384, blockCount=262144, entitiesPerBlock=1024, slots reserved=4294967296 bytes
[Subsystems] Discovering subsystems at path /Applications/Unity/Hub/Editor/6000.6.4f1/Unity.app/Contents/Resources/UnitySubsystems
[Subsystems] Discovering subsystems at path /Users/f2gomac/Desktop/FPS-GAME/Assets
Forcing GfxDevice: Null
GfxDevice: creating device client; kGfxThreadingModeNonThreaded
NullGfxDevice:
    Version:  NULL 1.0 [1.0]
    Renderer: Null Device
    Vendor:   Unity Technologies
Initialize mono
Mono path[0] = '/Applications/Unity/Hub/Editor/6000.6.4f1/Unity.app/Contents/Resources/Scripting/Managed'
Mono path[1] = '/Applications/Unity/Hub/Editor/6000.6.4f1/Unity.app/Contents/Resources/Scripting/BCLExtensions/runtime/netstandard2.1'
Mono path[2] = '/Applications/Unity/Hub/Editor/6000.6.4f1/Unity.app/Contents/Resources/Scripting/MonoBleedingEdge/lib/mono/unityjit-macos'
Mono config path = '/Applications/Unity/Hub/Editor/6000.6.4f1/Unity.app/Contents/Resources/Scripting/MonoBleedingEdge/etc'
Using monoOptions --debugger-agent=transport=dt_socket,embedding=1,server=y,suspend=n,address=127.0.0.1:56936
CodeReloadManager initialized
ImportWorker Server TCP listen port: 0
AcceleratorClientConnectionCallback - disconnected - :0
Begin MonoManager ReloadAssembly
Registering precompiled unity dll's ...
Register platform support module: /Applications/Unity/Hub/Editor/6000.6.4f1/PlaybackEngines/WebGLSupport/UnityEditor.WebGL.Extensions.dll
Register platform support module: /Applications/Unity/Hub/Editor/6000.6.4f1/PlaybackEngines/MacStandaloneSupport/UnityEditor.OSXStandalone.Extensions.dll
Registered in 0.001039 seconds.
Native extension for OSXStandalone target not found
Native extension for WebGL target not found
Package Manager log level set to [2]
ScheduleIndexationOnStartup MainProcess:False IndexOnStartup:True
Scripting: successfully reloaded assembly
- Finished resetting the current domain, in  0.452 seconds
Domain Reload Profiling: 699ms
	BeginReloadAssembly (61ms)
	RebuildNativeTypeToScriptingClass (9ms)
	initialDomainReloadingComplete (25ms)
	LoadAllAssembliesAndSetupDomain (150ms)
		LoadAssemblies (59ms)
		TypeCache.Refresh (107ms)
			TypeCache.ScanAssembly (100ms)
		AnalyzeDomain (0ms)
	FinalizeReload (452ms)
		SetupLoadedEditorAssemblies (0ms)
			BeforeProcessingInitializeOnLoad (49ms)
			ProcessInitializeOnLoadAttributes (45ms)
			ProcessInitializeOnLoadMethodAttributes (265ms)
[Licensing::Client] Successfully resolved entitlement details
Application.AssetDatabase Initial Refresh Start
[Package Manager] Restoring resolved packages state from cache
[Licensing::Client] Successfully resolved entitlement details
[Package Manager] Registered 43 packages:
  Packages from [https://packages.unity.com]:
    com.unity.ai.assistant@2.20.0-pre.1 (location: /Users/f2gomac/Desktop/FPS-GAME/Library/PackageCache/com.unity.ai.assistant@ceb45b7b3ebd)
    com.unity.ai.inference@2.6.1 (location: /Users/f2gomac/Desktop/FPS-GAME/Library/PackageCache/com.unity.ai.inference@9a123aee5df7)
    com.unity.ai.navigation@2.0.14 (location: /Users/f2gomac/Desktop/FPS-GAME/Library/PackageCache/com.unity.ai.navigation@134dd6a3b97b)
    com.unity.ide.rider@3.0.38 (location: /Users/f2gomac/Desktop/FPS-GAME/Library/PackageCache/com.unity.ide.rider@1f60b3138684)
    com.unity.ide.visualstudio@2.0.26 (location: /Users/f2gomac/Desktop/FPS-GAME/Library/PackageCache/com.unity.ide.visualstudio@a99d56dec63f)
    com.unity.inputsystem@1.20.0 (location: /Users/f2gomac/Desktop/FPS-GAME/Library/PackageCache/com.unity.inputsystem@7a4e1a2a8194)
    com.unity.dt.app-ui@2.1.13 (location: /Users/f2gomac/Desktop/FPS-GAME/Library/PackageCache/com.unity.dt.app-ui@9d0f103f520a)
    com.unity.nuget.newtonsoft-json@3.2.2 (location: /Users/f2gomac/Desktop/FPS-GAME/Library/PackageCache/com.unity.nuget.newtonsoft-json@4dfd81071c64)
    com.unity.nuget.mono-cecil@1.11.6 (location: /Users/f2gomac/Desktop/FPS-GAME/Library/PackageCache/com.unity.nuget.mono-cecil@ecb9724e46ff)
    com.unity.searcher@4.9.5 (location: /Users/f2gomac/Desktop/FPS-GAME/Library/PackageCache/com.unity.searcher@a463122f2c00)
    com.unity.profiling.core@1.0.3 (location: /Users/f2gomac/Desktop/FPS-GAME/Library/PackageCache/com.unity.profiling.core@8a49f7027d06)
  Built-in packages:
    com.unity.render-pipelines.universal@17.6.0 (location: /Users/f2gomac/Desktop/FPS-GAME/Library/PackageCache/com.unity.render-pipelines.universal@b0678dfc9e21)
    com.unity.test-framework@1.8.0 (location: /Users/f2gomac/Desktop/FPS-GAME/Library/PackageCache/com.unity.test-framework@80f691d4262b)
    com.unity.ugui@2.6.0 (location: /Users/f2gomac/Desktop/FPS-GAME/Library/PackageCache/com.unity.ugui@0727b404f3a0)
    com.unity.modules.ai@1.0.0 (location: /Users/f2gomac/Desktop/FPS-GAME/Library/PackageCache/com.unity.modules.ai)
    com.unity.modules.animation@1.0.0 (location: /Users/f2gomac/Desktop/FPS-GAME/Library/PackageCache/com.unity.modules.animation)
    com.unity.modules.audio@1.0.0 (location: /Users/f2gomac/Desktop/FPS-GAME/Library/PackageCache/com.unity.modules.audio)
    com.unity.modules.imageconversion@1.0.0 (location: /Users/f2gomac/Desktop/FPS-GAME/Library/PackageCache/com.unity.modules.imageconversion)
    com.unity.modules.jsonserialize@1.0.0 (location: /Users/f2gomac/Desktop/FPS-GAME/Library/PackageCache/com.unity.modules.jsonserialize)
    com.unity.modules.particlesystem@1.0.0 (location: /Users/f2gomac/Desktop/FPS-GAME/Library/PackageCache/com.unity.modules.particlesystem)
    com.unity.modules.physics@1.0.0 (location: /Users/f2gomac/Desktop/FPS-GAME/Library/PackageCache/com.unity.modules.physics)
    com.unity.modules.physics2d@1.0.0 (location: /Users/f2gomac/Desktop/FPS-GAME/Library/PackageCache/com.unity.modules.physics2d)
    com.unity.modules.screencapture@1.0.0 (location: /Users/f2gomac/Desktop/FPS-GAME/Library/PackageCache/com.unity.modules.screencapture)
    com.unity.modules.terrain@1.0.0 (location: /Users/f2gomac/Desktop/FPS-GAME/Library/PackageCache/com.unity.modules.terrain)
    com.unity.modules.terrainphysics@1.0.0 (location: /Users/f2gomac/Desktop/FPS-GAME/Library/PackageCache/com.unity.modules.terrainphysics)
    com.unity.modules.ui@1.0.0 (location: /Users/f2gomac/Desktop/FPS-GAME/Library/PackageCache/com.unity.modules.ui)
    com.unity.modules.unitywebrequest@1.0.0 (location: /Users/f2gomac/Desktop/FPS-GAME/Library/PackageCache/com.unity.modules.unitywebrequest)
    com.unity.modules.video@1.0.0 (location: /Users/f2gomac/Desktop/FPS-GAME/Library/PackageCache/com.unity.modules.video)
    com.unity.modules.physicscore2d@1.0.0 (location: /Users/f2gomac/Desktop/FPS-GAME/Library/PackageCache/com.unity.modules.physicscore2d)
    com.unity.modules.imgui@1.0.0 (location: /Users/f2gomac/Desktop/FPS-GAME/Library/PackageCache/com.unity.modules.imgui)
    com.unity.ext.nunit@2.1.0 (location: /Users/f2gomac/Desktop/FPS-GAME/Library/PackageCache/com.unity.ext.nunit@0198eae3b53e)
    com.unity.render-pipelines.core@17.6.0 (location: /Users/f2gomac/Desktop/FPS-GAME/Library/PackageCache/com.unity.render-pipelines.core@285af6b8c83f)
    com.unity.shadergraph@17.6.0 (location: /Users/f2gomac/Desktop/FPS-GAME/Library/PackageCache/com.unity.shadergraph@58bcb150677d)
    com.unity.render-pipelines.universal-config@17.6.0 (location: /Users/f2gomac/Desktop/FPS-GAME/Library/PackageCache/com.unity.render-pipelines.universal-config@561422b74439)
    com.unity.modules.uielements@1.0.0 (location: /Users/f2gomac/Desktop/FPS-GAME/Library/PackageCache/com.unity.modules.uielements)
    com.unity.burst@2.0.0 (location: /Users/f2gomac/Desktop/FPS-GAME/Library/PackageCache/com.unity.burst@626e66ab421b)
    com.unity.collections@6.6.0 (location: /Users/f2gomac/Desktop/FPS-GAME/Library/PackageCache/com.unity.collections@10fff0607388)
    com.unity.2d.sprite@1.0.0 (location: /Users/f2gomac/Desktop/FPS-GAME/Library/PackageCache/com.unity.2d.sprite@752945c75a6f)
    com.unity.mathematics@1.4.0 (location: /Users/f2gomac/Desktop/FPS-GAME/Library/PackageCache/com.unity.mathematics@8306a64d0cd6)
    com.unity.graph-authoring@1.0.0 (location: /Users/f2gomac/Desktop/FPS-GAME/Library/PackageCache/com.unity.graph-authoring@cfd2588851ee)
    com.unity.modules.hierarchycore@1.0.0 (location: /Users/f2gomac/Desktop/FPS-GAME/Library/PackageCache/com.unity.modules.hierarchycore)
    com.unity.test-framework.performance@6.6.0 (location: /Users/f2gomac/Desktop/FPS-GAME/Library/PackageCache/com.unity.test-framework.performance@b6023decb532)
    com.unity.modules.androidjni@1.0.0 (location: /Users/f2gomac/Desktop/FPS-GAME/Library/PackageCache/com.unity.modules.androidjni)
[Subsystems] No new subsystems found in resolved package list.
[Package Manager] Done registering packages in 0.01 seconds
[ScriptCompilation] Requested script compilation because: AssetDatabase observed changes in script compilation related files
Starting: /Applications/Unity/Hub/Editor/6000.6.4f1/Unity.app/Contents/Resources/BuildPipeline/bee_backend --ipc --defer-dag-verification --dagfile="Library/Bee/200b0aE.dag" --continue-on-failure --profile="Library/Bee/backend1.traceevents" ScriptAssemblies
WorkingDir: /Users/f2gomac/Desktop/FPS-GAME
DisplayProgressbar: Compiling Scripts
warn: Unity.ILPP.Runner.PostProcessingAssemblyLoadContext[0]
      Assembly system.runtime.interopservices.windowsruntime has duplicate hint path. Ignoring "/Applications/Unity/Hub/Editor/6000.6.4f1/Unity.app/Contents/Resources/Scripting/UnityReferenceAssemblies/unity-4.8-api/Facades/System.Runtime.InteropServices.WindowsRuntime.dll" in favor of "/Applications/Unity/Hub/Editor/6000.6.4f1/Unity.app/Contents/Resources/Scripting/NetStandard/Extensions/2.0.0/System.Runtime.InteropServices.WindowsRuntime.dll"
warn: Unity.ILPP.Runner.PostProcessingAssemblyLoadContext[0]
      Assembly system.componentmodel.composition has duplicate hint path. Ignoring "/Applications/Unity/Hub/Editor/6000.6.4f1/Unity.app/Contents/Resources/Scripting/UnityReferenceAssemblies/unity-4.8-api/System.ComponentModel.Composition.dll" in favor of "/Applications/Unity/Hub/Editor/6000.6.4f1/Unity.app/Contents/Resources/Scripting/NetStandard/compat/2.1.0/shims/netfx/System.ComponentModel.Composition.dll"
ExitCode: 0 Duration: 1s980ms
[1002/1379  0s] ILPP-Configuration Library/ilpp-configuration.nevergeneratedoutput
[1351/1379  0s] Csc Library/Bee/artifacts/200b0aE.dag/Project.Presentation.dll (+2 others)
Assets/_Project/Scripts/Presentation/Tutorial/TutorialPresenter.cs(372,34): warning CS0618: 'Object.FindFirstObjectByType<T>(FindObjectsInactive)' is obsolete: 'FindFirstObjectByType has been deprecated because it relies on instance ID ordering. Use FindAnyObjectByType instead, which does not depend on ordering.'
Assets/_Project/Scripts/Presentation/Tutorial/TutorialPresenter.cs(375,28): warning CS0618: 'Object.FindFirstObjectByType<T>(FindObjectsInactive)' is obsolete: 'FindFirstObjectByType has been deprecated because it relies on instance ID ordering. Use FindAnyObjectByType instead, which does not depend on ordering.'
Assets/_Project/Scripts/Presentation/Player/PlayerCameraFx.cs(196,74): warning CS0618: 'FindObjectsSortMode' is obsolete: 'FindObjectsSortMode has been deprecated. Use the FindObjectsByType overloads that do not take a FindObjectsSortMode parameter.'
Assets/_Project/Scripts/Presentation/Player/PlayerCameraFx.cs(196,27): warning CS0618: 'Object.FindObjectsByType<T>(FindObjectsSortMode)' is obsolete: 'FindObjectsByType with FindObjectsSortMode parameter has been deprecated. Use FindObjectsByType<T>() or FindObjectsByType<T>(FindObjectsInactive) instead. InstanceID will be replaced in the future with EntityId and previous sort order cannot be maintained.'
Assets/_Project/Scripts/Presentation/UI/AdvancedDisplay.cs(119,29): warning CS0618: 'Object.FindFirstObjectByType<T>(FindObjectsInactive)' is obsolete: 'FindFirstObjectByType has been deprecated because it relies on instance ID ordering. Use FindAnyObjectByType instead, which does not depend on ordering.'
Assets/_Project/Scripts/Presentation/UI/AdvancedDisplay.cs(122,31): warning CS0618: 'Object.FindFirstObjectByType<T>(FindObjectsInactive)' is obsolete: 'FindFirstObjectByType has been deprecated because it relies on instance ID ordering. Use FindAnyObjectByType instead, which does not depend on ordering.'
Assets/_Project/Scripts/Presentation/UI/HitFeedbackDirector.cs(96,27): warning CS0618: 'Object.FindFirstObjectByType<T>()' is obsolete: 'FindFirstObjectByType has been deprecated because it relies on instance ID ordering. Use FindAnyObjectByType instead, which does not depend on ordering.'
Assets/_Project/Scripts/Presentation/UI/HitFeedbackDirector.cs(113,19): warning CS0618: 'Object.FindFirstObjectByType<T>()' is obsolete: 'FindFirstObjectByType has been deprecated because it relies on instance ID ordering. Use FindAnyObjectByType instead, which does not depend on ordering.'
Assets/_Project/Scripts/Presentation/Benchmark/AaaBenchmarkFeatureInstaller.cs(102,30): warning UAC0005: AppDomain.GetAssemblies() in Unity may return already unloaded assemblies and result in errors or leaks. Use Unity APIs instead, such as 'CurrentAssemblies.GetLoadedAssemblies()' or 'TypeCache.GetTypesDerivedFrom()'.
Assets/_Project/Scripts/Presentation/DevTools/DevConsoleGate.cs(22,21): warning UAC0009: DEVELOPMENT_BUILD preprocessor directive has been deprecated. Please use one of the managed code variant directives (such as DEBUG, UNITY_ENABLE_CHECKS or UNITY_INCLUDE_INSTRUMENTATION) if different code paths are desired for different managed code variants. Checking for development build is possible at runtime using Debug.isDebugBuild. See the Conditional Compilation manual page for more details.
[1352/1379  0s] ILPostProcess Library/Bee/artifacts/200b0aE.dag/post-processed/Project.Presentation.dll (+pdb)
Processing assembly Library/Bee/artifacts/200b0aE.dag/Project.Presentation.dll, with 143 defines and 284 references
processors: Unity.Jobs.CodeGen.JobsILPostProcessor, zzzUnity.Burst.CodeGen.BurstILPostProcessor
1 processor(s) skipped this assembly
running Unity.Jobs.CodeGen.JobsILPostProcessor
[1353/1379  0s] CopyFiles Library/ScriptAssemblies/Project.Presentation.pdb
[1354/1379  0s] CopyFiles Library/ScriptAssemblies/Project.Presentation.dll
[1355/1379  0s] Csc Library/Bee/artifacts/200b0aE.dag/Project.Tests.PlayMode.dll (+2 others)
Assets/_Project/Tests/PlayMode/PlayModeHelpers.cs(224,46): warning CS0618: 'FindObjectsSortMode' is obsolete: 'FindObjectsSortMode has been deprecated. Use the FindObjectsByType overloads that do not take a FindObjectsSortMode parameter.'
Assets/_Project/Tests/PlayMode/PlayModeHelpers.cs(223,30): warning CS0618: 'Object.FindObjectsByType<T>(FindObjectsInactive, FindObjectsSortMode)' is obsolete: 'FindObjectsByType with FindObjectsSortMode parameter has been deprecated. Use FindObjectsByType<T>() or FindObjectsByType<T>(FindObjectsInactive) instead. InstanceID will be replaced in the future with EntityId and previous sort order cannot be maintained.'
[1356/1379  0s] Csc Library/Bee/artifacts/200b0aE.dag/Project.Online.dll (+2 others)
[1357/1379  0s] Csc Library/Bee/artifacts/200b0aE.dag/Project.Online.Tests.dll (+2 others)
[1358/1379  0s] ILPostProcess Library/Bee/artifacts/200b0aE.dag/post-processed/Project.Tests.PlayMode.dll (+pdb)
Processing assembly Library/Bee/artifacts/200b0aE.dag/Project.Tests.PlayMode.dll, with 143 defines and 278 references
processors: Unity.Jobs.CodeGen.JobsILPostProcessor, zzzUnity.Burst.CodeGen.BurstILPostProcessor
1 processor(s) skipped this assembly
running Unity.Jobs.CodeGen.JobsILPostProcessor
[1359/1379  0s] CopyFiles Library/ScriptAssemblies/Project.Tests.PlayMode.dll
[1360/1379  0s] CopyFiles Library/ScriptAssemblies/Project.Tests.PlayMode.pdb
[1361/1379  0s] ILPostProcess Library/Bee/artifacts/200b0aE.dag/post-processed/Project.Online.dll (+pdb)
Processing assembly Library/Bee/artifacts/200b0aE.dag/Project.Online.dll, with 143 defines and 283 references
processors: Unity.Jobs.CodeGen.JobsILPostProcessor, zzzUnity.Burst.CodeGen.BurstILPostProcessor
1 processor(s) skipped this assembly
running Unity.Jobs.CodeGen.JobsILPostProcessor
[1362/1379  0s] CopyFiles Library/ScriptAssemblies/Project.Online.pdb
[1363/1379  0s] CopyFiles Library/ScriptAssemblies/Project.Online.dll
[1364/1379  0s] Csc Library/Bee/artifacts/200b0aE.dag/Project.Editor.dll (+2 others)
Assets/_Project/Scripts/Editor/BuildTool.cs(55,27): warning CS0618: 'BuildOptions.EnableHeadlessMode' is obsolete: 'Use StandaloneBuildSubtarget.Server instead'
Assets/_Project/Scripts/Editor/AaaBenchmarkSceneBuilder.cs(48,25): warning CS0618: 'Object.FindFirstObjectByType<T>()' is obsolete: 'FindFirstObjectByType has been deprecated because it relies on instance ID ordering. Use FindAnyObjectByType instead, which does not depend on ordering.'
Assets/_Project/Scripts/Editor/AssetGeneration.cs(361,17): warning CS0618: 'PlayerSettings.SetIconsForTargetGroup(BuildTargetGroup, Texture2D[])' is obsolete: 'Use SetIcons(NamedBuildTarget, Texture2D[], IconKind) instead'
Assets/_Project/Scripts/Editor/ProjectSetup.cs(99,13): warning CS0618: 'PlayerSettings.SetScriptingBackend(BuildTargetGroup, ScriptingImplementation)' is obsolete: 'Use SetScriptingBackend(NamedBuildTarget buildTarget, ScriptingImplementation backend) instead'
Assets/_Project/Scripts/Editor/ProjectSetup.cs(101,13): warning CS0618: 'PlayerSettings.SetApiCompatibilityLevel(BuildTargetGroup, ApiCompatibilityLevel)' is obsolete: 'Use SetApiCompatibilityLevel(NamedBuildTarget buildTarget, ApiCompatibilityLevel value) instead'
Assets/_Project/Scripts/Editor/SceneBuilder.cs(395,17): warning CS0618: 'Object.FindFirstObjectByType<T>()' is obsolete: 'FindFirstObjectByType has been deprecated because it relies on instance ID ordering. Use FindAnyObjectByType instead, which does not depend on ordering.'
Assets/_Project/Scripts/Editor/SceneBuilder.cs(411,23): warning CS0618: 'Object.FindFirstObjectByType<T>()' is obsolete: 'FindFirstObjectByType has been deprecated because it relies on instance ID ordering. Use FindAnyObjectByType instead, which does not depend on ordering.'
Assets/_Project/Scripts/Editor/SceneBuilder.cs(433,24): warning CS0618: 'Object.FindFirstObjectByType<T>()' is obsolete: 'FindFirstObjectByType has been deprecated because it relies on instance ID ordering. Use FindAnyObjectByType instead, which does not depend on ordering.'
Assets/_Project/Scripts/Editor/SceneBuilder.cs(508,95): warning CS0618: 'StaticEditorFlags.NavigationStatic' is obsolete: 'Enum member StaticEditorFlags.NavigationStatic has been deprecated. The precise selection of the objects is now done using NavMeshBuilder.CollectSources() and NavMeshBuildMarkup.'
Assets/_Project/Scripts/Editor/BatchEntry.cs(24,33): warning UAC0005: AppDomain.GetAssemblies() in Unity may return already unloaded assemblies and result in errors or leaks. Use Unity APIs instead, such as 'CurrentAssemblies.GetLoadedAssemblies()' or 'TypeCache.GetTypesDerivedFrom()'.
[1365/1379  0s] Csc Library/Bee/artifacts/200b0aE.dag/Project.Tests.EditMode.dll (+2 others)
[1367/1379  0s] ILPostProcess Library/Bee/artifacts/200b0aE.dag/post-processed/Project.Online.Tests.dll (+pdb)
Processing assembly Library/Bee/artifacts/200b0aE.dag/Project.Online.Tests.dll, with 141 defines and 306 references
processors: Unity.Jobs.CodeGen.JobsILPostProcessor, zzzUnity.Burst.CodeGen.BurstILPostProcessor
1 processor(s) skipped this assembly
running Unity.Jobs.CodeGen.JobsILPostProcessor
[1368/1379  0s] CopyFiles Library/ScriptAssemblies/Project.Online.Tests.dll
[1369/1379  0s] CopyFiles Library/ScriptAssemblies/Project.Online.Tests.pdb
[1370/1379  0s] ILPostProcess Library/Bee/artifacts/200b0aE.dag/post-processed/Project.Editor.Tests.dll (+pdb)
Processing assembly Library/Bee/artifacts/200b0aE.dag/Project.Editor.Tests.dll, with 141 defines and 302 references
processors: Unity.Jobs.CodeGen.JobsILPostProcessor, zzzUnity.Burst.CodeGen.BurstILPostProcessor
1 processor(s) skipped this assembly
running Unity.Jobs.CodeGen.JobsILPostProcessor
[1371/1379  0s] CopyFiles Library/ScriptAssemblies/Project.Editor.Tests.dll
[1372/1379  0s] CopyFiles Library/ScriptAssemblies/Project.Editor.Tests.pdb
[1373/1379  0s] ILPostProcess Library/Bee/artifacts/200b0aE.dag/post-processed/Project.Editor.dll (+pdb)
Processing assembly Library/Bee/artifacts/200b0aE.dag/Project.Editor.dll, with 141 defines and 313 references
processors: Unity.Jobs.CodeGen.JobsILPostProcessor, zzzUnity.Burst.CodeGen.BurstILPostProcessor
1 processor(s) skipped this assembly
running Unity.Jobs.CodeGen.JobsILPostProcessor
[1374/1379  0s] CopyFiles Library/ScriptAssemblies/Project.Editor.dll
[1375/1379  0s] CopyFiles Library/ScriptAssemblies/Project.Editor.pdb
[1376/1379  0s] ILPostProcess Library/Bee/artifacts/200b0aE.dag/post-processed/Project.Tests.EditMode.dll (+pdb)
Processing assembly Library/Bee/artifacts/200b0aE.dag/Project.Tests.EditMode.dll, with 141 defines and 306 references
processors: Unity.Jobs.CodeGen.JobsILPostProcessor, zzzUnity.Burst.CodeGen.BurstILPostProcessor
1 processor(s) skipped this assembly
running Unity.Jobs.CodeGen.JobsILPostProcessor
[1377/1379  0s] CopyFiles Library/ScriptAssemblies/Project.Tests.EditMode.pdb
[1378/1379  0s] CopyFiles Library/ScriptAssemblies/Project.Tests.EditMode.dll
*** Tundra build success (1.97 seconds), 28 items updated, 1379 evaluated
Assets/_Project/Scripts/Presentation/Tutorial/TutorialPresenter.cs(372,34): warning CS0618: 'Object.FindFirstObjectByType<T>(FindObjectsInactive)' is obsolete: 'FindFirstObjectByType has been deprecated because it relies on instance ID ordering. Use FindAnyObjectByType instead, which does not depend on ordering.'
Assets/_Project/Scripts/Presentation/Tutorial/TutorialPresenter.cs(375,28): warning CS0618: 'Object.FindFirstObjectByType<T>(FindObjectsInactive)' is obsolete: 'FindFirstObjectByType has been deprecated because it relies on instance ID ordering. Use FindAnyObjectByType instead, which does not depend on ordering.'
Assets/_Project/Scripts/Presentation/Player/PlayerCameraFx.cs(196,74): warning CS0618: 'FindObjectsSortMode' is obsolete: 'FindObjectsSortMode has been deprecated. Use the FindObjectsByType overloads that do not take a FindObjectsSortMode parameter.'
Assets/_Project/Scripts/Presentation/Player/PlayerCameraFx.cs(196,27): warning CS0618: 'Object.FindObjectsByType<T>(FindObjectsSortMode)' is obsolete: 'FindObjectsByType with FindObjectsSortMode parameter has been deprecated. Use FindObjectsByType<T>() or FindObjectsByType<T>(FindObjectsInactive) instead. InstanceID will be replaced in the future with EntityId and previous sort order cannot be maintained.'
Assets/_Project/Scripts/Presentation/UI/AdvancedDisplay.cs(119,29): warning CS0618: 'Object.FindFirstObjectByType<T>(FindObjectsInactive)' is obsolete: 'FindFirstObjectByType has been deprecated because it relies on instance ID ordering. Use FindAnyObjectByType instead, which does not depend on ordering.'
Assets/_Project/Scripts/Presentation/UI/AdvancedDisplay.cs(122,31): warning CS0618: 'Object.FindFirstObjectByType<T>(FindObjectsInactive)' is obsolete: 'FindFirstObjectByType has been deprecated because it relies on instance ID ordering. Use FindAnyObjectByType instead, which does not depend on ordering.'
Assets/_Project/Scripts/Presentation/UI/HitFeedbackDirector.cs(96,27): warning CS0618: 'Object.FindFirstObjectByType<T>()' is obsolete: 'FindFirstObjectByType has been deprecated because it relies on instance ID ordering. Use FindAnyObjectByType instead, which does not depend on ordering.'
Assets/_Project/Scripts/Presentation/UI/HitFeedbackDirector.cs(113,19): warning CS0618: 'Object.FindFirstObjectByType<T>()' is obsolete: 'FindFirstObjectByType has been deprecated because it relies on instance ID ordering. Use FindAnyObjectByType instead, which does not depend on ordering.'
Assets/_Project/Scripts/Presentation/Benchmark/AaaBenchmarkFeatureInstaller.cs(102,30): warning UAC0005: AppDomain.GetAssemblies() in Unity may return already unloaded assemblies and result in errors or leaks. Use Unity APIs instead, such as 'CurrentAssemblies.GetLoadedAssemblies()' or 'TypeCache.GetTypesDerivedFrom()'.
Assets/_Project/Scripts/Presentation/DevTools/DevConsoleGate.cs(22,21): warning UAC0009: DEVELOPMENT_BUILD preprocessor directive has been deprecated. Please use one of the managed code variant directives (such as DEBUG, UNITY_ENABLE_CHECKS or UNITY_INCLUDE_INSTRUMENTATION) if different code paths are desired for different managed code variants. Checking for development build is possible at runtime using Debug.isDebugBuild. See the Conditional Compilation manual page for more details.
Assets/_Project/Tests/PlayMode/PlayModeHelpers.cs(224,46): warning CS0618: 'FindObjectsSortMode' is obsolete: 'FindObjectsSortMode has been deprecated. Use the FindObjectsByType overloads that do not take a FindObjectsSortMode parameter.'
Assets/_Project/Tests/PlayMode/PlayModeHelpers.cs(223,30): warning CS0618: 'Object.FindObjectsByType<T>(FindObjectsInactive, FindObjectsSortMode)' is obsolete: 'FindObjectsByType with FindObjectsSortMode parameter has been deprecated. Use FindObjectsByType<T>() or FindObjectsByType<T>(FindObjectsInactive) instead. InstanceID will be replaced in the future with EntityId and previous sort order cannot be maintained.'
Assets/_Project/Scripts/Editor/BuildTool.cs(55,27): warning CS0618: 'BuildOptions.EnableHeadlessMode' is obsolete: 'Use StandaloneBuildSubtarget.Server instead'
Assets/_Project/Scripts/Editor/AaaBenchmarkSceneBuilder.cs(48,25): warning CS0618: 'Object.FindFirstObjectByType<T>()' is obsolete: 'FindFirstObjectByType has been deprecated because it relies on instance ID ordering. Use FindAnyObjectByType instead, which does not depend on ordering.'
Assets/_Project/Scripts/Editor/AssetGeneration.cs(361,17): warning CS0618: 'PlayerSettings.SetIconsForTargetGroup(BuildTargetGroup, Texture2D[])' is obsolete: 'Use SetIcons(NamedBuildTarget, Texture2D[], IconKind) instead'
Assets/_Project/Scripts/Editor/ProjectSetup.cs(99,13): warning CS0618: 'PlayerSettings.SetScriptingBackend(BuildTargetGroup, ScriptingImplementation)' is obsolete: 'Use SetScriptingBackend(NamedBuildTarget buildTarget, ScriptingImplementation backend) instead'
Assets/_Project/Scripts/Editor/ProjectSetup.cs(101,13): warning CS0618: 'PlayerSettings.SetApiCompatibilityLevel(BuildTargetGroup, ApiCompatibilityLevel)' is obsolete: 'Use SetApiCompatibilityLevel(NamedBuildTarget buildTarget, ApiCompatibilityLevel value) instead'
Assets/_Project/Scripts/Editor/SceneBuilder.cs(395,17): warning CS0618: 'Object.FindFirstObjectByType<T>()' is obsolete: 'FindFirstObjectByType has been deprecated because it relies on instance ID ordering. Use FindAnyObjectByType instead, which does not depend on ordering.'
Assets/_Project/Scripts/Editor/SceneBuilder.cs(411,23): warning CS0618: 'Object.FindFirstObjectByType<T>()' is obsolete: 'FindFirstObjectByType has been deprecated because it relies on instance ID ordering. Use FindAnyObjectByType instead, which does not depend on ordering.'
Assets/_Project/Scripts/Editor/SceneBuilder.cs(433,24): warning CS0618: 'Object.FindFirstObjectByType<T>()' is obsolete: 'FindFirstObjectByType has been deprecated because it relies on instance ID ordering. Use FindAnyObjectByType instead, which does not depend on ordering.'
Assets/_Project/Scripts/Editor/SceneBuilder.cs(508,95): warning CS0618: 'StaticEditorFlags.NavigationStatic' is obsolete: 'Enum member StaticEditorFlags.NavigationStatic has been deprecated. The precise selection of the objects is now done using NavMeshBuilder.CollectSources() and NavMeshBuildMarkup.'
Assets/_Project/Scripts/Editor/BatchEntry.cs(24,33): warning UAC0005: AppDomain.GetAssemblies() in Unity may return already unloaded assemblies and result in errors or leaks. Use Unity APIs instead, such as 'CurrentAssemblies.GetLoadedAssemblies()' or 'TypeCache.GetTypesDerivedFrom()'.
Assets/_Project/Scripts/Editor/AssetGeneration.cs(361,17): warning CS0618: 'PlayerSettings.SetIconsForTargetGroup(BuildTargetGroup, Texture2D[])' is obsolete: 'Use SetIcons(NamedBuildTarget, Texture2D[], IconKind) instead'
Assets/_Project/Scripts/Editor/ProjectSetup.cs(99,13): warning CS0618: 'PlayerSettings.SetScriptingBackend(BuildTargetGroup, ScriptingImplementation)' is obsolete: 'Use SetScriptingBackend(NamedBuildTarget buildTarget, ScriptingImplementation backend) instead'
Assets/_Project/Scripts/Editor/ProjectSetup.cs(101,13): warning CS0618: 'PlayerSettings.SetApiCompatibilityLevel(BuildTargetGroup, ApiCompatibilityLevel)' is obsolete: 'Use SetApiCompatibilityLevel(NamedBuildTarget buildTarget, ApiCompatibilityLevel value) instead'
Assets/_Project/Scripts/Editor/SceneBuilder.cs(395,17): warning CS0618: 'Object.FindFirstObjectByType<T>()' is obsolete: 'FindFirstObjectByType has been deprecated because it relies on instance ID ordering. Use FindAnyObjectByType instead, which does not depend on ordering.'
Assets/_Project/Scripts/Editor/SceneBuilder.cs(411,23): warning CS0618: 'Object.FindFirstObjectByType<T>()' is obsolete: 'FindFirstObjectByType has been deprecated because it relies on instance ID ordering. Use FindAnyObjectByType instead, which does not depend on ordering.'
Assets/_Project/Scripts/Editor/SceneBuilder.cs(433,24): warning CS0618: 'Object.FindFirstObjectByType<T>()' is obsolete: 'FindFirstObjectByType has been deprecated because it relies on instance ID ordering. Use FindAnyObjectByType instead, which does not depend on ordering.'
Assets/_Project/Scripts/Editor/SceneBuilder.cs(508,95): warning CS0618: 'StaticEditorFlags.NavigationStatic' is obsolete: 'Enum member StaticEditorFlags.NavigationStatic has been deprecated. The precise selection of the objects is now done using NavMeshBuilder.CollectSources() and NavMeshBuildMarkup.'
Assets/_Project/Scripts/Editor/BatchEntry.cs(24,33): warning UAC0005: AppDomain.GetAssemblies() in Unity may return already unloaded assemblies and result in errors or leaks. Use Unity APIs instead, such as 'CurrentAssemblies.GetLoadedAssemblies()' or 'TypeCache.GetTypesDerivedFrom()'.
AssetDatabase: script compilation time: 2.312035s
Total cache size 221881088
Total cache size after purge 221881088, took 00:00:00.1663325
Begin MonoManager ReloadAssembly
Symbol file LoadedFromMemory is not a mono symbol file
Symbol file LoadedFromMemory is not a mono symbol file
'Packages/com.unity.render-pipelines.core/Editor/Deprecated.cs' contains partial class of Unity.Object, exactly 1 of the partial classes needs to be in a file with the same filename. This is to know the one that can be referenced from ie. GameObjects
'Packages/com.unity.render-pipelines.core/Editor/Deprecated.cs' contains partial class of Unity.Object, exactly 1 of the partial classes needs to be in a file with the same filename. This is to know the one that can be referenced from ie. GameObjects
Importing 'GUID: c7cf427569a84b7f9fce87908c192293 - Path: Assets/StreamingAssets' with importer (DefaultImporter)
Imported 'GUID: c7cf427569a84b7f9fce87908c192293' -> (Import Result ID: 'ee68ba8d4eda7d40784ad9e809589eb2') in 0.015 seconds [static dependencies only]. Details - ImportResultOutputID=ee9d644b0a99d9faf9b02461eab7a80e DependenciesID=5909d15e5b5f4d0b5e6683356482a009 StaticDependenciesID=32af2161bab1d8baab01555040cf72eb 
Importing 'GUID: ede0462698a4a5643aa9872c074acd38 - Path: Packages/com.unity.modules.video' with importer (DefaultImporter)
Imported 'GUID: ede0462698a4a5643aa9872c074acd38' -> (Import Result ID: '11a9afcfbe909c604b4f4fd82ecd1731') in 0.003 seconds [static dependencies only]. Details - ImportResultOutputID=4e6515b3bd000d511f10952ecb46d019 DependenciesID=477c840358a397b370a501c422ab8f88 StaticDependenciesID=c9d05cc66955a0337e7be42ba854ab1e 
Importing 'GUID: ba22fa9aafa0406da1d09f5a6ef580cd - Path: Assets/StreamingAssets/Lobby' with importer (DefaultImporter)
Imported 'GUID: ba22fa9aafa0406da1d09f5a6ef580cd' -> (Import Result ID: 'bd73bde8c442efbe827a69a4a069f959') in 0.000 seconds [static dependencies only]. Details - ImportResultOutputID=c07b6cfcacf9a76dde8592096ba7741f DependenciesID=994480769472555afe9651cf52762ef8 StaticDependenciesID=d1146ec59a39e325b3790911418b8783 
Importing 'GUID: a7304e93d9ee04f7987ff6afbadffb99 - Path: Assets/_Project/Scripts/Presentation/Project.Presentation.asmdef' with importer (AssemblyDefinitionImporter)
Imported 'GUID: a7304e93d9ee04f7987ff6afbadffb99' -> (Import Result ID: '09c5d49da2e87a76c07768620b21d96b') in 0.001 seconds [static dependencies only]. Details - ImportResultOutputID=6d05e94d54ac631164860e9ed0017385 DependenciesID=537109d4bc7ecae85efe5e1327760b6f StaticDependenciesID=007e7027a42abc712ef5a3117a40f1d9 
Importing 'GUID: f62135e79edb837b2d2ee3c524da864c - Path: Packages/com.unity.modules.video/package.ModuleCompilationTrigger' with importer (DefaultImporter)
Imported 'GUID: f62135e79edb837b2d2ee3c524da864c' -> (Import Result ID: '3aef036da86c810165ec7e6a476a5e6a') in 0.446 seconds [static dependencies only]. Details - ImportResultOutputID=3eada0df8170b53fc4bf86e17012a94e DependenciesID=22c43316fff881fb5401b42ecaa5cf6b StaticDependenciesID=fbd77c14c4971f0ecd6ad9fa2e1328c7 
Refreshing native plugins compatible for Editor in 3.13 ms, found 1 plugins.
Native extension for OSXStandalone target not found
Native extension for WebGL target not found
[ScriptCompilation] Requested script compilation because: Define symbols changed
[Licensing::Client] Error: Code 404 while processing request (status: Found 0 entitlement groups and 0 free entitlements matching requested entitlement ids)
[Licensing::Client] Error: Code 404 while processing request (status: Found 0 entitlement groups and 0 free entitlements matching requested entitlement ids)
[Licensing::Client] Error: Code 404 while processing request (status: Found 0 entitlement groups and 0 free entitlements matching requested entitlement ids)
ScheduleIndexationOnStartup MainProcess:True IndexOnStartup:True
Scripting: successfully reloaded assembly
- Finished resetting the current domain, in  1.526 seconds
Domain Reload Profiling: 2130ms
	BeginReloadAssembly (120ms)
		DisableScriptedObjects (11ms)
		CreateAndSetChildDomain (44ms)
	RebuildCommonClasses (5ms)
	RebuildNativeTypeToScriptingClass (9ms)
	initialDomainReloadingComplete (37ms)
	LoadAllAssembliesAndSetupDomain (433ms)
		LoadAssemblies (194ms)
		TypeCache.Refresh (165ms)
			TypeCache.ScanAssembly (150ms)
		AnalyzeDomain (34ms)
			BuildScriptInfoCaches (29ms)
			ResolveRequiredComponents (3ms)
	FinalizeReload (1526ms)
		SetupLoadedEditorAssemblies (0ms)
			BeforeProcessingInitializeOnLoad (79ms)
			ProcessInitializeOnLoadAttributes (978ms)
			ProcessInitializeOnLoadMethodAttributes (236ms)
		AwakeInstancesAfterBackupRestoration (9ms)
Starting: /Applications/Unity/Hub/Editor/6000.6.4f1/Unity.app/Contents/Resources/BuildPipeline/bee_backend --ipc --defer-dag-verification --dagfile="Library/Bee/200b0aE.dag" --continue-on-failure --profile="Library/Bee/backend1.traceevents" ScriptAssemblies
WorkingDir: /Users/f2gomac/Desktop/FPS-GAME
ExitCode: 4 Duration: 0s204ms
Rebuilding DAG because FileSignature timestamp changed: Library/Bee/200b0aE-inputdata.json
[ 894/1379  0s] ILPP-Configuration Library/ilpp-configuration.nevergeneratedoutput
*** Tundra requires additional run (0.19 seconds), 1 items updated, 885 evaluated
Starting: /Applications/Unity/Hub/Editor/6000.6.4f1/Unity.app/Contents/Resources/Scripting/DotNetSdk/dotnet "/Applications/Unity/Hub/Editor/6000.6.4f1/Unity.app/Contents/Resources/BuildPipeline/ScriptCompilationBuildProgram.exe" "Library/Bee/200b0aE.dag.json" "Library/Bee/200b0aE-inputdata.json" "Library/Bee/buildprogram0.traceevents"
WorkingDir: /Users/f2gomac/Desktop/FPS-GAME
ExitCode: 0 Duration: 1s366ms
Starting: /Applications/Unity/Hub/Editor/6000.6.4f1/Unity.app/Contents/Resources/BuildPipeline/bee_backend --ipc --defer-dag-verification --dagfile="Library/Bee/200b0aE.dag" --continue-on-failure --dagfilejson="Library/Bee/200b0aE.dag.json" --profile="Library/Bee/backend2.traceevents" ScriptAssemblies
WorkingDir: /Users/f2gomac/Desktop/FPS-GAME
warn: Unity.ILPP.Runner.PostProcessingAssemblyLoadContext[0]
      Assembly system.runtime.interopservices.windowsruntime has duplicate hint path. Ignoring "/Applications/Unity/Hub/Editor/6000.6.4f1/Unity.app/Contents/Resources/Scripting/UnityReferenceAssemblies/unity-4.8-api/Facades/System.Runtime.InteropServices.WindowsRuntime.dll" in favor of "/Applications/Unity/Hub/Editor/6000.6.4f1/Unity.app/Contents/Resources/Scripting/NetStandard/Extensions/2.0.0/System.Runtime.InteropServices.WindowsRuntime.dll"
warn: Unity.ILPP.Runner.PostProcessingAssemblyLoadContext[0]
      Assembly system.componentmodel.composition has duplicate hint path. Ignoring "/Applications/Unity/Hub/Editor/6000.6.4f1/Unity.app/Contents/Resources/Scripting/UnityReferenceAssemblies/unity-4.8-api/System.ComponentModel.Composition.dll" in favor of "/Applications/Unity/Hub/Editor/6000.6.4f1/Unity.app/Contents/Resources/Scripting/NetStandard/compat/2.1.0/shims/netfx/System.ComponentModel.Composition.dll"
ExitCode: 0 Duration: 18s
Finished compiling graph: 1382 nodes, 30572 flattened edges (25244 ToBuild, 252 ToUse), maximum node priority 1710
[ 162/1379  0s] WriteText Library/Bee/artifacts/200b0aE.dag/UnityEngine.UI.rsp
[ 167/1379  0s] WriteText Library/Bee/artifacts/200b0aE.dag/UnityEngine.TestRunner.rsp
[ 188/1379  0s] WriteText Library/Bee/artifacts/200b0aE.dag/UnityEditor.TestRunner.rsp
[ 193/1379  0s] WriteText Library/Bee/artifacts/200b0aE.dag/UnityEditor.UI.rsp
[ 194/1379  0s] WriteText Library/Bee/artifacts/200b0aE.dag/Unity.Mathematics.rsp
[ 198/1379  0s] WriteText Library/Bee/artifacts/200b0aE.dag/Unity.Collections.rsp
[ 202/1379  0s] WriteText Library/Bee/artifacts/200b0aE.dag/Unity.Burst.rsp
[ 207/1379  0s] WriteText Library/Bee/artifacts/200b0aE.dag/Unity.AI.Toolkit.Async.rsp
[ 213/1379  0s] WriteText Library/Bee/artifacts/200b0aE.dag/Unity.AI.Generators.Contexts.rsp
[ 219/1379  0s] WriteText Library/Bee/artifacts/200b0aE.dag/Unity.AI.Toolkit.Utility.rsp
[ 220/1379  0s] WriteText Library/Bee/artifacts/200b0aE.dag/Unity.Collections.CodeGen.rsp
[ 222/1379  0s] WriteText Library/Bee/artifacts/200b0aE.dag/Unity.InputSystem.rsp
[ 232/1379  0s] WriteText Library/Bee/artifacts/200b0aE.dag/Unity.AI.Toolkit.Asset.rsp
[ 239/1379  0s] WriteText Library/Bee/artifacts/200b0aE.dag/Unity.AI.Toolkit.Compliance.rsp
[ 240/1379  0s] WriteText Library/Bee/artifacts/200b0aE.dag/Unity.AI.Generators.Redux.rsp
[ 242/1379  0s] WriteText Library/Bee/artifacts/200b0aE.dag/Unity.AI.Tracing.rsp
[ 243/1379  0s] WriteText Library/Bee/artifacts/200b0aE.dag/Unity.RenderPipelines.Core.Runtime.rsp
[ 250/1379  0s] WriteText Library/Bee/artifacts/200b0aE.dag/Unity.AI.Generators.Asset.rsp
[ 251/1379  0s] WriteText Library/Bee/artifacts/200b0aE.dag/Unity.UnifiedRayTracing.Runtime.rsp
[ 258/1379  0s] WriteText Library/Bee/artifacts/200b0aE.dag/Unity.AI.Toolkit.Accounts.rsp
[ 267/1379  0s] WriteText Library/Bee/artifacts/200b0aE.dag/Unity.AI.Generators.IO.Srp.rsp
[ 271/1379  0s] WriteText Library/Bee/artifacts/200b0aE.dag/Unity.AI.Assistant.Runtime.rsp
[ 272/1379  0s] WriteText Library/Bee/artifacts/200b0aE.dag/Unity.AI.Assistant.Bridge.Editor.rsp
[ 275/1379  0s] WriteText Library/Bee/artifacts/200b0aE.dag/Unity.AI.Assistant.Agent.Dynamic.Extension.Editor.rsp
[ 279/1379  0s] WriteText Library/Bee/artifacts/200b0aE.dag/Unity.AI.Generators.IO.rsp
[ 282/1379  0s] WriteText Library/Bee/artifacts/200b0aE.dag/Unity.InternalAPIEngineBridge.RenderPipelines.Core.Runtime.Shared.rsp
[ 284/1379  0s] WriteText Library/Bee/artifacts/200b0aE.dag/Unity.PathTracing.Runtime.rsp
[ 288/1379  0s] WriteText Library/Bee/artifacts/200b0aE.dag/Unity.Profiling.Core.rsp
[ 295/1379  0s] WriteText Library/Bee/artifacts/200b0aE.dag/Unity.2D.Sprite.Editor.rsp
[ 312/1379  0s] WriteText Library/Bee/artifacts/200b0aE.dag/Unity.AI.Assistant.Editor.rsp
[ 315/1379  0s] WriteText Library/Bee/artifacts/200b0aE.dag/Unity.RenderPipelines.GPUDriven.Runtime.rsp
[ 316/1379  0s] WriteText Library/Bee/artifacts/200b0aE.dag/Unity.AI.Generators.UI.rsp
[ 317/1379  0s] WriteText Library/Bee/artifacts/200b0aE.dag/Unity.RenderPipelines.Core.Runtime.Shared.rsp
[ 318/1379  0s] WriteText Library/Bee/artifacts/200b0aE.dag/Unity.AI.Generators.Sdk.rsp
[ 319/1379  0s] WriteText Library/Bee/artifacts/200b0aE.dag/Unity.InferenceEngine.rsp
[ 320/1379  0s] WriteText Library/Bee/artifacts/200b0aE.dag/Unity.AppUI.InternalAPIBridge.rsp
[ 329/1379  0s] WriteText Library/Bee/artifacts/200b0aE.dag/Unity.InternalAPIEngineBridge.ObjectDispatcher.Runtime.rsp
[ 332/1379  0s] WriteText Library/Bee/artifacts/200b0aE.dag/Unity.RenderPipeline.Universal.ShaderLibrary.rsp
[ 333/1379  0s] WriteText Library/Bee/artifacts/200b0aE.dag/Unity.RenderPipelines.Universal.Config.Runtime.rsp
[ 334/1379  0s] WriteText Library/Bee/artifacts/200b0aE.dag/Unity.SurfaceCache.Runtime.rsp
[ 347/1379  0s] WriteText Library/Bee/artifacts/200b0aE.dag/Project.Core.rsp
[ 356/1379  0s] WriteText Library/Bee/artifacts/200b0aE.dag/HFDownloader.rsp
[ 357/1379  0s] WriteText Library/Bee/artifacts/200b0aE.dag/Unity.RenderPipelines.Universal.Runtime.rsp
[ 359/1379  0s] WriteText Library/Bee/artifacts/200b0aE.dag/Unity.AI.ModelSelector.rsp
[ 360/1379  0s] WriteText Library/Bee/artifacts/200b0aE.dag/Unity.AI.Search.Editor.rsp
[ 362/1379  0s] WriteText Library/Bee/artifacts/200b0aE.dag/Unity.AI.Generators.UI.AIDropdownIntegrations.rsp
[ 371/1379  0s] WriteText Library/Bee/artifacts/200b0aE.dag/Unity.AI.Toolkit.GenerationContextMenu.rsp
[ 374/1379  0s] WriteText Library/Bee/artifacts/200b0aE.dag/Unity.AI.Toolkit.GenerationObjectPicker.rsp
[ 378/1379  0s] WriteText Library/Bee/artifacts/200b0aE.dag/Project.Application.rsp
[ 382/1379  0s] WriteText Library/Bee/artifacts/200b0aE.dag/Unity.PathTracing.Editor.rsp
[ 383/1379  0s] WriteText Library/Bee/artifacts/200b0aE.dag/Unity.AppUI.rsp
[ 385/1379  0s] WriteText Library/Bee/artifacts/200b0aE.dag/Unity.InternalAPIEngineBridge.RenderPipelines.Core.Editor.rsp
[ 394/1379  0s] WriteText Library/Bee/artifacts/200b0aE.dag/Unity.AI.Pbr.Srp.rsp
[ 395/1379  0s] WriteText Library/Bee/artifacts/200b0aE.dag/Unity.AI.Assistant.Tools.Editor.rsp
[ 396/1379  0s] WriteText Library/Bee/artifacts/200b0aE.dag/Unity.AI.Animate.Motion.Runtime.rsp
[ 412/1379  0s] WriteText Library/Bee/artifacts/200b0aE.dag/Unity.AI.Image.rsp
[ 413/1379  0s] WriteText Library/Bee/artifacts/200b0aE.dag/Unity.AI.Assistant.Annotations.Editor.rsp
[ 414/1379  0s] WriteText Library/Bee/artifacts/200b0aE.dag/Unity.AI.Animate.rsp
[ 415/1379  0s] WriteText Library/Bee/artifacts/200b0aE.dag/Unity.AI.Pbr.rsp
[ 417/1379  0s] WriteText Library/Bee/artifacts/200b0aE.dag/Unity.AI.Sound.rsp
[ 421/1379  0s] WriteText Library/Bee/artifacts/200b0aE.dag/Project.Infrastructure.rsp
[ 426/1379  0s] WriteText Library/Bee/artifacts/200b0aE.dag/Unity.AI.Mesh.rsp
[ 431/1379  0s] WriteText Library/Bee/artifacts/200b0aE.dag/Unity.RenderPipelines.Core.Editor.rsp
[ 453/1379  0s] WriteText Library/Bee/artifacts/200b0aE.dag/Unity.Searcher.Editor.rsp
[ 454/1379  0s] WriteText Library/Bee/artifacts/200b0aE.dag/Unity.GraphAuthoring.Editor.rsp
[ 455/1379  0s] WriteText Library/Bee/artifacts/200b0aE.dag/Unity.AI.Assistant.UI.Editor.rsp
[ 456/1379  0s] WriteText Library/Bee/artifacts/200b0aE.dag/Unity.ShaderGraph.Utilities.rsp
[ 458/1379  0s] WriteText Library/Bee/artifacts/200b0aE.dag/Unity.AI.Navigation.rsp
[ 460/1379  0s] WriteText Library/Bee/artifacts/200b0aE.dag/Unity.InternalAPIEditorBridge.ShaderGraph.Editor.rsp
[ 465/1379  0s] WriteText Library/Bee/artifacts/200b0aE.dag/Unity.AppUI.Redux.rsp
[ 467/1379  0s] WriteText Library/Bee/artifacts/200b0aE.dag/Unity.AI.Navigation.Editor.ConversionSystem.rsp
[ 468/1379  0s] WriteText Library/Bee/artifacts/200b0aE.dag/Unity.InferenceEngine.Microsoft.Msagl.rsp
[ 475/1379  0s] WriteText Library/Bee/artifacts/200b0aE.dag/Unity.AI.Generators.Tools.rsp
[ 476/1379  0s] WriteText Library/Bee/artifacts/200b0aE.dag/Unity.InternalAPIEngineBridge.004.rsp
[ 492/1379  0s] WriteText Library/Bee/artifacts/200b0aE.dag/Project.Presentation.rsp
[ 504/1379  0s] WriteText Library/Bee/artifacts/200b0aE.dag/Unity.TextMeshPro.rsp
[ 509/1379  0s] WriteText Library/Bee/artifacts/200b0aE.dag/Unity.AppUI.Editor.rsp
[ 510/1379  0s] WriteText Library/Bee/artifacts/200b0aE.dag/Unity.RenderPipelines.Universal.2D.Runtime.rsp
[ 513/1379  0s] WriteText Library/Bee/artifacts/200b0aE.dag/Unity.RenderPipelines.Core.Editor.Shared.rsp
[ 514/1379  0s] WriteText Library/Bee/artifacts/200b0aE.dag/Unity.ShaderGraph.Editor.rsp
[ 515/1379  0s] WriteText Library/Bee/artifacts/200b0aE.dag/Unity.AI.Navigation.Editor.rsp
[ 516/1379  0s] WriteText Library/Bee/artifacts/200b0aE.dag/Unity.InferenceEngine.ONNX.Editor.rsp
[ 517/1379  0s] WriteText Library/Bee/artifacts/200b0aE.dag/Unity.InputSystem.ForUI.rsp
[ 518/1379  0s] WriteText Library/Bee/artifacts/200b0aE.dag/Unity.AI.MCP.Runtime.rsp
[ 520/1379  0s] WriteText Library/Bee/artifacts/200b0aE.dag/Unity.AI.Assistant.API.Editor.rsp
[ 524/1379  0s] WriteText Library/Bee/artifacts/200b0aE.dag/Unity.InferenceEngine.Editor.Visualizer.rsp
[ 526/1379  0s] WriteText Library/Bee/artifacts/200b0aE.dag/Unity.AI.Assistant.AssetGenerators.Editor.rsp
[ 527/1379  0s] WriteText Library/Bee/artifacts/200b0aE.dag/Unity.AppUI.Navigation.rsp
[ 529/1379  0s] WriteText Library/Bee/artifacts/200b0aE.dag/Unity.PerformanceTesting.rsp
[ 540/1379  0s] WriteText Library/Bee/artifacts/200b0aE.dag/Project.Online.rsp
[ 552/1379  0s] WriteText Library/Bee/artifacts/200b0aE.dag/Project.Editor.rsp
[ 607/1379  0s] WriteText Library/Bee/artifacts/200b0aE.dag/Unity.Collections.Tests.CoreCLR.PublicJobPrivateGeneric.rsp
[ 608/1379  0s] WriteText Library/Bee/artifacts/200b0aE.dag/Unity.Collections.Tests.CoreCLR.ProtectedJobNested.rsp
[ 613/1379  0s] WriteText Library/Bee/artifacts/200b0aE.dag/Unity.Collections.Tests.CoreCLR.PrivateJobNested.rsp
[ 614/1379  0s] WriteText Library/Bee/artifacts/200b0aE.dag/Unity.Collections.Tests.CoreCLR.InternalJobNestedPrivate.rsp
[ 621/1379  0s] WriteText Library/Bee/artifacts/200b0aE.dag/Unity.InferenceEngine.MacBLAS.rsp
[ 629/1379  0s] WriteText Library/Bee/artifacts/200b0aE.dag/Unity.AppUI.MVVM.rsp
[ 632/1379  0s] WriteText Library/Bee/artifacts/200b0aE.dag/Unity.InferenceEngine.iOSBLAS.rsp
[ 635/1379  0s] WriteText Library/Bee/artifacts/200b0aE.dag/Project.Tests.PlayMode.rsp
[ 639/1379  0s] WriteText Library/Bee/artifacts/200b0aE.dag/Unity.InputSystem.TestFramework.rsp
[ 640/1379  0s] WriteText Library/Bee/artifacts/200b0aE.dag/Project.Infrastructure.VfxGraph.rsp
[ 641/1379  0s] WriteText Library/Bee/artifacts/200b0aE.dag/Unity.InferenceEngine.Tokenization.rsp
[ 642/1379  0s] WriteText Library/Bee/artifacts/200b0aE.dag/Unity.AppUI.Undo.rsp
[ 643/1379  0s] WriteText Library/Bee/artifacts/200b0aE.dag/Unity.RenderPipelines.Universal.Shaders.rsp
[ 644/1379  0s] WriteText Library/Bee/artifacts/200b0aE.dag/Unity.RenderPipelines.ShaderGraph.ShaderGraphLibrary.rsp
[ 645/1379  0s] WriteText Library/Bee/artifacts/200b0aE.dag/Unity.RenderPipelines.Core.ShaderLibrary.rsp
[ 646/1379  0s] WriteText Library/Bee/artifacts/200b0aE.dag/Unity.Rendering.LightTransport.Editor.rsp
[ 647/1379  0s] WriteText Library/Bee/artifacts/200b0aE.dag/Unity.RenderPipelines.Universal.Editor.rsp
[ 651/1379  0s] WriteText Library/Bee/artifacts/200b0aE.dag/Project.Tests.EditMode.rsp
[ 654/1379  0s] WriteText Library/Bee/artifacts/200b0aE.dag/Unity.InputSystem.DocCodeSamples.rsp
[ 655/1379  0s] WriteText Library/Bee/artifacts/200b0aE.dag/Unity.PerformanceTesting.Editor.rsp
[ 656/1379  0s] WriteText Library/Bee/artifacts/200b0aE.dag/Unity.RenderPipelines.Universal.2D.Editor.Overrides.rsp
[ 658/1379  0s] WriteText Library/Bee/artifacts/200b0aE.dag/Unity.InferenceEngine.Editor.rsp
[ 659/1379  0s] WriteText Library/Bee/artifacts/200b0aE.dag/Unity.TextMeshPro.Editor.rsp
[ 660/1379  0s] WriteText Library/Bee/artifacts/200b0aE.dag/Project.Editor.Tests.rsp
[ 661/1379  0s] WriteText Library/Bee/artifacts/200b0aE.dag/Unity.AI.Assistant.Integrations.Profiler.Editor.rsp
[ 662/1379  0s] WriteText Library/Bee/artifacts/200b0aE.dag/Unity.Collections.Editor.rsp
[ 663/1379  0s] WriteText Library/Bee/artifacts/200b0aE.dag/Unity.AppUI.Redux.Editor.rsp
[ 664/1379  0s] WriteText Library/Bee/artifacts/200b0aE.dag/Unity.AI.Navigation.Updater.rsp
[ 665/1379  0s] WriteText Library/Bee/artifacts/200b0aE.dag/Unity.InputSystem.ForUI.Editor.rsp
[ 666/1379  0s] WriteText Library/Bee/artifacts/200b0aE.dag/Project.Online.Tests.rsp
[ 667/1379  0s] WriteText Library/Bee/artifacts/200b0aE.dag/Unity.Rider.Editor.rsp
[ 668/1379  0s] WriteText Library/Bee/artifacts/200b0aE.dag/UnityEditor.UI.Analytics.rsp
[ 669/1379  0s] WriteText Library/Bee/artifacts/200b0aE.dag/Unity.AI.MCP.Editor.rsp
[ 670/1379  0s] WriteText Library/Bee/artifacts/200b0aE.dag/Unity.AppUI.Navigation.Editor.rsp
[ 671/1379  0s] WriteText Library/Bee/artifacts/200b0aE.dag/Unity.VisualStudio.Editor.rsp
[           0s] Csc Library/Bee/artifacts/200b0aE.dag/UnityEngine.UI.dll (+2 others) [CacheMiss af62510d9204cb45c5477e329e34b49a00000000000000000000000000000006]
[           0s] Csc Library/Bee/artifacts/200b0aE.dag/UnityEngine.TestRunner.dll (+2 others) [CacheMiss 8457016b7a8f8d5d81e1d8421c4daec000000000000000000000000000000006]
[ 672/1379  0s] Csc Library/Bee/artifacts/200b0aE.dag/Project.Core.dll (+2 others)
[ 673/1379  1s] Csc Library/Bee/artifacts/200b0aE.dag/UnityEngine.TestRunner.dll (+2 others)
[           0s] Csc Library/Bee/artifacts/200b0aE.dag/UnityEngine.TestRunner.dll (+2 others) [CacheWrite 8457016b7a8f8d5d81e1d8421c4daec000000000000000000000000000000006]
[ 675/1379  0s] Csc Library/Bee/artifacts/200b0aE.dag/UnityEditor.TestRunner.dll (+2 others) [CacheHit 82abae050d3baf79b97a63338f851bc200000000000000000000000000000006]
[ 676/1379  0s] Csc Library/Bee/artifacts/200b0aE.dag/UnityEditor.TestRunner.dll (+2 others)
[ 679/1379  2s] Csc Library/Bee/artifacts/200b0aE.dag/UnityEngine.UI.dll (+2 others)
[           0s] Csc Library/Bee/artifacts/200b0aE.dag/UnityEngine.UI.dll (+2 others) [CacheWrite af62510d9204cb45c5477e329e34b49a00000000000000000000000000000006]
[ 680/1379  0s] Csc Library/Bee/artifacts/200b0aE.dag/UnityEditor.UI.dll (+2 others) [CacheHit bd19d94ec760c8f16b5275a9897be73100000000000000000000000000000006]
[ 682/1379  0s] Csc Library/Bee/artifacts/200b0aE.dag/UnityEditor.UI.dll (+2 others)
[           0s] Csc Library/Bee/artifacts/200b0aE.dag/Unity.InputSystem.dll (+2 others) [CacheMiss e7cf307058b36ff421dda7157622e60900000000000000000000000000000006]
[           0s] Csc Library/Bee/artifacts/200b0aE.dag/Unity.AI.Tracing.dll (+2 others) [CacheMiss f926d6850792b98ce75be20aa268e25800000000000000000000000000000006]
[ 691/1379  0s] Csc Library/Bee/artifacts/200b0aE.dag/Unity.AI.Toolkit.Compliance.dll (+2 others) [CacheHit 986e0a51fe26d5e54d7741fcb5f3e51000000000000000000000000000000006]
[ 694/1379  0s] Csc Library/Bee/artifacts/200b0aE.dag/Unity.AI.Toolkit.Compliance.dll (+2 others)
[ 694/1379  0s] Csc Library/Bee/artifacts/200b0aE.dag/Unity.AI.Generators.IO.Srp.dll (+2 others) [CacheHit f45c6def2269db410449e82970e031b700000000000000000000000000000006]
[ 698/1379  0s] Csc Library/Bee/artifacts/200b0aE.dag/Unity.AI.Generators.IO.Srp.dll (+2 others)
[ 697/1379  0s] Csc Library/Bee/artifacts/200b0aE.dag/Unity.AI.Toolkit.Async.dll (+2 others) [CacheHit 7957e1afcc7a26667eb17de198214a0700000000000000000000000000000006]
[ 702/1379  0s] Csc Library/Bee/artifacts/200b0aE.dag/Unity.AI.Toolkit.Async.dll (+2 others)
[           0s] Csc Library/Bee/artifacts/200b0aE.dag/Unity.Mathematics.dll (+2 others) [CacheMiss 35fb0d8db04a865d01af85877239e3c700000000000000000000000000000006]
[           0s] Csc Library/Bee/artifacts/200b0aE.dag/Unity.Burst.dll (+2 others) [CacheMiss fa45d5e0b45ccfa099dd4548035a8a4c00000000000000000000000000000006]
[ 700/1379  0s] Csc Library/Bee/artifacts/200b0aE.dag/Unity.AI.Generators.Contexts.dll (+2 others) [CacheHit 9525c31fcca16c908ad39b0375caef7300000000000000000000000000000006]
[ 706/1379  0s] Csc Library/Bee/artifacts/200b0aE.dag/Unity.AI.Generators.Contexts.dll (+2 others)
[ 701/1379  0s] Csc Library/Bee/artifacts/200b0aE.dag/Unity.AI.Toolkit.Utility.dll (+2 others) [CacheHit f7224ee2e2cddd495aeb3bac9c2bcca100000000000000000000000000000006]
[ 708/1379  0s] Csc Library/Bee/artifacts/200b0aE.dag/Unity.AI.Toolkit.Utility.dll (+2 others)
[ 706/1379  0s] Csc Library/Bee/artifacts/200b0aE.dag/Unity.AI.Assistant.Agent.Dynamic.Extension.Editor.dll (+2 others) [CacheHit 40ddb1489cad08e902d4c7e82e8b9ed300000000000000000000000000000006]
[ 714/1379  0s] Csc Library/Bee/artifacts/200b0aE.dag/Unity.AI.Assistant.Agent.Dynamic.Extension.Editor.dll (+2 others)
[ 708/1379  0s] Csc Library/Bee/artifacts/200b0aE.dag/Unity.AI.Assistant.Bridge.Editor.dll (+2 others) [CacheHit e96dbaa6a1a7e9f5c064d029e774e6bd00000000000000000000000000000006]
[ 717/1379  0s] Csc Library/Bee/artifacts/200b0aE.dag/Unity.AI.Assistant.Bridge.Editor.dll (+2 others)
[ 710/1379  0s] Csc Library/Bee/artifacts/200b0aE.dag/Unity.AI.Toolkit.Asset.dll (+2 others) [CacheHit c0b48e9fb47fba1420ded361dccfa05400000000000000000000000000000006]
[ 720/1379  0s] Csc Library/Bee/artifacts/200b0aE.dag/Unity.AI.Toolkit.Asset.dll (+2 others)
[           0s] Csc Library/Bee/artifacts/200b0aE.dag/Unity.InternalAPIEngineBridge.RenderPipelines.Core.Runtime.Shared.dll (+2 others) [CacheMiss 17f180f09233732a91cbb48a1987d29500000000000000000000000000000006]
[           0s] Csc Library/Bee/artifacts/200b0aE.dag/Unity.Profiling.Core.dll (+2 others) [CacheMiss c2ea24f411b4baa287781bffcb0f7f6c00000000000000000000000000000006]
[ 713/1379  0s] Csc Library/Bee/artifacts/200b0aE.dag/Unity.AI.Generators.Redux.dll (+2 others) [CacheHit 69e09490ae0a33996d160705a90828c800000000000000000000000000000006]
[ 724/1379  0s] Csc Library/Bee/artifacts/200b0aE.dag/Unity.AI.Generators.Redux.dll (+2 others)
[ 716/1379  0s] Csc Library/Bee/artifacts/200b0aE.dag/Unity.2D.Sprite.Editor.dll (+2 others) [CacheHit e28855a487ebb59274b7cdbded2f4af900000000000000000000000000000006]
[ 728/1379  0s] Csc Library/Bee/artifacts/200b0aE.dag/Unity.2D.Sprite.Editor.dll (+2 others)
[ 721/1379  0s] Csc Library/Bee/artifacts/200b0aE.dag/Unity.AI.Toolkit.Accounts.dll (+2 others) [CacheHit d1f0ec2f27b069c1e6d151b8cc92abb900000000000000000000000000000006]
[ 734/1379  0s] Csc Library/Bee/artifacts/200b0aE.dag/Unity.AI.Toolkit.Accounts.dll (+2 others)
[           0s] Csc Library/Bee/artifacts/200b0aE.dag/Unity.InternalAPIEngineBridge.ObjectDispatcher.Runtime.dll (+2 others) [CacheMiss 276c3447bc5546039c0d83c2653127d200000000000000000000000000000006]
[           0s] Csc Library/Bee/artifacts/200b0aE.dag/Unity.AppUI.InternalAPIBridge.dll (+2 others) [CacheMiss ad3f3e49d271e9af02a58a53ecefe5e700000000000000000000000000000006]
[ 738/1379  1s] Csc Library/Bee/artifacts/200b0aE.dag/Project.Application.dll (+2 others)
[ 726/1379  0s] Csc Library/Bee/artifacts/200b0aE.dag/HFDownloader.dll (+2 others) [CacheHit 2aa1c3ba90d8e5b68e299b43a42d126700000000000000000000000000000006]
[ 740/1379  0s] Csc Library/Bee/artifacts/200b0aE.dag/HFDownloader.dll (+2 others)
[ 728/1379  0s] Csc Library/Bee/artifacts/200b0aE.dag/Unity.AI.Toolkit.GenerationContextMenu.dll (+2 others) [CacheHit d712fed6089394bf257b64f3b8605e0500000000000000000000000000000006]
[ 743/1379  0s] Csc Library/Bee/artifacts/200b0aE.dag/Unity.AI.Toolkit.GenerationContextMenu.dll (+2 others)
[ 730/1379  0s] Csc Library/Bee/artifacts/200b0aE.dag/Unity.AI.Toolkit.GenerationObjectPicker.dll (+2 others) [CacheHit 533a86a588e5a69f7e9a385eb9d2be6800000000000000000000000000000006]
[ 746/1379  0s] Csc Library/Bee/artifacts/200b0aE.dag/Unity.AI.Toolkit.GenerationObjectPicker.dll (+2 others)
[ 732/1379  0s] Csc Library/Bee/artifacts/200b0aE.dag/Unity.InternalAPIEngineBridge.RenderPipelines.Core.Editor.dll (+2 others) [CacheHit 9b7b6b312ee2544308c5334780c421bb00000000000000000000000000000006]
[ 749/1379  0s] Csc Library/Bee/artifacts/200b0aE.dag/Unity.InternalAPIEngineBridge.RenderPipelines.Core.Editor.dll (+2 others)
[           0s] Csc Library/Bee/artifacts/200b0aE.dag/Unity.AI.Animate.Motion.Runtime.dll (+2 others) [CacheMiss 81cdf737cd0c67627818278ec3d199d300000000000000000000000000000006]
[ 753/1379  0s] Csc Library/Bee/artifacts/200b0aE.dag/Unity.InternalAPIEngineBridge.ObjectDispatcher.Runtime.dll (+2 others)
[ 754/1379  0s] Csc Library/Bee/artifacts/200b0aE.dag/Unity.InternalAPIEngineBridge.RenderPipelines.Core.Runtime.Shared.dll (+2 others)
[           0s] Csc Library/Bee/artifacts/200b0aE.dag/Unity.InternalAPIEngineBridge.ObjectDispatcher.Runtime.dll (+2 others) [CacheWrite 276c3447bc5546039c0d83c2653127d200000000000000000000000000000006]
[           0s] Csc Library/Bee/artifacts/200b0aE.dag/Unity.InternalAPIEngineBridge.RenderPipelines.Core.Runtime.Shared.dll (+2 others) [CacheWrite 17f180f09233732a91cbb48a1987d29500000000000000000000000000000006]
[ 742/1379  0s] Csc Library/Bee/artifacts/200b0aE.dag/Unity.AI.Pbr.Srp.dll (+2 others) [CacheHit 4e0f90c26226694a91baf4092d5b9db800000000000000000000000000000006]
[ 760/1379  0s] Csc Library/Bee/artifacts/200b0aE.dag/Unity.AI.Pbr.Srp.dll (+2 others)
[ 750/1379  0s] Csc Library/Bee/artifacts/200b0aE.dag/Unity.AI.Assistant.Annotations.Editor.dll (+2 others) [CacheHit 233b05b52d3a544d482ec13969490a9100000000000000000000000000000006]
[ 769/1379  0s] Csc Library/Bee/artifacts/200b0aE.dag/Unity.AI.Assistant.Annotations.Editor.dll (+2 others)
[           0s] Csc Library/Bee/artifacts/200b0aE.dag/Unity.InternalAPIEngineBridge.004.dll (+2 others) [CacheMiss b921ffdd2c1d616b07e79941f7e95ec400000000000000000000000000000006]
[ 752/1379  0s] Csc Library/Bee/artifacts/200b0aE.dag/Unity.GraphAuthoring.Editor.dll (+2 others) [CacheHit 77f89cbb1de7ef8f0367654466292da100000000000000000000000000000006]
[ 772/1379  0s] Csc Library/Bee/artifacts/200b0aE.dag/Unity.GraphAuthoring.Editor.dll (+2 others)
[ 753/1379  0s] Csc Library/Bee/artifacts/200b0aE.dag/Unity.InternalAPIEditorBridge.ShaderGraph.Editor.dll (+2 others) [CacheHit f0da9ff8f28b09d3ebf013a5c778e71200000000000000000000000000000006]
[ 774/1379  0s] Csc Library/Bee/artifacts/200b0aE.dag/Unity.InternalAPIEditorBridge.ShaderGraph.Editor.dll (+2 others)
[ 754/1379  0s] Csc Library/Bee/artifacts/200b0aE.dag/Unity.ShaderGraph.Utilities.dll (+2 others) [CacheHit 0af479aba0c5de67dae251232e8b4af300000000000000000000000000000006]
[ 776/1379  0s] Csc Library/Bee/artifacts/200b0aE.dag/Unity.ShaderGraph.Utilities.dll (+2 others)
[ 755/1379  0s] Csc Library/Bee/artifacts/200b0aE.dag/Unity.Searcher.Editor.dll (+2 others) [CacheHit 80760c7be9f21880eb13d0476570482700000000000000000000000000000006]
[ 778/1379  0s] Csc Library/Bee/artifacts/200b0aE.dag/Unity.Searcher.Editor.dll (+2 others)
[           0s] Csc Library/Bee/artifacts/200b0aE.dag/Unity.AI.Navigation.dll (+2 others) [CacheMiss 752ca66f58835946b52d74b6de22d05700000000000000000000000000000006]
[ 782/1379  0s] Csc Library/Bee/artifacts/200b0aE.dag/Unity.AppUI.InternalAPIBridge.dll (+2 others)
[           0s] Csc Library/Bee/artifacts/200b0aE.dag/Unity.AppUI.InternalAPIBridge.dll (+2 others) [CacheWrite ad3f3e49d271e9af02a58a53ecefe5e700000000000000000000000000000006]
[ 760/1379  0s] Csc Library/Bee/artifacts/200b0aE.dag/Unity.AI.Navigation.Editor.ConversionSystem.dll (+2 others) [CacheHit 6a16949e4b5d228b82b63850e9b0b05d00000000000000000000000000000006]
[ 784/1379  0s] Csc Library/Bee/artifacts/200b0aE.dag/Unity.AI.Navigation.Editor.ConversionSystem.dll (+2 others)
[ 787/1379  0s] Csc Library/Bee/artifacts/200b0aE.dag/Unity.Mathematics.dll (+2 others)
[ 762/1379  0s] Csc Library/Bee/artifacts/200b0aE.dag/Unity.InferenceEngine.Microsoft.Msagl.dll (+2 others) [CacheHit f0ab7ea8ae8fcd3377ecfa985ea31eda00000000000000000000000000000006]
[ 788/1379  0s] Csc Library/Bee/artifacts/200b0aE.dag/Unity.InferenceEngine.Microsoft.Msagl.dll (+2 others)
[ 790/1379  0s] Csc Library/Bee/artifacts/200b0aE.dag/Unity.Burst.dll (+2 others)
[ 797/1379  0s] Csc Library/Bee/artifacts/200b0aE.dag/Unity.Profiling.Core.dll (+2 others)
[ 769/1379  0s] Csc Library/Bee/artifacts/200b0aE.dag/Unity.AI.Generators.Asset.dll (+2 others) [CacheHit a3dc31e877a78a02f1a680178e5bfdb800000000000000000000000000000006]
[ 798/1379  0s] Csc Library/Bee/artifacts/200b0aE.dag/Unity.AI.Generators.Asset.dll (+2 others)
[           0s] Csc Library/Bee/artifacts/200b0aE.dag/Unity.Mathematics.dll (+2 others) [CacheWrite 35fb0d8db04a865d01af85877239e3c700000000000000000000000000000006]
[           0s] Csc Library/Bee/artifacts/200b0aE.dag/Unity.Burst.dll (+2 others) [CacheWrite fa45d5e0b45ccfa099dd4548035a8a4c00000000000000000000000000000006]
[           0s] Csc Library/Bee/artifacts/200b0aE.dag/Unity.Profiling.Core.dll (+2 others) [CacheWrite c2ea24f411b4baa287781bffcb0f7f6c00000000000000000000000000000006]
[           0s] Csc Library/Bee/artifacts/200b0aE.dag/Unity.PerformanceTesting.dll (+2 others) [CacheMiss dc395566167867371888b253656d34bb00000000000000000000000000000006]
[ 808/1379  0s] Csc Library/Bee/artifacts/200b0aE.dag/Unity.AI.Animate.Motion.Runtime.dll (+2 others)
[ 782/1379  0s] Csc Library/Bee/artifacts/200b0aE.dag/Unity.AI.Generators.UI.AIDropdownIntegrations.dll (+2 others) [CacheHit 7309d3e1ff57c4042526f09d18b1fda600000000000000000000000000000006]
[ 810/1379  0s] Csc Library/Bee/artifacts/200b0aE.dag/Unity.AI.Generators.UI.AIDropdownIntegrations.dll (+2 others)
[ 792/1379  0s] Csc Library/Bee/artifacts/200b0aE.dag/Unity.AI.Generators.IO.dll (+2 others) [CacheHit f735b2fa863a829201cf88b7671ebec100000000000000000000000000000006]
[ 821/1379  0s] Csc Library/Bee/artifacts/200b0aE.dag/Unity.AI.Generators.IO.dll (+2 others)
[           0s] Csc Library/Bee/artifacts/200b0aE.dag/Unity.AI.Animate.Motion.Runtime.dll (+2 others) [CacheWrite 81cdf737cd0c67627818278ec3d199d300000000000000000000000000000006]
[           0s] Csc Library/Bee/artifacts/200b0aE.dag/Unity.RenderPipelines.ShaderGraph.ShaderGraphLibrary.dll (+2 others) [CacheMiss 1dadb016998b35e50e0a218ad60f2e1200000000000000000000000000000006]
[           0s] Csc Library/Bee/artifacts/200b0aE.dag/Unity.AI.MCP.Runtime.dll (+2 others) [CacheMiss e9364534c1fdeff4da68ef1e18585c4000000000000000000000000000000006]
[ 797/1379  0s] Csc Library/Bee/artifacts/200b0aE.dag/Unity.AI.Generators.UI.dll (+2 others) [CacheHit 5dd304b67987599f1dce955ec9aac0d400000000000000000000000000000006]
[ 826/1379  0s] Csc Library/Bee/artifacts/200b0aE.dag/Unity.AI.Generators.UI.dll (+2 others)
[ 800/1379  0s] Csc Library/Bee/artifacts/200b0aE.dag/Unity.AI.Generators.Sdk.dll (+2 others) [CacheHit 04e7c72abb5b3001180bd28ab7598ddd00000000000000000000000000000006]
[ 830/1379  0s] Csc Library/Bee/artifacts/200b0aE.dag/Unity.AI.Generators.Sdk.dll (+2 others)
[           0s] Csc Library/Bee/artifacts/200b0aE.dag/Unity.RenderPipelines.Core.ShaderLibrary.dll (+2 others) [CacheMiss e309e9205ef79ee8b3e27e4fae24026700000000000000000000000000000006]
[ 803/1379  0s] Csc Library/Bee/artifacts/200b0aE.dag/Unity.AI.ModelSelector.dll (+2 others) [CacheHit 4d9821c7c041a1b7a7e35bca7adb8b9600000000000000000000000000000006]
[ 834/1379  0s] Csc Library/Bee/artifacts/200b0aE.dag/Unity.AI.ModelSelector.dll (+2 others)
[           0s] Csc Library/Bee/artifacts/200b0aE.dag/Unity.InferenceEngine.Tokenization.dll (+2 others) [CacheMiss 48f4e201bb42d90bca63f7dd4280c16900000000000000000000000000000006]
[ 837/1379  0s] Csc Library/Bee/artifacts/200b0aE.dag/Unity.RenderPipelines.ShaderGraph.ShaderGraphLibrary.dll (+2 others)
[           0s] Csc Library/Bee/artifacts/200b0aE.dag/Unity.RenderPipelines.ShaderGraph.ShaderGraphLibrary.dll (+2 others) [CacheWrite 1dadb016998b35e50e0a218ad60f2e1200000000000000000000000000000006]
[           0s] Csc Library/Bee/artifacts/200b0aE.dag/Unity.RenderPipelines.Universal.Shaders.dll (+2 others) [CacheMiss 68f03af838ea9cb65442fb11148a983500000000000000000000000000000006]
[ 838/1379  0s] Csc Library/Bee/artifacts/200b0aE.dag/Unity.RenderPipelines.Core.ShaderLibrary.dll (+2 others)
[           0s] Csc Library/Bee/artifacts/200b0aE.dag/Unity.RenderPipelines.Core.ShaderLibrary.dll (+2 others) [CacheWrite e309e9205ef79ee8b3e27e4fae24026700000000000000000000000000000006]
[           0s] Csc Library/Bee/artifacts/200b0aE.dag/Unity.AppUI.Undo.dll (+2 others) [CacheMiss d8d5262b69b7c71cb8605de1247fbe7800000000000000000000000000000006]
[ 839/1379  0s] Csc Library/Bee/artifacts/200b0aE.dag/Unity.AI.Navigation.dll (+2 others)
[           0s] Csc Library/Bee/artifacts/200b0aE.dag/Unity.AI.Navigation.dll (+2 others) [CacheWrite 752ca66f58835946b52d74b6de22d05700000000000000000000000000000006]
[ 810/1379  0s] Csc Library/Bee/artifacts/200b0aE.dag/Unity.AI.Navigation.Editor.dll (+2 others) [CacheHit bfc8d2700c63c5d93e290e49d4aaf09d00000000000000000000000000000006]
[ 842/1379  0s] Csc Library/Bee/artifacts/200b0aE.dag/Unity.AI.Navigation.Editor.dll (+2 others)
[           0s] Csc Library/Bee/artifacts/200b0aE.dag/Unity.Collections.dll (+2 others) [CacheMiss 273d3b4938e17a09d28dd81384c450eb00000000000000000000000000000006]
[ 846/1379  0s] Csc Library/Bee/artifacts/200b0aE.dag/Unity.PerformanceTesting.dll (+2 others)
[ 813/1379  0s] Csc Library/Bee/artifacts/200b0aE.dag/Unity.AI.Navigation.Updater.dll (+2 others) [CacheHit c8efac900473c1f761d942b6ed3aa6ca00000000000000000000000000000006]
[ 847/1379  0s] Csc Library/Bee/artifacts/200b0aE.dag/Unity.AI.Navigation.Updater.dll (+2 others)
[           0s] Csc Library/Bee/artifacts/200b0aE.dag/Unity.PerformanceTesting.dll (+2 others) [CacheWrite dc395566167867371888b253656d34bb00000000000000000000000000000006]
[ 817/1379  0s] Csc Library/Bee/artifacts/200b0aE.dag/Unity.Rendering.LightTransport.Editor.dll (+2 others) [CacheHit 38aa097429defb681faf46bdeee26d4200000000000000000000000000000006]
[ 851/1379  0s] Csc Library/Bee/artifacts/200b0aE.dag/Unity.Rendering.LightTransport.Editor.dll (+2 others)
[ 820/1379  0s] Csc Library/Bee/artifacts/200b0aE.dag/Unity.PerformanceTesting.Editor.dll (+2 others) [CacheHit ecab46138e68b144fc33962435dd6f8100000000000000000000000000000006]
[ 855/1379  0s] Csc Library/Bee/artifacts/200b0aE.dag/Unity.PerformanceTesting.Editor.dll (+2 others)
[ 821/1379  0s] Csc Library/Bee/artifacts/200b0aE.dag/Unity.Rider.Editor.dll (+2 others) [CacheHit d897dceac480876f40cec4ced4c396fe00000000000000000000000000000006]
[ 857/1379  0s] Csc Library/Bee/artifacts/200b0aE.dag/Unity.Rider.Editor.dll (+2 others)
[ 859/1379  0s] CopyFiles Library/ScriptAssemblies/Unity.Rider.Editor.pdb
[ 823/1379  0s] Csc Library/Bee/artifacts/200b0aE.dag/Unity.VisualStudio.Editor.dll (+2 others) [CacheHit eb8bd82edcab8ca47e2f67f65ff4172a00000000000000000000000000000006]
[ 860/1379  0s] Csc Library/Bee/artifacts/200b0aE.dag/Unity.VisualStudio.Editor.dll (+2 others)
[ 862/1379  0s] CopyFiles Library/ScriptAssemblies/Unity.Rider.Editor.dll
[ 863/1379  0s] CopyFiles Library/ScriptAssemblies/Unity.VisualStudio.Editor.pdb
[ 864/1379  0s] CopyFiles Library/ScriptAssemblies/Unity.VisualStudio.Editor.dll
[ 865/1379  1s] Csc Library/Bee/artifacts/200b0aE.dag/Unity.AI.Tracing.dll (+2 others)
[           0s] Csc Library/Bee/artifacts/200b0aE.dag/Unity.AI.Tracing.dll (+2 others) [CacheWrite f926d6850792b98ce75be20aa268e25800000000000000000000000000000006]
[           0s] Csc Library/Bee/artifacts/200b0aE.dag/Unity.AI.Assistant.Runtime.dll (+2 others) [CacheMiss 59544aac8eac96a37299b6aecf35c95400000000000000000000000000000006]
[ 868/1379  0s] Csc Library/Bee/artifacts/200b0aE.dag/Unity.AI.MCP.Runtime.dll (+2 others)
[ 869/1379  0s] Csc Library/Bee/artifacts/200b0aE.dag/Unity.InternalAPIEngineBridge.004.dll (+2 others)
[ 870/1379  0s] Csc Library/Bee/artifacts/200b0aE.dag/Unity.RenderPipelines.Universal.Shaders.dll (+2 others)
[           0s] Csc Library/Bee/artifacts/200b0aE.dag/Unity.AI.MCP.Runtime.dll (+2 others) [CacheWrite e9364534c1fdeff4da68ef1e18585c4000000000000000000000000000000006]
[ 872/1379  0s] Csc Library/Bee/artifacts/200b0aE.dag/Unity.AppUI.Undo.dll (+2 others)
[           0s] Csc Library/Bee/artifacts/200b0aE.dag/Unity.InternalAPIEngineBridge.004.dll (+2 others) [CacheWrite b921ffdd2c1d616b07e79941f7e95ec400000000000000000000000000000006]
[           0s] Csc Library/Bee/artifacts/200b0aE.dag/Unity.RenderPipelines.Universal.Shaders.dll (+2 others) [CacheWrite 68f03af838ea9cb65442fb11148a983500000000000000000000000000000006]
[           0s] Csc Library/Bee/artifacts/200b0aE.dag/Unity.AppUI.Undo.dll (+2 others) [CacheWrite d8d5262b69b7c71cb8605de1247fbe7800000000000000000000000000000006]
[           0s] Csc Library/Bee/artifacts/200b0aE.dag/Unity.TextMeshPro.dll (+2 others) [CacheMiss e30b84f7ace381b4ed215fbc92a9de2200000000000000000000000000000006]
[ 875/1379  0s] Csc Library/Bee/artifacts/200b0aE.dag/Unity.InferenceEngine.Tokenization.dll (+2 others)
[           0s] Csc Library/Bee/artifacts/200b0aE.dag/Unity.InferenceEngine.Tokenization.dll (+2 others) [CacheWrite 48f4e201bb42d90bca63f7dd4280c16900000000000000000000000000000006]
[ 876/1379  1s] Csc Library/Bee/artifacts/200b0aE.dag/Unity.AI.Assistant.Runtime.dll (+2 others)
[           0s] Csc Library/Bee/artifacts/200b0aE.dag/Unity.AI.Assistant.Runtime.dll (+2 others) [CacheWrite 59544aac8eac96a37299b6aecf35c95400000000000000000000000000000006]
[ 841/1379  0s] Csc Library/Bee/artifacts/200b0aE.dag/Unity.AI.Assistant.Editor.dll (+2 others) [CacheHit d107c0b42637ca5a5b6211b284c5d80400000000000000000000000000000006]
[ 879/1379  0s] Csc Library/Bee/artifacts/200b0aE.dag/Unity.AI.Assistant.Editor.dll (+2 others)
[ 848/1379  0s] Csc Library/Bee/artifacts/200b0aE.dag/Unity.AI.Image.dll (+2 others) [CacheHit e8ccd240edaaaa5c614847f1961eed3d00000000000000000000000000000006]
[ 887/1379  0s] Csc Library/Bee/artifacts/200b0aE.dag/Unity.AI.Image.dll (+2 others)
[ 850/1379  0s] Csc Library/Bee/artifacts/200b0aE.dag/Unity.AI.Sound.dll (+2 others) [CacheHit 673a7a7a9efe06999a90f1f8814b2a2500000000000000000000000000000006]
[ 890/1379  0s] Csc Library/Bee/artifacts/200b0aE.dag/Unity.AI.Sound.dll (+2 others)
[ 852/1379  0s] Csc Library/Bee/artifacts/200b0aE.dag/Unity.AI.Mesh.dll (+2 others) [CacheHit 5bafbcfc5d430015fb0d266aab64495e00000000000000000000000000000006]
[ 893/1379  0s] Csc Library/Bee/artifacts/200b0aE.dag/Unity.AI.Mesh.dll (+2 others)
[ 853/1379  0s] Csc Library/Bee/artifacts/200b0aE.dag/Unity.AI.Animate.dll (+2 others) [CacheHit 8094cd4dd782926d8c2543bf10c57e4500000000000000000000000000000006]
[ 896/1379  0s] Csc Library/Bee/artifacts/200b0aE.dag/Unity.AI.Animate.dll (+2 others)
[ 856/1379  0s] Csc Library/Bee/artifacts/200b0aE.dag/Unity.AI.Pbr.dll (+2 others) [CacheHit 6f84ebb8b6ffaefbe4040233a00c8c7000000000000000000000000000000006]
[ 899/1379  0s] Csc Library/Bee/artifacts/200b0aE.dag/Unity.AI.Pbr.dll (+2 others)
[ 859/1379  0s] Csc Library/Bee/artifacts/200b0aE.dag/Unity.AI.Generators.Tools.dll (+2 others) [CacheHit 56194c290f46cdaf9f2b66388db1c37d00000000000000000000000000000006]
[ 903/1379  0s] Csc Library/Bee/artifacts/200b0aE.dag/Unity.AI.Generators.Tools.dll (+2 others)
[ 906/1379  1s] Csc Library/Bee/artifacts/200b0aE.dag/Unity.TextMeshPro.dll (+2 others)
[           0s] Csc Library/Bee/artifacts/200b0aE.dag/Unity.TextMeshPro.dll (+2 others) [CacheWrite e30b84f7ace381b4ed215fbc92a9de2200000000000000000000000000000006]
[ 864/1379  0s] Csc Library/Bee/artifacts/200b0aE.dag/UnityEditor.UI.Analytics.dll (+2 others) [CacheHit 430ddca947d5940b5d08cb8156306d3000000000000000000000000000000006]
[ 909/1379  0s] Csc Library/Bee/artifacts/200b0aE.dag/UnityEditor.UI.Analytics.dll (+2 others)
[ 911/1379  2s] Csc Library/Bee/artifacts/200b0aE.dag/Unity.Collections.dll (+2 others)
[           0s] Csc Library/Bee/artifacts/200b0aE.dag/Unity.Collections.dll (+2 others) [CacheWrite 273d3b4938e17a09d28dd81384c450eb00000000000000000000000000000006]
[           0s] Csc Library/Bee/artifacts/200b0aE.dag/Unity.UnifiedRayTracing.Runtime.dll (+2 others) [CacheMiss ac215eb818c8d2cbd2e4dffb5585b99700000000000000000000000000000006]
[           0s] Csc Library/Bee/artifacts/200b0aE.dag/Unity.Collections.Tests.CoreCLR.InternalJobNestedPrivate.dll (+2 others) [CacheMiss 779604e155cdda8052eb3f66baa7d70400000000000000000000000000000006]
[ 875/1379  0s] Csc Library/Bee/artifacts/200b0aE.dag/Unity.Collections.Editor.dll (+2 others) [CacheHit d8577ce00f302c502abe5bd35363012700000000000000000000000000000006]
[ 921/1379  0s] Csc Library/Bee/artifacts/200b0aE.dag/Unity.Collections.Editor.dll (+2 others)
[           0s] Csc Library/Bee/artifacts/200b0aE.dag/Unity.InferenceEngine.dll (+2 others) [CacheMiss e836399546e9472901c6cdde8c084ee000000000000000000000000000000006]
[           0s] Csc Library/Bee/artifacts/200b0aE.dag/Unity.Collections.Tests.CoreCLR.PrivateJobNested.dll (+2 others) [CacheMiss 4ae2e9d4e511bbcffe9e0f5d6393460700000000000000000000000000000006]
[           0s] Csc Library/Bee/artifacts/200b0aE.dag/Unity.Collections.Tests.CoreCLR.ProtectedJobNested.dll (+2 others) [CacheMiss b676aeab27ea9b4e0d59c6675641513300000000000000000000000000000006]
[           0s] Csc Library/Bee/artifacts/200b0aE.dag/Unity.Collections.Tests.CoreCLR.PublicJobPrivateGeneric.dll (+2 others) [CacheMiss 91eb8a6f9c3c68b74fd99d5eacf66f7700000000000000000000000000000006]
[ 876/1379  0s] Csc Library/Bee/artifacts/200b0aE.dag/Unity.Collections.CodeGen.dll (+2 others) [CacheHit c8d2412389d1836c41cfc2138d70a10400000000000000000000000000000006]
[ 923/1379  0s] Csc Library/Bee/artifacts/200b0aE.dag/Unity.Collections.CodeGen.dll (+2 others)
[ 925/1379  0s] CopyFiles Library/ScriptAssemblies/Unity.Collections.CodeGen.dll
[ 926/1379  0s] CopyFiles Library/ScriptAssemblies/Unity.Collections.CodeGen.pdb
[ 927/1379  0s] Csc Library/Bee/artifacts/200b0aE.dag/Unity.Collections.Tests.CoreCLR.ProtectedJobNested.dll (+2 others)
[ 928/1379  0s] ILPP-Configuration Library/ilpp-configuration.nevergeneratedoutput
[           0s] Csc Library/Bee/artifacts/200b0aE.dag/Unity.Collections.Tests.CoreCLR.ProtectedJobNested.dll (+2 others) [CacheWrite b676aeab27ea9b4e0d59c6675641513300000000000000000000000000000006]
[ 929/1379  0s] ILPostProcess Library/Bee/artifacts/200b0aE.dag/post-processed/Unity.RenderPipelines.Core.ShaderLibrary.dll (+pdb)
Processing assembly Library/Bee/artifacts/200b0aE.dag/Unity.RenderPipelines.Core.ShaderLibrary.dll, with 144 defines and 278 references
processors: Unity.Jobs.CodeGen.JobsILPostProcessor, zzzUnity.Burst.CodeGen.BurstILPostProcessor
1 processor(s) skipped this assembly
running Unity.Jobs.CodeGen.JobsILPostProcessor
[ 930/1379  0s] ILPostProcess Library/Bee/artifacts/200b0aE.dag/post-processed/Unity.Collections.Tests.CoreCLR.ProtectedJobNested.dll (+pdb)
Processing assembly Library/Bee/artifacts/200b0aE.dag/Unity.Collections.Tests.CoreCLR.ProtectedJobNested.dll, with 144 defines and 279 references
processors: Unity.Jobs.CodeGen.JobsILPostProcessor, zzzUnity.Burst.CodeGen.BurstILPostProcessor
1 processor(s) skipped this assembly
running Unity.Jobs.CodeGen.JobsILPostProcessor
[ 931/1379  0s] Csc Library/Bee/artifacts/200b0aE.dag/Unity.Collections.Tests.CoreCLR.PrivateJobNested.dll (+2 others)
[           0s] Csc Library/Bee/artifacts/200b0aE.dag/Unity.Collections.Tests.CoreCLR.PrivateJobNested.dll (+2 others) [CacheWrite 4ae2e9d4e511bbcffe9e0f5d6393460700000000000000000000000000000006]
[ 932/1379  0s] ILPostProcess Library/Bee/artifacts/200b0aE.dag/post-processed/Unity.AI.Tracing.dll (+pdb)
Processing assembly Library/Bee/artifacts/200b0aE.dag/Unity.AI.Tracing.dll, with 144 defines and 274 references
processors: Unity.Jobs.CodeGen.JobsILPostProcessor, zzzUnity.Burst.CodeGen.BurstILPostProcessor
1 processor(s) skipped this assembly
running Unity.Jobs.CodeGen.JobsILPostProcessor
[ 933/1379  0s] ILPostProcess Library/Bee/artifacts/200b0aE.dag/post-processed/Unity.InternalAPIEngineBridge.RenderPipelines.Core.Runtime.Shared.dll (+pdb)
Processing assembly Library/Bee/artifacts/200b0aE.dag/Unity.InternalAPIEngineBridge.RenderPipelines.Core.Runtime.Shared.dll, with 144 defines and 278 references
processors: Unity.Jobs.CodeGen.JobsILPostProcessor, zzzUnity.Burst.CodeGen.BurstILPostProcessor
1 processor(s) skipped this assembly
running Unity.Jobs.CodeGen.JobsILPostProcessor
[ 934/1379  0s] Csc Library/Bee/artifacts/200b0aE.dag/Unity.Collections.Tests.CoreCLR.PublicJobPrivateGeneric.dll (+2 others)
[           0s] Csc Library/Bee/artifacts/200b0aE.dag/Unity.Collections.Tests.CoreCLR.PublicJobPrivateGeneric.dll (+2 others) [CacheWrite 91eb8a6f9c3c68b74fd99d5eacf66f7700000000000000000000000000000006]
[ 935/1379  0s] ILPostProcess Library/Bee/artifacts/200b0aE.dag/post-processed/Unity.Collections.Tests.CoreCLR.PrivateJobNested.dll (+pdb)
Processing assembly Library/Bee/artifacts/200b0aE.dag/Unity.Collections.Tests.CoreCLR.PrivateJobNested.dll, with 144 defines and 279 references
processors: Unity.Jobs.CodeGen.JobsILPostProcessor, zzzUnity.Burst.CodeGen.BurstILPostProcessor
1 processor(s) skipped this assembly
running Unity.Jobs.CodeGen.JobsILPostProcessor
[ 936/1379  0s] ILPostProcess Library/Bee/artifacts/200b0aE.dag/post-processed/Unity.RenderPipelines.Universal.Shaders.dll (+pdb)
Processing assembly Library/Bee/artifacts/200b0aE.dag/Unity.RenderPipelines.Universal.Shaders.dll, with 144 defines and 278 references
processors: Unity.Jobs.CodeGen.JobsILPostProcessor, zzzUnity.Burst.CodeGen.BurstILPostProcessor
1 processor(s) skipped this assembly
running Unity.Jobs.CodeGen.JobsILPostProcessor
[ 937/1379  0s] Csc Library/Bee/artifacts/200b0aE.dag/Unity.UnifiedRayTracing.Runtime.dll (+2 others)
[ 938/1379  0s] Csc Library/Bee/artifacts/200b0aE.dag/Unity.Collections.Tests.CoreCLR.InternalJobNestedPrivate.dll (+2 others)
[           0s] Csc Library/Bee/artifacts/200b0aE.dag/Unity.UnifiedRayTracing.Runtime.dll (+2 others) [CacheWrite ac215eb818c8d2cbd2e4dffb5585b99700000000000000000000000000000006]
[           0s] Csc Library/Bee/artifacts/200b0aE.dag/Unity.Collections.Tests.CoreCLR.InternalJobNestedPrivate.dll (+2 others) [CacheWrite 779604e155cdda8052eb3f66baa7d70400000000000000000000000000000006]
[ 940/1379  0s] ILPostProcess Library/Bee/artifacts/200b0aE.dag/post-processed/Unity.Collections.Tests.CoreCLR.PublicJobPrivateGeneric.dll (+pdb)
Processing assembly Library/Bee/artifacts/200b0aE.dag/Unity.Collections.Tests.CoreCLR.PublicJobPrivateGeneric.dll, with 144 defines and 279 references
processors: Unity.Jobs.CodeGen.JobsILPostProcessor, zzzUnity.Burst.CodeGen.BurstILPostProcessor
1 processor(s) skipped this assembly
running Unity.Jobs.CodeGen.JobsILPostProcessor
[ 941/1379  0s] ILPostProcess Library/Bee/artifacts/200b0aE.dag/post-processed/Unity.AppUI.Undo.dll (+pdb)
Processing assembly Library/Bee/artifacts/200b0aE.dag/Unity.AppUI.Undo.dll, with 144 defines and 274 references
processors: Unity.Jobs.CodeGen.JobsILPostProcessor, zzzUnity.Burst.CodeGen.BurstILPostProcessor
1 processor(s) skipped this assembly
running Unity.Jobs.CodeGen.JobsILPostProcessor
[ 942/1379  0s] ILPostProcess Library/Bee/artifacts/200b0aE.dag/post-processed/Unity.InternalAPIEngineBridge.004.dll (+pdb)
Processing assembly Library/Bee/artifacts/200b0aE.dag/Unity.InternalAPIEngineBridge.004.dll, with 144 defines and 278 references
processors: Unity.Jobs.CodeGen.JobsILPostProcessor, zzzUnity.Burst.CodeGen.BurstILPostProcessor
1 processor(s) skipped this assembly
running Unity.Jobs.CodeGen.JobsILPostProcessor
[ 943/1379  0s] ILPostProcess Library/Bee/artifacts/200b0aE.dag/post-processed/Unity.InferenceEngine.Tokenization.dll (+pdb)
Processing assembly Library/Bee/artifacts/200b0aE.dag/Unity.InferenceEngine.Tokenization.dll, with 144 defines and 274 references
processors: Unity.Jobs.CodeGen.JobsILPostProcessor, zzzUnity.Burst.CodeGen.BurstILPostProcessor
1 processor(s) skipped this assembly
running Unity.Jobs.CodeGen.JobsILPostProcessor
[ 944/1379  0s] ILPostProcess Library/Bee/artifacts/200b0aE.dag/post-processed/Unity.Collections.Tests.CoreCLR.InternalJobNestedPrivate.dll (+pdb)
Processing assembly Library/Bee/artifacts/200b0aE.dag/Unity.Collections.Tests.CoreCLR.InternalJobNestedPrivate.dll, with 144 defines and 279 references
processors: Unity.Jobs.CodeGen.JobsILPostProcessor, zzzUnity.Burst.CodeGen.BurstILPostProcessor
1 processor(s) skipped this assembly
running Unity.Jobs.CodeGen.JobsILPostProcessor
[ 945/1379  0s] ILPostProcess Library/Bee/artifacts/200b0aE.dag/post-processed/Unity.RenderPipelines.ShaderGraph.ShaderGraphLibrary.dll (+pdb)
Processing assembly Library/Bee/artifacts/200b0aE.dag/Unity.RenderPipelines.ShaderGraph.ShaderGraphLibrary.dll, with 144 defines and 278 references
processors: Unity.Jobs.CodeGen.JobsILPostProcessor, zzzUnity.Burst.CodeGen.BurstILPostProcessor
1 processor(s) skipped this assembly
running Unity.Jobs.CodeGen.JobsILPostProcessor
[ 946/1379  0s] ILPostProcess Library/Bee/artifacts/200b0aE.dag/post-processed/Unity.AI.Navigation.dll (+pdb)
Processing assembly Library/Bee/artifacts/200b0aE.dag/Unity.AI.Navigation.dll, with 145 defines and 278 references
processors: Unity.Jobs.CodeGen.JobsILPostProcessor, zzzUnity.Burst.CodeGen.BurstILPostProcessor
1 processor(s) skipped this assembly
running Unity.Jobs.CodeGen.JobsILPostProcessor
[ 947/1379  0s] ILPostProcess Library/Bee/artifacts/200b0aE.dag/post-processed/Unity.PerformanceTesting.dll (+pdb)
Processing assembly Library/Bee/artifacts/200b0aE.dag/Unity.PerformanceTesting.dll, with 145 defines and 272 references
processors: Unity.Jobs.CodeGen.JobsILPostProcessor, zzzUnity.Burst.CodeGen.BurstILPostProcessor
1 processor(s) skipped this assembly
running Unity.Jobs.CodeGen.JobsILPostProcessor
[ 948/1379  0s] ILPostProcess Library/Bee/artifacts/200b0aE.dag/post-processed/Unity.UnifiedRayTracing.Runtime.dll (+pdb)
Processing assembly Library/Bee/artifacts/200b0aE.dag/Unity.UnifiedRayTracing.Runtime.dll, with 145 defines and 281 references
processors: Unity.Jobs.CodeGen.JobsILPostProcessor, zzzUnity.Burst.CodeGen.BurstILPostProcessor
running Unity.Jobs.CodeGen.JobsILPostProcessor
running zzzUnity.Burst.CodeGen.BurstILPostProcessor
[ 949/1379  0s] ILPostProcess Library/Bee/artifacts/200b0aE.dag/post-processed/Unity.AppUI.InternalAPIBridge.dll (+pdb)
Processing assembly Library/Bee/artifacts/200b0aE.dag/Unity.AppUI.InternalAPIBridge.dll, with 145 defines and 274 references
processors: Unity.Jobs.CodeGen.JobsILPostProcessor, zzzUnity.Burst.CodeGen.BurstILPostProcessor
1 processor(s) skipped this assembly
running Unity.Jobs.CodeGen.JobsILPostProcessor
[ 950/1379  0s] ILPostProcess Library/Bee/artifacts/200b0aE.dag/post-processed/Unity.AI.MCP.Runtime.dll (+pdb)
Processing assembly Library/Bee/artifacts/200b0aE.dag/Unity.AI.MCP.Runtime.dll, with 144 defines and 278 references
processors: Unity.Jobs.CodeGen.JobsILPostProcessor, zzzUnity.Burst.CodeGen.BurstILPostProcessor
1 processor(s) skipped this assembly
running Unity.Jobs.CodeGen.JobsILPostProcessor
[ 951/1379  0s] ILPostProcess Library/Bee/artifacts/200b0aE.dag/post-processed/Unity.Burst.dll (+pdb)
Processing assembly Library/Bee/artifacts/200b0aE.dag/Unity.Burst.dll, with 144 defines and 278 references
processors: Unity.Jobs.CodeGen.JobsILPostProcessor, zzzUnity.Burst.CodeGen.BurstILPostProcessor
running Unity.Jobs.CodeGen.JobsILPostProcessor
running zzzUnity.Burst.CodeGen.BurstILPostProcessor
[ 952/1379  0s] ILPostProcess Library/Bee/artifacts/200b0aE.dag/post-processed/Project.Application.dll (+pdb)
Processing assembly Library/Bee/artifacts/200b0aE.dag/Project.Application.dll, with 144 defines and 139 references
processors: Unity.Jobs.CodeGen.JobsILPostProcessor, zzzUnity.Burst.CodeGen.BurstILPostProcessor
1 processor(s) skipped this assembly
running Unity.Jobs.CodeGen.JobsILPostProcessor
[ 953/1379  1s] ILPostProcess Library/Bee/artifacts/200b0aE.dag/post-processed/Unity.InternalAPIEngineBridge.ObjectDispatcher.Runtime.dll (+pdb)
Processing assembly Library/Bee/artifacts/200b0aE.dag/Unity.InternalAPIEngineBridge.ObjectDispatcher.Runtime.dll, with 144 defines and 278 references
processors: Unity.Jobs.CodeGen.JobsILPostProcessor, zzzUnity.Burst.CodeGen.BurstILPostProcessor
1 processor(s) skipped this assembly
running Unity.Jobs.CodeGen.JobsILPostProcessor
[ 954/1379  0s] ILPostProcess Library/Bee/artifacts/200b0aE.dag/post-processed/Unity.AI.Animate.Motion.Runtime.dll (+pdb)
Processing assembly Library/Bee/artifacts/200b0aE.dag/Unity.AI.Animate.Motion.Runtime.dll, with 144 defines and 274 references
processors: Unity.Jobs.CodeGen.JobsILPostProcessor, zzzUnity.Burst.CodeGen.BurstILPostProcessor
1 processor(s) skipped this assembly
running Unity.Jobs.CodeGen.JobsILPostProcessor
[ 955/1379  0s] ILPostProcess Library/Bee/artifacts/200b0aE.dag/post-processed/Project.Core.dll (+pdb)
Processing assembly Library/Bee/artifacts/200b0aE.dag/Project.Core.dll, with 144 defines and 138 references
processors: Unity.Jobs.CodeGen.JobsILPostProcessor, zzzUnity.Burst.CodeGen.BurstILPostProcessor
1 processor(s) skipped this assembly
running Unity.Jobs.CodeGen.JobsILPostProcessor
[ 956/1379  0s] ILPostProcess Library/Bee/artifacts/200b0aE.dag/post-processed/Unity.Mathematics.dll (+pdb)
Processing assembly Library/Bee/artifacts/200b0aE.dag/Unity.Mathematics.dll, with 144 defines and 278 references
processors: Unity.Jobs.CodeGen.JobsILPostProcessor, zzzUnity.Burst.CodeGen.BurstILPostProcessor
1 processor(s) skipped this assembly
running Unity.Jobs.CodeGen.JobsILPostProcessor
[ 957/1379  5s] Csc Library/Bee/artifacts/200b0aE.dag/Unity.InputSystem.dll (+2 others)
[           0s] Csc Library/Bee/artifacts/200b0aE.dag/Unity.InputSystem.dll (+2 others) [CacheWrite e7cf307058b36ff421dda7157622e60900000000000000000000000000000006]
[           0s] Csc Library/Bee/artifacts/200b0aE.dag/Unity.RenderPipelines.Core.Runtime.dll (+2 others) [CacheMiss e08c15a8e5c518eff26959e95b0a6ee900000000000000000000000000000006]
[ 960/1379  0s] ILPostProcess Library/Bee/artifacts/200b0aE.dag/post-processed/UnityEngine.UI.dll (+pdb)
Processing assembly Library/Bee/artifacts/200b0aE.dag/UnityEngine.UI.dll, with 149 defines and 276 references
processors: Unity.Jobs.CodeGen.JobsILPostProcessor, zzzUnity.Burst.CodeGen.BurstILPostProcessor
1 processor(s) skipped this assembly
running Unity.Jobs.CodeGen.JobsILPostProcessor
[           0s] Csc Library/Bee/artifacts/200b0aE.dag/Unity.AppUI.dll (+2 others) [CacheMiss c4fa5a7249d2ede6e7660fc8820611e300000000000000000000000000000006]
[ 962/1379  0s] ILPostProcess Library/Bee/artifacts/200b0aE.dag/post-processed/Unity.Profiling.Core.dll (+pdb)
Processing assembly Library/Bee/artifacts/200b0aE.dag/Unity.Profiling.Core.dll, with 144 defines and 278 references
processors: Unity.Jobs.CodeGen.JobsILPostProcessor, zzzUnity.Burst.CodeGen.BurstILPostProcessor
1 processor(s) skipped this assembly
running Unity.Jobs.CodeGen.JobsILPostProcessor
[ 964/1379  0s] ILPostProcess Library/Bee/artifacts/200b0aE.dag/post-processed/Unity.AI.Assistant.Runtime.dll (+pdb)
Processing assembly Library/Bee/artifacts/200b0aE.dag/Unity.AI.Assistant.Runtime.dll, with 144 defines and 272 references
processors: Unity.Jobs.CodeGen.JobsILPostProcessor, zzzUnity.Burst.CodeGen.BurstILPostProcessor
1 processor(s) skipped this assembly
running Unity.Jobs.CodeGen.JobsILPostProcessor
[ 965/1379  1s] ILPostProcess Library/Bee/artifacts/200b0aE.dag/post-processed/Unity.Collections.dll (+pdb)
Processing assembly Library/Bee/artifacts/200b0aE.dag/Unity.Collections.dll, with 146 defines and 280 references
processors: Unity.Jobs.CodeGen.JobsILPostProcessor, zzzUnity.Burst.CodeGen.BurstILPostProcessor
running Unity.Jobs.CodeGen.JobsILPostProcessor
running zzzUnity.Burst.CodeGen.BurstILPostProcessor
[           0s] Csc Library/Bee/artifacts/200b0aE.dag/Unity.InputSystem.ForUI.dll (+2 others) [CacheMiss 45e65983b16c3d6fdc64b11424e3179b00000000000000000000000000000006]
[ 966/1379  0s] ILPostProcess Library/Bee/artifacts/200b0aE.dag/post-processed/UnityEngine.TestRunner.dll (+pdb)
Processing assembly Library/Bee/artifacts/200b0aE.dag/UnityEngine.TestRunner.dll, with 145 defines and 269 references
processors: Unity.Jobs.CodeGen.JobsILPostProcessor, zzzUnity.Burst.CodeGen.BurstILPostProcessor
1 processor(s) skipped this assembly
running Unity.Jobs.CodeGen.JobsILPostProcessor
[ 967/1379  0s] ILPostProcess Library/Bee/artifacts/200b0aE.dag/post-processed/Unity.AI.Navigation.Editor.ConversionSystem.dll (+pdb)
Processing assembly Library/Bee/artifacts/200b0aE.dag/Unity.AI.Navigation.Editor.ConversionSystem.dll, with 142 defines and 306 references
processors: Unity.Jobs.CodeGen.JobsILPostProcessor, zzzUnity.Burst.CodeGen.BurstILPostProcessor
1 processor(s) skipped this assembly
running Unity.Jobs.CodeGen.JobsILPostProcessor
[           0s] Csc Library/Bee/artifacts/200b0aE.dag/Unity.InputSystem.TestFramework.dll (+2 others) [CacheMiss 2a5393bbc3523e550c8b0e61e791a90400000000000000000000000000000006]
[ 926/1379  0s] Csc Library/Bee/artifacts/200b0aE.dag/Unity.InputSystem.DocCodeSamples.dll (+2 others) [CacheHit 95ce69aae73895fa837211b54853a34c00000000000000000000000000000006]
[ 974/1379  0s] Csc Library/Bee/artifacts/200b0aE.dag/Unity.InputSystem.DocCodeSamples.dll (+2 others)
[ 976/1379  0s] ILPostProcess Library/Bee/artifacts/200b0aE.dag/post-processed/Unity.TextMeshPro.dll (+pdb)
Processing assembly Library/Bee/artifacts/200b0aE.dag/Unity.TextMeshPro.dll, with 145 defines and 279 references
processors: Unity.Jobs.CodeGen.JobsILPostProcessor, zzzUnity.Burst.CodeGen.BurstILPostProcessor
1 processor(s) skipped this assembly
running Unity.Jobs.CodeGen.JobsILPostProcessor
[ 977/1379  0s] ILPostProcess Library/Bee/artifacts/200b0aE.dag/post-processed/Unity.AI.Sound.dll (+pdb)
Processing assembly Library/Bee/artifacts/200b0aE.dag/Unity.AI.Sound.dll, with 142 defines and 322 references
processors: Unity.Jobs.CodeGen.JobsILPostProcessor, zzzUnity.Burst.CodeGen.BurstILPostProcessor
1 processor(s) skipped this assembly
running Unity.Jobs.CodeGen.JobsILPostProcessor
[ 978/1379  0s] Csc Library/Bee/artifacts/200b0aE.dag/Unity.InputSystem.ForUI.dll (+2 others)
[           0s] Csc Library/Bee/artifacts/200b0aE.dag/Unity.InputSystem.ForUI.dll (+2 others) [CacheWrite 45e65983b16c3d6fdc64b11424e3179b00000000000000000000000000000006]
[ 932/1379  0s] Csc Library/Bee/artifacts/200b0aE.dag/Unity.InputSystem.ForUI.Editor.dll (+2 others) [CacheHit 96a28f6f11e439de9eee1e881be925e000000000000000000000000000000006]
[ 981/1379  0s] Csc Library/Bee/artifacts/200b0aE.dag/Unity.InputSystem.ForUI.Editor.dll (+2 others)
[ 983/1379  0s] ILPostProcess Library/Bee/artifacts/200b0aE.dag/post-processed/Unity.InputSystem.DocCodeSamples.dll (+pdb)
Processing assembly Library/Bee/artifacts/200b0aE.dag/Unity.InputSystem.DocCodeSamples.dll, with 142 defines and 302 references
processors: Unity.Jobs.CodeGen.JobsILPostProcessor, zzzUnity.Burst.CodeGen.BurstILPostProcessor
1 processor(s) skipped this assembly
running Unity.Jobs.CodeGen.JobsILPostProcessor
[ 984/1379  0s] ILPostProcess Library/Bee/artifacts/200b0aE.dag/post-processed/Unity.AI.Toolkit.Async.dll (+pdb)
Processing assembly Library/Bee/artifacts/200b0aE.dag/Unity.AI.Toolkit.Async.dll, with 142 defines and 306 references
processors: Unity.Jobs.CodeGen.JobsILPostProcessor, zzzUnity.Burst.CodeGen.BurstILPostProcessor
1 processor(s) skipped this assembly
running Unity.Jobs.CodeGen.JobsILPostProcessor
[ 985/1379  0s] Csc Library/Bee/artifacts/200b0aE.dag/Unity.InputSystem.TestFramework.dll (+2 others)
[           0s] Csc Library/Bee/artifacts/200b0aE.dag/Unity.InputSystem.TestFramework.dll (+2 others) [CacheWrite 2a5393bbc3523e550c8b0e61e791a90400000000000000000000000000000006]
[ 986/1379  0s] ILPostProcess Library/Bee/artifacts/200b0aE.dag/post-processed/Unity.AI.Toolkit.Accounts.dll (+pdb)
Processing assembly Library/Bee/artifacts/200b0aE.dag/Unity.AI.Toolkit.Accounts.dll, with 142 defines and 308 references
processors: Unity.Jobs.CodeGen.JobsILPostProcessor, zzzUnity.Burst.CodeGen.BurstILPostProcessor
1 processor(s) skipped this assembly
running Unity.Jobs.CodeGen.JobsILPostProcessor
[ 987/1379  0s] ILPostProcess Library/Bee/artifacts/200b0aE.dag/post-processed/Unity.InputSystem.ForUI.dll (+pdb)
Processing assembly Library/Bee/artifacts/200b0aE.dag/Unity.InputSystem.ForUI.dll, with 144 defines and 279 references
processors: Unity.Jobs.CodeGen.JobsILPostProcessor, zzzUnity.Burst.CodeGen.BurstILPostProcessor
1 processor(s) skipped this assembly
running Unity.Jobs.CodeGen.JobsILPostProcessor
[ 988/1379  0s] ILPostProcess Library/Bee/artifacts/200b0aE.dag/post-processed/Unity.AI.ModelSelector.dll (+pdb)
Processing assembly Library/Bee/artifacts/200b0aE.dag/Unity.AI.ModelSelector.dll, with 142 defines and 315 references
processors: Unity.Jobs.CodeGen.JobsILPostProcessor, zzzUnity.Burst.CodeGen.BurstILPostProcessor
1 processor(s) skipped this assembly
running Unity.Jobs.CodeGen.JobsILPostProcessor
[ 989/1379  0s] ILPostProcess Library/Bee/artifacts/200b0aE.dag/post-processed/Unity.PerformanceTesting.Editor.dll (+pdb)
Processing assembly Library/Bee/artifacts/200b0aE.dag/Unity.PerformanceTesting.Editor.dll, with 143 defines and 302 references
processors: Unity.Jobs.CodeGen.JobsILPostProcessor, zzzUnity.Burst.CodeGen.BurstILPostProcessor
1 processor(s) skipped this assembly
running Unity.Jobs.CodeGen.JobsILPostProcessor
[ 990/1379  0s] ILPostProcess Library/Bee/artifacts/200b0aE.dag/post-processed/Unity.AI.Toolkit.Asset.dll (+pdb)
Processing assembly Library/Bee/artifacts/200b0aE.dag/Unity.AI.Toolkit.Asset.dll, with 142 defines and 307 references
processors: Unity.Jobs.CodeGen.JobsILPostProcessor, zzzUnity.Burst.CodeGen.BurstILPostProcessor
1 processor(s) skipped this assembly
running Unity.Jobs.CodeGen.JobsILPostProcessor
[ 991/1379  0s] ILPostProcess Library/Bee/artifacts/200b0aE.dag/post-processed/Unity.InputSystem.TestFramework.dll (+pdb)
Processing assembly Library/Bee/artifacts/200b0aE.dag/Unity.InputSystem.TestFramework.dll, with 146 defines and 274 references
processors: Unity.Jobs.CodeGen.JobsILPostProcessor, zzzUnity.Burst.CodeGen.BurstILPostProcessor
1 processor(s) skipped this assembly
running Unity.Jobs.CodeGen.JobsILPostProcessor
[ 992/1379  0s] ILPostProcess Library/Bee/artifacts/200b0aE.dag/post-processed/Unity.AI.Generators.Contexts.dll (+pdb)
Processing assembly Library/Bee/artifacts/200b0aE.dag/Unity.AI.Generators.Contexts.dll, with 142 defines and 306 references
processors: Unity.Jobs.CodeGen.JobsILPostProcessor, zzzUnity.Burst.CodeGen.BurstILPostProcessor
1 processor(s) skipped this assembly
running Unity.Jobs.CodeGen.JobsILPostProcessor
[ 993/1379  0s] ILPostProcess Library/Bee/artifacts/200b0aE.dag/post-processed/Unity.Rendering.LightTransport.Editor.dll (+pdb)
Processing assembly Library/Bee/artifacts/200b0aE.dag/Unity.Rendering.LightTransport.Editor.dll, with 142 defines and 306 references
processors: Unity.Jobs.CodeGen.JobsILPostProcessor, zzzUnity.Burst.CodeGen.BurstILPostProcessor
1 processor(s) skipped this assembly
running Unity.Jobs.CodeGen.JobsILPostProcessor
[ 994/1379  0s] ILPostProcess Library/Bee/artifacts/200b0aE.dag/post-processed/Unity.AI.Toolkit.GenerationContextMenu.dll (+pdb)
Processing assembly Library/Bee/artifacts/200b0aE.dag/Unity.AI.Toolkit.GenerationContextMenu.dll, with 142 defines and 307 references
processors: Unity.Jobs.CodeGen.JobsILPostProcessor, zzzUnity.Burst.CodeGen.BurstILPostProcessor
1 processor(s) skipped this assembly
running Unity.Jobs.CodeGen.JobsILPostProcessor
[ 995/1379  0s] ILPostProcess Library/Bee/artifacts/200b0aE.dag/post-processed/Unity.2D.Sprite.Editor.dll (+pdb)
Processing assembly Library/Bee/artifacts/200b0aE.dag/Unity.2D.Sprite.Editor.dll, with 142 defines and 306 references
processors: Unity.Jobs.CodeGen.JobsILPostProcessor, zzzUnity.Burst.CodeGen.BurstILPostProcessor
1 processor(s) skipped this assembly
running Unity.Jobs.CodeGen.JobsILPostProcessor
[ 996/1379  0s] ILPostProcess Library/Bee/artifacts/200b0aE.dag/post-processed/Unity.AI.Generators.Asset.dll (+pdb)
Processing assembly Library/Bee/artifacts/200b0aE.dag/Unity.AI.Generators.Asset.dll, with 142 defines and 311 references
processors: Unity.Jobs.CodeGen.JobsILPostProcessor, zzzUnity.Burst.CodeGen.BurstILPostProcessor
1 processor(s) skipped this assembly
running Unity.Jobs.CodeGen.JobsILPostProcessor
[ 997/1379  1s] ILPostProcess Library/Bee/artifacts/200b0aE.dag/post-processed/Unity.InputSystem.dll (+pdb)
Processing assembly Library/Bee/artifacts/200b0aE.dag/Unity.InputSystem.dll, with 155 defines and 278 references
processors: Unity.Jobs.CodeGen.JobsILPostProcessor, zzzUnity.Burst.CodeGen.BurstILPostProcessor
1 processor(s) skipped this assembly
running Unity.Jobs.CodeGen.JobsILPostProcessor
[ 998/1379  0s] ILPostProcess Library/Bee/artifacts/200b0aE.dag/post-processed/Unity.AI.Pbr.Srp.dll (+pdb)
Processing assembly Library/Bee/artifacts/200b0aE.dag/Unity.AI.Pbr.Srp.dll, with 142 defines and 307 references
processors: Unity.Jobs.CodeGen.JobsILPostProcessor, zzzUnity.Burst.CodeGen.BurstILPostProcessor
1 processor(s) skipped this assembly
running Unity.Jobs.CodeGen.JobsILPostProcessor
[ 999/1379  0s] ILPostProcess Library/Bee/artifacts/200b0aE.dag/post-processed/Unity.AI.Generators.IO.dll (+pdb)
Processing assembly Library/Bee/artifacts/200b0aE.dag/Unity.AI.Generators.IO.dll, with 142 defines and 311 references
processors: Unity.Jobs.CodeGen.JobsILPostProcessor, zzzUnity.Burst.CodeGen.BurstILPostProcessor
1 processor(s) skipped this assembly
running Unity.Jobs.CodeGen.JobsILPostProcessor
[1000/1379  0s] ILPostProcess Library/Bee/artifacts/200b0aE.dag/post-processed/Unity.AI.Generators.Redux.dll (+pdb)
Processing assembly Library/Bee/artifacts/200b0aE.dag/Unity.AI.Generators.Redux.dll, with 142 defines and 309 references
processors: Unity.Jobs.CodeGen.JobsILPostProcessor, zzzUnity.Burst.CodeGen.BurstILPostProcessor
1 processor(s) skipped this assembly
running Unity.Jobs.CodeGen.JobsILPostProcessor
[1001/1379  0s] ILPostProcess Library/Bee/artifacts/200b0aE.dag/post-processed/Unity.AI.Generators.UI.dll (+pdb)
Processing assembly Library/Bee/artifacts/200b0aE.dag/Unity.AI.Generators.UI.dll, with 142 defines and 313 references
processors: Unity.Jobs.CodeGen.JobsILPostProcessor, zzzUnity.Burst.CodeGen.BurstILPostProcessor
1 processor(s) skipped this assembly
running Unity.Jobs.CodeGen.JobsILPostProcessor
[1002/1379  0s] ILPostProcess Library/Bee/artifacts/200b0aE.dag/post-processed/UnityEditor.UI.Analytics.dll (+pdb)
Processing assembly Library/Bee/artifacts/200b0aE.dag/UnityEditor.UI.Analytics.dll, with 142 defines and 307 references
processors: Unity.Jobs.CodeGen.JobsILPostProcessor, zzzUnity.Burst.CodeGen.BurstILPostProcessor
1 processor(s) skipped this assembly
running Unity.Jobs.CodeGen.JobsILPostProcessor
[1003/1379  0s] ILPostProcess Library/Bee/artifacts/200b0aE.dag/post-processed/Unity.AI.Toolkit.Compliance.dll (+pdb)
Processing assembly Library/Bee/artifacts/200b0aE.dag/Unity.AI.Toolkit.Compliance.dll, with 142 defines and 306 references
processors: Unity.Jobs.CodeGen.JobsILPostProcessor, zzzUnity.Burst.CodeGen.BurstILPostProcessor
1 processor(s) skipped this assembly
running Unity.Jobs.CodeGen.JobsILPostProcessor
[1004/1379  0s] ILPostProcess Library/Bee/artifacts/200b0aE.dag/post-processed/Unity.AI.Generators.Tools.dll (+pdb)
Processing assembly Library/Bee/artifacts/200b0aE.dag/Unity.AI.Generators.Tools.dll, with 142 defines and 319 references
processors: Unity.Jobs.CodeGen.JobsILPostProcessor, zzzUnity.Burst.CodeGen.BurstILPostProcessor
1 processor(s) skipped this assembly
running Unity.Jobs.CodeGen.JobsILPostProcessor
[1005/1379  0s] ILPostProcess Library/Bee/artifacts/200b0aE.dag/post-processed/Unity.AI.Generators.Sdk.dll (+pdb)
Processing assembly Library/Bee/artifacts/200b0aE.dag/Unity.AI.Generators.Sdk.dll, with 142 defines and 310 references
processors: Unity.Jobs.CodeGen.JobsILPostProcessor, zzzUnity.Burst.CodeGen.BurstILPostProcessor
1 processor(s) skipped this assembly
running Unity.Jobs.CodeGen.JobsILPostProcessor
[1006/1379  0s] ILPostProcess Library/Bee/artifacts/200b0aE.dag/post-processed/Unity.Searcher.Editor.dll (+pdb)
Processing assembly Library/Bee/artifacts/200b0aE.dag/Unity.Searcher.Editor.dll, with 142 defines and 306 references
processors: Unity.Jobs.CodeGen.JobsILPostProcessor, zzzUnity.Burst.CodeGen.BurstILPostProcessor
1 processor(s) skipped this assembly
running Unity.Jobs.CodeGen.JobsILPostProcessor
[1007/1379  0s] ILPostProcess Library/Bee/artifacts/200b0aE.dag/post-processed/Unity.GraphAuthoring.Editor.dll (+pdb)
Processing assembly Library/Bee/artifacts/200b0aE.dag/Unity.GraphAuthoring.Editor.dll, with 142 defines and 306 references
processors: Unity.Jobs.CodeGen.JobsILPostProcessor, zzzUnity.Burst.CodeGen.BurstILPostProcessor
1 processor(s) skipped this assembly
running Unity.Jobs.CodeGen.JobsILPostProcessor
[1008/1379  0s] ILPostProcess Library/Bee/artifacts/200b0aE.dag/post-processed/Unity.AI.Assistant.Agent.Dynamic.Extension.Editor.dll (+pdb)
Processing assembly Library/Bee/artifacts/200b0aE.dag/Unity.AI.Assistant.Agent.Dynamic.Extension.Editor.dll, with 142 defines and 306 references
processors: Unity.Jobs.CodeGen.JobsILPostProcessor, zzzUnity.Burst.CodeGen.BurstILPostProcessor
1 processor(s) skipped this assembly
running Unity.Jobs.CodeGen.JobsILPostProcessor
[1009/1379  0s] ILPostProcess Library/Bee/artifacts/200b0aE.dag/post-processed/Unity.ShaderGraph.Utilities.dll (+pdb)
Processing assembly Library/Bee/artifacts/200b0aE.dag/Unity.ShaderGraph.Utilities.dll, with 142 defines and 306 references
processors: Unity.Jobs.CodeGen.JobsILPostProcessor, zzzUnity.Burst.CodeGen.BurstILPostProcessor
1 processor(s) skipped this assembly
running Unity.Jobs.CodeGen.JobsILPostProcessor
[1010/1379  0s] ILPostProcess Library/Bee/artifacts/200b0aE.dag/post-processed/Unity.Collections.Editor.dll (+pdb)
Processing assembly Library/Bee/artifacts/200b0aE.dag/Unity.Collections.Editor.dll, with 143 defines and 307 references
processors: Unity.Jobs.CodeGen.JobsILPostProcessor, zzzUnity.Burst.CodeGen.BurstILPostProcessor
1 processor(s) skipped this assembly
running Unity.Jobs.CodeGen.JobsILPostProcessor
[1011/1379  0s] ILPostProcess Library/Bee/artifacts/200b0aE.dag/post-processed/Unity.AI.Mesh.dll (+pdb)
Processing assembly Library/Bee/artifacts/200b0aE.dag/Unity.AI.Mesh.dll, with 142 defines and 320 references
processors: Unity.Jobs.CodeGen.JobsILPostProcessor, zzzUnity.Burst.CodeGen.BurstILPostProcessor
1 processor(s) skipped this assembly
running Unity.Jobs.CodeGen.JobsILPostProcessor
[1012/1379  0s] ILPostProcess Library/Bee/artifacts/200b0aE.dag/post-processed/HFDownloader.dll (+pdb)
Processing assembly Library/Bee/artifacts/200b0aE.dag/HFDownloader.dll, with 142 defines and 302 references
processors: Unity.Jobs.CodeGen.JobsILPostProcessor, zzzUnity.Burst.CodeGen.BurstILPostProcessor
1 processor(s) skipped this assembly
running Unity.Jobs.CodeGen.JobsILPostProcessor
[1013/1379  0s] ILPostProcess Library/Bee/artifacts/200b0aE.dag/post-processed/Unity.AI.Pbr.dll (+pdb)
Processing assembly Library/Bee/artifacts/200b0aE.dag/Unity.AI.Pbr.dll, with 142 defines and 322 references
processors: Unity.Jobs.CodeGen.JobsILPostProcessor, zzzUnity.Burst.CodeGen.BurstILPostProcessor
1 processor(s) skipped this assembly
running Unity.Jobs.CodeGen.JobsILPostProcessor
[1014/1379  1s] ILPostProcess Library/Bee/artifacts/200b0aE.dag/post-processed/Unity.AI.Assistant.Editor.dll (+pdb)
Processing assembly Library/Bee/artifacts/200b0aE.dag/Unity.AI.Assistant.Editor.dll, with 142 defines and 312 references
processors: Unity.Jobs.CodeGen.JobsILPostProcessor, zzzUnity.Burst.CodeGen.BurstILPostProcessor
1 processor(s) skipped this assembly
running Unity.Jobs.CodeGen.JobsILPostProcessor
[1015/1379  0s] ILPostProcess Library/Bee/artifacts/200b0aE.dag/post-processed/Unity.AI.Assistant.Bridge.Editor.dll (+pdb)
Processing assembly Library/Bee/artifacts/200b0aE.dag/Unity.AI.Assistant.Bridge.Editor.dll, with 143 defines and 306 references
processors: Unity.Jobs.CodeGen.JobsILPostProcessor, zzzUnity.Burst.CodeGen.BurstILPostProcessor
1 processor(s) skipped this assembly
running Unity.Jobs.CodeGen.JobsILPostProcessor
[1016/1379  0s] ILPostProcess Library/Bee/artifacts/200b0aE.dag/post-processed/Unity.AI.Generators.IO.Srp.dll (+pdb)
Processing assembly Library/Bee/artifacts/200b0aE.dag/Unity.AI.Generators.IO.Srp.dll, with 142 defines and 306 references
processors: Unity.Jobs.CodeGen.JobsILPostProcessor, zzzUnity.Burst.CodeGen.BurstILPostProcessor
1 processor(s) skipped this assembly
running Unity.Jobs.CodeGen.JobsILPostProcessor
[1017/1379  0s] ILPostProcess Library/Bee/artifacts/200b0aE.dag/post-processed/Unity.AI.Generators.UI.AIDropdownIntegrations.dll (+pdb)
Processing assembly Library/Bee/artifacts/200b0aE.dag/Unity.AI.Generators.UI.AIDropdownIntegrations.dll, with 142 defines and 309 references
processors: Unity.Jobs.CodeGen.JobsILPostProcessor, zzzUnity.Burst.CodeGen.BurstILPostProcessor
1 processor(s) skipped this assembly
running Unity.Jobs.CodeGen.JobsILPostProcessor
[1018/1379  0s] ILPostProcess Library/Bee/artifacts/200b0aE.dag/post-processed/Unity.AI.Toolkit.GenerationObjectPicker.dll (+pdb)
Processing assembly Library/Bee/artifacts/200b0aE.dag/Unity.AI.Toolkit.GenerationObjectPicker.dll, with 143 defines and 309 references
processors: Unity.Jobs.CodeGen.JobsILPostProcessor, zzzUnity.Burst.CodeGen.BurstILPostProcessor
1 processor(s) skipped this assembly
running Unity.Jobs.CodeGen.JobsILPostProcessor
[1019/1379  0s] ILPostProcess Library/Bee/artifacts/200b0aE.dag/post-processed/UnityEditor.UI.dll (+pdb)
Processing assembly Library/Bee/artifacts/200b0aE.dag/UnityEditor.UI.dll, with 145 defines and 305 references
processors: Unity.Jobs.CodeGen.JobsILPostProcessor, zzzUnity.Burst.CodeGen.BurstILPostProcessor
1 processor(s) skipped this assembly
running Unity.Jobs.CodeGen.JobsILPostProcessor
[1020/1379  0s] ILPostProcess Library/Bee/artifacts/200b0aE.dag/post-processed/Unity.AI.Assistant.Annotations.Editor.dll (+pdb)
Processing assembly Library/Bee/artifacts/200b0aE.dag/Unity.AI.Assistant.Annotations.Editor.dll, with 142 defines and 306 references
processors: Unity.Jobs.CodeGen.JobsILPostProcessor, zzzUnity.Burst.CodeGen.BurstILPostProcessor
1 processor(s) skipped this assembly
running Unity.Jobs.CodeGen.JobsILPostProcessor
[1021/1379  0s] ILPostProcess Library/Bee/artifacts/200b0aE.dag/post-processed/Unity.AI.Navigation.Updater.dll (+pdb)
Processing assembly Library/Bee/artifacts/200b0aE.dag/Unity.AI.Navigation.Updater.dll, with 142 defines and 309 references
processors: Unity.Jobs.CodeGen.JobsILPostProcessor, zzzUnity.Burst.CodeGen.BurstILPostProcessor
1 processor(s) skipped this assembly
running Unity.Jobs.CodeGen.JobsILPostProcessor
[1022/1379  0s] ILPostProcess Library/Bee/artifacts/200b0aE.dag/post-processed/Unity.AI.Toolkit.Utility.dll (+pdb)
Processing assembly Library/Bee/artifacts/200b0aE.dag/Unity.AI.Toolkit.Utility.dll, with 142 defines and 306 references
processors: Unity.Jobs.CodeGen.JobsILPostProcessor, zzzUnity.Burst.CodeGen.BurstILPostProcessor
1 processor(s) skipped this assembly
running Unity.Jobs.CodeGen.JobsILPostProcessor
[1023/1379  0s] ILPostProcess Library/Bee/artifacts/200b0aE.dag/post-processed/Unity.InternalAPIEngineBridge.RenderPipelines.Core.Editor.dll (+pdb)
Processing assembly Library/Bee/artifacts/200b0aE.dag/Unity.InternalAPIEngineBridge.RenderPipelines.Core.Editor.dll, with 142 defines and 306 references
processors: Unity.Jobs.CodeGen.JobsILPostProcessor, zzzUnity.Burst.CodeGen.BurstILPostProcessor
1 processor(s) skipped this assembly
running Unity.Jobs.CodeGen.JobsILPostProcessor
[1024/1379  0s] ILPostProcess Library/Bee/artifacts/200b0aE.dag/post-processed/Unity.InputSystem.ForUI.Editor.dll (+pdb)
Processing assembly Library/Bee/artifacts/200b0aE.dag/Unity.InputSystem.ForUI.Editor.dll, with 142 defines and 308 references
processors: Unity.Jobs.CodeGen.JobsILPostProcessor, zzzUnity.Burst.CodeGen.BurstILPostProcessor
1 processor(s) skipped this assembly
running Unity.Jobs.CodeGen.JobsILPostProcessor
[1025/1379  0s] CopyFiles Library/ScriptAssemblies/Unity.Collections.Tests.CoreCLR.ProtectedJobNested.dll
[1026/1379  0s] CopyFiles Library/ScriptAssemblies/Unity.UnifiedRayTracing.Runtime.dll
[1027/1379  0s] CopyFiles Library/ScriptAssemblies/Unity.Mathematics.dll
[1028/1379  0s] CopyFiles Library/ScriptAssemblies/Unity.InputSystem.TestFramework.dll
[1029/1379  0s] CopyFiles Library/ScriptAssemblies/Unity.PerformanceTesting.dll
[1030/1379  0s] CopyFiles Library/ScriptAssemblies/Unity.RenderPipelines.ShaderGraph.ShaderGraphLibrary.dll
[1031/1379  0s] CopyFiles Library/ScriptAssemblies/Unity.Collections.Tests.CoreCLR.InternalJobNestedPrivate.dll
[1032/1379  0s] CopyFiles Library/ScriptAssemblies/Unity.RenderPipelines.Universal.Shaders.dll
[1033/1379  0s] CopyFiles Library/ScriptAssemblies/UnityEngine.TestRunner.dll
[1034/1379  0s] CopyFiles Library/ScriptAssemblies/Unity.AI.Animate.Motion.Runtime.dll
[1035/1379  0s] CopyFiles Library/ScriptAssemblies/Unity.InferenceEngine.Tokenization.dll
[1036/1379  0s] CopyFiles Library/ScriptAssemblies/Unity.InputSystem.ForUI.dll
[1037/1379  0s] CopyFiles Library/ScriptAssemblies/Unity.Profiling.Core.dll
[1038/1379  0s] CopyFiles Library/ScriptAssemblies/Project.Application.dll
[1039/1379  0s] CopyFiles Library/ScriptAssemblies/Unity.InternalAPIEngineBridge.004.dll
[1040/1379  0s] ILPostProcess Library/Bee/artifacts/200b0aE.dag/post-processed/Unity.InternalAPIEditorBridge.ShaderGraph.Editor.dll (+pdb)
Processing assembly Library/Bee/artifacts/200b0aE.dag/Unity.InternalAPIEditorBridge.ShaderGraph.Editor.dll, with 142 defines and 306 references
processors: Unity.Jobs.CodeGen.JobsILPostProcessor, zzzUnity.Burst.CodeGen.BurstILPostProcessor
1 processor(s) skipped this assembly
running Unity.Jobs.CodeGen.JobsILPostProcessor
[1041/1379  0s] CopyFiles Library/ScriptAssemblies/Unity.Burst.dll
[1042/1379  0s] ILPostProcess Library/Bee/artifacts/200b0aE.dag/post-processed/UnityEditor.TestRunner.dll (+pdb)
Processing assembly Library/Bee/artifacts/200b0aE.dag/UnityEditor.TestRunner.dll, with 143 defines and 302 references
processors: Unity.Jobs.CodeGen.JobsILPostProcessor, zzzUnity.Burst.CodeGen.BurstILPostProcessor
1 processor(s) skipped this assembly
running Unity.Jobs.CodeGen.JobsILPostProcessor
[1043/1379  0s] CopyFiles Library/ScriptAssemblies/Unity.Collections.dll
[1044/1379  0s] CopyFiles Library/ScriptAssemblies/Unity.AI.MCP.Runtime.dll
[1045/1379  0s] CopyFiles Library/ScriptAssemblies/Unity.AI.Assistant.Runtime.dll
[1046/1379  0s] CopyFiles Library/ScriptAssemblies/Unity.InternalAPIEngineBridge.RenderPipelines.Core.Runtime.Shared.dll
[1047/1379  0s] CopyFiles Library/ScriptAssemblies/Project.Core.dll
[1048/1379  0s] CopyFiles Library/ScriptAssemblies/Unity.TextMeshPro.dll
[1049/1379  0s] CopyFiles Library/ScriptAssemblies/Unity.InputSystem.dll
[1050/1379  0s] CopyFiles Library/ScriptAssemblies/Unity.AppUI.Undo.dll
[1051/1379  0s] CopyFiles Library/ScriptAssemblies/UnityEngine.UI.dll
[1052/1379  0s] CopyFiles Library/ScriptAssemblies/Unity.AppUI.InternalAPIBridge.dll
[1053/1379  0s] CopyFiles Library/ScriptAssemblies/Unity.Collections.Tests.CoreCLR.PrivateJobNested.dll
[1054/1379  0s] CopyFiles Library/ScriptAssemblies/Unity.InternalAPIEngineBridge.ObjectDispatcher.Runtime.dll
[1055/1379  0s] CopyFiles Library/ScriptAssemblies/Unity.AI.Navigation.dll
[1056/1379  0s] CopyFiles Library/ScriptAssemblies/Unity.AI.Tracing.dll
[1057/1379  0s] CopyFiles Library/ScriptAssemblies/Unity.RenderPipelines.Core.ShaderLibrary.dll
[1058/1379  0s] CopyFiles Library/ScriptAssemblies/Unity.Collections.Tests.CoreCLR.PublicJobPrivateGeneric.dll
[1059/1379  0s] CopyFiles Library/ScriptAssemblies/Unity.InputSystem.ForUI.Editor.dll
[1060/1379  0s] CopyFiles Library/ScriptAssemblies/Unity.InputSystem.ForUI.Editor.pdb
[1061/1379  0s] CopyFiles Library/ScriptAssemblies/Unity.InternalAPIEngineBridge.RenderPipelines.Core.Editor.dll
[1062/1379  0s] ILPostProcess Library/Bee/artifacts/200b0aE.dag/post-processed/Unity.AI.Navigation.Editor.dll (+pdb)
Processing assembly Library/Bee/artifacts/200b0aE.dag/Unity.AI.Navigation.Editor.dll, with 143 defines and 308 references
processors: Unity.Jobs.CodeGen.JobsILPostProcessor, zzzUnity.Burst.CodeGen.BurstILPostProcessor
1 processor(s) skipped this assembly
running Unity.Jobs.CodeGen.JobsILPostProcessor
[1063/1379  0s] CopyFiles Library/ScriptAssemblies/Unity.InternalAPIEngineBridge.RenderPipelines.Core.Editor.pdb
[1064/1379  0s] CopyFiles Library/ScriptAssemblies/Unity.AI.Toolkit.Utility.pdb
[1065/1379  0s] CopyFiles Library/ScriptAssemblies/Unity.AI.Toolkit.Utility.dll
[1066/1379  0s] CopyFiles Library/ScriptAssemblies/Unity.AI.Navigation.Updater.pdb
[1067/1379  0s] CopyFiles Library/ScriptAssemblies/Unity.AI.Navigation.Updater.dll
[1068/1379  0s] CopyFiles Library/ScriptAssemblies/Unity.AI.Assistant.Annotations.Editor.pdb
[1069/1379  0s] CopyFiles Library/ScriptAssemblies/Unity.AI.Assistant.Annotations.Editor.dll
[1070/1379  0s] CopyFiles Library/ScriptAssemblies/UnityEditor.UI.dll
[1071/1379  0s] CopyFiles Library/ScriptAssemblies/UnityEditor.UI.pdb
[1072/1379  0s] CopyFiles Library/ScriptAssemblies/Unity.AI.Toolkit.GenerationObjectPicker.dll
[1073/1379  0s] CopyFiles Library/ScriptAssemblies/Unity.AI.Toolkit.GenerationObjectPicker.pdb
[1074/1379  0s] CopyFiles Library/ScriptAssemblies/Unity.AI.Generators.UI.AIDropdownIntegrations.dll
[1075/1379  0s] CopyFiles Library/ScriptAssemblies/Unity.AI.Generators.UI.AIDropdownIntegrations.pdb
[1076/1379  0s] CopyFiles Library/ScriptAssemblies/Unity.AI.Generators.IO.Srp.dll
[1077/1379  0s] CopyFiles Library/ScriptAssemblies/Unity.AI.Generators.IO.Srp.pdb
[1078/1379  0s] CopyFiles Library/ScriptAssemblies/Unity.AI.Assistant.Bridge.Editor.dll
[1079/1379  0s] CopyFiles Library/ScriptAssemblies/Unity.AI.Assistant.Bridge.Editor.pdb
[1080/1379  0s] CopyFiles Library/ScriptAssemblies/Unity.AI.Assistant.Editor.pdb
[1081/1379  0s] CopyFiles Library/ScriptAssemblies/Unity.AI.Assistant.Editor.dll
[1082/1379  0s] CopyFiles Library/ScriptAssemblies/Unity.AI.Pbr.pdb
[1083/1379  0s] CopyFiles Library/ScriptAssemblies/Unity.AI.Pbr.dll
[1084/1379  0s] CopyFiles Library/ScriptAssemblies/Unity.InternalAPIEditorBridge.ShaderGraph.Editor.dll
[1085/1379  0s] CopyFiles Library/ScriptAssemblies/HFDownloader.pdb
[1086/1379  0s] CopyFiles Library/ScriptAssemblies/Unity.InternalAPIEditorBridge.ShaderGraph.Editor.pdb
[1087/1379  0s] CopyFiles Library/ScriptAssemblies/HFDownloader.dll
[1088/1379  0s] CopyFiles Library/ScriptAssemblies/Unity.AI.Mesh.dll
[1089/1379  0s] CopyFiles Library/ScriptAssemblies/Unity.Collections.Editor.pdb
[1090/1379  0s] CopyFiles Library/ScriptAssemblies/Unity.AI.Mesh.pdb
[1091/1379  0s] CopyFiles Library/ScriptAssemblies/UnityEditor.TestRunner.pdb
[1092/1379  0s] CopyFiles Library/ScriptAssemblies/Unity.Collections.Editor.dll
[1093/1379  0s] CopyFiles Library/ScriptAssemblies/UnityEditor.TestRunner.dll
[1094/1379  0s] CopyFiles Library/ScriptAssemblies/Unity.ShaderGraph.Utilities.pdb
[1095/1379  0s] CopyFiles Library/ScriptAssemblies/Unity.AI.Assistant.Agent.Dynamic.Extension.Editor.dll
[1096/1379  0s] CopyFiles Library/ScriptAssemblies/Unity.AI.Assistant.Agent.Dynamic.Extension.Editor.pdb
[1097/1379  0s] CopyFiles Library/ScriptAssemblies/Unity.ShaderGraph.Utilities.dll
[1098/1379  0s] CopyFiles Library/ScriptAssemblies/Unity.GraphAuthoring.Editor.dll
[1099/1379  0s] CopyFiles Library/ScriptAssemblies/Unity.Searcher.Editor.pdb
[1100/1379  0s] CopyFiles Library/ScriptAssemblies/Unity.GraphAuthoring.Editor.pdb
[1101/1379  0s] CopyFiles Library/ScriptAssemblies/Unity.Searcher.Editor.dll
[1102/1379  0s] CopyFiles Library/ScriptAssemblies/Unity.AI.Generators.Sdk.dll
[1103/1379  0s] CopyFiles Library/ScriptAssemblies/Unity.AI.Generators.Sdk.pdb
[1104/1379  0s] CopyFiles Library/ScriptAssemblies/Unity.AI.Generators.Tools.pdb
[1105/1379  0s] CopyFiles Library/ScriptAssemblies/Unity.AI.Generators.Tools.dll
[1106/1379  0s] CopyFiles Library/ScriptAssemblies/Unity.AI.Toolkit.Compliance.dll
[1107/1379  0s] CopyFiles Library/ScriptAssemblies/Unity.AI.Toolkit.Compliance.pdb
[1108/1379  0s] CopyFiles Library/ScriptAssemblies/UnityEditor.UI.Analytics.pdb
[1109/1379  0s] CopyFiles Library/ScriptAssemblies/Unity.AI.Generators.UI.pdb
[1110/1379  0s] CopyFiles Library/ScriptAssemblies/UnityEditor.UI.Analytics.dll
[1111/1379  0s] CopyFiles Library/ScriptAssemblies/Unity.AI.Generators.Redux.dll
[1112/1379  0s] CopyFiles Library/ScriptAssemblies/Unity.AI.Generators.UI.dll
[1113/1379  0s] CopyFiles Library/ScriptAssemblies/Unity.AI.Generators.Redux.pdb
[1114/1379  0s] CopyFiles Library/ScriptAssemblies/Unity.AI.Generators.IO.dll
[1115/1379  0s] CopyFiles Library/ScriptAssemblies/Unity.AI.Generators.IO.pdb
[1116/1379  0s] CopyFiles Library/ScriptAssemblies/Unity.AI.Pbr.Srp.dll
[1117/1379  0s] CopyFiles Library/ScriptAssemblies/Unity.AI.Pbr.Srp.pdb
[1118/1379  0s] CopyFiles Library/ScriptAssemblies/Unity.InputSystem.pdb
[1119/1379  0s] CopyFiles Library/ScriptAssemblies/Unity.AI.Generators.Asset.pdb
[1120/1379  0s] CopyFiles Library/ScriptAssemblies/Unity.AI.Generators.Asset.dll
[1121/1379  0s] CopyFiles Library/ScriptAssemblies/Unity.AI.Toolkit.GenerationContextMenu.dll
[1122/1379  0s] CopyFiles Library/ScriptAssemblies/Unity.2D.Sprite.Editor.dll
[1123/1379  0s] CopyFiles Library/ScriptAssemblies/Unity.2D.Sprite.Editor.pdb
[1124/1379  0s] CopyFiles Library/ScriptAssemblies/Unity.AI.Toolkit.GenerationContextMenu.pdb
[1125/1379  0s] CopyFiles Library/ScriptAssemblies/Unity.Rendering.LightTransport.Editor.dll
[1126/1379  0s] CopyFiles Library/ScriptAssemblies/Unity.AI.Generators.Contexts.pdb
[1127/1379  0s] CopyFiles Library/ScriptAssemblies/Unity.Rendering.LightTransport.Editor.pdb
[1128/1379  0s] CopyFiles Library/ScriptAssemblies/Unity.AI.Generators.Contexts.dll
[1129/1379  0s] CopyFiles Library/ScriptAssemblies/Unity.AI.Toolkit.Asset.pdb
[1130/1379  0s] CopyFiles Library/ScriptAssemblies/Unity.AI.Toolkit.Asset.dll
[1131/1379  0s] CopyFiles Library/ScriptAssemblies/Unity.InputSystem.TestFramework.pdb
[1132/1379  0s] CopyFiles Library/ScriptAssemblies/Unity.PerformanceTesting.Editor.pdb
[1133/1379  0s] CopyFiles Library/ScriptAssemblies/Unity.PerformanceTesting.Editor.dll
[1134/1379  0s] CopyFiles Library/ScriptAssemblies/Unity.AI.Navigation.Editor.pdb
[1135/1379  0s] CopyFiles Library/ScriptAssemblies/Unity.AI.ModelSelector.dll
[1136/1379  0s] CopyFiles Library/ScriptAssemblies/Unity.AI.Navigation.Editor.dll
[1137/1379  0s] CopyFiles Library/ScriptAssemblies/Unity.AI.Toolkit.Accounts.pdb
[1138/1379  0s] CopyFiles Library/ScriptAssemblies/Unity.AI.ModelSelector.pdb
[1139/1379  0s] CopyFiles Library/ScriptAssemblies/Unity.AI.Toolkit.Async.dll
[1140/1379  0s] CopyFiles Library/ScriptAssemblies/Unity.AI.Toolkit.Accounts.dll
[1141/1379  0s] CopyFiles Library/ScriptAssemblies/Unity.InputSystem.ForUI.pdb
[1142/1379  0s] CopyFiles Library/ScriptAssemblies/Unity.AI.Sound.pdb
[1143/1379  0s] CopyFiles Library/ScriptAssemblies/Unity.InputSystem.DocCodeSamples.dll
[1144/1379  0s] CopyFiles Library/ScriptAssemblies/Unity.InputSystem.DocCodeSamples.pdb
[1145/1379  0s] CopyFiles Library/ScriptAssemblies/Unity.AI.Toolkit.Async.pdb
[1146/1379  0s] CopyFiles Library/ScriptAssemblies/Unity.TextMeshPro.pdb
[1147/1379  0s] CopyFiles Library/ScriptAssemblies/Unity.AI.Sound.dll
[1148/1379  0s] CopyFiles Library/ScriptAssemblies/Unity.AI.Navigation.Editor.ConversionSystem.pdb
[1149/1379  0s] CopyFiles Library/ScriptAssemblies/UnityEngine.TestRunner.pdb
[1150/1379  0s] CopyFiles Library/ScriptAssemblies/Unity.AI.Navigation.Editor.ConversionSystem.dll
[1151/1379  0s] CopyFiles Library/ScriptAssemblies/Unity.Collections.pdb
[1152/1379  0s] CopyFiles Library/ScriptAssemblies/Unity.Profiling.Core.pdb
[1153/1379  0s] CopyFiles Library/ScriptAssemblies/UnityEngine.UI.pdb
[1154/1379  0s] CopyFiles Library/ScriptAssemblies/Unity.Mathematics.pdb
[1155/1379  0s] CopyFiles Library/ScriptAssemblies/Unity.AI.Animate.Motion.Runtime.pdb
[1156/1379  0s] CopyFiles Library/ScriptAssemblies/Project.Core.pdb
[1157/1379  0s] CopyFiles Library/ScriptAssemblies/Unity.AI.Assistant.Runtime.pdb
[1158/1379  0s] CopyFiles Library/ScriptAssemblies/Unity.InternalAPIEngineBridge.ObjectDispatcher.Runtime.pdb
[1159/1379  0s] CopyFiles Library/ScriptAssemblies/Project.Application.pdb
[1160/1379  0s] CopyFiles Library/ScriptAssemblies/Unity.Burst.pdb
[1161/1379  0s] CopyFiles Library/ScriptAssemblies/Unity.AppUI.InternalAPIBridge.pdb
[1162/1379  0s] CopyFiles Library/ScriptAssemblies/Unity.UnifiedRayTracing.Runtime.pdb
[1163/1379  0s] CopyFiles Library/ScriptAssemblies/Unity.PerformanceTesting.pdb
[1164/1379  0s] CopyFiles Library/ScriptAssemblies/Unity.AI.Navigation.pdb
[1165/1379  0s] CopyFiles Library/ScriptAssemblies/Unity.Collections.Tests.CoreCLR.InternalJobNestedPrivate.pdb
[1166/1379  0s] CopyFiles Library/ScriptAssemblies/Unity.AI.MCP.Runtime.pdb
[1167/1379  0s] CopyFiles Library/ScriptAssemblies/Unity.RenderPipelines.ShaderGraph.ShaderGraphLibrary.pdb
[1168/1379  0s] CopyFiles Library/ScriptAssemblies/Unity.InferenceEngine.Tokenization.pdb
[1169/1379  0s] CopyFiles Library/ScriptAssemblies/Unity.AppUI.Undo.pdb
[1170/1379  0s] CopyFiles Library/ScriptAssemblies/Unity.InternalAPIEngineBridge.004.pdb
[1171/1379  0s] CopyFiles Library/ScriptAssemblies/Unity.Collections.Tests.CoreCLR.PublicJobPrivateGeneric.pdb
[1172/1379  0s] CopyFiles Library/ScriptAssemblies/Unity.RenderPipelines.Universal.Shaders.pdb
[1173/1379  0s] CopyFiles Library/ScriptAssemblies/Unity.AI.Tracing.pdb
[1174/1379  0s] CopyFiles Library/ScriptAssemblies/Unity.InternalAPIEngineBridge.RenderPipelines.Core.Runtime.Shared.pdb
[1175/1379  0s] CopyFiles Library/ScriptAssemblies/Unity.Collections.Tests.CoreCLR.ProtectedJobNested.pdb
[1176/1379  0s] CopyFiles Library/ScriptAssemblies/Unity.Collections.Tests.CoreCLR.PrivateJobNested.pdb
[1177/1379  0s] CopyFiles Library/ScriptAssemblies/Unity.RenderPipelines.Core.ShaderLibrary.pdb
[1178/1379  0s] ILPostProcess Library/Bee/artifacts/200b0aE.dag/post-processed/Unity.AI.Animate.dll (+pdb)
Processing assembly Library/Bee/artifacts/200b0aE.dag/Unity.AI.Animate.dll, with 142 defines and 323 references
processors: Unity.Jobs.CodeGen.JobsILPostProcessor, zzzUnity.Burst.CodeGen.BurstILPostProcessor
1 processor(s) skipped this assembly
running Unity.Jobs.CodeGen.JobsILPostProcessor
[1179/1379  0s] CopyFiles Library/ScriptAssemblies/Unity.AI.Animate.dll
[1180/1379  0s] CopyFiles Library/ScriptAssemblies/Unity.AI.Animate.pdb
[1181/1379  0s] ILPostProcess Library/Bee/artifacts/200b0aE.dag/post-processed/Unity.AI.Image.dll (+pdb)
Processing assembly Library/Bee/artifacts/200b0aE.dag/Unity.AI.Image.dll, with 142 defines and 323 references
processors: Unity.Jobs.CodeGen.JobsILPostProcessor, zzzUnity.Burst.CodeGen.BurstILPostProcessor
1 processor(s) skipped this assembly
running Unity.Jobs.CodeGen.JobsILPostProcessor
[1182/1379  0s] CopyFiles Library/ScriptAssemblies/Unity.AI.Image.pdb
[1183/1379  0s] CopyFiles Library/ScriptAssemblies/Unity.AI.Image.dll
[1184/1379  0s] ILPostProcess Library/Bee/artifacts/200b0aE.dag/post-processed/Unity.InferenceEngine.Microsoft.Msagl.dll (+pdb)
Processing assembly Library/Bee/artifacts/200b0aE.dag/Unity.InferenceEngine.Microsoft.Msagl.dll, with 142 defines and 306 references
processors: Unity.Jobs.CodeGen.JobsILPostProcessor, zzzUnity.Burst.CodeGen.BurstILPostProcessor
1 processor(s) skipped this assembly
running Unity.Jobs.CodeGen.JobsILPostProcessor
[1185/1379  0s] CopyFiles Library/ScriptAssemblies/Unity.InferenceEngine.Microsoft.Msagl.pdb
[1186/1379  0s] CopyFiles Library/ScriptAssemblies/Unity.InferenceEngine.Microsoft.Msagl.dll
[1187/1379  4s] Csc Library/Bee/artifacts/200b0aE.dag/Unity.AppUI.dll (+2 others)
[           0s] Csc Library/Bee/artifacts/200b0aE.dag/Unity.AppUI.dll (+2 others) [CacheWrite c4fa5a7249d2ede6e7660fc8820611e300000000000000000000000000000006]
[           0s] Csc Library/Bee/artifacts/200b0aE.dag/Unity.AppUI.Redux.dll (+2 others) [CacheMiss aef28c35099226cfd75fe68f4d3bca7300000000000000000000000000000006]
[           0s] Csc Library/Bee/artifacts/200b0aE.dag/Unity.AppUI.MVVM.dll (+2 others) [CacheMiss 2ea07807cf95ec6532136317727abb8800000000000000000000000000000006]
[           0s] Csc Library/Bee/artifacts/200b0aE.dag/Unity.AppUI.Navigation.dll (+2 others) [CacheMiss 53835f5b74eee5a81a2b9b62114d4cc800000000000000000000000000000006]
[1143/1379  0s] Csc Library/Bee/artifacts/200b0aE.dag/Unity.AppUI.Editor.dll (+2 others) [CacheHit 8dbfdd444ed574b4993200c0032d382600000000000000000000000000000006]
[1193/1379  0s] Csc Library/Bee/artifacts/200b0aE.dag/Unity.AppUI.Editor.dll (+2 others)
[1196/1379  0s] ILPostProcess Library/Bee/artifacts/200b0aE.dag/post-processed/Unity.AppUI.Editor.dll (+pdb)
Processing assembly Library/Bee/artifacts/200b0aE.dag/Unity.AppUI.Editor.dll, with 145 defines and 308 references
processors: Unity.Jobs.CodeGen.JobsILPostProcessor, zzzUnity.Burst.CodeGen.BurstILPostProcessor
1 processor(s) skipped this assembly
running Unity.Jobs.CodeGen.JobsILPostProcessor
[1197/1379  0s] CopyFiles Library/ScriptAssemblies/Unity.AppUI.Editor.pdb
[1198/1379  0s] CopyFiles Library/ScriptAssemblies/Unity.AppUI.Editor.dll
[1199/1379  6s] Csc Library/Bee/artifacts/200b0aE.dag/Unity.InferenceEngine.dll (+2 others)
[           0s] Csc Library/Bee/artifacts/200b0aE.dag/Unity.InferenceEngine.dll (+2 others) [CacheWrite e836399546e9472901c6cdde8c084ee000000000000000000000000000000006]
[           0s] Csc Library/Bee/artifacts/200b0aE.dag/Unity.InferenceEngine.MacBLAS.dll (+2 others) [CacheMiss efcfbc54f1457f281d3310620328e41400000000000000000000000000000006]
[           0s] Csc Library/Bee/artifacts/200b0aE.dag/Unity.InferenceEngine.iOSBLAS.dll (+2 others) [CacheMiss ee6c477f97daead84ad4f4240328e41400000000000000000000000000000006]
[1154/1379  0s] Csc Library/Bee/artifacts/200b0aE.dag/Unity.InferenceEngine.ONNX.Editor.dll (+2 others) [CacheHit 98c1ad41bb002cbac524fd81fb0e333b00000000000000000000000000000006]
[1205/1379  0s] Csc Library/Bee/artifacts/200b0aE.dag/Unity.InferenceEngine.ONNX.Editor.dll (+2 others)
[1155/1379  0s] Csc Library/Bee/artifacts/200b0aE.dag/Unity.AI.Search.Editor.dll (+2 others) [CacheHit a0eafd21800580fb04a74fff37c3b2d400000000000000000000000000000006]
[1207/1379  0s] Csc Library/Bee/artifacts/200b0aE.dag/Unity.AI.Search.Editor.dll (+2 others)
[1159/1379  0s] Csc Library/Bee/artifacts/200b0aE.dag/Unity.AI.Assistant.Tools.Editor.dll (+2 others) [CacheHit 17f7112ee0568ff0125f9e35b735b3ef00000000000000000000000000000006]
[1212/1379  0s] Csc Library/Bee/artifacts/200b0aE.dag/Unity.AI.Assistant.Tools.Editor.dll (+2 others)
[1162/1379  0s] Csc Library/Bee/artifacts/200b0aE.dag/Unity.AI.Assistant.UI.Editor.dll (+2 others) [CacheHit b75872e76e9cc860862750028eda92aa00000000000000000000000000000006]
[1216/1379  0s] Csc Library/Bee/artifacts/200b0aE.dag/Unity.AI.Assistant.UI.Editor.dll (+2 others)
[1221/1379  0s] Csc Library/Bee/artifacts/200b0aE.dag/Unity.AppUI.Navigation.dll (+2 others)
[1166/1379  0s] Csc Library/Bee/artifacts/200b0aE.dag/Unity.AI.Assistant.AssetGenerators.Editor.dll (+2 others) [CacheHit dc04f5c1457498c355f5558bd48ddaa400000000000000000000000000000006]
[1222/1379  0s] Csc Library/Bee/artifacts/200b0aE.dag/Unity.AI.Assistant.AssetGenerators.Editor.dll (+2 others)
[           0s] Csc Library/Bee/artifacts/200b0aE.dag/Unity.AppUI.Navigation.dll (+2 others) [CacheWrite 53835f5b74eee5a81a2b9b62114d4cc800000000000000000000000000000006]
[1172/1379  0s] Csc Library/Bee/artifacts/200b0aE.dag/Unity.AI.Assistant.API.Editor.dll (+2 others) [CacheHit 13412d1b7f2a2856f6ee5d7683c6949600000000000000000000000000000006]
[1228/1379  0s] Csc Library/Bee/artifacts/200b0aE.dag/Unity.AI.Assistant.API.Editor.dll (+2 others)
[1175/1379  0s] Csc Library/Bee/artifacts/200b0aE.dag/Unity.AI.Assistant.Integrations.Profiler.Editor.dll (+2 others) [CacheHit ac488024e4c5aa683b7712940d4c686900000000000000000000000000000006]
[1232/1379  0s] Csc Library/Bee/artifacts/200b0aE.dag/Unity.AI.Assistant.Integrations.Profiler.Editor.dll (+2 others)
[1176/1379  0s] Csc Library/Bee/artifacts/200b0aE.dag/Unity.AppUI.Navigation.Editor.dll (+2 others) [CacheHit 8c2f500d38cb3703d8705afcfbd0bf2400000000000000000000000000000006]
[1234/1379  0s] Csc Library/Bee/artifacts/200b0aE.dag/Unity.AppUI.Navigation.Editor.dll (+2 others)
[1177/1379  0s] Csc Library/Bee/artifacts/200b0aE.dag/Unity.AI.MCP.Editor.dll (+2 others) [CacheHit 72d13d619a438992c09565c207b180e000000000000000000000000000000006]
[1236/1379  0s] Csc Library/Bee/artifacts/200b0aE.dag/Unity.AI.MCP.Editor.dll (+2 others)
[1238/1379  0s] ILPostProcess Library/Bee/artifacts/200b0aE.dag/post-processed/Unity.AppUI.dll (+pdb)
Processing assembly Library/Bee/artifacts/200b0aE.dag/Unity.AppUI.dll, with 153 defines and 276 references
processors: Unity.Jobs.CodeGen.JobsILPostProcessor, zzzUnity.Burst.CodeGen.BurstILPostProcessor
1 processor(s) skipped this assembly
running Unity.Jobs.CodeGen.JobsILPostProcessor
[1239/1379  0s] Csc Library/Bee/artifacts/200b0aE.dag/Unity.InferenceEngine.iOSBLAS.dll (+2 others)
[           0s] Csc Library/Bee/artifacts/200b0aE.dag/Unity.InferenceEngine.iOSBLAS.dll (+2 others) [CacheWrite ee6c477f97daead84ad4f4240328e41400000000000000000000000000000006]
[1240/1379  0s] Csc Library/Bee/artifacts/200b0aE.dag/Unity.InferenceEngine.MacBLAS.dll (+2 others)
[           0s] Csc Library/Bee/artifacts/200b0aE.dag/Unity.InferenceEngine.MacBLAS.dll (+2 others) [CacheWrite efcfbc54f1457f281d3310620328e41400000000000000000000000000000006]
[1241/1379  0s] ILPostProcess Library/Bee/artifacts/200b0aE.dag/post-processed/Unity.AppUI.Navigation.dll (+pdb)
Processing assembly Library/Bee/artifacts/200b0aE.dag/Unity.AppUI.Navigation.dll, with 146 defines and 276 references
processors: Unity.Jobs.CodeGen.JobsILPostProcessor, zzzUnity.Burst.CodeGen.BurstILPostProcessor
1 processor(s) skipped this assembly
running Unity.Jobs.CodeGen.JobsILPostProcessor
[1242/1379  0s] Csc Library/Bee/artifacts/200b0aE.dag/Unity.AppUI.Redux.dll (+2 others)
[1243/1379  0s] Csc Library/Bee/artifacts/200b0aE.dag/Unity.AppUI.MVVM.dll (+2 others)
[           0s] Csc Library/Bee/artifacts/200b0aE.dag/Unity.AppUI.Redux.dll (+2 others) [CacheWrite aef28c35099226cfd75fe68f4d3bca7300000000000000000000000000000006]
[           0s] Csc Library/Bee/artifacts/200b0aE.dag/Unity.AppUI.MVVM.dll (+2 others) [CacheWrite 2ea07807cf95ec6532136317727abb8800000000000000000000000000000006]
[1187/1379  0s] Csc Library/Bee/artifacts/200b0aE.dag/Unity.AppUI.Redux.Editor.dll (+2 others) [CacheHit 4f0a6e329803a755934877753055a14400000000000000000000000000000006]
[1247/1379  0s] Csc Library/Bee/artifacts/200b0aE.dag/Unity.AppUI.Redux.Editor.dll (+2 others)
[1188/1379  0s] Csc Library/Bee/artifacts/200b0aE.dag/Unity.InferenceEngine.Editor.Visualizer.dll (+2 others) [CacheHit 8e980efc7cdf98a5c1dc3775cf07168800000000000000000000000000000006]
[1249/1379  0s] Csc Library/Bee/artifacts/200b0aE.dag/Unity.InferenceEngine.Editor.Visualizer.dll (+2 others)
[1251/1379  0s] ILPostProcess Library/Bee/artifacts/200b0aE.dag/post-processed/Unity.AppUI.Navigation.Editor.dll (+pdb)
Processing assembly Library/Bee/artifacts/200b0aE.dag/Unity.AppUI.Navigation.Editor.dll, with 143 defines and 310 references
processors: Unity.Jobs.CodeGen.JobsILPostProcessor, zzzUnity.Burst.CodeGen.BurstILPostProcessor
1 processor(s) skipped this assembly
running Unity.Jobs.CodeGen.JobsILPostProcessor
[1252/1379  5s] Csc Library/Bee/artifacts/200b0aE.dag/Unity.RenderPipelines.Core.Runtime.dll (+2 others)
[1253/1379  0s] ILPostProcess Library/Bee/artifacts/200b0aE.dag/post-processed/Unity.AI.Search.Editor.dll (+pdb)
Processing assembly Library/Bee/artifacts/200b0aE.dag/Unity.AI.Search.Editor.dll, with 143 defines and 310 references
processors: Unity.Jobs.CodeGen.JobsILPostProcessor, zzzUnity.Burst.CodeGen.BurstILPostProcessor
1 processor(s) skipped this assembly
running Unity.Jobs.CodeGen.JobsILPostProcessor
[1254/1379  0s] ILPostProcess Library/Bee/artifacts/200b0aE.dag/post-processed/Unity.InferenceEngine.iOSBLAS.dll (+pdb)
Processing assembly Library/Bee/artifacts/200b0aE.dag/Unity.InferenceEngine.iOSBLAS.dll, with 144 defines and 279 references
processors: Unity.Jobs.CodeGen.JobsILPostProcessor, zzzUnity.Burst.CodeGen.BurstILPostProcessor
1 processor(s) skipped this assembly
running Unity.Jobs.CodeGen.JobsILPostProcessor
[           0s] Csc Library/Bee/artifacts/200b0aE.dag/Unity.RenderPipelines.Core.Runtime.dll (+2 others) [CacheWrite e08c15a8e5c518eff26959e95b0a6ee900000000000000000000000000000006]
[1255/1379  0s] ILPostProcess Library/Bee/artifacts/200b0aE.dag/post-processed/Unity.InferenceEngine.MacBLAS.dll (+pdb)
Processing assembly Library/Bee/artifacts/200b0aE.dag/Unity.InferenceEngine.MacBLAS.dll, with 144 defines and 279 references
processors: Unity.Jobs.CodeGen.JobsILPostProcessor, zzzUnity.Burst.CodeGen.BurstILPostProcessor
1 processor(s) skipped this assembly
running Unity.Jobs.CodeGen.JobsILPostProcessor
[1256/1379  0s] MovedFromExtractor Library/Bee/artifacts/mvdfrm/Unity.InferenceEngine.Editor.Visualizer.ref.dll_502B49A7FE0FAC70.mvfrm
[           0s] Csc Library/Bee/artifacts/200b0aE.dag/Unity.PathTracing.Runtime.dll (+2 others) [CacheMiss ebe1e593303018a82d3e9785d4b920a400000000000000000000000000000006]
[           0s] Csc Library/Bee/artifacts/200b0aE.dag/Unity.RenderPipelines.GPUDriven.Runtime.dll (+2 others) [CacheMiss 8c5d7a6fea31b3f7672bd4f76dd2d36700000000000000000000000000000006]
[           0s] Csc Library/Bee/artifacts/200b0aE.dag/Unity.RenderPipelines.Core.Runtime.Shared.dll (+2 others) [CacheMiss 4f446efa5d3d1f4a066a9fe891ba413d00000000000000000000000000000006]
[1261/1379  0s] ILPostProcess Library/Bee/artifacts/200b0aE.dag/post-processed/Unity.AI.Assistant.Integrations.Profiler.Editor.dll (+pdb)
Processing assembly Library/Bee/artifacts/200b0aE.dag/Unity.AI.Assistant.Integrations.Profiler.Editor.dll, with 142 defines and 311 references
processors: Unity.Jobs.CodeGen.JobsILPostProcessor, zzzUnity.Burst.CodeGen.BurstILPostProcessor
1 processor(s) skipped this assembly
running Unity.Jobs.CodeGen.JobsILPostProcessor
[           0s] Csc Library/Bee/artifacts/200b0aE.dag/Unity.RenderPipeline.Universal.ShaderLibrary.dll (+2 others) [CacheMiss fccb90be07e83d143d9d80eca6d6ae1e00000000000000000000000000000006]
[1263/1379  0s] MovedFromExtractor-Combine Library/Bee/artifacts/200b0aE.dag/Unity.InferenceEngine.Editor.dll.mvfrm
[           0s] Csc Library/Bee/artifacts/200b0aE.dag/Unity.RenderPipelines.Universal.Config.Runtime.dll (+2 others) [CacheMiss 87b351005163a150eea0e5604378539000000000000000000000000000000006]
[1265/1379  0s] Csc Library/Bee/artifacts/200b0aE.dag/Unity.RenderPipelines.Core.Runtime.Shared.dll (+2 others)
[1266/1379  0s] Csc Library/Bee/artifacts/200b0aE.dag/Unity.RenderPipeline.Universal.ShaderLibrary.dll (+2 others)
[1267/1379  0s] ILPostProcess Library/Bee/artifacts/200b0aE.dag/post-processed/Unity.AppUI.MVVM.dll (+pdb)
Processing assembly Library/Bee/artifacts/200b0aE.dag/Unity.AppUI.MVVM.dll, with 146 defines and 276 references
processors: Unity.Jobs.CodeGen.JobsILPostProcessor, zzzUnity.Burst.CodeGen.BurstILPostProcessor
1 processor(s) skipped this assembly
running Unity.Jobs.CodeGen.JobsILPostProcessor
[           0s] Csc Library/Bee/artifacts/200b0aE.dag/Unity.RenderPipelines.Core.Runtime.Shared.dll (+2 others) [CacheWrite 4f446efa5d3d1f4a066a9fe891ba413d00000000000000000000000000000006]
[           0s] Csc Library/Bee/artifacts/200b0aE.dag/Unity.RenderPipeline.Universal.ShaderLibrary.dll (+2 others) [CacheWrite fccb90be07e83d143d9d80eca6d6ae1e00000000000000000000000000000006]
[1209/1379  0s] Csc Library/Bee/artifacts/200b0aE.dag/Unity.TextMeshPro.Editor.dll (+2 others) [CacheHit 2f6c08e6efdb41c2c7f206efabac1dae00000000000000000000000000000006]
[1271/1379  0s] Csc Library/Bee/artifacts/200b0aE.dag/Unity.TextMeshPro.Editor.dll (+2 others)
[1210/1379  0s] Csc Library/Bee/artifacts/200b0aE.dag/Unity.InferenceEngine.Editor.dll (+2 others) [CacheHit 1aa5b01a4f9e276b3d83ac8ee606741200000000000000000000000000000006]
[1273/1379  0s] Csc Library/Bee/artifacts/200b0aE.dag/Unity.InferenceEngine.Editor.dll (+2 others)
[1275/1379  0s] ILPostProcess Library/Bee/artifacts/200b0aE.dag/post-processed/Unity.AppUI.Redux.dll (+pdb)
Processing assembly Library/Bee/artifacts/200b0aE.dag/Unity.AppUI.Redux.dll, with 144 defines and 276 references
processors: Unity.Jobs.CodeGen.JobsILPostProcessor, zzzUnity.Burst.CodeGen.BurstILPostProcessor
1 processor(s) skipped this assembly
running Unity.Jobs.CodeGen.JobsILPostProcessor
[1276/1379  0s] ILPostProcess Library/Bee/artifacts/200b0aE.dag/post-processed/Unity.AI.MCP.Editor.dll (+pdb)
Processing assembly Library/Bee/artifacts/200b0aE.dag/Unity.AI.MCP.Editor.dll, with 142 defines and 310 references
processors: Unity.Jobs.CodeGen.JobsILPostProcessor, zzzUnity.Burst.CodeGen.BurstILPostProcessor
1 processor(s) skipped this assembly
running Unity.Jobs.CodeGen.JobsILPostProcessor
[1277/1379  0s] Csc Library/Bee/artifacts/200b0aE.dag/Unity.RenderPipelines.Universal.Config.Runtime.dll (+2 others)
[           0s] Csc Library/Bee/artifacts/200b0aE.dag/Unity.RenderPipelines.Universal.Config.Runtime.dll (+2 others) [CacheWrite 87b351005163a150eea0e5604378539000000000000000000000000000000006]
[1279/1379  0s] ILPostProcess Library/Bee/artifacts/200b0aE.dag/post-processed/Unity.InferenceEngine.Editor.Visualizer.dll (+pdb)
Processing assembly Library/Bee/artifacts/200b0aE.dag/Unity.InferenceEngine.Editor.Visualizer.dll, with 142 defines and 313 references
processors: Unity.Jobs.CodeGen.JobsILPostProcessor, zzzUnity.Burst.CodeGen.BurstILPostProcessor
1 processor(s) skipped this assembly
running Unity.Jobs.CodeGen.JobsILPostProcessor
[1280/1379  0s] Csc Library/Bee/artifacts/200b0aE.dag/Unity.PathTracing.Runtime.dll (+2 others)
[           0s] Csc Library/Bee/artifacts/200b0aE.dag/Unity.PathTracing.Runtime.dll (+2 others) [CacheWrite ebe1e593303018a82d3e9785d4b920a400000000000000000000000000000006]
[           0s] Csc Library/Bee/artifacts/200b0aE.dag/Unity.SurfaceCache.Runtime.dll (+2 others) [CacheMiss 8c59d71c1e705f36978073fc1d43932d00000000000000000000000000000006]
[1283/1379  0s] ILPostProcess Library/Bee/artifacts/200b0aE.dag/post-processed/Unity.RenderPipelines.Core.Runtime.Shared.dll (+pdb)
Processing assembly Library/Bee/artifacts/200b0aE.dag/Unity.RenderPipelines.Core.Runtime.Shared.dll, with 144 defines and 281 references
processors: Unity.Jobs.CodeGen.JobsILPostProcessor, zzzUnity.Burst.CodeGen.BurstILPostProcessor
1 processor(s) skipped this assembly
running Unity.Jobs.CodeGen.JobsILPostProcessor
[1221/1379  0s] Csc Library/Bee/artifacts/200b0aE.dag/Unity.PathTracing.Editor.dll (+2 others) [CacheHit 4c5315981857b9cffc997e9ec014155e00000000000000000000000000000006]
[1285/1379  0s] Csc Library/Bee/artifacts/200b0aE.dag/Unity.PathTracing.Editor.dll (+2 others)
[1288/1379  0s] ILPostProcess Library/Bee/artifacts/200b0aE.dag/post-processed/Unity.RenderPipelines.Universal.Config.Runtime.dll (+pdb)
Processing assembly Library/Bee/artifacts/200b0aE.dag/Unity.RenderPipelines.Universal.Config.Runtime.dll, with 144 defines and 279 references
processors: Unity.Jobs.CodeGen.JobsILPostProcessor, zzzUnity.Burst.CodeGen.BurstILPostProcessor
1 processor(s) skipped this assembly
running Unity.Jobs.CodeGen.JobsILPostProcessor
[1289/1379  0s] ILPostProcess Library/Bee/artifacts/200b0aE.dag/post-processed/Unity.AppUI.Redux.Editor.dll (+pdb)
Processing assembly Library/Bee/artifacts/200b0aE.dag/Unity.AppUI.Redux.Editor.dll, with 145 defines and 305 references
processors: Unity.Jobs.CodeGen.JobsILPostProcessor, zzzUnity.Burst.CodeGen.BurstILPostProcessor
1 processor(s) skipped this assembly
running Unity.Jobs.CodeGen.JobsILPostProcessor
[1290/1379  0s] ILPostProcess Library/Bee/artifacts/200b0aE.dag/post-processed/Unity.TextMeshPro.Editor.dll (+pdb)
Processing assembly Library/Bee/artifacts/200b0aE.dag/Unity.TextMeshPro.Editor.dll, with 142 defines and 308 references
processors: Unity.Jobs.CodeGen.JobsILPostProcessor, zzzUnity.Burst.CodeGen.BurstILPostProcessor
1 processor(s) skipped this assembly
running Unity.Jobs.CodeGen.JobsILPostProcessor
[1291/1379  0s] Csc Library/Bee/artifacts/200b0aE.dag/Unity.SurfaceCache.Runtime.dll (+2 others)
[           0s] Csc Library/Bee/artifacts/200b0aE.dag/Unity.SurfaceCache.Runtime.dll (+2 others) [CacheWrite 8c59d71c1e705f36978073fc1d43932d00000000000000000000000000000006]
[1293/1379  1s] Csc Library/Bee/artifacts/200b0aE.dag/Unity.RenderPipelines.GPUDriven.Runtime.dll (+2 others)
[           0s] Csc Library/Bee/artifacts/200b0aE.dag/Unity.RenderPipelines.GPUDriven.Runtime.dll (+2 others) [CacheWrite 8c5d7a6fea31b3f7672bd4f76dd2d36700000000000000000000000000000006]
[           0s] Csc Library/Bee/artifacts/200b0aE.dag/Unity.RenderPipelines.Universal.Runtime.dll (+2 others) [CacheMiss 5edca0da4869b0e3b4e11df852c3052600000000000000000000000000000006]
[1296/1379  0s] ILPostProcess Library/Bee/artifacts/200b0aE.dag/post-processed/Unity.AI.Assistant.API.Editor.dll (+pdb)
Processing assembly Library/Bee/artifacts/200b0aE.dag/Unity.AI.Assistant.API.Editor.dll, with 142 defines and 310 references
processors: Unity.Jobs.CodeGen.JobsILPostProcessor, zzzUnity.Burst.CodeGen.BurstILPostProcessor
1 processor(s) skipped this assembly
running Unity.Jobs.CodeGen.JobsILPostProcessor
[1298/1379  0s] ILPostProcess Library/Bee/artifacts/200b0aE.dag/post-processed/Unity.PathTracing.Editor.dll (+pdb)
Processing assembly Library/Bee/artifacts/200b0aE.dag/Unity.PathTracing.Editor.dll, with 143 defines and 310 references
processors: Unity.Jobs.CodeGen.JobsILPostProcessor, zzzUnity.Burst.CodeGen.BurstILPostProcessor
1 processor(s) skipped this assembly
running Unity.Jobs.CodeGen.JobsILPostProcessor
[1233/1379  0s] Csc Library/Bee/artifacts/200b0aE.dag/Unity.RenderPipelines.Core.Editor.dll (+2 others) [CacheHit 2117c3e173661fe24c84352ed11db9d300000000000000000000000000000006]
[1299/1379  0s] Csc Library/Bee/artifacts/200b0aE.dag/Unity.RenderPipelines.Core.Editor.dll (+2 others)
[1238/1379  0s] Csc Library/Bee/artifacts/200b0aE.dag/Unity.ShaderGraph.Editor.dll (+2 others) [CacheHit 3728a3ce3d1f68d610fb112354568da600000000000000000000000000000006]
[1304/1379  0s] Csc Library/Bee/artifacts/200b0aE.dag/Unity.ShaderGraph.Editor.dll (+2 others)
[1239/1379  0s] Csc Library/Bee/artifacts/200b0aE.dag/Unity.RenderPipelines.Core.Editor.Shared.dll (+2 others) [CacheHit 863047f50b2f8aad0039f01bd06a1ee600000000000000000000000000000006]
[1306/1379  0s] Csc Library/Bee/artifacts/200b0aE.dag/Unity.RenderPipelines.Core.Editor.Shared.dll (+2 others)
[1310/1379  0s] ILPostProcess Library/Bee/artifacts/200b0aE.dag/post-processed/Unity.SurfaceCache.Runtime.dll (+pdb)
Processing assembly Library/Bee/artifacts/200b0aE.dag/Unity.SurfaceCache.Runtime.dll, with 145 defines and 282 references
processors: Unity.Jobs.CodeGen.JobsILPostProcessor, zzzUnity.Burst.CodeGen.BurstILPostProcessor
1 processor(s) skipped this assembly
running Unity.Jobs.CodeGen.JobsILPostProcessor
[1311/1379  0s] ILPostProcess Library/Bee/artifacts/200b0aE.dag/post-processed/Unity.AI.Assistant.AssetGenerators.Editor.dll (+pdb)
Processing assembly Library/Bee/artifacts/200b0aE.dag/Unity.AI.Assistant.AssetGenerators.Editor.dll, with 142 defines and 307 references
processors: Unity.Jobs.CodeGen.JobsILPostProcessor, zzzUnity.Burst.CodeGen.BurstILPostProcessor
1 processor(s) skipped this assembly
running Unity.Jobs.CodeGen.JobsILPostProcessor
[1312/1379  1s] ILPostProcess Library/Bee/artifacts/200b0aE.dag/post-processed/Unity.InferenceEngine.Editor.dll (+pdb)
Processing assembly Library/Bee/artifacts/200b0aE.dag/Unity.InferenceEngine.Editor.dll, with 142 defines and 308 references
processors: Unity.Jobs.CodeGen.JobsILPostProcessor, zzzUnity.Burst.CodeGen.BurstILPostProcessor
1 processor(s) skipped this assembly
running Unity.Jobs.CodeGen.JobsILPostProcessor
[1313/1379  1s] ILPostProcess Library/Bee/artifacts/200b0aE.dag/post-processed/Unity.RenderPipeline.Universal.ShaderLibrary.dll (+pdb)
Processing assembly Library/Bee/artifacts/200b0aE.dag/Unity.RenderPipeline.Universal.ShaderLibrary.dll, with 144 defines and 279 references
processors: Unity.Jobs.CodeGen.JobsILPostProcessor, zzzUnity.Burst.CodeGen.BurstILPostProcessor
1 processor(s) skipped this assembly
running Unity.Jobs.CodeGen.JobsILPostProcessor
[1314/1379  0s] ILPostProcess Library/Bee/artifacts/200b0aE.dag/post-processed/Unity.RenderPipelines.Core.Editor.Shared.dll (+pdb)
Processing assembly Library/Bee/artifacts/200b0aE.dag/Unity.RenderPipelines.Core.Editor.Shared.dll, with 142 defines and 313 references
processors: Unity.Jobs.CodeGen.JobsILPostProcessor, zzzUnity.Burst.CodeGen.BurstILPostProcessor
1 processor(s) skipped this assembly
running Unity.Jobs.CodeGen.JobsILPostProcessor
[1315/1379  1s] Csc Library/Bee/artifacts/200b0aE.dag/Unity.RenderPipelines.Universal.Runtime.dll (+2 others)
[           0s] Csc Library/Bee/artifacts/200b0aE.dag/Unity.RenderPipelines.Universal.Runtime.dll (+2 others) [CacheWrite 5edca0da4869b0e3b4e11df852c3052600000000000000000000000000000006]
[1316/1379  2s] ILPostProcess Library/Bee/artifacts/200b0aE.dag/post-processed/Unity.RenderPipelines.Core.Runtime.dll (+pdb)
Processing assembly Library/Bee/artifacts/200b0aE.dag/Unity.RenderPipelines.Core.Runtime.dll, with 148 defines and 282 references
processors: Unity.Jobs.CodeGen.JobsILPostProcessor, zzzUnity.Burst.CodeGen.BurstILPostProcessor
1 processor(s) skipped this assembly
running Unity.Jobs.CodeGen.JobsILPostProcessor
[1318/1379  1s] ILPostProcess Library/Bee/artifacts/200b0aE.dag/post-processed/Unity.PathTracing.Runtime.dll (+pdb)
Processing assembly Library/Bee/artifacts/200b0aE.dag/Unity.PathTracing.Runtime.dll, with 147 defines and 282 references
processors: Unity.Jobs.CodeGen.JobsILPostProcessor, zzzUnity.Burst.CodeGen.BurstILPostProcessor
1 processor(s) skipped this assembly
running Unity.Jobs.CodeGen.JobsILPostProcessor
[           0s] Csc Library/Bee/artifacts/200b0aE.dag/Unity.RenderPipelines.Universal.2D.Runtime.dll (+2 others) [CacheMiss 8623a6f008abd8a8be402fa99721ba5c00000000000000000000000000000006]
[1323/1379  0s] Csc Library/Bee/artifacts/200b0aE.dag/Unity.RenderPipelines.Universal.2D.Runtime.dll (+2 others)
[           0s] Csc Library/Bee/artifacts/200b0aE.dag/Unity.RenderPipelines.Universal.2D.Runtime.dll (+2 others) [CacheWrite 8623a6f008abd8a8be402fa99721ba5c00000000000000000000000000000006]
[1259/1379  0s] Csc Library/Bee/artifacts/200b0aE.dag/Unity.RenderPipelines.Universal.Editor.dll (+2 others) [CacheHit 128c5b47454ac8f8cd978548e9b1850800000000000000000000000000000006]
[1327/1379  0s] Csc Library/Bee/artifacts/200b0aE.dag/Unity.RenderPipelines.Universal.Editor.dll (+2 others)
[1260/1379  0s] Csc Library/Bee/artifacts/200b0aE.dag/Unity.RenderPipelines.Universal.2D.Editor.Overrides.dll (+2 others) [CacheHit aa03ad93e314f8b2d98c747490cb958500000000000000000000000000000006]
[1329/1379  0s] Csc Library/Bee/artifacts/200b0aE.dag/Unity.RenderPipelines.Universal.2D.Editor.Overrides.dll (+2 others)
[1331/1379  1s] ILPostProcess Library/Bee/artifacts/200b0aE.dag/post-processed/Unity.RenderPipelines.GPUDriven.Runtime.dll (+pdb)
Processing assembly Library/Bee/artifacts/200b0aE.dag/Unity.RenderPipelines.GPUDriven.Runtime.dll, with 145 defines and 283 references
processors: Unity.Jobs.CodeGen.JobsILPostProcessor, zzzUnity.Burst.CodeGen.BurstILPostProcessor
running Unity.Jobs.CodeGen.JobsILPostProcessor
running zzzUnity.Burst.CodeGen.BurstILPostProcessor
[1332/1379  1s] ILPostProcess Library/Bee/artifacts/200b0aE.dag/post-processed/Unity.InferenceEngine.ONNX.Editor.dll (+pdb)
Processing assembly Library/Bee/artifacts/200b0aE.dag/Unity.InferenceEngine.ONNX.Editor.dll, with 142 defines and 302 references
processors: Unity.Jobs.CodeGen.JobsILPostProcessor, zzzUnity.Burst.CodeGen.BurstILPostProcessor
1 processor(s) skipped this assembly
running Unity.Jobs.CodeGen.JobsILPostProcessor
[1333/1379  2s] ILPostProcess Library/Bee/artifacts/200b0aE.dag/post-processed/Unity.AI.Assistant.UI.Editor.dll (+pdb)
Processing assembly Library/Bee/artifacts/200b0aE.dag/Unity.AI.Assistant.UI.Editor.dll, with 142 defines and 315 references
processors: Unity.Jobs.CodeGen.JobsILPostProcessor, zzzUnity.Burst.CodeGen.BurstILPostProcessor
1 processor(s) skipped this assembly
running Unity.Jobs.CodeGen.JobsILPostProcessor
[1334/1379  0s] CopyFiles Library/ScriptAssemblies/Unity.AppUI.MVVM.dll
[1335/1379  0s] CopyFiles Library/ScriptAssemblies/Unity.AppUI.dll
[1336/1379  0s] CopyFiles Library/ScriptAssemblies/Unity.InferenceEngine.iOSBLAS.dll
[1337/1379  0s] CopyFiles Library/ScriptAssemblies/Unity.RenderPipelines.Core.Runtime.Shared.dll
[1338/1379  0s] CopyFiles Library/ScriptAssemblies/Unity.RenderPipelines.GPUDriven.Runtime.dll
[1339/1379  0s] CopyFiles Library/ScriptAssemblies/Unity.AppUI.Redux.dll
[1340/1379  0s] CopyFiles Library/ScriptAssemblies/Unity.SurfaceCache.Runtime.dll
[1341/1379  0s] CopyFiles Library/ScriptAssemblies/Unity.PathTracing.Runtime.dll
[1342/1379  0s] CopyFiles Library/ScriptAssemblies/Unity.InferenceEngine.MacBLAS.dll
[1343/1379  0s] CopyFiles Library/ScriptAssemblies/Unity.RenderPipelines.Core.Runtime.dll
[1344/1379  0s] CopyFiles Library/ScriptAssemblies/Unity.AppUI.Navigation.dll
[1345/1379  0s] CopyFiles Library/ScriptAssemblies/Unity.RenderPipelines.Universal.Config.Runtime.dll
[1346/1379  0s] CopyFiles Library/ScriptAssemblies/Unity.RenderPipeline.Universal.ShaderLibrary.dll
[1347/1379  0s] CopyFiles Library/ScriptAssemblies/Unity.AI.Assistant.UI.Editor.dll
[1348/1379  0s] CopyFiles Library/ScriptAssemblies/Unity.AI.Assistant.UI.Editor.pdb
[1349/1379  0s] CopyFiles Library/ScriptAssemblies/Unity.InferenceEngine.ONNX.Editor.pdb
[1350/1379  0s] CopyFiles Library/ScriptAssemblies/Unity.InferenceEngine.ONNX.Editor.dll
[1351/1379  0s] CopyFiles Library/ScriptAssemblies/Unity.RenderPipelines.GPUDriven.Runtime.pdb
[1352/1379  0s] CopyFiles Library/ScriptAssemblies/Unity.PathTracing.Runtime.pdb
[1353/1379  0s] CopyFiles Library/ScriptAssemblies/Unity.RenderPipelines.Core.Runtime.pdb
[1354/1379  0s] CopyFiles Library/ScriptAssemblies/Unity.RenderPipelines.Core.Editor.Shared.dll
[1355/1379  0s] CopyFiles Library/ScriptAssemblies/Unity.RenderPipelines.Core.Editor.Shared.pdb
[1356/1379  0s] CopyFiles Library/ScriptAssemblies/Unity.RenderPipeline.Universal.ShaderLibrary.pdb
[1357/1379  0s] CopyFiles Library/ScriptAssemblies/Unity.InferenceEngine.Editor.dll
[1358/1379  0s] CopyFiles Library/ScriptAssemblies/Unity.InferenceEngine.Editor.pdb
[1359/1379  0s] CopyFiles Library/ScriptAssemblies/Unity.AI.Assistant.AssetGenerators.Editor.pdb
[1360/1379  0s] CopyFiles Library/ScriptAssemblies/Unity.AI.Assistant.AssetGenerators.Editor.dll
[1361/1379  0s] CopyFiles Library/ScriptAssemblies/Unity.SurfaceCache.Runtime.pdb
[1362/1379  0s] CopyFiles Library/ScriptAssemblies/Unity.PathTracing.Editor.pdb
[1363/1379  0s] CopyFiles Library/ScriptAssemblies/Unity.PathTracing.Editor.dll
[1364/1379  0s] CopyFiles Library/ScriptAssemblies/Unity.AI.Assistant.API.Editor.dll
[1365/1379  0s] CopyFiles Library/ScriptAssemblies/Unity.AI.Assistant.API.Editor.pdb
[1366/1379  0s] ILPostProcess Library/Bee/artifacts/200b0aE.dag/post-processed/Unity.RenderPipelines.Universal.2D.Editor.Overrides.dll (+pdb)
Processing assembly Library/Bee/artifacts/200b0aE.dag/Unity.RenderPipelines.Universal.2D.Editor.Overrides.dll, with 142 defines and 314 references
processors: Unity.Jobs.CodeGen.JobsILPostProcessor, zzzUnity.Burst.CodeGen.BurstILPostProcessor
1 processor(s) skipped this assembly
running Unity.Jobs.CodeGen.JobsILPostProcessor
[1367/1379  0s] CopyFiles Library/ScriptAssemblies/Unity.TextMeshPro.Editor.pdb
[1368/1379  0s] CopyFiles Library/ScriptAssemblies/Unity.TextMeshPro.Editor.dll
[1369/1379  0s] CopyFiles Library/ScriptAssemblies/Unity.AppUI.Redux.Editor.dll
[1370/1379  0s] CopyFiles Library/ScriptAssemblies/Unity.AppUI.Redux.Editor.pdb
[1371/1379  0s] CopyFiles Library/ScriptAssemblies/Unity.RenderPipelines.Universal.Config.Runtime.pdb
[1372/1379  0s] CopyFiles Library/ScriptAssemblies/Unity.RenderPipelines.Core.Runtime.Shared.pdb
[1373/1379  0s] CopyFiles Library/ScriptAssemblies/Unity.InferenceEngine.Editor.Visualizer.pdb
[1374/1379  0s] CopyFiles Library/ScriptAssemblies/Unity.InferenceEngine.Editor.Visualizer.dll
[1375/1379  0s] CopyFiles Library/ScriptAssemblies/Unity.AI.MCP.Editor.pdb
[1376/1379  0s] CopyFiles Library/ScriptAssemblies/Unity.AI.MCP.Editor.dll
[1377/1379  0s] CopyFiles Library/ScriptAssemblies/Unity.RenderPipelines.Universal.2D.Editor.Overrides.dll
[1378/1379  0s] CopyFiles Library/ScriptAssemblies/Unity.RenderPipelines.Universal.2D.Editor.Overrides.pdb
[1379/1379  0s] CopyFiles Library/ScriptAssemblies/Unity.AppUI.Redux.pdb
[1380/1379  0s] CopyFiles Library/ScriptAssemblies/Unity.AI.Assistant.Integrations.Profiler.Editor.pdb
[1381/1379  0s] CopyFiles Library/ScriptAssemblies/Unity.AppUI.MVVM.pdb
[1382/1379  0s] CopyFiles Library/ScriptAssemblies/Unity.AI.Assistant.Integrations.Profiler.Editor.dll
[1383/1379  0s] CopyFiles Library/ScriptAssemblies/Unity.InferenceEngine.MacBLAS.pdb
[1384/1379  0s] CopyFiles Library/ScriptAssemblies/Unity.InferenceEngine.iOSBLAS.pdb
[1385/1379  0s] CopyFiles Library/ScriptAssemblies/Unity.AI.Search.Editor.dll
[1386/1379  0s] CopyFiles Library/ScriptAssemblies/Unity.AppUI.Navigation.Editor.pdb
[1387/1379  0s] CopyFiles Library/ScriptAssemblies/Unity.AI.Search.Editor.pdb
[1388/1379  0s] CopyFiles Library/ScriptAssemblies/Unity.AppUI.Navigation.Editor.dll
[1389/1379  0s] CopyFiles Library/ScriptAssemblies/Unity.AppUI.Navigation.pdb
[1390/1379  0s] CopyFiles Library/ScriptAssemblies/Unity.AppUI.pdb
[1391/1379  1s] Csc Library/Bee/artifacts/200b0aE.dag/Project.Infrastructure.dll (+2 others)
Assets/_Project/Scripts/Infrastructure/Rendering/CloudShadows.cs(93,70): warning CS0618: 'FindObjectsSortMode' is obsolete: 'FindObjectsSortMode has been deprecated. Use the FindObjectsByType overloads that do not take a FindObjectsSortMode parameter.'
Assets/_Project/Scripts/Infrastructure/Rendering/CloudShadows.cs(93,26): warning CS0618: 'Object.FindObjectsByType<T>(FindObjectsSortMode)' is obsolete: 'FindObjectsByType with FindObjectsSortMode parameter has been deprecated. Use FindObjectsByType<T>() or FindObjectsByType<T>(FindObjectsInactive) instead. InstanceID will be replaced in the future with EntityId and previous sort order cannot be maintained.'
Assets/_Project/Scripts/Infrastructure/Audio/Foley/WeaponFoley.cs(207,22): warning CS0618: 'Object.FindFirstObjectByType<T>()' is obsolete: 'FindFirstObjectByType has been deprecated because it relies on instance ID ordering. Use FindAnyObjectByType instead, which does not depend on ordering.'
[1392/1379  2s] ILPostProcess Library/Bee/artifacts/200b0aE.dag/post-processed/Unity.AI.Assistant.Tools.Editor.dll (+pdb)
Processing assembly Library/Bee/artifacts/200b0aE.dag/Unity.AI.Assistant.Tools.Editor.dll, with 142 defines and 311 references
processors: Unity.Jobs.CodeGen.JobsILPostProcessor, zzzUnity.Burst.CodeGen.BurstILPostProcessor
1 processor(s) skipped this assembly
running Unity.Jobs.CodeGen.JobsILPostProcessor
[1393/1379  0s] CopyFiles Library/ScriptAssemblies/Unity.AI.Assistant.Tools.Editor.pdb
[1394/1379  0s] CopyFiles Library/ScriptAssemblies/Unity.AI.Assistant.Tools.Editor.dll
[1395/1379  2s] ILPostProcess Library/Bee/artifacts/200b0aE.dag/post-processed/Unity.RenderPipelines.Core.Editor.dll (+pdb)
Processing assembly Library/Bee/artifacts/200b0aE.dag/Unity.RenderPipelines.Core.Editor.dll, with 146 defines and 315 references
processors: Unity.Jobs.CodeGen.JobsILPostProcessor, zzzUnity.Burst.CodeGen.BurstILPostProcessor
1 processor(s) skipped this assembly
running Unity.Jobs.CodeGen.JobsILPostProcessor
[1396/1379  0s] CopyFiles Library/ScriptAssemblies/Unity.RenderPipelines.Core.Editor.pdb
[1397/1379  0s] CopyFiles Library/ScriptAssemblies/Unity.RenderPipelines.Core.Editor.dll
[1398/1379  0s] Csc Library/Bee/artifacts/200b0aE.dag/Project.Infrastructure.VfxGraph.dll (+2 others)
[1399/1379  0s] Csc Library/Bee/artifacts/200b0aE.dag/Project.Presentation.dll (+2 others)
Assets/_Project/Scripts/Presentation/Player/PlayerCameraFx.cs(196,74): warning CS0618: 'FindObjectsSortMode' is obsolete: 'FindObjectsSortMode has been deprecated. Use the FindObjectsByType overloads that do not take a FindObjectsSortMode parameter.'
Assets/_Project/Scripts/Presentation/Player/PlayerCameraFx.cs(196,27): warning CS0618: 'Object.FindObjectsByType<T>(FindObjectsSortMode)' is obsolete: 'FindObjectsByType with FindObjectsSortMode parameter has been deprecated. Use FindObjectsByType<T>() or FindObjectsByType<T>(FindObjectsInactive) instead. InstanceID will be replaced in the future with EntityId and previous sort order cannot be maintained.'
Assets/_Project/Scripts/Presentation/Tutorial/TutorialPresenter.cs(372,34): warning CS0618: 'Object.FindFirstObjectByType<T>(FindObjectsInactive)' is obsolete: 'FindFirstObjectByType has been deprecated because it relies on instance ID ordering. Use FindAnyObjectByType instead, which does not depend on ordering.'
Assets/_Project/Scripts/Presentation/Tutorial/TutorialPresenter.cs(375,28): warning CS0618: 'Object.FindFirstObjectByType<T>(FindObjectsInactive)' is obsolete: 'FindFirstObjectByType has been deprecated because it relies on instance ID ordering. Use FindAnyObjectByType instead, which does not depend on ordering.'
Assets/_Project/Scripts/Presentation/UI/AdvancedDisplay.cs(119,29): warning CS0618: 'Object.FindFirstObjectByType<T>(FindObjectsInactive)' is obsolete: 'FindFirstObjectByType has been deprecated because it relies on instance ID ordering. Use FindAnyObjectByType instead, which does not depend on ordering.'
Assets/_Project/Scripts/Presentation/UI/AdvancedDisplay.cs(122,31): warning CS0618: 'Object.FindFirstObjectByType<T>(FindObjectsInactive)' is obsolete: 'FindFirstObjectByType has been deprecated because it relies on instance ID ordering. Use FindAnyObjectByType instead, which does not depend on ordering.'
Assets/_Project/Scripts/Presentation/UI/HitFeedbackDirector.cs(96,27): warning CS0618: 'Object.FindFirstObjectByType<T>()' is obsolete: 'FindFirstObjectByType has been deprecated because it relies on instance ID ordering. Use FindAnyObjectByType instead, which does not depend on ordering.'
Assets/_Project/Scripts/Presentation/UI/HitFeedbackDirector.cs(113,19): warning CS0618: 'Object.FindFirstObjectByType<T>()' is obsolete: 'FindFirstObjectByType has been deprecated because it relies on instance ID ordering. Use FindAnyObjectByType instead, which does not depend on ordering.'
Assets/_Project/Scripts/Presentation/Benchmark/AaaBenchmarkFeatureInstaller.cs(102,30): warning UAC0005: AppDomain.GetAssemblies() in Unity may return already unloaded assemblies and result in errors or leaks. Use Unity APIs instead, such as 'CurrentAssemblies.GetLoadedAssemblies()' or 'TypeCache.GetTypesDerivedFrom()'.
Assets/_Project/Scripts/Presentation/DevTools/DevConsoleGate.cs(22,21): warning UAC0009: DEVELOPMENT_BUILD preprocessor directive has been deprecated. Please use one of the managed code variant directives (such as DEBUG, UNITY_ENABLE_CHECKS or UNITY_INCLUDE_INSTRUMENTATION) if different code paths are desired for different managed code variants. Checking for development build is possible at runtime using Debug.isDebugBuild. See the Conditional Compilation manual page for more details.
[1400/1379  5s] ILPostProcess Library/Bee/artifacts/200b0aE.dag/post-processed/Unity.InferenceEngine.dll (+pdb)
Processing assembly Library/Bee/artifacts/200b0aE.dag/Unity.InferenceEngine.dll, with 144 defines and 281 references
processors: Unity.Jobs.CodeGen.JobsILPostProcessor, zzzUnity.Burst.CodeGen.BurstILPostProcessor
running Unity.Jobs.CodeGen.JobsILPostProcessor
running zzzUnity.Burst.CodeGen.BurstILPostProcessor
[1401/1379  3s] ILPostProcess Library/Bee/artifacts/200b0aE.dag/post-processed/Unity.ShaderGraph.Editor.dll (+pdb)
Processing assembly Library/Bee/artifacts/200b0aE.dag/Unity.ShaderGraph.Editor.dll, with 142 defines and 312 references
processors: Unity.Jobs.CodeGen.JobsILPostProcessor, zzzUnity.Burst.CodeGen.BurstILPostProcessor
1 processor(s) skipped this assembly
running Unity.Jobs.CodeGen.JobsILPostProcessor
[1402/1379  1s] ILPostProcess Library/Bee/artifacts/200b0aE.dag/post-processed/Unity.RenderPipelines.Universal.2D.Runtime.dll (+pdb)
Processing assembly Library/Bee/artifacts/200b0aE.dag/Unity.RenderPipelines.Universal.2D.Runtime.dll, with 146 defines and 284 references
processors: Unity.Jobs.CodeGen.JobsILPostProcessor, zzzUnity.Burst.CodeGen.BurstILPostProcessor
running Unity.Jobs.CodeGen.JobsILPostProcessor
running zzzUnity.Burst.CodeGen.BurstILPostProcessor
[1403/1379  1s] ILPostProcess Library/Bee/artifacts/200b0aE.dag/post-processed/Unity.RenderPipelines.Universal.Editor.dll (+pdb)
Processing assembly Library/Bee/artifacts/200b0aE.dag/Unity.RenderPipelines.Universal.Editor.dll, with 144 defines and 318 references
processors: Unity.Jobs.CodeGen.JobsILPostProcessor, zzzUnity.Burst.CodeGen.BurstILPostProcessor
1 processor(s) skipped this assembly
running Unity.Jobs.CodeGen.JobsILPostProcessor
[1404/1379  0s] ILPostProcess Library/Bee/artifacts/200b0aE.dag/post-processed/Project.Infrastructure.VfxGraph.dll (+pdb)
Processing assembly Library/Bee/artifacts/200b0aE.dag/Project.Infrastructure.VfxGraph.dll, with 144 defines and 281 references
processors: Unity.Jobs.CodeGen.JobsILPostProcessor, zzzUnity.Burst.CodeGen.BurstILPostProcessor
1 processor(s) skipped this assembly
running Unity.Jobs.CodeGen.JobsILPostProcessor
[1405/1379  0s] Csc Library/Bee/artifacts/200b0aE.dag/Project.Online.dll (+2 others)
[1406/1379  2s] ILPostProcess Library/Bee/artifacts/200b0aE.dag/post-processed/Unity.RenderPipelines.Universal.Runtime.dll (+pdb)
Processing assembly Library/Bee/artifacts/200b0aE.dag/Unity.RenderPipelines.Universal.Runtime.dll, with 150 defines and 289 references
processors: Unity.Jobs.CodeGen.JobsILPostProcessor, zzzUnity.Burst.CodeGen.BurstILPostProcessor
running Unity.Jobs.CodeGen.JobsILPostProcessor
running zzzUnity.Burst.CodeGen.BurstILPostProcessor
[1407/1379  0s] Csc Library/Bee/artifacts/200b0aE.dag/Project.Tests.PlayMode.dll (+2 others)
Assets/_Project/Tests/PlayMode/PlayModeHelpers.cs(224,46): warning CS0618: 'FindObjectsSortMode' is obsolete: 'FindObjectsSortMode has been deprecated. Use the FindObjectsByType overloads that do not take a FindObjectsSortMode parameter.'
Assets/_Project/Tests/PlayMode/PlayModeHelpers.cs(223,30): warning CS0618: 'Object.FindObjectsByType<T>(FindObjectsInactive, FindObjectsSortMode)' is obsolete: 'FindObjectsByType with FindObjectsSortMode parameter has been deprecated. Use FindObjectsByType<T>() or FindObjectsByType<T>(FindObjectsInactive) instead. InstanceID will be replaced in the future with EntityId and previous sort order cannot be maintained.'
[1408/1379  0s] Csc Library/Bee/artifacts/200b0aE.dag/Project.Editor.dll (+2 others)
Assets/_Project/Scripts/Editor/AaaBenchmarkSceneBuilder.cs(48,25): warning CS0618: 'Object.FindFirstObjectByType<T>()' is obsolete: 'FindFirstObjectByType has been deprecated because it relies on instance ID ordering. Use FindAnyObjectByType instead, which does not depend on ordering.'
Assets/_Project/Scripts/Editor/BuildTool.cs(55,27): warning CS0618: 'BuildOptions.EnableHeadlessMode' is obsolete: 'Use StandaloneBuildSubtarget.Server instead'
Assets/_Project/Scripts/Editor/AssetGeneration.cs(361,17): warning CS0618: 'PlayerSettings.SetIconsForTargetGroup(BuildTargetGroup, Texture2D[])' is obsolete: 'Use SetIcons(NamedBuildTarget, Texture2D[], IconKind) instead'
Assets/_Project/Scripts/Editor/ProjectSetup.cs(99,13): warning CS0618: 'PlayerSettings.SetScriptingBackend(BuildTargetGroup, ScriptingImplementation)' is obsolete: 'Use SetScriptingBackend(NamedBuildTarget buildTarget, ScriptingImplementation backend) instead'
Assets/_Project/Scripts/Editor/ProjectSetup.cs(101,13): warning CS0618: 'PlayerSettings.SetApiCompatibilityLevel(BuildTargetGroup, ApiCompatibilityLevel)' is obsolete: 'Use SetApiCompatibilityLevel(NamedBuildTarget buildTarget, ApiCompatibilityLevel value) instead'
Assets/_Project/Scripts/Editor/SceneBuilder.cs(395,17): warning CS0618: 'Object.FindFirstObjectByType<T>()' is obsolete: 'FindFirstObjectByType has been deprecated because it relies on instance ID ordering. Use FindAnyObjectByType instead, which does not depend on ordering.'
Assets/_Project/Scripts/Editor/SceneBuilder.cs(411,23): warning CS0618: 'Object.FindFirstObjectByType<T>()' is obsolete: 'FindFirstObjectByType has been deprecated because it relies on instance ID ordering. Use FindAnyObjectByType instead, which does not depend on ordering.'
Assets/_Project/Scripts/Editor/SceneBuilder.cs(433,24): warning CS0618: 'Object.FindFirstObjectByType<T>()' is obsolete: 'FindFirstObjectByType has been deprecated because it relies on instance ID ordering. Use FindAnyObjectByType instead, which does not depend on ordering.'
Assets/_Project/Scripts/Editor/SceneBuilder.cs(508,95): warning CS0618: 'StaticEditorFlags.NavigationStatic' is obsolete: 'Enum member StaticEditorFlags.NavigationStatic has been deprecated. The precise selection of the objects is now done using NavMeshBuilder.CollectSources() and NavMeshBuildMarkup.'
Assets/_Project/Scripts/Editor/BatchEntry.cs(24,33): warning UAC0005: AppDomain.GetAssemblies() in Unity may return already unloaded assemblies and result in errors or leaks. Use Unity APIs instead, such as 'CurrentAssemblies.GetLoadedAssemblies()' or 'TypeCache.GetTypesDerivedFrom()'.
[1409/1379  0s] CopyFiles Library/ScriptAssemblies/Unity.RenderPipelines.Universal.2D.Runtime.dll
[1410/1379  0s] CopyFiles Library/ScriptAssemblies/Unity.InferenceEngine.dll
[1411/1379  0s] CopyFiles Library/ScriptAssemblies/Project.Infrastructure.VfxGraph.dll
[1412/1379  0s] CopyFiles Library/ScriptAssemblies/Project.Infrastructure.VfxGraph.pdb
[1413/1379  0s] CopyFiles Library/ScriptAssemblies/Unity.RenderPipelines.Universal.Editor.dll
[1414/1379  0s] CopyFiles Library/ScriptAssemblies/Unity.RenderPipelines.Universal.Editor.pdb
[1415/1379  0s] CopyFiles Library/ScriptAssemblies/Unity.RenderPipelines.Universal.2D.Runtime.pdb
[1416/1379  0s] CopyFiles Library/ScriptAssemblies/Unity.ShaderGraph.Editor.dll
[1417/1379  0s] CopyFiles Library/ScriptAssemblies/Unity.ShaderGraph.Editor.pdb
[1418/1379  0s] CopyFiles Library/ScriptAssemblies/Unity.InferenceEngine.pdb
[1419/1379  0s] Csc Library/Bee/artifacts/200b0aE.dag/Project.Online.Tests.dll (+2 others)
[1420/1379  0s] CopyFiles Library/ScriptAssemblies/Unity.RenderPipelines.Universal.Runtime.pdb
[1421/1379  0s] CopyFiles Library/ScriptAssemblies/Unity.RenderPipelines.Universal.Runtime.dll
[1422/1379  1s] ILPostProcess Library/Bee/artifacts/200b0aE.dag/post-processed/Project.Infrastructure.dll (+pdb)
Processing assembly Library/Bee/artifacts/200b0aE.dag/Project.Infrastructure.dll, with 144 defines and 283 references
processors: Unity.Jobs.CodeGen.JobsILPostProcessor, zzzUnity.Burst.CodeGen.BurstILPostProcessor
1 processor(s) skipped this assembly
running Unity.Jobs.CodeGen.JobsILPostProcessor
[1423/1379  0s] CopyFiles Library/ScriptAssemblies/Project.Infrastructure.pdb
[1424/1379  0s] CopyFiles Library/ScriptAssemblies/Project.Infrastructure.dll
[1425/1379  0s] Csc Library/Bee/artifacts/200b0aE.dag/Project.Editor.Tests.dll (+2 others)
[1426/1379  0s] ILPostProcess Library/Bee/artifacts/200b0aE.dag/post-processed/Project.Online.dll (+pdb)
Processing assembly Library/Bee/artifacts/200b0aE.dag/Project.Online.dll, with 144 defines and 283 references
processors: Unity.Jobs.CodeGen.JobsILPostProcessor, zzzUnity.Burst.CodeGen.BurstILPostProcessor
1 processor(s) skipped this assembly
running Unity.Jobs.CodeGen.JobsILPostProcessor
[1427/1379  0s] CopyFiles Library/ScriptAssemblies/Project.Online.dll
[1428/1379  0s] CopyFiles Library/ScriptAssemblies/Project.Online.pdb
[1429/1379  0s] ILPostProcess Library/Bee/artifacts/200b0aE.dag/post-processed/Project.Online.Tests.dll (+pdb)
Processing assembly Library/Bee/artifacts/200b0aE.dag/Project.Online.Tests.dll, with 142 defines and 306 references
processors: Unity.Jobs.CodeGen.JobsILPostProcessor, zzzUnity.Burst.CodeGen.BurstILPostProcessor
1 processor(s) skipped this assembly
running Unity.Jobs.CodeGen.JobsILPostProcessor
[1430/1379  0s] CopyFiles Library/ScriptAssemblies/Project.Online.Tests.dll
[1431/1379  0s] CopyFiles Library/ScriptAssemblies/Project.Online.Tests.pdb
[1432/1379  0s] ILPostProcess Library/Bee/artifacts/200b0aE.dag/post-processed/Project.Tests.PlayMode.dll (+pdb)
Processing assembly Library/Bee/artifacts/200b0aE.dag/Project.Tests.PlayMode.dll, with 144 defines and 278 references
processors: Unity.Jobs.CodeGen.JobsILPostProcessor, zzzUnity.Burst.CodeGen.BurstILPostProcessor
1 processor(s) skipped this assembly
running Unity.Jobs.CodeGen.JobsILPostProcessor
[1433/1379  0s] CopyFiles Library/ScriptAssemblies/Project.Tests.PlayMode.dll
[1434/1379  0s] CopyFiles Library/ScriptAssemblies/Project.Tests.PlayMode.pdb
[1435/1379  0s] ILPostProcess Library/Bee/artifacts/200b0aE.dag/post-processed/Project.Editor.dll (+pdb)
Processing assembly Library/Bee/artifacts/200b0aE.dag/Project.Editor.dll, with 142 defines and 313 references
processors: Unity.Jobs.CodeGen.JobsILPostProcessor, zzzUnity.Burst.CodeGen.BurstILPostProcessor
1 processor(s) skipped this assembly
running Unity.Jobs.CodeGen.JobsILPostProcessor
[1436/1379  0s] ILPostProcess Library/Bee/artifacts/200b0aE.dag/post-processed/Project.Presentation.dll (+pdb)
Processing assembly Library/Bee/artifacts/200b0aE.dag/Project.Presentation.dll, with 144 defines and 284 references
processors: Unity.Jobs.CodeGen.JobsILPostProcessor, zzzUnity.Burst.CodeGen.BurstILPostProcessor
1 processor(s) skipped this assembly
running Unity.Jobs.CodeGen.JobsILPostProcessor
[1437/1379  0s] CopyFiles Library/ScriptAssemblies/Project.Editor.pdb
[1438/1379  0s] CopyFiles Library/ScriptAssemblies/Project.Editor.dll
[1439/1379  0s] CopyFiles Library/ScriptAssemblies/Project.Presentation.dll
[1440/1379  0s] CopyFiles Library/ScriptAssemblies/Project.Presentation.pdb
[1441/1379  0s] ILPostProcess Library/Bee/artifacts/200b0aE.dag/post-processed/Project.Editor.Tests.dll (+pdb)
Processing assembly Library/Bee/artifacts/200b0aE.dag/Project.Editor.Tests.dll, with 142 defines and 302 references
processors: Unity.Jobs.CodeGen.JobsILPostProcessor, zzzUnity.Burst.CodeGen.BurstILPostProcessor
1 processor(s) skipped this assembly
running Unity.Jobs.CodeGen.JobsILPostProcessor
[1442/1379  0s] CopyFiles Library/ScriptAssemblies/Project.Editor.Tests.dll
[1443/1379  0s] CopyFiles Library/ScriptAssemblies/Project.Editor.Tests.pdb
[1444/1379  0s] Csc Library/Bee/artifacts/200b0aE.dag/Project.Tests.EditMode.dll (+2 others)
[1445/1379  0s] ILPostProcess Library/Bee/artifacts/200b0aE.dag/post-processed/Project.Tests.EditMode.dll (+pdb)
Processing assembly Library/Bee/artifacts/200b0aE.dag/Project.Tests.EditMode.dll, with 142 defines and 306 references
processors: Unity.Jobs.CodeGen.JobsILPostProcessor, zzzUnity.Burst.CodeGen.BurstILPostProcessor
1 processor(s) skipped this assembly
running Unity.Jobs.CodeGen.JobsILPostProcessor
[1446/1379  0s] CopyFiles Library/ScriptAssemblies/Project.Tests.EditMode.dll
[1447/1379  0s] CopyFiles Library/ScriptAssemblies/Project.Tests.EditMode.pdb
*** Tundra build success (18.55 seconds), 561 items updated, 1379 evaluated
Assets/_Project/Scripts/Infrastructure/Rendering/CloudShadows.cs(93,70): warning CS0618: 'FindObjectsSortMode' is obsolete: 'FindObjectsSortMode has been deprecated. Use the FindObjectsByType overloads that do not take a FindObjectsSortMode parameter.'
Assets/_Project/Scripts/Infrastructure/Rendering/CloudShadows.cs(93,26): warning CS0618: 'Object.FindObjectsByType<T>(FindObjectsSortMode)' is obsolete: 'FindObjectsByType with FindObjectsSortMode parameter has been deprecated. Use FindObjectsByType<T>() or FindObjectsByType<T>(FindObjectsInactive) instead. InstanceID will be replaced in the future with EntityId and previous sort order cannot be maintained.'
Assets/_Project/Scripts/Infrastructure/Audio/Foley/WeaponFoley.cs(207,22): warning CS0618: 'Object.FindFirstObjectByType<T>()' is obsolete: 'FindFirstObjectByType has been deprecated because it relies on instance ID ordering. Use FindAnyObjectByType instead, which does not depend on ordering.'
Assets/_Project/Scripts/Presentation/Player/PlayerCameraFx.cs(196,74): warning CS0618: 'FindObjectsSortMode' is obsolete: 'FindObjectsSortMode has been deprecated. Use the FindObjectsByType overloads that do not take a FindObjectsSortMode parameter.'
Assets/_Project/Scripts/Presentation/Player/PlayerCameraFx.cs(196,27): warning CS0618: 'Object.FindObjectsByType<T>(FindObjectsSortMode)' is obsolete: 'FindObjectsByType with FindObjectsSortMode parameter has been deprecated. Use FindObjectsByType<T>() or FindObjectsByType<T>(FindObjectsInactive) instead. InstanceID will be replaced in the future with EntityId and previous sort order cannot be maintained.'
Assets/_Project/Scripts/Presentation/Tutorial/TutorialPresenter.cs(372,34): warning CS0618: 'Object.FindFirstObjectByType<T>(FindObjectsInactive)' is obsolete: 'FindFirstObjectByType has been deprecated because it relies on instance ID ordering. Use FindAnyObjectByType instead, which does not depend on ordering.'
Assets/_Project/Scripts/Presentation/Tutorial/TutorialPresenter.cs(375,28): warning CS0618: 'Object.FindFirstObjectByType<T>(FindObjectsInactive)' is obsolete: 'FindFirstObjectByType has been deprecated because it relies on instance ID ordering. Use FindAnyObjectByType instead, which does not depend on ordering.'
Assets/_Project/Scripts/Presentation/UI/AdvancedDisplay.cs(119,29): warning CS0618: 'Object.FindFirstObjectByType<T>(FindObjectsInactive)' is obsolete: 'FindFirstObjectByType has been deprecated because it relies on instance ID ordering. Use FindAnyObjectByType instead, which does not depend on ordering.'
Assets/_Project/Scripts/Presentation/UI/AdvancedDisplay.cs(122,31): warning CS0618: 'Object.FindFirstObjectByType<T>(FindObjectsInactive)' is obsolete: 'FindFirstObjectByType has been deprecated because it relies on instance ID ordering. Use FindAnyObjectByType instead, which does not depend on ordering.'
Assets/_Project/Scripts/Presentation/UI/HitFeedbackDirector.cs(96,27): warning CS0618: 'Object.FindFirstObjectByType<T>()' is obsolete: 'FindFirstObjectByType has been deprecated because it relies on instance ID ordering. Use FindAnyObjectByType instead, which does not depend on ordering.'
Assets/_Project/Scripts/Presentation/UI/HitFeedbackDirector.cs(113,19): warning CS0618: 'Object.FindFirstObjectByType<T>()' is obsolete: 'FindFirstObjectByType has been deprecated because it relies on instance ID ordering. Use FindAnyObjectByType instead, which does not depend on ordering.'
Assets/_Project/Scripts/Presentation/Benchmark/AaaBenchmarkFeatureInstaller.cs(102,30): warning UAC0005: AppDomain.GetAssemblies() in Unity may return already unloaded assemblies and result in errors or leaks. Use Unity APIs instead, such as 'CurrentAssemblies.GetLoadedAssemblies()' or 'TypeCache.GetTypesDerivedFrom()'.
Assets/_Project/Scripts/Presentation/DevTools/DevConsoleGate.cs(22,21): warning UAC0009: DEVELOPMENT_BUILD preprocessor directive has been deprecated. Please use one of the managed code variant directives (such as DEBUG, UNITY_ENABLE_CHECKS or UNITY_INCLUDE_INSTRUMENTATION) if different code paths are desired for different managed code variants. Checking for development build is possible at runtime using Debug.isDebugBuild. See the Conditional Compilation manual page for more details.
Assets/_Project/Tests/PlayMode/PlayModeHelpers.cs(224,46): warning CS0618: 'FindObjectsSortMode' is obsolete: 'FindObjectsSortMode has been deprecated. Use the FindObjectsByType overloads that do not take a FindObjectsSortMode parameter.'
Assets/_Project/Tests/PlayMode/PlayModeHelpers.cs(223,30): warning CS0618: 'Object.FindObjectsByType<T>(FindObjectsInactive, FindObjectsSortMode)' is obsolete: 'FindObjectsByType with FindObjectsSortMode parameter has been deprecated. Use FindObjectsByType<T>() or FindObjectsByType<T>(FindObjectsInactive) instead. InstanceID will be replaced in the future with EntityId and previous sort order cannot be maintained.'
Assets/_Project/Scripts/Presentation/Tutorial/TutorialPresenter.cs(372,34): warning CS0618: 'Object.FindFirstObjectByType<T>(FindObjectsInactive)' is obsolete: 'FindFirstObjectByType has been deprecated because it relies on instance ID ordering. Use FindAnyObjectByType instead, which does not depend on ordering.'
Assets/_Project/Scripts/Presentation/Tutorial/TutorialPresenter.cs(375,28): warning CS0618: 'Object.FindFirstObjectByType<T>(FindObjectsInactive)' is obsolete: 'FindFirstObjectByType has been deprecated because it relies on instance ID ordering. Use FindAnyObjectByType instead, which does not depend on ordering.'
Assets/_Project/Scripts/Presentation/UI/AdvancedDisplay.cs(119,29): warning CS0618: 'Object.FindFirstObjectByType<T>(FindObjectsInactive)' is obsolete: 'FindFirstObjectByType has been deprecated because it relies on instance ID ordering. Use FindAnyObjectByType instead, which does not depend on ordering.'
Assets/_Project/Scripts/Presentation/UI/AdvancedDisplay.cs(122,31): warning CS0618: 'Object.FindFirstObjectByType<T>(FindObjectsInactive)' is obsolete: 'FindFirstObjectByType has been deprecated because it relies on instance ID ordering. Use FindAnyObjectByType instead, which does not depend on ordering.'
Assets/_Project/Scripts/Presentation/UI/HitFeedbackDirector.cs(96,27): warning CS0618: 'Object.FindFirstObjectByType<T>()' is obsolete: 'FindFirstObjectByType has been deprecated because it relies on instance ID ordering. Use FindAnyObjectByType instead, which does not depend on ordering.'
Assets/_Project/Scripts/Presentation/UI/HitFeedbackDirector.cs(113,19): warning CS0618: 'Object.FindFirstObjectByType<T>()' is obsolete: 'FindFirstObjectByType has been deprecated because it relies on instance ID ordering. Use FindAnyObjectByType instead, which does not depend on ordering.'
Assets/_Project/Scripts/Presentation/Benchmark/AaaBenchmarkFeatureInstaller.cs(102,30): warning UAC0005: AppDomain.GetAssemblies() in Unity may return already unloaded assemblies and result in errors or leaks. Use Unity APIs instead, such as 'CurrentAssemblies.GetLoadedAssemblies()' or 'TypeCache.GetTypesDerivedFrom()'.
Assets/_Project/Scripts/Presentation/DevTools/DevConsoleGate.cs(22,21): warning UAC0009: DEVELOPMENT_BUILD preprocessor directive has been deprecated. Please use one of the managed code variant directives (such as DEBUG, UNITY_ENABLE_CHECKS or UNITY_INCLUDE_INSTRUMENTATION) if different code paths are desired for different managed code variants. Checking for development build is possible at runtime using Debug.isDebugBuild. See the Conditional Compilation manual page for more details.
Assets/_Project/Scripts/Editor/AaaBenchmarkSceneBuilder.cs(48,25): warning CS0618: 'Object.FindFirstObjectByType<T>()' is obsolete: 'FindFirstObjectByType has been deprecated because it relies on instance ID ordering. Use FindAnyObjectByType instead, which does not depend on ordering.'
Assets/_Project/Scripts/Editor/BuildTool.cs(55,27): warning CS0618: 'BuildOptions.EnableHeadlessMode' is obsolete: 'Use StandaloneBuildSubtarget.Server instead'
Assets/_Project/Scripts/Editor/AssetGeneration.cs(361,17): warning CS0618: 'PlayerSettings.SetIconsForTargetGroup(BuildTargetGroup, Texture2D[])' is obsolete: 'Use SetIcons(NamedBuildTarget, Texture2D[], IconKind) instead'
Assets/_Project/Scripts/Editor/ProjectSetup.cs(99,13): warning CS0618: 'PlayerSettings.SetScriptingBackend(BuildTargetGroup, ScriptingImplementation)' is obsolete: 'Use SetScriptingBackend(NamedBuildTarget buildTarget, ScriptingImplementation backend) instead'
Assets/_Project/Scripts/Editor/ProjectSetup.cs(101,13): warning CS0618: 'PlayerSettings.SetApiCompatibilityLevel(BuildTargetGroup, ApiCompatibilityLevel)' is obsolete: 'Use SetApiCompatibilityLevel(NamedBuildTarget buildTarget, ApiCompatibilityLevel value) instead'
Assets/_Project/Scripts/Editor/SceneBuilder.cs(395,17): warning CS0618: 'Object.FindFirstObjectByType<T>()' is obsolete: 'FindFirstObjectByType has been deprecated because it relies on instance ID ordering. Use FindAnyObjectByType instead, which does not depend on ordering.'
Assets/_Project/Scripts/Editor/SceneBuilder.cs(411,23): warning CS0618: 'Object.FindFirstObjectByType<T>()' is obsolete: 'FindFirstObjectByType has been deprecated because it relies on instance ID ordering. Use FindAnyObjectByType instead, which does not depend on ordering.'
Assets/_Project/Scripts/Editor/SceneBuilder.cs(433,24): warning CS0618: 'Object.FindFirstObjectByType<T>()' is obsolete: 'FindFirstObjectByType has been deprecated because it relies on instance ID ordering. Use FindAnyObjectByType instead, which does not depend on ordering.'
Assets/_Project/Scripts/Editor/SceneBuilder.cs(508,95): warning CS0618: 'StaticEditorFlags.NavigationStatic' is obsolete: 'Enum member StaticEditorFlags.NavigationStatic has been deprecated. The precise selection of the objects is now done using NavMeshBuilder.CollectSources() and NavMeshBuildMarkup.'
Assets/_Project/Scripts/Editor/BatchEntry.cs(24,33): warning UAC0005: AppDomain.GetAssemblies() in Unity may return already unloaded assemblies and result in errors or leaks. Use Unity APIs instead, such as 'CurrentAssemblies.GetLoadedAssemblies()' or 'TypeCache.GetTypesDerivedFrom()'.
ets/_Project/Scripts/Editor/BuildTool.cs(55,27): warning CS0618: 'BuildOptions.EnableHeadlessMode' is obsolete: 'Use StandaloneBuildSubtarget.Server instead'
Assets/_Project/Scripts/Editor/AssetGeneration.cs(361,17): warning CS0618: 'PlayerSettings.SetIconsForTargetGroup(BuildTargetGroup, Texture2D[])' is obsolete: 'Use SetIcons(NamedBuildTarget, Texture2D[], IconKind) instead'
Assets/_Project/Scripts/Editor/ProjectSetup.cs(99,13): warning CS0618: 'PlayerSettings.SetScriptingBackend(BuildTargetGroup, ScriptingImplementation)' is obsolete: 'Use SetScriptingBackend(NamedBuildTarget buildTarget, ScriptingImplementation backend) instead'
Assets/_Project/Scripts/Editor/ProjectSetup.cs(101,13): warning CS0618: 'PlayerSettings.SetApiCompatibilityLevel(BuildTargetGroup, ApiCompatibilityLevel)' is obsolete: 'Use SetApiCompatibilityLevel(NamedBuildTarget buildTarget, ApiCompatibilityLevel value) instead'
Assets/_Project/Scripts/Editor/SceneBuilder.cs(395,17): warning CS0618: 'Object.FindFirstObjectByType<T>()' is obsolete: 'FindFirstObjectByType has been deprecated because it relies on instance ID ordering. Use FindAnyObjectByType instead, which does not depend on ordering.'
Assets/_Project/Scripts/Editor/SceneBuilder.cs(411,23): warning CS0618: 'Object.FindFirstObjectByType<T>()' is obsolete: 'FindFirstObjectByType has been deprecated because it relies on instance ID ordering. Use FindAnyObjectByType instead, which does not depend on ordering.'
Assets/_Project/Scripts/Editor/SceneBuilder.cs(433,24): warning CS0618: 'Object.FindFirstObjectByType<T>()' is obsolete: 'FindFirstObjectByType has been deprecated because it relies on instance ID ordering. Use FindAnyObjectByType instead, which does not depend on ordering.'
Assets/_Project/Scripts/Editor/SceneBuilder.cs(508,95): warning CS0618: 'StaticEditorFlags.NavigationStatic' is obsolete: 'Enum member StaticEditorFlags.NavigationStatic has been deprecated. The precise selection of the objects is now done using NavMeshBuilder.CollectSources() and NavMeshBuildMarkup.'
Assets/_Project/Scripts/Editor/BatchEntry.cs(24,33): warning UAC0005: AppDomain.GetAssemblies() in Unity may return already unloaded assemblies and result in errors or leaks. Use Unity APIs instead, such as 'CurrentAssemblies.GetLoadedAssemblies()' or 'TypeCache.GetTypesDerivedFrom()'.
Reloading assemblies after forced synchronous recompile.
Total cache size 239875324
Total cache size after purge 239875324, took 00:00:00.0841325
Begin MonoManager ReloadAssembly
Symbol file LoadedFromMemory is not a mono symbol file
Symbol file LoadedFromMemory is not a mono symbol file
Refreshing native plugins compatible for Editor in 2.10 ms, found 1 plugins.
Native extension for OSXStandalone target not found
Native extension for WebGL target not found
[Licensing::Client] Error: Code 404 while processing request (status: Found 0 entitlement groups and 0 free entitlements matching requested entitlement ids)
[Licensing::Client] Error: Code 404 while processing request (status: Found 0 entitlement groups and 0 free entitlements matching requested entitlement ids)
[Licensing::Client] Error: Code 404 while processing request (status: Found 0 entitlement groups and 0 free entitlements matching requested entitlement ids)
ScheduleIndexationOnStartup MainProcess:True IndexOnStartup:True
Scripting: successfully reloaded assembly
- Finished resetting the current domain, in  0.921 seconds
Domain Reload Profiling: 1587ms
	BeginReloadAssembly (207ms)
		DisableScriptedObjects (12ms)
		CreateAndSetChildDomain (76ms)
	RebuildCommonClasses (5ms)
	RebuildNativeTypeToScriptingClass (10ms)
	initialDomainReloadingComplete (46ms)
	LoadAllAssembliesAndSetupDomain (398ms)
		LoadAssemblies (126ms)
		TypeCache.Refresh (109ms)
			TypeCache.ScanAssembly (92ms)
		AnalyzeDomain (123ms)
			BuildScriptInfoCaches (116ms)
			ResolveRequiredComponents (6ms)
	FinalizeReload (921ms)
		SetupLoadedEditorAssemblies (0ms)
			BeforeProcessingInitializeOnLoad (82ms)
			ProcessInitializeOnLoadAttributes (453ms)
			ProcessInitializeOnLoadMethodAttributes (196ms)
		AwakeInstancesAfterBackupRestoration (29ms)
Starting new worker id: 0 with log in /Users/f2gomac/Desktop/FPS-GAME/Logs/AssetImportWorkerHW0.log
Importing 'GUID: f0129d9d112b49d083b0c3d3054d0d4e - Path: Assets/StreamingAssets/Lobby/commander_turnaround.mp4' with importer (DefaultImporter)
Imported 'GUID: f0129d9d112b49d083b0c3d3054d0d4e' -> (Import Result ID: 'bbf8706a9ece4b23647e1f0d10737241') in 0.471 seconds [static dependencies only]. Details - ImportResultOutputID=e75bafe4cc2cc67a23199d10e073368d DependenciesID=0a83ee901a08bbf36876a778e2c2953f StaticDependenciesID=1ac2638b80c9070a7a2e101816b9ee40 
Importing 'GUID: 226294fb129e24fc487a27889aebb207 - Path: Assets/StreamingAssets/Lobby/commander_body.png' with importer (DefaultImporter)
Imported 'GUID: 226294fb129e24fc487a27889aebb207' -> (Import Result ID: '929aa41bd91a361abf09e7891553f51b') in 0.743 seconds [static dependencies only]. Details - ImportResultOutputID=e3566b61e06bf7b2e075c89efe089047 DependenciesID=a3932a680d80497721a757b665287dd5 StaticDependenciesID=fddf5713bc8c2ec37ed76b7ac54d2161 
Importing 'GUID: 57f583b99d004f06b337f33472635412 - Path: Assets/StreamingAssets/Lobby/commander_gear.mp4' with importer (DefaultImporter)
Imported 'GUID: 57f583b99d004f06b337f33472635412' -> (Import Result ID: '2ca154f8ac48d04ac274003f52b5ff87') in 0.002 seconds [static dependencies only]. Details - ImportResultOutputID=41dbc1edbcdd628e9b36a738d10a57f8 DependenciesID=bc1b124e805f87e012dd9e69b1e05f4e StaticDependenciesID=0c857b922ec02675ad7717cf9a35ae12 
Importing 'GUID: f8425f34711404b43bc5aadcd32b53c4 - Path: Assets/StreamingAssets/Lobby/commander_face.jpg' with importer (DefaultImporter)
Imported 'GUID: f8425f34711404b43bc5aadcd32b53c4' -> (Import Result ID: '465b6b71692a8272c45a4db2afeddb79') in 0.384 seconds [static dependencies only]. Details - ImportResultOutputID=7b2756944b8b7a4bb4fa96ae06c800e0 DependenciesID=6db3e212960c39373dde1ec87d352b8b StaticDependenciesID=2eb3e978fdaf4bf06cc9d60cd0712624 
Importing 'GUID: 224baa11d2fcf4d2b8229a5c185dd77b - Path: Assets/_Project/Settings/Rendering/URP_Low.asset' with importer (NativeFormatImporter)
Imported 'GUID: 224baa11d2fcf4d2b8229a5c185dd77b' -> (Import Result ID: '9ca1a5ff52c87e7802d3fdd084b18566') in 0.001 seconds [static dependencies only]. Details - ImportResultOutputID=c33ab6d913e8b3195ef4c7bf901b1ef5 DependenciesID=ae85b69478228f523a6285e249d88e68 StaticDependenciesID=a4bb8e51491c02c51fe77b13f1fd7d9c 
Importing 'GUID: 07addc054312347e9b9f6d672a535719 - Path: Assets/_Project/Settings/Rendering/URP_High.asset' with importer (NativeFormatImporter)
Imported 'GUID: 07addc054312347e9b9f6d672a535719' -> (Import Result ID: '80b3970e9b81e80848a57f95f73313ac') in 0.001 seconds [static dependencies only]. Details - ImportResultOutputID=c25d19e26b220ea5f04d788d522218fd DependenciesID=151b20af1a6bd0a725558e61a5d937aa StaticDependenciesID=c1e0e6f9c9c177439c6c24a0468a31e6 
Importing 'GUID: a93b2c68f04a746f4ade73d907b76816 - Path: Assets/_Project/Settings/Rendering/URP_Ultra.asset' with importer (NativeFormatImporter)
Imported 'GUID: a93b2c68f04a746f4ade73d907b76816' -> (Import Result ID: '386b464d9d1cfc1b33eb80bba5790605') in 0.000 seconds [static dependencies only]. Details - ImportResultOutputID=d511c360e52e8b03a68f9ea3093ef52d DependenciesID=2c9eff6fd7e961ab2b957abc5631d56b StaticDependenciesID=a07eb0ccd83221372feb110d83705deb 
Importing 'GUID: ad75a5f2fda6c4bf285a8b7c68a477ad - Path: Assets/_Project/Settings/Rendering/URP_Medium.asset' with importer (NativeFormatImporter)
Imported 'GUID: ad75a5f2fda6c4bf285a8b7c68a477ad' -> (Import Result ID: '620f1d0223fd4acc9df31ae117e0cb15') in 0.001 seconds [static dependencies only]. Details - ImportResultOutputID=12abc45ce8e7cd14ac169dc602260b6d DependenciesID=d2e9b5ac093f4a5808e6076b53ef2a6d StaticDependenciesID=9217dce52fd8e3171a13879933f38815 
Importing 'GUID: d19f4f8a13b6edb48b986a47ec96402e - Path: Packages/com.unity.render-pipelines.core/Runtime/PathTracing/Shaders/LightmapShadowMaskIntegration.urtshader' with importer (ScriptedImporter : Unity.Rendering.LightTransport.Editor:UnityEditor.Rendering.UnifiedRayTracing:UnifiedRTShaderImporter)
Launching external process: /Applications/Unity/Hub/Editor/6000.6.4f1/Unity.app/Contents/Helpers/UnityShaderCompiler
Launched and connected shader compiler UnityShaderCompiler after 0.25 seconds
Imported 'GUID: d19f4f8a13b6edb48b986a47ec96402e' -> (Import Result ID: '00de69d23fe242f2adf56cb246b2214e') in 0.280 seconds [static and dynamic dependencies]. Details - ImportResultOutputID=de8104c757b017c9f9e2534b3e20af9f DependenciesID=f854e28a32364f987a77e91667f4804c StaticDependenciesID=9fd4e9b2e1ad89e7cbffc601eff4d03f 
Importing 'GUID: 737a1597422c12547a8714d76a9406ec - Path: Packages/com.unity.render-pipelines.core/Runtime/PathTracing/Shaders/LightmapGBufferDebug.urtshader' with importer (ScriptedImporter : Unity.Rendering.LightTransport.Editor:UnityEditor.Rendering.UnifiedRayTracing:UnifiedRTShaderImporter)
Imported 'GUID: 737a1597422c12547a8714d76a9406ec' -> (Import Result ID: 'e8e9b3edaa95444e831292569976ea26') in 0.003 seconds [static and dynamic dependencies]. Details - ImportResultOutputID=3ac67e7f53a08382af170afbeb1505ec DependenciesID=49607091608fa145b16b3b81b574e78f StaticDependenciesID=b513b01e29d0aa4d28825e4d4fb57fb4 
Importing 'GUID: f32463968f29423cad25aee15a14b9f1 - Path: Packages/com.unity.render-pipelines.core/Runtime/Lighting/SurfaceCache/PunctualLightSampling.urtshader' with importer (ScriptedImporter : Unity.Rendering.LightTransport.Editor:UnityEditor.Rendering.UnifiedRayTracing:UnifiedRTShaderImporter)
Imported 'GUID: f32463968f29423cad25aee15a14b9f1' -> (Import Result ID: 'b658568f90595056aef8b44215c51bb8') in 0.006 seconds [static and dynamic dependencies]. Details - ImportResultOutputID=5f7c96144f3f93327a5a31c97c612686 DependenciesID=eb426d62f7b3601e303ae42d35c4f521 StaticDependenciesID=b63d74c4e924df89cb98a36e44fc1845 
Importing 'GUID: 1451d029813b192429211be28181beab - Path: Packages/com.unity.render-pipelines.core/Runtime/PathTracing/Shaders/LightmapNormalIntegration.urtshader' with importer (ScriptedImporter : Unity.Rendering.LightTransport.Editor:UnityEditor.Rendering.UnifiedRayTracing:UnifiedRTShaderImporter)
Imported 'GUID: 1451d029813b192429211be28181beab' -> (Import Result ID: '3b3a8453ed43feab94a72dcefdb14292') in 0.003 seconds [static and dynamic dependencies]. Details - ImportResultOutputID=21cfc19b8220f38dee6be3e9a9025303 DependenciesID=0a71c624778043d2bd2509100d006dec StaticDependenciesID=5afd8eadeec03e368f74c3a5603c453d 
Importing 'GUID: 94a070d33e408384bafc1dea4a565df9 - Path: Packages/com.unity.render-pipelines.core/Editor/Lighting/ProbeVolume/RenderingLayerMask/TraceRenderingLayerMask.urtshader' with importer (ScriptedImporter : Unity.Rendering.LightTransport.Editor:UnityEditor.Rendering.UnifiedRayTracing:UnifiedRTShaderImporter)
Imported 'GUID: 94a070d33e408384bafc1dea4a565df9' -> (Import Result ID: '2cf3394e4d4853470450ae037bfd8c32') in 0.003 seconds [static and dynamic dependencies]. Details - ImportResultOutputID=647af5bd6ce371c4c50ca56048025c79 DependenciesID=1c397413ca46fc120f939b35662d9e2c StaticDependenciesID=25a592d065c9c4788553066128367c57 
Importing 'GUID: 94a39d12848d8d64ca962a72b74e7c50 - Path: Packages/com.unity.render-pipelines.core/Runtime/Lighting/SurfaceCache/Estimation.urtshader' with importer (ScriptedImporter : Unity.Rendering.LightTransport.Editor:UnityEditor.Rendering.UnifiedRayTracing:UnifiedRTShaderImporter)
Imported 'GUID: 94a39d12848d8d64ca962a72b74e7c50' -> (Import Result ID: 'f54d03166ad418905857c8e0801c3265') in 0.003 seconds [static and dynamic dependencies]. Details - ImportResultOutputID=578146caeda7289f77d38f1302f828d1 DependenciesID=5d2c17d90a917d4c91ebb9c3743607dc StaticDependenciesID=ffb0a11028fb7b99287455d15347e1d8 
Importing 'GUID: f5ba4d424d4566249b3d94cf81a3e916 - Path: Packages/com.unity.render-pipelines.core/Runtime/PathTracing/Shaders/LightmapDirectDirectionalAndEnvironmentIntegration.urtshader' with importer (ScriptedImporter : Unity.Rendering.LightTransport.Editor:UnityEditor.Rendering.UnifiedRayTracing:UnifiedRTShaderImporter)
Imported 'GUID: f5ba4d424d4566249b3d94cf81a3e916' -> (Import Result ID: '8dd85ca5c251067ae3d9418a0f8e003b') in 0.004 seconds [static and dynamic dependencies]. Details - ImportResultOutputID=f7be0a20e47c57664a47bbc3a3e50fda DependenciesID=84d94f40dd62479c5f4c29ce50e09ceb StaticDependenciesID=d4bdfd2147f181839dcd88d16b4cc45b 
Importing 'GUID: 7624adbeb148b5c48ab5ab660cc2602a - Path: Packages/com.unity.render-pipelines.core/Runtime/PathTracing/Shaders/LightmapIndirectIntegration.urtshader' with importer (ScriptedImporter : Unity.Rendering.LightTransport.Editor:UnityEditor.Rendering.UnifiedRayTracing:UnifiedRTShaderImporter)
Imported 'GUID: 7624adbeb148b5c48ab5ab660cc2602a' -> (Import Result ID: 'af96ba40c92d2a46e6ad01d123dec63e') in 0.003 seconds [static and dynamic dependencies]. Details - ImportResultOutputID=363f9f2b796920b4817f4ba070134e18 DependenciesID=e16be1cfa32500b2fa91ba04ae89eb42 StaticDependenciesID=637eaa30376abb268136eb146f59c034 
Importing 'GUID: 96d14b71b907bb52333b2886e665aba6 - Path: Packages/com.unity.modules.video/package.json' with importer (PackageManifestImporter)
Imported 'GUID: 96d14b71b907bb52333b2886e665aba6' -> (Import Result ID: 'ec629efd76ed33fdd850653f83fcb2e1') in 0.001 seconds [static dependencies only]. Details - ImportResultOutputID=7bb455f6c590609569e367d451c9eaac DependenciesID=98a16c26f61b2486f0efd50f43e15b07 StaticDependenciesID=ad179a09fd1ed1aad5a0417462c1aac0 
Importing 'GUID: 5951703b3d165764c95c653e98350884 - Path: Packages/com.unity.render-pipelines.core/Runtime/PathTracing/Shaders/LightmapDirectBRDFIntegration.urtshader' with importer (ScriptedImporter : Unity.Rendering.LightTransport.Editor:UnityEditor.Rendering.UnifiedRayTracing:UnifiedRTShaderImporter)
Imported 'GUID: 5951703b3d165764c95c653e98350884' -> (Import Result ID: 'f6ae4d3178598591bfdc35b55d8f7ce6') in 0.003 seconds [static and dynamic dependencies]. Details - ImportResultOutputID=5087c751b314d426e28318139389416a DependenciesID=a01fb29419a27fc40679ec2b7ac10734 StaticDependenciesID=059ad849da4bff5dcc29e3cff7813344 
Importing 'GUID: 99ac6221b6ecd7b479be13e8b9866300 - Path: Packages/com.unity.render-pipelines.core/Tests/Editor/PathTracing/Shaders/TerrainRayMarchingTest.urtshader' with importer (ScriptedImporter : Unity.Rendering.LightTransport.Editor:UnityEditor.Rendering.UnifiedRayTracing:UnifiedRTShaderImporter)
Imported 'GUID: 99ac6221b6ecd7b479be13e8b9866300' -> (Import Result ID: '0204dd6ee2bd2b604c43e6ba21829710') in 0.002 seconds [static and dynamic dependencies]. Details - ImportResultOutputID=609c16f74b8e645ebcaee07fa7ff90f0 DependenciesID=30d7c804208ce7fcc53cbc665116582c StaticDependenciesID=dc53200b7c0c8c0e6f9de4f99348b559 
Importing 'GUID: e9f4de6d1e07fb94f9a60d35b618f724 - Path: Packages/com.unity.render-pipelines.core/Runtime/PathTracing/Shaders/LightmapGBufferIntegration.urtshader' with importer (ScriptedImporter : Unity.Rendering.LightTransport.Editor:UnityEditor.Rendering.UnifiedRayTracing:UnifiedRTShaderImporter)
Imported 'GUID: e9f4de6d1e07fb94f9a60d35b618f724' -> (Import Result ID: '52b802e3506d21a7d4b38cd47ff84f36') in 0.003 seconds [static and dynamic dependencies]. Details - ImportResultOutputID=6c6c63cb265f64a179d4d4ebb8dd54f7 DependenciesID=68d3c3e9a660c5f87c1758a9788b20ee StaticDependenciesID=3c625e26646b7228663e0de2b2c1d69b 
Importing 'GUID: 5a2a534753fbdb44e96c3c78b5a6999d - Path: Packages/com.unity.render-pipelines.core/Editor/Lighting/ProbeVolume/DynamicGI/DynamicGISkyOcclusion.urtshader' with importer (ScriptedImporter : Unity.Rendering.LightTransport.Editor:UnityEditor.Rendering.UnifiedRayTracing:UnifiedRTShaderImporter)
Imported 'GUID: 5a2a534753fbdb44e96c3c78b5a6999d' -> (Import Result ID: '49b3097c7af30dec55b34dcb841e2f0b') in 0.002 seconds [static and dynamic dependencies]. Details - ImportResultOutputID=2dd07848bcb6aecc65754ecf7525a3fa DependenciesID=a5095740cdcec3d5a67e5e261d2a4f7e StaticDependenciesID=72ee5fda06862b709c15f6cbb7db6f05 
Importing 'GUID: 5bbebdef5916845478fcef13fa10d89f - Path: Packages/com.unity.render-pipelines.core/Runtime/PathTracing/Shaders/LightmapDirectStochasticLightIntegration.urtshader' with importer (ScriptedImporter : Unity.Rendering.LightTransport.Editor:UnityEditor.Rendering.UnifiedRayTracing:UnifiedRTShaderImporter)
Imported 'GUID: 5bbebdef5916845478fcef13fa10d89f' -> (Import Result ID: '55f6aac4861345fd56dbb56c47c98340') in 0.003 seconds [static and dynamic dependencies]. Details - ImportResultOutputID=75a0262f3f17d5188e76bd2d998d88bc DependenciesID=e78b817817657cd6a58e1b66aaeb0e18 StaticDependenciesID=471ca71b6b19c4611a46691a7356c8a6 
Importing 'GUID: 1c410815c01ce1d4d82c645c0cd45747 - Path: Packages/com.unity.render-pipelines.core/Runtime/PathTracing/Shaders/LightmapAOIntegration.urtshader' with importer (ScriptedImporter : Unity.Rendering.LightTransport.Editor:UnityEditor.Rendering.UnifiedRayTracing:UnifiedRTShaderImporter)
Imported 'GUID: 1c410815c01ce1d4d82c645c0cd45747' -> (Import Result ID: '695dfed82b2b49486dcee527837ad90e') in 0.004 seconds [static and dynamic dependencies]. Details - ImportResultOutputID=ef4bb987b394f00e8a01c1f962cd4798 DependenciesID=76d076ab30cb2a2181b973c49cd053a0 StaticDependenciesID=219d1b7269d01f2442d424f53e04d073 
Importing 'GUID: 2c32233d92a2d0745930664c087c5c9a - Path: Packages/com.unity.render-pipelines.core/Runtime/PathTracing/Shaders/ProbeIntegrationValidity.urtshader' with importer (ScriptedImporter : Unity.Rendering.LightTransport.Editor:UnityEditor.Rendering.UnifiedRayTracing:UnifiedRTShaderImporter)
Imported 'GUID: 2c32233d92a2d0745930664c087c5c9a' -> (Import Result ID: '60ed6613751dc39426de858afbafb840') in 0.006 seconds [static and dynamic dependencies]. Details - ImportResultOutputID=a19ca13cd1290f08ec095ea64960d791 DependenciesID=9a84ed8489077928771d8638bc63f1df StaticDependenciesID=89ce6b5e76d568c473e42bb2e82d857d 
Importing 'GUID: ace95ac84e213794891b4bd7c9b3c158 - Path: Packages/com.unity.render-pipelines.core/Runtime/PathTracing/Shaders/LightmapValidityIntegration.urtshader' with importer (ScriptedImporter : Unity.Rendering.LightTransport.Editor:UnityEditor.Rendering.UnifiedRayTracing:UnifiedRTShaderImporter)
Imported 'GUID: ace95ac84e213794891b4bd7c9b3c158' -> (Import Result ID: '92c8c1c8cd1a7f31fa2f3a6ca7fafd68') in 0.003 seconds [static and dynamic dependencies]. Details - ImportResultOutputID=b944e56ddfae43e48a36a00980d82c05 DependenciesID=b33f0dca36d4cde7da1b530a1f21c737 StaticDependenciesID=af3a8789fbe725883be9c99ebb7cf5e2 
Importing 'GUID: 5ecdabd800f05984696f22ba95284516 - Path: Packages/com.unity.render-pipelines.core/Runtime/PathTracing/Shaders/ProbeIntegrationIndirect.urtshader' with importer (ScriptedImporter : Unity.Rendering.LightTransport.Editor:UnityEditor.Rendering.UnifiedRayTracing:UnifiedRTShaderImporter)
Imported 'GUID: 5ecdabd800f05984696f22ba95284516' -> (Import Result ID: '4d5b0a7c8ea7ec748647fdb5c2b3af74') in 0.003 seconds [static and dynamic dependencies]. Details - ImportResultOutputID=db1e6683f924c0ee77078d2bf63518a4 DependenciesID=f60f7c417e5db82ff2baa9731ab7c44c StaticDependenciesID=1ad901001e2e557153e1de5753d25220 
Importing 'GUID: 6e0b547bab30a804c8123974120d583f - Path: Packages/com.unity.render-pipelines.core/Tests/Runtime/PathTracing/PathIteratorTest.urtshader' with importer (ScriptedImporter : Unity.Rendering.LightTransport.Editor:UnityEditor.Rendering.UnifiedRayTracing:UnifiedRTShaderImporter)
Imported 'GUID: 6e0b547bab30a804c8123974120d583f' -> (Import Result ID: '7803361bb3c2374bcdeeb7d1581b58a4') in 0.003 seconds [static and dynamic dependencies]. Details - ImportResultOutputID=dac3366db40bbae6eff4ac40fe251f79 DependenciesID=74bfb434b85146365b6b4decc294b4c5 StaticDependenciesID=e24ea404bb4dabe55ffbcaa7b840b299 
Importing 'GUID: de3013e16d99f2746ab1735ec06a660b - Path: Packages/com.unity.render-pipelines.core/Runtime/PathTracing/Shaders/ProbeIntegrationOcclusion.urtshader' with importer (ScriptedImporter : Unity.Rendering.LightTransport.Editor:UnityEditor.Rendering.UnifiedRayTracing:UnifiedRTShaderImporter)
Imported 'GUID: de3013e16d99f2746ab1735ec06a660b' -> (Import Result ID: '3c0bab7e7f5814a33430d3868ff5f5c5') in 0.003 seconds [static and dynamic dependencies]. Details - ImportResultOutputID=7a9e811287d96104946938c16c7eb0db DependenciesID=71a7fcda6ca1b125ada400861b16de47 StaticDependenciesID=d23a0c4a2896e547ad436f2fd232bb27 
Importing 'GUID: fe7f1a959d1d3f544a208b7e8805e6cd - Path: Packages/com.unity.render-pipelines.core/Runtime/PathTracing/Shaders/ProbeIntegrationDirectDirectionalAndEnvironment.urtshader' with importer (ScriptedImporter : Unity.Rendering.LightTransport.Editor:UnityEditor.Rendering.UnifiedRayTracing:UnifiedRTShaderImporter)
Imported 'GUID: fe7f1a959d1d3f544a208b7e8805e6cd' -> (Import Result ID: '608029d528d38c441d053b3954d74b1a') in 0.003 seconds [static and dynamic dependencies]. Details - ImportResultOutputID=42661f56207a9cbd1ffa22f01a0c04a8 DependenciesID=24f2c21b961b5d0b93509dcdcf188532 StaticDependenciesID=b8525778ccd6bf87644fae631483c773 
Importing 'GUID: 1f9bfe60b4ad75943a5281839c1a4e5c - Path: Packages/com.unity.render-pipelines.core/Runtime/PathTracing/Shaders/ProbeIntegrationDirectStochasticLight.urtshader' with importer (ScriptedImporter : Unity.Rendering.LightTransport.Editor:UnityEditor.Rendering.UnifiedRayTracing:UnifiedRTShaderImporter)
Imported 'GUID: 1f9bfe60b4ad75943a5281839c1a4e5c' -> (Import Result ID: '7ea9df66a6642751f50670f790f4100d') in 0.002 seconds [static and dynamic dependencies]. Details - ImportResultOutputID=3c65d3d8dfe1f9838bc7eba7650a009d DependenciesID=40929bf691cfca456f95e6148871bf95 StaticDependenciesID=bb23e9aed0fe8778db1283cad6c57003 
Importing 'GUID: ff2cbab5da58bf04d82c5f34037ed123 - Path: Packages/com.unity.render-pipelines.core/Editor/Lighting/ProbeVolume/VirtualOffset/TraceVirtualOffset.urtshader' with importer (ScriptedImporter : Unity.Rendering.LightTransport.Editor:UnityEditor.Rendering.UnifiedRayTracing:UnifiedRTShaderImporter)
Imported 'GUID: ff2cbab5da58bf04d82c5f34037ed123' -> (Import Result ID: '47d05a61fd403c6de4287ec070dd2ad0') in 0.002 seconds [static and dynamic dependencies]. Details - ImportResultOutputID=cc932c60f7aa91576d21f98305f40359 DependenciesID=ea0ef3154743312f864183c05b0bd11c StaticDependenciesID=577fb2ca56f9c9cef1dba593cc7f61b6 

Asset Pipeline Refresh (id=635da0fbdf168418687308216fbdf9d9): Total: 30.974 seconds - Initiated by InitialRefreshV2(ForceSynchronousImport)
	(Values over 0.05ms)
	Summary:
		Imports: total=36 (actual=36, local cache=0, cache server=0)
		Asset DB Process Time: managed=8 ms, native=6336 ms
		Asset DB Callback time: managed=520 ms, native=62 ms
		Scripting: domain reloads=2, domain reload time=1350 ms, compile time=22661 ms, other=34 ms
		Project Asset Count: scripts=1955, non-scripts=16984
		Asset File Changes: new=2, changed=3, moved=0, deleted=0
		Scan Filter Count: 1
	InvokePackagesCallback: 9.232ms
	ApplyChangesToAssetFolders: 0.912ms
	Scan: 945.512ms
	Collect global state as custom dependencies: 9.606ms
	OnSourceAssetsModified: 0.585ms
	CategorizeScriptCompilationAssets: 33.922ms
	ProcessAssetsWithTransientArtifactChanges: 50.545ms
	CategorizeAssets: 228.521ms
	CompileScripts: 22661.023ms
	ImportOutOfDateAssets: 4926.940ms (2460.233ms without children)
		ImportManagerImport: 2457.063ms (4.826ms without children)
			UpdateCategorizedAssets: 1.657ms
		CollectScriptTypesHashes: 2.655ms
		ReloadNativeAssets: 0.609ms
		UnloadImportedAssets: 3.844ms
		ReloadImportedAssets: 0.998ms
		EnsureUptoDateAssetsAreRegisteredWithGuidPM: 2.078ms
		ImportSchedulerStart: 3.101ms
	PostProcessAllAssets: 563.294ms
		ComputeShaderImportPostprocess 22.194ms
		RaytracingShaderImportPostprocess 21.135ms
		PostProcessCallbackCreateDeferredMaterials 0.254ms
		XRBuildSystem.XRAssetImported 0.135ms
		ShaderAssetModifiedCallback 0.110ms
		MonoPostProcessAllAssets: 518.576ms
			AssetPostprocessor.OnPostprocessAllAssets 282.747ms
			StyleCatalogPostProcessor.OnPostprocessAllAssets 19.977ms
			UniversalRenderPipelineGlobalSettingsPostprocessor.OnPostprocessAllAssets 18.930ms
			AssetReferenceReimportMonitor.OnPostprocessAllAssets 16.106ms
			SyncVS.PostprocessSyncProject 7.028ms
			BuilderAssetPostprocessor.OnPostprocessAllAssets 4.029ms
			ShaderGraphAssetPostProcessor.OnPostprocessAllAssets 2.863ms
			SpriteSlicePostprocessor.OnPostprocessAllAssets 2.823ms
			GraphRefreshPostprocessor.OnPostprocessAllAssets 1.925ms
			AssetChangedListener.OnPostprocessAllAssets 1.872ms
			SpeedTree9Postprocessor.OnPostprocessAllAssets 1.789ms
			RenderPipelineGlobalSettingsPostprocessor.OnPostprocessAllAssets 1.524ms
			WindowAssetPostprocessingWatcher.OnPostprocessAllAssets 1.507ms
			RetainedModeAssetPostprocessor.OnPostprocessAllAssets 1.480ms
			EditModeScopePostprocessor.OnPostprocessAllAssets 1.462ms
			PostProcessor.OnPostprocessAllAssets 1.075ms
			ProjectSettingsPostprocessor.OnPostprocessAllAssets 0.722ms
			MaterialPostprocessor.OnPostprocessAllAssets 0.674ms
			TextAssetPostProcessor.OnPostprocessAllAssets 0.646ms
			AssetChangeDetector.OnPostprocessAllAssets 0.631ms
			TMPro_TexturePostProcessor.OnPostprocessAllAssets 0.531ms
			InputActionAssetPostprocessor.OnPostprocessAllAssets 0.488ms
			InputActionJsonNameModifierAssetProcessor.OnPostprocessAllAssets 0.428ms
			ArtifactBrowserPostProcessor.OnPostprocessAllAssets 0.413ms
			ShaderReflectionAssetPostProcessor.OnPostprocessAllAssets 0.392ms
			SpriteEditorTexturePostprocessor.OnPostprocessAllAssets 0.387ms
			ThemePostprocessor.OnPostprocessAllAssets 0.338ms
			AssetEvents.OnPostprocessAllAssets 0.331ms
			AudioMixerPostprocessor.OnPostprocessAllAssets 0.270ms
			ModelAssetProcessor.OnPostprocessAllAssets 0.263ms
			TerrainToolbarOverlayPostProcessor.OnPostprocessAllAssets 0.215ms
			SkillsProjectAssetPostprocessor.OnPostprocessAllAssets 0.201ms
			ReferencedClipsPostProcessor.OnPostprocessAllAssets 0.185ms
			TrackSelectedAssetsProcessor.OnPostprocessAllAssets 0.175ms
			SpeedTreePostProcessor.OnPostprocessAllAssets 0.118ms
			ConfigAssetsTracker.OnPostprocessAllAssets 0.081ms
			AssetDatabaseCallbacks.OnPostprocessAllAssets 0.074ms
	PostAssetChangesProfiler: 12.030ms
	UnloadStreamsBegin: 2.750ms
	PersistCurrentRevisions: 0.567ms
	GenerateScriptTypeHashes: 2.988ms
	GenerateScriptTypeSerializationHashes: 5.178ms
	Untracked: 1523.770ms

Application.AssetDatabase Initial Refresh End
Shader Hidden/ChartRasterizerHardware is not supported: GPU does not support conservative rasterization
Shader Hidden/ChartRasterizerHardware is not supported: GPU does not support conservative rasterization
Scanning for USB devices : 0.263ms
Initializing Unity extensions:
Worker ready: AssetImportWorkerHW0 0
[MODES] ModeService[none].Initialize
[MODES] ModeService[none].LoadModes
[MODES] Loading mode Default (0) for mode-current-id-HAREKÂT
Unloading 105 Unused Serialized files (Serialized files now loaded: 0)
Unloading 8226 unused Assets / (4.0 MB). Loaded Objects now: 9282.
Memory consumption went from 356.2 MB to 352.2 MB.
Total: 21.002209 ms (FindLiveObjects: 0.525416 ms CreateObjectMapping: 0.539750 ms MarkObjects: 18.165208 ms  DeleteObjects: 1.649125 ms)

[HAREKÂT] Build Settings: 7 sahne.
UnityEngine.Debug:ExtractStackTraceNoAlloc (byte*,int,string)
UnityEngine.StackTraceUtility:ExtractStackTrace () (at /Users/bokken/build/output/unity/unity/Runtime/Export/Scripting/StackTrace.cs:23)
UnityEngine.DebugLogHandler:Internal_Log (UnityEngine.LogType,UnityEngine.LogOption,string,UnityEngine.Object)
UnityEngine.DebugLogHandler:LogFormat (UnityEngine.LogType,UnityEngine.Object,string,object[])
UnityEngine.Logger:Log (UnityEngine.LogType,object)
UnityEngine.Debug:Log (object)
Project.EditorTools.SceneBuilder:EnsureBuildSettings () (at Assets/_Project/Scripts/Editor/SceneBuilder.cs:62)
Project.EditorTools.BuildTool:EnsureScenesOrDie () (at Assets/_Project/Scripts/Editor/BuildTool.cs:93)
Project.EditorTools.BuildTool:BuildMac () (at Assets/_Project/Scripts/Editor/BuildTool.cs:64)
Project.EditorTools.BatchEntry:BuildMac () (at Assets/_Project/Scripts/Editor/BatchEntry.cs:47)

(Filename: Assets/_Project/Scripts/Editor/SceneBuilder.cs Line: 62)

Importing 'GUID: 224baa11d2fcf4d2b8229a5c185dd77b - Path: Assets/_Project/Settings/Rendering/URP_Low.asset' with importer (NativeFormatImporter)
Imported 'GUID: 224baa11d2fcf4d2b8229a5c185dd77b' -> (Import Result ID: 'a8c21fdc83380d2ce186654b67661a91') in 0.001 seconds [static dependencies only]. Details - ImportResultOutputID=c33ab6d913e8b3195ef4c7bf901b1ef5 DependenciesID=acad35fc0788aca5b0e5ed7eb9d07c89 StaticDependenciesID=2ff0b4b8b7b92a143953d325ae7d1de1 
Preloading 1 native plugins for Editor in 2.97 ms.
Asset Pipeline Refresh (id=71a96744164c6450a80697ab79346c80): Total: 0.169 seconds - Initiated by StopAssetImportingV2(NoUpdateAssetOptions)
Importing 'GUID: ad75a5f2fda6c4bf285a8b7c68a477ad - Path: Assets/_Project/Settings/Rendering/URP_Medium.asset' with importer (NativeFormatImporter)
Imported 'GUID: ad75a5f2fda6c4bf285a8b7c68a477ad' -> (Import Result ID: 'c169632f15747b521a691270522e8f8b') in 0.001 seconds [static dependencies only]. Details - ImportResultOutputID=12abc45ce8e7cd14ac169dc602260b6d DependenciesID=03d097197f5bfd92bfa9c69df9f2ef98 StaticDependenciesID=07cb51711e9108676d6fc87b7a475be9 
Asset Pipeline Refresh (id=b8c72c575f35545839c60f2866219d1d): Total: 0.073 seconds - Initiated by StopAssetImportingV2(NoUpdateAssetOptions)
Importing 'GUID: 07addc054312347e9b9f6d672a535719 - Path: Assets/_Project/Settings/Rendering/URP_High.asset' with importer (NativeFormatImporter)
Imported 'GUID: 07addc054312347e9b9f6d672a535719' -> (Import Result ID: 'f607e6512b2874b5c670d9caf1497afc') in 0.001 seconds [static dependencies only]. Details - ImportResultOutputID=c25d19e26b220ea5f04d788d522218fd DependenciesID=2e6a2eca0c19b7a0cb1c723836720e34 StaticDependenciesID=77d266aa723639f66123fc54d470c3cf 
Preloading 1 native plugins for Editor in 2.12 ms.
Asset Pipeline Refresh (id=d4ddabfc589e040c9b9cccb7424b239a): Total: 0.071 seconds - Initiated by StopAssetImportingV2(NoUpdateAssetOptions)
Importing 'GUID: a93b2c68f04a746f4ade73d907b76816 - Path: Assets/_Project/Settings/Rendering/URP_Ultra.asset' with importer (NativeFormatImporter)
Imported 'GUID: a93b2c68f04a746f4ade73d907b76816' -> (Import Result ID: '36124f351007022a711bab0a2ddda532') in 0.001 seconds [static dependencies only]. Details - ImportResultOutputID=d511c360e52e8b03a68f9ea3093ef52d DependenciesID=a878ec8d5c4ef17455940ec2eb02fb22 StaticDependenciesID=17febfc9076706c79f8938f18b322261 
Preloading 1 native plugins for Editor in 2.72 ms.
Asset Pipeline Refresh (id=23c9f3db71a154714aeab7abfe89151b): Total: 0.085 seconds - Initiated by StopAssetImportingV2(NoUpdateAssetOptions)
4 URP assets included in build
- URP_Low - Assets/_Project/Settings/Rendering/URP_Low.asset
	 - URP_Renderer_Low - Assets/_Project/Settings/Rendering/URP_Renderer_Low.asset - UnityEngine.Rendering.Universal.UniversalRendererData
- URP_Medium - Assets/_Project/Settings/Rendering/URP_Medium.asset
	 - URP_Renderer_Medium - Assets/_Project/Settings/Rendering/URP_Renderer_Medium.asset - UnityEngine.Rendering.Universal.UniversalRendererData
- URP_High - Assets/_Project/Settings/Rendering/URP_High.asset
	 - URP_Renderer_High - Assets/_Project/Settings/Rendering/URP_Renderer_High.asset - UnityEngine.Rendering.Universal.UniversalRendererData
- URP_Ultra - Assets/_Project/Settings/Rendering/URP_Ultra.asset
	 - URP_Renderer_Ultra - Assets/_Project/Settings/Rendering/URP_Renderer_Ultra.asset - UnityEngine.Rendering.Universal.UniversalRendererData
UnityEngine.Debug:ExtractStackTraceNoAlloc (byte*,int,string)
UnityEngine.StackTraceUtility:ExtractStackTrace () (at /Users/bokken/build/output/unity/unity/Runtime/Export/Scripting/StackTrace.cs:23)
UnityEngine.DebugLogHandler:Internal_Log (UnityEngine.LogType,UnityEngine.LogOption,string,UnityEngine.Object)
UnityEngine.DebugLogHandler:LogFormat (UnityEngine.LogType,UnityEngine.Object,string,object[])
UnityEngine.Logger:Log (UnityEngine.LogType,object)
UnityEngine.Debug:Log (object)
UnityEditor.Rendering.Universal.URPPreprocessBuild:LogIncludedAssets (System.Collections.Generic.List`1<UnityEngine.Rendering.Universal.UniversalRenderPipelineAsset>) (at ./Library/PackageCache/com.unity.render-pipelines.universal@b0678dfc9e21/Editor/BuildProcessors/URPPreprocessBuild.cs:72)
UnityEditor.Rendering.Universal.URPPreprocessBuild:OnPreprocessBuild (UnityEditor.Build.Reporting.BuildReport) (at ./Library/PackageCache/com.unity.render-pipelines.universal@b0678dfc9e21/Editor/BuildProcessors/URPPreprocessBuild.cs:31)
UnityEditor.Build.BuildPipelineInterfaces/<>c__DisplayClass17_0:<OnBuildPreProcess>b__1 (UnityEditor.Build.IPreprocessBuildWithReport) (at /Users/bokken/build/output/unity/unity/Editor/Mono/BuildPipeline/BuildPipelineInterfaces.cs:1132)
UnityEditor.Build.BuildPipelineInterfaces:InvokeCallbackInterfacesPair<UnityEditor.Build.IPreprocessBuild, UnityEditor.Build.IPreprocessBuildWithReport> (System.Collections.Generic.List`1<UnityEditor.Build.IPreprocessBuild>,System.Action`1<UnityEditor.Build.IPreprocessBuild>,System.Collections.Generic.List`1<UnityEditor.Build.IPreprocessBuildWithReport>,System.Action`1<UnityEditor.Build.IPreprocessBuildWithReport>,bool) (at /Users/bokken/build/output/unity/unity/Editor/Mono/BuildPipeline/BuildPipelineInterfaces.cs:1091)
UnityEditor.Build.BuildPipelineInterfaces:OnBuildPreProcess (UnityEditor.Build.Reporting.BuildReport) (at /Users/bokken/build/output/unity/unity/Editor/Mono/BuildPipeline/BuildPipelineInterfaces.cs:1123)
UnityEditor.BuildPipeline:BuildPlayerInternal (string[],string,string,UnityEditor.BuildTargetGroup,UnityEditor.BuildTarget,int,UnityEditor.BuildOptions,string[],string[],bool)
UnityEditor.BuildPipeline:BuildPlayer (UnityEditor.BuildPlayerOptions) (at /Users/bokken/build/output/unity/unity/Editor/Mono/BuildPipeline/BuildPipeline.bindings.cs:270)
Project.EditorTools.BuildTool:BuildMac () (at Assets/_Project/Scripts/Editor/BuildTool.cs:80)
Project.EditorTools.BatchEntry:BuildMac () (at Assets/_Project/Scripts/Editor/BatchEntry.cs:47)

(Filename: ./Library/PackageCache/com.unity.render-pipelines.universal@b0678dfc9e21/Editor/BuildProcessors/URPPreprocessBuild.cs Line: 72)

Importing 'GUID: 884ac28a40e1a4985a831d3ed9add378 - Path: Assets/Resources' with importer (DefaultImporter)
Imported 'GUID: 884ac28a40e1a4985a831d3ed9add378' -> (Import Result ID: '8063e08a57a3030517da0c901008d07a') in 0.002 seconds [static dependencies only]. Details - ImportResultOutputID=a580613405ee568d7cb3cab8c9688307 DependenciesID=1aad604bb594db8eec89b2559cedf6d3 StaticDependenciesID=ee68b58d685a8b1e7d1d8c55d4d42668 
Preloading 1 native plugins for Editor in 2.53 ms.
Asset Pipeline Refresh (id=6f9cc8afd621b498fae89d884fc7f308): Total: 0.086 seconds - Initiated by StopAssetImportingV2(NoUpdateAssetOptions)
[TestRunBuilder] Creating new file 'Assets/Resources/PerformanceTestRunInfo.json' (2352 bytes)
UnityEngine.Debug:ExtractStackTraceNoAlloc (byte*,int,string)
UnityEngine.StackTraceUtility:ExtractStackTrace () (at /Users/bokken/build/output/unity/unity/Runtime/Export/Scripting/StackTrace.cs:23)
UnityEngine.DebugLogHandler:Internal_Log (UnityEngine.LogType,UnityEngine.LogOption,string,UnityEngine.Object)
UnityEngine.DebugLogHandler:LogFormat (UnityEngine.LogType,UnityEngine.Object,string,object[])
UnityEngine.Logger:Log (UnityEngine.LogType,object)
UnityEngine.Debug:Log (object)
Unity.PerformanceTesting.Editor.TestRunBuilder:SaveToStorage (object,string) (at ./Library/PackageCache/com.unity.test-framework.performance@b6023decb532/Editor/TestRunBuilder.cs:242)
Unity.PerformanceTesting.Editor.TestRunBuilder:OnPreprocessBuild (UnityEditor.Build.Reporting.BuildReport) (at ./Library/PackageCache/com.unity.test-framework.performance@b6023decb532/Editor/TestRunBuilder.cs:35)
UnityEditor.Build.BuildPipelineInterfaces/<>c__DisplayClass17_0:<OnBuildPreProcess>b__1 (UnityEditor.Build.IPreprocessBuildWithReport) (at /Users/bokken/build/output/unity/unity/Editor/Mono/BuildPipeline/BuildPipelineInterfaces.cs:1132)
UnityEditor.Build.BuildPipelineInterfaces:InvokeCallbackInterfacesPair<UnityEditor.Build.IPreprocessBuild, UnityEditor.Build.IPreprocessBuildWithReport> (System.Collections.Generic.List`1<UnityEditor.Build.IPreprocessBuild>,System.Action`1<UnityEditor.Build.IPreprocessBuild>,System.Collections.Generic.List`1<UnityEditor.Build.IPreprocessBuildWithReport>,System.Action`1<UnityEditor.Build.IPreprocessBuildWithReport>,bool) (at /Users/bokken/build/output/unity/unity/Editor/Mono/BuildPipeline/BuildPipelineInterfaces.cs:1091)
UnityEditor.Build.BuildPipelineInterfaces:OnBuildPreProcess (UnityEditor.Build.Reporting.BuildReport) (at /Users/bokken/build/output/unity/unity/Editor/Mono/BuildPipeline/BuildPipelineInterfaces.cs:1123)
UnityEditor.BuildPipeline:BuildPlayerInternal (string[],string,string,UnityEditor.BuildTargetGroup,UnityEditor.BuildTarget,int,UnityEditor.BuildOptions,string[],string[],bool)
UnityEditor.BuildPipeline:BuildPlayer (UnityEditor.BuildPlayerOptions) (at /Users/bokken/build/output/unity/unity/Editor/Mono/BuildPipeline/BuildPipeline.bindings.cs:270)
Project.EditorTools.BuildTool:BuildMac () (at Assets/_Project/Scripts/Editor/BuildTool.cs:80)
Project.EditorTools.BatchEntry:BuildMac () (at Assets/_Project/Scripts/Editor/BatchEntry.cs:47)

(Filename: ./Library/PackageCache/com.unity.test-framework.performance@b6023decb532/Editor/TestRunBuilder.cs Line: 242)

[TestRunBuilder] Creating new file 'Assets/Resources/PerformanceTestRunSettings.json' (23 bytes)
UnityEngine.Debug:ExtractStackTraceNoAlloc (byte*,int,string)
UnityEngine.StackTraceUtility:ExtractStackTrace () (at /Users/bokken/build/output/unity/unity/Runtime/Export/Scripting/StackTrace.cs:23)
UnityEngine.DebugLogHandler:Internal_Log (UnityEngine.LogType,UnityEngine.LogOption,string,UnityEngine.Object)
UnityEngine.DebugLogHandler:LogFormat (UnityEngine.LogType,UnityEngine.Object,string,object[])
UnityEngine.Logger:Log (UnityEngine.LogType,object)
UnityEngine.Debug:Log (object)
Unity.PerformanceTesting.Editor.TestRunBuilder:SaveToStorage (object,string) (at ./Library/PackageCache/com.unity.test-framework.performance@b6023decb532/Editor/TestRunBuilder.cs:242)
Unity.PerformanceTesting.Editor.TestRunBuilder:OnPreprocessBuild (UnityEditor.Build.Reporting.BuildReport) (at ./Library/PackageCache/com.unity.test-framework.performance@b6023decb532/Editor/TestRunBuilder.cs:38)
UnityEditor.Build.BuildPipelineInterfaces/<>c__DisplayClass17_0:<OnBuildPreProcess>b__1 (UnityEditor.Build.IPreprocessBuildWithReport) (at /Users/bokken/build/output/unity/unity/Editor/Mono/BuildPipeline/BuildPipelineInterfaces.cs:1132)
UnityEditor.Build.BuildPipelineInterfaces:InvokeCallbackInterfacesPair<UnityEditor.Build.IPreprocessBuild, UnityEditor.Build.IPreprocessBuildWithReport> (System.Collections.Generic.List`1<UnityEditor.Build.IPreprocessBuild>,System.Action`1<UnityEditor.Build.IPreprocessBuild>,System.Collections.Generic.List`1<UnityEditor.Build.IPreprocessBuildWithReport>,System.Action`1<UnityEditor.Build.IPreprocessBuildWithReport>,bool) (at /Users/bokken/build/output/unity/unity/Editor/Mono/BuildPipeline/BuildPipelineInterfaces.cs:1091)
UnityEditor.Build.BuildPipelineInterfaces:OnBuildPreProcess (UnityEditor.Build.Reporting.BuildReport) (at /Users/bokken/build/output/unity/unity/Editor/Mono/BuildPipeline/BuildPipelineInterfaces.cs:1123)
UnityEditor.BuildPipeline:BuildPlayerInternal (string[],string,string,UnityEditor.BuildTargetGroup,UnityEditor.BuildTarget,int,UnityEditor.BuildOptions,string[],string[],bool)
UnityEditor.BuildPipeline:BuildPlayer (UnityEditor.BuildPlayerOptions) (at /Users/bokken/build/output/unity/unity/Editor/Mono/BuildPipeline/BuildPipeline.bindings.cs:270)
Project.EditorTools.BuildTool:BuildMac () (at Assets/_Project/Scripts/Editor/BuildTool.cs:80)
Project.EditorTools.BatchEntry:BuildMac () (at Assets/_Project/Scripts/Editor/BatchEntry.cs:47)

(Filename: ./Library/PackageCache/com.unity.test-framework.performance@b6023decb532/Editor/TestRunBuilder.cs Line: 242)

Importing 'GUID: 224baa11d2fcf4d2b8229a5c185dd77b - Path: Assets/_Project/Settings/Rendering/URP_Low.asset' with importer (NativeFormatImporter)
Imported 'GUID: 224baa11d2fcf4d2b8229a5c185dd77b' -> (Import Result ID: 'a8c21fdc83380d2ce186654b67661a91') in 0.001 seconds [static dependencies only]. Details - ImportResultOutputID=c33ab6d913e8b3195ef4c7bf901b1ef5 DependenciesID=acad35fc0788aca5b0e5ed7eb9d07c89 StaticDependenciesID=2ff0b4b8b7b92a143953d325ae7d1de1 
Preloading 1 native plugins for Editor in 2.69 ms.
Asset Pipeline Refresh (id=428a7dde3d9734dfe8649ed54fa47239): Total: 0.031 seconds - Initiated by StopAssetImportingV2(NoUpdateAssetOptions)
Importing 'GUID: ad75a5f2fda6c4bf285a8b7c68a477ad - Path: Assets/_Project/Settings/Rendering/URP_Medium.asset' with importer (NativeFormatImporter)
Imported 'GUID: ad75a5f2fda6c4bf285a8b7c68a477ad' -> (Import Result ID: 'c169632f15747b521a691270522e8f8b') in 0.001 seconds [static dependencies only]. Details - ImportResultOutputID=12abc45ce8e7cd14ac169dc602260b6d DependenciesID=03d097197f5bfd92bfa9c69df9f2ef98 StaticDependenciesID=07cb51711e9108676d6fc87b7a475be9 
Asset Pipeline Refresh (id=80e25be64e80f486d8df53fed539be5b): Total: 0.038 seconds - Initiated by StopAssetImportingV2(NoUpdateAssetOptions)
Importing 'GUID: 07addc054312347e9b9f6d672a535719 - Path: Assets/_Project/Settings/Rendering/URP_High.asset' with importer (NativeFormatImporter)
Imported 'GUID: 07addc054312347e9b9f6d672a535719' -> (Import Result ID: 'f607e6512b2874b5c670d9caf1497afc') in 0.001 seconds [static dependencies only]. Details - ImportResultOutputID=c25d19e26b220ea5f04d788d522218fd DependenciesID=2e6a2eca0c19b7a0cb1c723836720e34 StaticDependenciesID=77d266aa723639f66123fc54d470c3cf 
Preloading 1 native plugins for Editor in 2.72 ms.
Asset Pipeline Refresh (id=553752ab036664f5b8794b870cfa90ea): Total: 0.038 seconds - Initiated by StopAssetImportingV2(NoUpdateAssetOptions)
Importing 'GUID: a93b2c68f04a746f4ade73d907b76816 - Path: Assets/_Project/Settings/Rendering/URP_Ultra.asset' with importer (NativeFormatImporter)
Imported 'GUID: a93b2c68f04a746f4ade73d907b76816' -> (Import Result ID: '36124f351007022a711bab0a2ddda532') in 0.000 seconds [static dependencies only]. Details - ImportResultOutputID=d511c360e52e8b03a68f9ea3093ef52d DependenciesID=a878ec8d5c4ef17455940ec2eb02fb22 StaticDependenciesID=17febfc9076706c79f8938f18b322261 
Asset Pipeline Refresh (id=10daac8c7622945c79b03036cd182b4c): Total: 0.038 seconds - Initiated by StopAssetImportingV2(NoUpdateAssetOptions)
AcceleratorClientConnectionCallback - disconnected - :0
Importing 'GUID: 00000000000000004000000000000000 - Path: ProjectSettings/ProjectSettings.asset' with importer (LibraryAssetImporter)
Imported 'GUID: 00000000000000004000000000000000' -> (Import Result ID: 'bdac0761cb8bcfa51397bf5cafd29532') in 0.001 seconds [static dependencies only]. Details - ImportResultOutputID=054c890a8f4b6dddbea933bc5e4b7df4 DependenciesID=96a161b02fd60ba4f06a94a1d340f4ce StaticDependenciesID=2bd718a4afac83110a19c4cc4f401516 
Importing 'GUID: 0000000000000000b000000000000000 - Path: ProjectSettings/EditorBuildSettings.asset' with importer (LibraryAssetImporter)
Imported 'GUID: 0000000000000000b000000000000000' -> (Import Result ID: '1523e802e7b4c470df2d0910989610fc') in 0.000 seconds [static dependencies only]. Details - ImportResultOutputID=0a89a5c5f492143e0fa186859e17ba6f DependenciesID=8517ee37590e059b27ee5273f76095ae StaticDependenciesID=255b4d1a8d09276057104aaff85ed67c 
Importing 'GUID: 00000000000000006100000000000000 - Path: ProjectSettings/GraphicsSettings.asset' with importer (LibraryAssetImporter)
Imported 'GUID: 00000000000000006100000000000000' -> (Import Result ID: 'dc20ef38d513f888090761b7f878a675') in 0.000 seconds [static dependencies only]. Details - ImportResultOutputID=a2dcdb8bc9503711bc0f2e2d72cfd36c DependenciesID=e4e6a9069c0604b5eb4444b88e97461a StaticDependenciesID=a3cdbd9186b9f7f61f9e16229e3286e3 
Importing 'GUID: 8e3fdb1c3a4e64ddf945866bcd04ef7e - Path: Assets/UniversalRenderPipelineGlobalSettings.asset' with importer (NativeFormatImporter)
Imported 'GUID: 8e3fdb1c3a4e64ddf945866bcd04ef7e' -> (Import Result ID: '25df200be9963ac6dfad6b099c2e0095') in 0.001 seconds [static dependencies only]. Details - ImportResultOutputID=3323bdb23131c7279fdc46d024f67a9c DependenciesID=f71a4a3dabe7d9422a5223dd1e5d0354 StaticDependenciesID=9b9bba49a0250454c510db46a52f7a71 
Preloading 1 native plugins for Editor in 2.58 ms.
Asset Pipeline Refresh (id=2295502c1cbce41ebbac5ff342832318): Total: 0.090 seconds - Initiated by StopAssetImportingV2(NoUpdateAssetOptions)
Found installed macOS SDK 26.4.
Starting: /Applications/Unity/Hub/Editor/6000.6.4f1/Unity.app/Contents/Resources/BuildPipeline/bee_backend --ipc --defer-dag-verification --dagfile="Library/Bee/200b0aESkipCompile.dag" --continue-on-failure --profile="Library/Bee/backend1.traceevents" ScriptAssembliesAndTypeDB
WorkingDir: /Users/f2gomac/Desktop/FPS-GAME
ExitCode: 4 Duration: 6s780ms
Rebuilding DAG because FileSignature timestamp changed: Library/Bee/200b0aESkipCompile-inputdata.json
[BUSY       6s] BuildPlayerDataGenerator Library/BuildPlayerData/Editor/TypeDb-All.json
[2/3        6s] BuildPlayerDataGenerator Library/BuildPlayerData/Editor/TypeDb-All.json
*** Tundra requires additional run (6.65 seconds), 1 items updated, 1 evaluated
Starting: /Applications/Unity/Hub/Editor/6000.6.4f1/Unity.app/Contents/Resources/Scripting/DotNetSdk/dotnet "/Applications/Unity/Hub/Editor/6000.6.4f1/Unity.app/Contents/Resources/BuildPipeline/ScriptCompilationBuildProgram.exe" "Library/Bee/200b0aESkipCompile.dag.json" "Library/Bee/200b0aESkipCompile-inputdata.json" "Library/Bee/buildprogram0.traceevents"
WorkingDir: /Users/f2gomac/Desktop/FPS-GAME
ExitCode: 0 Duration: 0s252ms
Starting: /Applications/Unity/Hub/Editor/6000.6.4f1/Unity.app/Contents/Resources/BuildPipeline/bee_backend --ipc --defer-dag-verification --dagfile="Library/Bee/200b0aESkipCompile.dag" --continue-on-failure --dagfilejson="Library/Bee/200b0aESkipCompile.dag.json" --profile="Library/Bee/backend2.traceevents" ScriptAssembliesAndTypeDB
WorkingDir: /Users/f2gomac/Desktop/FPS-GAME
ExitCode: 0 Duration: 0s29ms
Finished compiling graph: 5 nodes, 6 flattened edges (6 ToBuild, 0 ToUse), maximum node priority 3
*** Tundra build success (0.01 seconds), 0 items updated, 3 evaluated
Total cache size 239875324
Total cache size after purge 239875324, took 00:00:00.2486972
Importing 'GUID: 8875daeddfe6e406da08aaa99f6487f6 - Path: Assets/Resources/PerformanceTestRunSettings.json' with importer (TextScriptImporter)
Imported 'GUID: 8875daeddfe6e406da08aaa99f6487f6' -> (Import Result ID: 'ab8fff24213187ecad575242f5d64642') in 0.002 seconds [static dependencies only]. Details - ImportResultOutputID=1ac2f56d7ab9fa8db79971982a5626e6 DependenciesID=ed9207e68b3db06fe85852909827b44c StaticDependenciesID=1e9c05db02bfba90fc3b8d6bc6c45e23 
Importing 'GUID: 6e9b14139a5744730ae39a3f3642deb9 - Path: Assets/Resources/PerformanceTestRunInfo.json' with importer (TextScriptImporter)
Imported 'GUID: 6e9b14139a5744730ae39a3f3642deb9' -> (Import Result ID: 'c0eefdec03f7540e1f0dbf1444ab938a') in 0.001 seconds [static dependencies only]. Details - ImportResultOutputID=334f9726838268d18326048adbd69d9b DependenciesID=03833904e2a1854fc5abb77fa982ac70 StaticDependenciesID=18bd5e1033aed28f126d8577da9038a5 
Asset Pipeline Refresh (id=f9d117ce36cd842bc98bfa492e010c71): Total: 0.214 seconds - Initiated by RefreshV2(NoUpdateAssetOptions)
[ScriptCompilation] Requested script compilation because: Recompiling scripts for player build.
BuildPlayer: start building target 2
Starting: /Applications/Unity/Hub/Editor/6000.6.4f1/Unity.app/Contents/Resources/BuildPipeline/bee_backend --ipc --defer-dag-verification --dagfile="Library/Bee/200b0aP.dag" --continue-on-failure --profile="Library/Bee/backend1.traceevents" ScriptAssembliesAndTypeDB
WorkingDir: /Users/f2gomac/Desktop/FPS-GAME
Starting: /Applications/Unity/Hub/Editor/6000.6.4f1/Unity.app/Contents/Resources/Scripting/DotNetSdk/dotnet "/Applications/Unity/Hub/Editor/6000.6.4f1/Unity.app/Contents/Resources/BuildPipeline/ScriptCompilationBuildProgram.exe" "Library/Bee/200b0aP.dag.json" "Library/Bee/200b0aP-inputdata.json" "Library/Bee/buildprogram0.traceevents"
WorkingDir: /Users/f2gomac/Desktop/FPS-GAME
ExitCode: 4 Duration: 0s291ms
Rebuilding DAG because FileSignature timestamp changed: Library/Bee/200b0aP-inputdata.json
[455/666    0s] Csc Library/Bee/artifacts/200b0aP.dag/Project.Core.dll (+2 others)
*** Tundra requires additional run (0.27 seconds), 1 items updated, 446 evaluated
ExitCode: 0 Duration: 0s830ms
Starting: /Applications/Unity/Hub/Editor/6000.6.4f1/Unity.app/Contents/Resources/BuildPipeline/bee_backend --ipc --defer-dag-verification --dagfile="Library/Bee/200b0aP.dag" --continue-on-failure --dagfilejson="Library/Bee/200b0aP.dag.json" --profile="Library/Bee/backend2.traceevents" ScriptAssembliesAndTypeDB
WorkingDir: /Users/f2gomac/Desktop/FPS-GAME
warn: Unity.ILPP.Runner.PostProcessingAssemblyLoadContext[0]
      Assembly system.runtime.interopservices.windowsruntime has duplicate hint path. Ignoring "/Applications/Unity/Hub/Editor/6000.6.4f1/Unity.app/Contents/Resources/Scripting/UnityReferenceAssemblies/unity-4.8-api/Facades/System.Runtime.InteropServices.WindowsRuntime.dll" in favor of "/Applications/Unity/Hub/Editor/6000.6.4f1/Unity.app/Contents/Resources/Scripting/NetStandard/Extensions/2.0.0/System.Runtime.InteropServices.WindowsRuntime.dll"
warn: Unity.ILPP.Runner.PostProcessingAssemblyLoadContext[0]
      Assembly system.componentmodel.composition has duplicate hint path. Ignoring "/Applications/Unity/Hub/Editor/6000.6.4f1/Unity.app/Contents/Resources/Scripting/UnityReferenceAssemblies/unity-4.8-api/System.ComponentModel.Composition.dll" in favor of "/Applications/Unity/Hub/Editor/6000.6.4f1/Unity.app/Contents/Resources/Scripting/NetStandard/compat/2.1.0/shims/netfx/System.ComponentModel.Composition.dll"
ExitCode: 0 Duration: 10s
Finished compiling graph: 668 nodes, 7430 flattened edges (5972 ToBuild, 96 ToUse), maximum node priority 402
[229/667    0s] WriteText Library/Bee/artifacts/StandaloneOSX_CodeGen/UnityEngine.TestRunner.rsp
[232/667    0s] WriteText Library/Bee/artifacts/StandaloneOSX_CodeGen/UnityEngine.TestRunner.dll.mvfrm.rsp
[233/667    0s] WriteText Library/Bee/artifacts/200b0aP.dag/UnityEngine.UI.dll.mvfrm.rsp
[234/667    0s] WriteText Library/Bee/artifacts/StandaloneOSX_CodeGen/UnityEngine.UI.dll.mvfrm.rsp
[235/667    0s] WriteText Library/Bee/artifacts/200b0aP.dag/UnityEngine.UI.rsp
[236/667    0s] WriteText Library/Bee/artifacts/StandaloneOSX_CodeGen/UnityEngine.UI.rsp
[256/667    0s] WriteText Library/Bee/artifacts/StandaloneOSX_CodeGen/Unity.Mathematics.dll.mvfrm.rsp
[257/667    0s] WriteText Library/Bee/artifacts/200b0aP.dag/Unity.Mathematics.dll.mvfrm.rsp
[258/667    0s] WriteText Library/Bee/artifacts/200b0aP.dag/Unity.Burst.rsp
[260/667    0s] WriteText Library/Bee/artifacts/200b0aP.dag/Unity.Burst.dll.mvfrm.rsp
[261/667    0s] WriteText Library/Bee/artifacts/StandaloneOSX_CodeGen/Unity.Burst.rsp
[265/667    0s] WriteText Library/Bee/artifacts/200b0aP.dag/Unity.Mathematics.rsp
[266/667    0s] WriteText Library/Bee/artifacts/StandaloneOSX_CodeGen/Unity.Burst.dll.mvfrm.rsp
[269/667    0s] WriteText Library/Bee/artifacts/StandaloneOSX_CodeGen/Unity.Collections.dll.mvfrm.rsp
[270/667    0s] WriteText Library/Bee/artifacts/StandaloneOSX_CodeGen/Unity.Mathematics.rsp
[271/667    0s] WriteText Library/Bee/artifacts/200b0aP.dag/Unity.InputSystem.rsp
[272/667    0s] WriteText Library/Bee/artifacts/200b0aP.dag/Unity.Collections.rsp
[273/667    0s] WriteText Library/Bee/artifacts/200b0aP.dag/Unity.Collections.dll.mvfrm.rsp
[274/667    0s] WriteText Library/Bee/artifacts/200b0aP.dag/Unity.InputSystem.dll.mvfrm.rsp
[282/667    0s] WriteText Library/Bee/artifacts/StandaloneOSX_CodeGen/Unity.Collections.rsp
[287/667    0s] WriteText Library/Bee/artifacts/200b0aP.dag/Unity.RenderPipelines.Core.Runtime.dll.mvfrm.rsp
[289/667    0s] WriteText Library/Bee/artifacts/200b0aP.dag/Unity.RenderPipelines.Core.Runtime.rsp
[291/667    0s] WriteText Library/Bee/artifacts/200b0aP.dag/Unity.UnifiedRayTracing.Runtime.dll.mvfrm.rsp
[292/667    0s] WriteText Library/Bee/artifacts/200b0aP.dag/Unity.UnifiedRayTracing.Runtime.rsp
[307/667    0s] WriteText Library/Bee/artifacts/200b0aP.dag/Unity.InternalAPIEngineBridge.RenderPipelines.Core.Runtime.Shared.dll.mvfrm.rsp
[308/667    0s] WriteText Library/Bee/artifacts/200b0aP.dag/Unity.PathTracing.Runtime.dll.mvfrm.rsp
[309/667    0s] WriteText Library/Bee/artifacts/200b0aP.dag/Unity.InternalAPIEngineBridge.RenderPipelines.Core.Runtime.Shared.rsp
[310/667    0s] WriteText Library/Bee/artifacts/200b0aP.dag/Unity.RenderPipeline.Universal.ShaderLibrary.dll.mvfrm.rsp
[311/667    0s] WriteText Library/Bee/artifacts/200b0aP.dag/Unity.RenderPipeline.Universal.ShaderLibrary.rsp
[312/667    0s] WriteText Library/Bee/artifacts/200b0aP.dag/Unity.Profiling.Core.rsp
[313/667    0s] WriteText Library/Bee/artifacts/200b0aP.dag/Unity.PathTracing.Runtime.rsp
[314/667    0s] WriteText Library/Bee/artifacts/200b0aP.dag/Unity.Profiling.Core.dll.mvfrm.rsp
[315/667    0s] WriteText Library/Bee/artifacts/200b0aP.dag/Unity.RenderPipelines.GPUDriven.Runtime.dll.mvfrm.rsp
[316/667    0s] WriteText Library/Bee/artifacts/200b0aP.dag/Unity.SurfaceCache.Runtime.dll.mvfrm.rsp
[317/667    0s] WriteText Library/Bee/artifacts/200b0aP.dag/Unity.RenderPipelines.Core.Runtime.Shared.rsp
[318/667    0s] WriteText Library/Bee/artifacts/200b0aP.dag/Unity.InternalAPIEngineBridge.ObjectDispatcher.Runtime.dll.mvfrm.rsp
[325/667    0s] WriteText Library/Bee/artifacts/200b0aP.dag/Unity.RenderPipelines.Universal.Config.Runtime.rsp
[326/667    0s] WriteText Library/Bee/artifacts/200b0aP.dag/Unity.SurfaceCache.Runtime.rsp
[327/667    0s] WriteText Library/Bee/artifacts/200b0aP.dag/Unity.RenderPipelines.Universal.Config.Runtime.dll.mvfrm.rsp
[329/667    0s] WriteText Library/Bee/artifacts/200b0aP.dag/Unity.InternalAPIEngineBridge.ObjectDispatcher.Runtime.rsp
[339/667    0s] WriteText Library/Bee/artifacts/200b0aP.dag/Unity.RenderPipelines.Core.Runtime.Shared.dll.mvfrm.rsp
[340/667    0s] WriteText Library/Bee/artifacts/200b0aP.dag/Project.Core.rsp
[341/667    0s] WriteText Library/Bee/artifacts/200b0aP.dag/Unity.RenderPipelines.Universal.Runtime.rsp
[342/667    0s] WriteText Library/Bee/artifacts/200b0aP.dag/Unity.RenderPipelines.GPUDriven.Runtime.rsp
[343/667    0s] WriteText Library/Bee/artifacts/200b0aP.dag/Project.Application.rsp
[344/667    0s] WriteText Library/Bee/artifacts/200b0aP.dag/Unity.InternalAPIEngineBridge.004.dll.mvfrm.rsp
[345/667    0s] WriteText Library/Bee/artifacts/200b0aP.dag/Unity.RenderPipelines.Universal.Runtime.dll.mvfrm.rsp
[346/667    0s] WriteText Library/Bee/artifacts/200b0aP.dag/Project.Infrastructure.dll.mvfrm.rsp
[349/667    0s] WriteText Library/Bee/artifacts/200b0aP.dag/Project.Infrastructure.rsp
[350/667    0s] WriteText Library/Bee/artifacts/200b0aP.dag/Unity.InferenceEngine.dll.mvfrm.rsp
[351/667    0s] WriteText Library/Bee/artifacts/200b0aP.dag/Unity.InternalAPIEngineBridge.004.rsp
[352/667    0s] WriteText Library/Bee/artifacts/200b0aP.dag/Project.Presentation.dll.mvfrm.rsp
[353/667    0s] WriteText Library/Bee/artifacts/200b0aP.dag/Unity.InferenceEngine.rsp
[354/667    0s] WriteText Library/Bee/artifacts/200b0aP.dag/Project.Presentation.rsp
[355/667    0s] WriteText Library/Bee/artifacts/200b0aP.dag/Unity.RenderPipelines.Universal.2D.Runtime.dll.mvfrm.rsp
[356/667    0s] WriteText Library/Bee/artifacts/200b0aP.dag/Unity.AI.Navigation.dll.mvfrm.rsp
[357/667    0s] WriteText Library/Bee/artifacts/200b0aP.dag/Unity.AI.Tracing.dll.mvfrm.rsp
[358/667    0s] WriteText Library/Bee/artifacts/200b0aP.dag/Project.Online.dll.mvfrm.rsp
[359/667    0s] WriteText Library/Bee/artifacts/200b0aP.dag/Project.Infrastructure.VfxGraph.dll.mvfrm.rsp
[360/667    0s] WriteText Library/Bee/artifacts/200b0aP.dag/Unity.AI.MCP.Runtime.dll.mvfrm.rsp
[361/667    0s] WriteText Library/Bee/artifacts/200b0aP.dag/Unity.Collections.Tests.CoreCLR.PublicJobPrivateGeneric.dll.mvfrm.rsp
[362/667    0s] WriteText Library/Bee/artifacts/200b0aP.dag/Unity.InferenceEngine.MacBLAS.dll.mvfrm.rsp
[363/667    0s] WriteText Library/Bee/artifacts/200b0aP.dag/Unity.Collections.Tests.CoreCLR.ProtectedJobNested.dll.mvfrm.rsp
[364/667    0s] WriteText Library/Bee/artifacts/200b0aP.dag/Unity.Collections.Tests.CoreCLR.PrivateJobNested.dll.mvfrm.rsp
[365/667    0s] WriteText Library/Bee/artifacts/200b0aP.dag/Unity.InferenceEngine.Tokenization.dll.mvfrm.rsp
[366/667    0s] WriteText Library/Bee/artifacts/200b0aP.dag/Unity.RenderPipelines.Core.ShaderLibrary.dll.mvfrm.rsp
[378/667    0s] WriteText Library/Bee/artifacts/200b0aP.dag/Unity.Collections.Tests.CoreCLR.InternalJobNestedPrivate.dll.mvfrm.rsp
[402/667    0s] WriteText Library/Bee/artifacts/200b0aP.dag/Unity.RenderPipelines.ShaderGraph.ShaderGraphLibrary.dll.mvfrm.rsp
[403/667    0s] WriteText Library/Bee/artifacts/200b0aP.dag/Unity.InputSystem.ForUI.dll.mvfrm.rsp
[404/667    0s] WriteText Library/Bee/artifacts/200b0aP.dag/Unity.RenderPipelines.Universal.Shaders.dll.mvfrm.rsp
[405/667    0s] WriteText Library/Bee/artifacts/200b0aP.dag/Unity.TextMeshPro.dll.mvfrm.rsp
[406/667    0s] WriteText Library/Bee/artifacts/200b0aP.dag/Unity.AI.Tracing.rsp
[407/667    0s] WriteText Library/Bee/artifacts/200b0aP.dag/Unity.InferenceEngine.MacBLAS.rsp
[408/667    0s] WriteText Library/Bee/artifacts/200b0aP.dag/Unity.RenderPipelines.Universal.2D.Runtime.rsp
[409/667    0s] WriteText Library/Bee/artifacts/200b0aP.dag/Unity.RenderPipelines.Core.ShaderLibrary.rsp
[410/667    0s] WriteText Library/Bee/artifacts/200b0aP.dag/Unity.Collections.Tests.CoreCLR.PublicJobPrivateGeneric.rsp
[411/667    0s] WriteText Library/Bee/artifacts/200b0aP.dag/Unity.InferenceEngine.Tokenization.rsp
[412/667    0s] WriteText Library/Bee/artifacts/200b0aP.dag/Unity.Collections.Tests.CoreCLR.ProtectedJobNested.rsp
[413/667    0s] WriteText Library/Bee/artifacts/200b0aP.dag/Project.Infrastructure.VfxGraph.rsp
[414/667    0s] WriteText Library/Bee/artifacts/200b0aP.dag/Unity.Collections.Tests.CoreCLR.InternalJobNestedPrivate.rsp
[415/667    0s] WriteText Library/Bee/artifacts/200b0aP.dag/Unity.AI.MCP.Runtime.rsp
[416/667    0s] WriteText Library/Bee/artifacts/200b0aP.dag/Unity.Collections.Tests.CoreCLR.PrivateJobNested.rsp
[417/667    0s] WriteText Library/Bee/artifacts/200b0aP.dag/Unity.TextMeshPro.rsp
[418/667    0s] WriteText Library/Bee/artifacts/200b0aP.dag/Unity.RenderPipelines.ShaderGraph.ShaderGraphLibrary.rsp
[419/667    0s] WriteText Library/Bee/artifacts/200b0aP.dag/Unity.AI.Navigation.rsp
[420/667    0s] WriteText Library/Bee/artifacts/200b0aP.dag/Unity.InputSystem.ForUI.rsp
[421/667    0s] WriteText Library/Bee/artifacts/200b0aP.dag/Project.Online.rsp
[422/667    0s] WriteText Library/Bee/artifacts/200b0aP.dag/Unity.RenderPipelines.Universal.Shaders.rsp
[423/667    0s] MovedFromExtractor-Combine Library/Bee/artifacts/StandaloneOSX_CodeGen/UnityEngine.UI.dll.mvfrm
[424/667    0s] MovedFromExtractor-Combine Library/Bee/artifacts/StandaloneOSX_CodeGen/UnityEngine.TestRunner.dll.mvfrm
[425/667    0s] MovedFromExtractor Library/Bee/artifacts/mvdfrm/UnityEngine.VideoModule.dll_12E0572AEE332099.mvfrm
[           0s] Csc Library/Bee/artifacts/StandaloneOSX_CodeGen/UnityEngine.TestRunner.dll (+2 others) [CacheMiss 2419ad70768b73b475f05137fd91579b00000000000000000000000000000006]
[           0s] Csc Library/Bee/artifacts/StandaloneOSX_CodeGen/UnityEngine.UI.dll (+2 others) [CacheMiss e093ed1d3edcb81cedfa0984336bcc1700000000000000000000000000000006]
[426/667    0s] MovedFromExtractor-Combine Library/Bee/artifacts/200b0aP.dag/UnityEngine.UI.dll.mvfrm
[           0s] Csc Library/Bee/artifacts/200b0aP.dag/UnityEngine.UI.dll (+2 others) [CacheMiss ad21cca9893c0dd01239b4d44cc0bd5300000000000000000000000000000006]
[427/667    0s] Csc Library/Bee/artifacts/200b0aP.dag/Project.Core.dll (+2 others)
[428/667    0s] Csc Library/Bee/artifacts/200b0aP.dag/UnityEngine.UI.dll (+2 others)
[429/667    0s] Csc Library/Bee/artifacts/StandaloneOSX_CodeGen/UnityEngine.UI.dll (+2 others)
[430/667    0s] Csc Library/Bee/artifacts/StandaloneOSX_CodeGen/UnityEngine.TestRunner.dll (+2 others)
[           0s] Csc Library/Bee/artifacts/StandaloneOSX_CodeGen/UnityEngine.TestRunner.dll (+2 others) [CacheWrite 2419ad70768b73b475f05137fd91579b00000000000000000000000000000006]
[           0s] Csc Library/Bee/artifacts/StandaloneOSX_CodeGen/UnityEngine.UI.dll (+2 others) [CacheWrite e093ed1d3edcb81cedfa0984336bcc1700000000000000000000000000000006]
[           0s] Csc Library/Bee/artifacts/200b0aP.dag/UnityEngine.UI.dll (+2 others) [CacheWrite ad21cca9893c0dd01239b4d44cc0bd5300000000000000000000000000000006]
[440/667    0s] Csc Library/Bee/artifacts/200b0aP.dag/Project.Application.dll (+2 others)
[441/667    0s] MovedFromExtractor-Combine Library/Bee/artifacts/200b0aP.dag/Unity.InternalAPIEngineBridge.RenderPipelines.Core.Runtime.Shared.dll.mvfrm
[442/667    0s] MovedFromExtractor-Combine Library/Bee/artifacts/200b0aP.dag/Unity.Profiling.Core.dll.mvfrm
[443/667    0s] MovedFromExtractor-Combine Library/Bee/artifacts/200b0aP.dag/Unity.InternalAPIEngineBridge.004.dll.mvfrm
[444/667    0s] MovedFromExtractor-Combine Library/Bee/artifacts/200b0aP.dag/Unity.RenderPipelines.ShaderGraph.ShaderGraphLibrary.dll.mvfrm
[           0s] Csc Library/Bee/artifacts/200b0aP.dag/Unity.InternalAPIEngineBridge.RenderPipelines.Core.Runtime.Shared.dll (+2 others) [CacheMiss 39765ddbab34bd2f03a0e0ac60927d1e00000000000000000000000000000006]
[           0s] Csc Library/Bee/artifacts/200b0aP.dag/Unity.Profiling.Core.dll (+2 others) [CacheMiss 67267e07baeac5007eab08f55578d2a700000000000000000000000000000006]
[           0s] Csc Library/Bee/artifacts/200b0aP.dag/Unity.InternalAPIEngineBridge.004.dll (+2 others) [CacheMiss 7afcae515101de12e40307c58500505000000000000000000000000000000006]
[445/667    0s] MovedFromExtractor-Combine Library/Bee/artifacts/200b0aP.dag/Unity.InputSystem.dll.mvfrm
[446/667    0s] MovedFromExtractor-Combine Library/Bee/artifacts/200b0aP.dag/Unity.InternalAPIEngineBridge.ObjectDispatcher.Runtime.dll.mvfrm
[447/667    0s] MovedFromExtractor-Combine Library/Bee/artifacts/200b0aP.dag/Unity.Burst.dll.mvfrm
[448/667    0s] MovedFromExtractor-Combine Library/Bee/artifacts/StandaloneOSX_CodeGen/Unity.Burst.dll.mvfrm
[           0s] Csc Library/Bee/artifacts/StandaloneOSX_CodeGen/Unity.Burst.dll (+2 others) [CacheMiss 2efc0b2c3bcf9e2189247afa14f4287b00000000000000000000000000000006]
[           0s] Csc Library/Bee/artifacts/200b0aP.dag/Unity.Burst.dll (+2 others) [CacheMiss 6dcca8a3ccca377e90167637769a908400000000000000000000000000000006]
[           0s] Csc Library/Bee/artifacts/200b0aP.dag/Unity.InternalAPIEngineBridge.ObjectDispatcher.Runtime.dll (+2 others) [CacheMiss b02f89708739d8b24ee5532865c52c3300000000000000000000000000000006]
[           0s] Csc Library/Bee/artifacts/200b0aP.dag/Unity.InputSystem.dll (+2 others) [CacheMiss ee3a42480ed38a52b183fd846fbc390300000000000000000000000000000006]
[449/667    0s] MovedFromExtractor-Combine Library/Bee/artifacts/200b0aP.dag/Unity.Mathematics.dll.mvfrm
[           0s] Csc Library/Bee/artifacts/200b0aP.dag/Unity.Mathematics.dll (+2 others) [CacheMiss f0136c83b6e04ba46dab4d911eb45deb00000000000000000000000000000006]
[450/667    0s] MovedFromExtractor-Combine Library/Bee/artifacts/StandaloneOSX_CodeGen/Unity.Mathematics.dll.mvfrm
[451/667    0s] MovedFromExtractor-Combine Library/Bee/artifacts/200b0aP.dag/Project.Infrastructure.VfxGraph.dll.mvfrm
[           0s] Csc Library/Bee/artifacts/StandaloneOSX_CodeGen/Unity.Mathematics.dll (+2 others) [CacheMiss 113eb8504af88d0266ed2bbc7383fbf800000000000000000000000000000006]
[452/667    0s] Csc Library/Bee/artifacts/200b0aP.dag/Unity.InternalAPIEngineBridge.RenderPipelines.Core.Runtime.Shared.dll (+2 others)
[453/667    0s] Csc Library/Bee/artifacts/200b0aP.dag/Unity.Profiling.Core.dll (+2 others)
[           0s] Csc Library/Bee/artifacts/200b0aP.dag/Unity.Profiling.Core.dll (+2 others) [CacheWrite 67267e07baeac5007eab08f55578d2a700000000000000000000000000000006]
[           0s] Csc Library/Bee/artifacts/200b0aP.dag/Unity.InternalAPIEngineBridge.RenderPipelines.Core.Runtime.Shared.dll (+2 others) [CacheWrite 39765ddbab34bd2f03a0e0ac60927d1e00000000000000000000000000000006]
[456/667    0s] Csc Library/Bee/artifacts/200b0aP.dag/Unity.Mathematics.dll (+2 others)
[           0s] Csc Library/Bee/artifacts/200b0aP.dag/Unity.Mathematics.dll (+2 others) [CacheWrite f0136c83b6e04ba46dab4d911eb45deb00000000000000000000000000000006]
[457/667    0s] MovedFromExtractor-Combine Library/Bee/artifacts/200b0aP.dag/Unity.RenderPipelines.Core.ShaderLibrary.dll.mvfrm
[459/667    0s] Csc Library/Bee/artifacts/200b0aP.dag/Unity.InternalAPIEngineBridge.004.dll (+2 others)
[           0s] Csc Library/Bee/artifacts/200b0aP.dag/Unity.InternalAPIEngineBridge.004.dll (+2 others) [CacheWrite 7afcae515101de12e40307c58500505000000000000000000000000000000006]
[461/667    0s] MovedFromExtractor-Combine Library/Bee/artifacts/200b0aP.dag/Unity.AI.Navigation.dll.mvfrm
[462/667    0s] MovedFromExtractor-Combine Library/Bee/artifacts/200b0aP.dag/Unity.AI.MCP.Runtime.dll.mvfrm
[           0s] Csc Library/Bee/artifacts/200b0aP.dag/Unity.AI.MCP.Runtime.dll (+2 others) [CacheMiss ef2626460e8c3f2857759f8dc30b5fbf00000000000000000000000000000006]
[463/667    0s] MovedFromExtractor-Combine Library/Bee/artifacts/200b0aP.dag/Unity.AI.Tracing.dll.mvfrm
[464/667    0s] MovedFromExtractor-Combine Library/Bee/artifacts/200b0aP.dag/Unity.RenderPipelines.Universal.Shaders.dll.mvfrm
[           0s] Csc Library/Bee/artifacts/200b0aP.dag/Unity.AI.Tracing.dll (+2 others) [CacheMiss 918d9ada0ab52e4369c47948f1c209f000000000000000000000000000000006]
[465/667    0s] Csc Library/Bee/artifacts/StandaloneOSX_CodeGen/Unity.Mathematics.dll (+2 others)
[           0s] Csc Library/Bee/artifacts/200b0aP.dag/Unity.RenderPipelines.Universal.Shaders.dll (+2 others) [CacheMiss 23ba517325b5feb1f1d2087f541e56f100000000000000000000000000000006]
[           0s] Csc Library/Bee/artifacts/StandaloneOSX_CodeGen/Unity.Mathematics.dll (+2 others) [CacheWrite 113eb8504af88d0266ed2bbc7383fbf800000000000000000000000000000006]
[           0s] Csc Library/Bee/artifacts/200b0aP.dag/Unity.AI.Navigation.dll (+2 others) [CacheMiss f8cdb03f70792f0003ca897883cb416500000000000000000000000000000006]
[467/667    0s] MovedFromExtractor-Combine Library/Bee/artifacts/200b0aP.dag/Unity.TextMeshPro.dll.mvfrm
[           0s] Csc Library/Bee/artifacts/200b0aP.dag/Unity.TextMeshPro.dll (+2 others) [CacheMiss fb893603d32c0cd2eb9861cf1a69068500000000000000000000000000000006]
[468/667    0s] MovedFromExtractor-Combine Library/Bee/artifacts/200b0aP.dag/Unity.InferenceEngine.Tokenization.dll.mvfrm
[           0s] Csc Library/Bee/artifacts/200b0aP.dag/Unity.InferenceEngine.Tokenization.dll (+2 others) [CacheMiss beb5ea03c5f6ccf91c4842c52caff6bd00000000000000000000000000000006]
[469/667    0s] Csc Library/Bee/artifacts/StandaloneOSX_CodeGen/Unity.Burst.dll (+2 others)
[           0s] Csc Library/Bee/artifacts/StandaloneOSX_CodeGen/Unity.Burst.dll (+2 others) [CacheWrite 2efc0b2c3bcf9e2189247afa14f4287b00000000000000000000000000000006]
[471/667    0s] Csc Library/Bee/artifacts/200b0aP.dag/Unity.AI.MCP.Runtime.dll (+2 others)
[472/667    0s] Csc Library/Bee/artifacts/200b0aP.dag/Unity.RenderPipelines.Universal.Shaders.dll (+2 others)
[           0s] Csc Library/Bee/artifacts/200b0aP.dag/Unity.AI.MCP.Runtime.dll (+2 others) [CacheWrite ef2626460e8c3f2857759f8dc30b5fbf00000000000000000000000000000006]
[           0s] Csc Library/Bee/artifacts/200b0aP.dag/Unity.RenderPipelines.Universal.Shaders.dll (+2 others) [CacheWrite 23ba517325b5feb1f1d2087f541e56f100000000000000000000000000000006]
[           0s] Csc Library/Bee/artifacts/200b0aP.dag/Unity.RenderPipelines.Core.ShaderLibrary.dll (+2 others) [CacheMiss 367d87d702ba9099a9f8d7e02a021ede00000000000000000000000000000006]
[           0s] Csc Library/Bee/artifacts/200b0aP.dag/Unity.RenderPipelines.ShaderGraph.ShaderGraphLibrary.dll (+2 others) [CacheMiss 997f3fad57b7e3a87aa9d0cf535f42f500000000000000000000000000000006]
[473/667    0s] Csc Library/Bee/artifacts/200b0aP.dag/Unity.AI.Tracing.dll (+2 others)
[           0s] Csc Library/Bee/artifacts/200b0aP.dag/Unity.AI.Tracing.dll (+2 others) [CacheWrite 918d9ada0ab52e4369c47948f1c209f000000000000000000000000000000006]
[474/667    0s] MovedFromExtractor-Combine Library/Bee/artifacts/StandaloneOSX_CodeGen/Unity.Collections.dll.mvfrm
[           0s] Csc Library/Bee/artifacts/StandaloneOSX_CodeGen/Unity.Collections.dll (+2 others) [CacheMiss 6e7df97cb8066a116691d1c1b5abc7c700000000000000000000000000000006]
[475/667    0s] Csc Library/Bee/artifacts/200b0aP.dag/Unity.AI.Navigation.dll (+2 others)
[           0s] Csc Library/Bee/artifacts/200b0aP.dag/Unity.AI.Navigation.dll (+2 others) [CacheWrite f8cdb03f70792f0003ca897883cb416500000000000000000000000000000006]
[476/667    0s] Csc Library/Bee/artifacts/200b0aP.dag/Unity.RenderPipelines.Core.ShaderLibrary.dll (+2 others)
[477/667    0s] Csc Library/Bee/artifacts/200b0aP.dag/Unity.RenderPipelines.ShaderGraph.ShaderGraphLibrary.dll (+2 others)
[           0s] Csc Library/Bee/artifacts/200b0aP.dag/Unity.RenderPipelines.ShaderGraph.ShaderGraphLibrary.dll (+2 others) [CacheWrite 997f3fad57b7e3a87aa9d0cf535f42f500000000000000000000000000000006]
[           0s] Csc Library/Bee/artifacts/200b0aP.dag/Unity.RenderPipelines.Core.ShaderLibrary.dll (+2 others) [CacheWrite 367d87d702ba9099a9f8d7e02a021ede00000000000000000000000000000006]
[478/667    0s] Csc Library/Bee/artifacts/200b0aP.dag/Unity.InferenceEngine.Tokenization.dll (+2 others)
[           0s] Csc Library/Bee/artifacts/200b0aP.dag/Unity.InferenceEngine.Tokenization.dll (+2 others) [CacheWrite beb5ea03c5f6ccf91c4842c52caff6bd00000000000000000000000000000006]
[479/667    1s] Csc Library/Bee/artifacts/200b0aP.dag/Unity.Burst.dll (+2 others)
[480/667    1s] Csc Library/Bee/artifacts/200b0aP.dag/Unity.InternalAPIEngineBridge.ObjectDispatcher.Runtime.dll (+2 others)
[           0s] Csc Library/Bee/artifacts/200b0aP.dag/Unity.InternalAPIEngineBridge.ObjectDispatcher.Runtime.dll (+2 others) [CacheWrite b02f89708739d8b24ee5532865c52c3300000000000000000000000000000006]
[           0s] Csc Library/Bee/artifacts/200b0aP.dag/Unity.Burst.dll (+2 others) [CacheWrite 6dcca8a3ccca377e90167637769a908400000000000000000000000000000006]
[483/667    0s] MovedFromExtractor-Combine Library/Bee/artifacts/200b0aP.dag/Unity.Collections.dll.mvfrm
[           0s] Csc Library/Bee/artifacts/200b0aP.dag/Unity.Collections.dll (+2 others) [CacheMiss ec525c17e44b4eb65028362b9d3be8f000000000000000000000000000000006]
[484/667    1s] Csc Library/Bee/artifacts/200b0aP.dag/Unity.TextMeshPro.dll (+2 others)
[           0s] Csc Library/Bee/artifacts/200b0aP.dag/Unity.TextMeshPro.dll (+2 others) [CacheWrite fb893603d32c0cd2eb9861cf1a69068500000000000000000000000000000006]
[485/667    1s] Csc Library/Bee/artifacts/200b0aP.dag/Unity.InputSystem.dll (+2 others)
[           0s] Csc Library/Bee/artifacts/200b0aP.dag/Unity.InputSystem.dll (+2 others) [CacheWrite ee3a42480ed38a52b183fd846fbc390300000000000000000000000000000006]
[487/667    0s] MovedFromExtractor-Combine Library/Bee/artifacts/200b0aP.dag/Unity.InputSystem.ForUI.dll.mvfrm
[488/667    0s] MovedFromExtractor-Combine Library/Bee/artifacts/200b0aP.dag/Project.Online.dll.mvfrm
[           0s] Csc Library/Bee/artifacts/200b0aP.dag/Unity.InputSystem.ForUI.dll (+2 others) [CacheMiss 0591c637ed07ab0332cafdcb30fcf7f100000000000000000000000000000006]
[489/667    0s] Csc Library/Bee/artifacts/200b0aP.dag/Unity.InputSystem.ForUI.dll (+2 others)
[           0s] Csc Library/Bee/artifacts/200b0aP.dag/Unity.InputSystem.ForUI.dll (+2 others) [CacheWrite 0591c637ed07ab0332cafdcb30fcf7f100000000000000000000000000000006]
[490/667    1s] Csc Library/Bee/artifacts/StandaloneOSX_CodeGen/Unity.Collections.dll (+2 others)
[           0s] Csc Library/Bee/artifacts/StandaloneOSX_CodeGen/Unity.Collections.dll (+2 others) [CacheWrite 6e7df97cb8066a116691d1c1b5abc7c700000000000000000000000000000006]
[494/667    1s] Csc Library/Bee/artifacts/200b0aP.dag/Unity.Collections.dll (+2 others)
[           0s] Csc Library/Bee/artifacts/200b0aP.dag/Unity.Collections.dll (+2 others) [CacheWrite ec525c17e44b4eb65028362b9d3be8f000000000000000000000000000000006]
[496/667    0s] ILPP-Configuration Library/ilpp-configuration.nevergeneratedoutput
[497/667    0s] MovedFromExtractor-Combine Library/Bee/artifacts/200b0aP.dag/Unity.InferenceEngine.dll.mvfrm
[498/667    0s] MovedFromExtractor-Combine Library/Bee/artifacts/200b0aP.dag/Unity.Collections.Tests.CoreCLR.InternalJobNestedPrivate.dll.mvfrm
[499/667    0s] MovedFromExtractor-Combine Library/Bee/artifacts/200b0aP.dag/Unity.Collections.Tests.CoreCLR.PublicJobPrivateGeneric.dll.mvfrm
[           0s] Csc Library/Bee/artifacts/200b0aP.dag/Unity.InferenceEngine.dll (+2 others) [CacheMiss 2ce1eeb5623580d428ff467cae71b62500000000000000000000000000000006]
[           0s] Csc Library/Bee/artifacts/200b0aP.dag/Unity.Collections.Tests.CoreCLR.PublicJobPrivateGeneric.dll (+2 others) [CacheMiss 6e1b474f66654fce42318758ccd2646f00000000000000000000000000000006]
[           0s] Csc Library/Bee/artifacts/200b0aP.dag/Unity.Collections.Tests.CoreCLR.InternalJobNestedPrivate.dll (+2 others) [CacheMiss ddaac33238eb5b23f22eb7322c4b9f4800000000000000000000000000000006]
[500/667    0s] MovedFromExtractor-Combine Library/Bee/artifacts/200b0aP.dag/Unity.RenderPipelines.Core.Runtime.dll.mvfrm
[501/667    0s] MovedFromExtractor-Combine Library/Bee/artifacts/200b0aP.dag/Unity.UnifiedRayTracing.Runtime.dll.mvfrm
[502/667    0s] MovedFromExtractor-Combine Library/Bee/artifacts/200b0aP.dag/Unity.Collections.Tests.CoreCLR.PrivateJobNested.dll.mvfrm
[503/667    0s] MovedFromExtractor-Combine Library/Bee/artifacts/200b0aP.dag/Unity.Collections.Tests.CoreCLR.ProtectedJobNested.dll.mvfrm
[           0s] Csc Library/Bee/artifacts/200b0aP.dag/Unity.Collections.Tests.CoreCLR.ProtectedJobNested.dll (+2 others) [CacheMiss 49b1c2eae68a263502d5cde9b99370b900000000000000000000000000000006]
[           0s] Csc Library/Bee/artifacts/200b0aP.dag/Unity.RenderPipelines.Core.Runtime.dll (+2 others) [CacheMiss ee6a08a3795ac06c96ae924eb6d7caa900000000000000000000000000000006]
[           0s] Csc Library/Bee/artifacts/200b0aP.dag/Unity.Collections.Tests.CoreCLR.PrivateJobNested.dll (+2 others) [CacheMiss 9d78ec4a6af81880afe254e0c9fc8a0500000000000000000000000000000006]
[           0s] Csc Library/Bee/artifacts/200b0aP.dag/Unity.UnifiedRayTracing.Runtime.dll (+2 others) [CacheMiss 61354ecdfb152487188b3f52714190cb00000000000000000000000000000006]
[504/667    0s] Csc Library/Bee/artifacts/200b0aP.dag/Unity.Collections.Tests.CoreCLR.ProtectedJobNested.dll (+2 others)
[           0s] Csc Library/Bee/artifacts/200b0aP.dag/Unity.Collections.Tests.CoreCLR.ProtectedJobNested.dll (+2 others) [CacheWrite 49b1c2eae68a263502d5cde9b99370b900000000000000000000000000000006]
[505/667    0s] ILPostProcess Library/Bee/artifacts/200b0aP.dag/post-processed/Unity.RenderPipelines.Core.ShaderLibrary.dll (+pdb)
Processing assembly Library/Bee/artifacts/200b0aP.dag/Unity.RenderPipelines.Core.ShaderLibrary.dll, with 131 defines and 202 references
processors: Unity.Jobs.CodeGen.JobsILPostProcessor, zzzUnity.Burst.CodeGen.BurstILPostProcessor
1 processor(s) skipped this assembly
running Unity.Jobs.CodeGen.JobsILPostProcessor
[506/667    0s] ILPostProcess Library/Bee/artifacts/200b0aP.dag/post-processed/UnityEngine.UI.dll (+pdb)
Processing assembly Library/Bee/artifacts/200b0aP.dag/UnityEngine.UI.dll, with 136 defines and 201 references
processors: Unity.Jobs.CodeGen.JobsILPostProcessor, zzzUnity.Burst.CodeGen.BurstILPostProcessor
1 processor(s) skipped this assembly
running Unity.Jobs.CodeGen.JobsILPostProcessor
[507/667    0s] ILPostProcess Library/Bee/artifacts/200b0aP.dag/post-processed/Unity.Collections.Tests.CoreCLR.ProtectedJobNested.dll (+pdb)
Processing assembly Library/Bee/artifacts/200b0aP.dag/Unity.Collections.Tests.CoreCLR.ProtectedJobNested.dll, with 131 defines and 203 references
processors: Unity.Jobs.CodeGen.JobsILPostProcessor, zzzUnity.Burst.CodeGen.BurstILPostProcessor
1 processor(s) skipped this assembly
running Unity.Jobs.CodeGen.JobsILPostProcessor
[508/667    0s] Csc Library/Bee/artifacts/200b0aP.dag/Unity.Collections.Tests.CoreCLR.PrivateJobNested.dll (+2 others)
[509/667    0s] Csc Library/Bee/artifacts/200b0aP.dag/Unity.UnifiedRayTracing.Runtime.dll (+2 others)
[           0s] Csc Library/Bee/artifacts/200b0aP.dag/Unity.Collections.Tests.CoreCLR.PrivateJobNested.dll (+2 others) [CacheWrite 9d78ec4a6af81880afe254e0c9fc8a0500000000000000000000000000000006]
[           0s] Csc Library/Bee/artifacts/200b0aP.dag/Unity.UnifiedRayTracing.Runtime.dll (+2 others) [CacheWrite 61354ecdfb152487188b3f52714190cb00000000000000000000000000000006]
[511/667    0s] ILPostProcess Library/Bee/artifacts/200b0aP.dag/post-processed/Unity.InternalAPIEngineBridge.ObjectDispatcher.Runtime.dll (+pdb)
Processing assembly Library/Bee/artifacts/200b0aP.dag/Unity.InternalAPIEngineBridge.ObjectDispatcher.Runtime.dll, with 131 defines and 202 references
processors: Unity.Jobs.CodeGen.JobsILPostProcessor, zzzUnity.Burst.CodeGen.BurstILPostProcessor
1 processor(s) skipped this assembly
running Unity.Jobs.CodeGen.JobsILPostProcessor
[512/667    0s] ILPostProcess Library/Bee/artifacts/200b0aP.dag/post-processed/Unity.InferenceEngine.Tokenization.dll (+pdb)
Processing assembly Library/Bee/artifacts/200b0aP.dag/Unity.InferenceEngine.Tokenization.dll, with 131 defines and 200 references
processors: Unity.Jobs.CodeGen.JobsILPostProcessor, zzzUnity.Burst.CodeGen.BurstILPostProcessor
1 processor(s) skipped this assembly
running Unity.Jobs.CodeGen.JobsILPostProcessor
[513/667    0s] ILPostProcess Library/Bee/artifacts/200b0aP.dag/post-processed/Unity.AI.MCP.Runtime.dll (+pdb)
Processing assembly Library/Bee/artifacts/200b0aP.dag/Unity.AI.MCP.Runtime.dll, with 131 defines and 202 references
processors: Unity.Jobs.CodeGen.JobsILPostProcessor, zzzUnity.Burst.CodeGen.BurstILPostProcessor
1 processor(s) skipped this assembly
running Unity.Jobs.CodeGen.JobsILPostProcessor
[514/667    0s] ILPostProcess Library/Bee/artifacts/200b0aP.dag/post-processed/Unity.Collections.dll (+pdb)
Processing assembly Library/Bee/artifacts/200b0aP.dag/Unity.Collections.dll, with 133 defines and 204 references
processors: Unity.Jobs.CodeGen.JobsILPostProcessor, zzzUnity.Burst.CodeGen.BurstILPostProcessor
running Unity.Jobs.CodeGen.JobsILPostProcessor
running zzzUnity.Burst.CodeGen.BurstILPostProcessor
[515/667    0s] ILPostProcess Library/Bee/artifacts/200b0aP.dag/post-processed/Unity.AI.Tracing.dll (+pdb)
Processing assembly Library/Bee/artifacts/200b0aP.dag/Unity.AI.Tracing.dll, with 131 defines and 200 references
processors: Unity.Jobs.CodeGen.JobsILPostProcessor, zzzUnity.Burst.CodeGen.BurstILPostProcessor
1 processor(s) skipped this assembly
running Unity.Jobs.CodeGen.JobsILPostProcessor
[516/667    1s] Csc Library/Bee/artifacts/200b0aP.dag/Unity.Collections.Tests.CoreCLR.PublicJobPrivateGeneric.dll (+2 others)
[517/667    1s] Csc Library/Bee/artifacts/200b0aP.dag/Unity.Collections.Tests.CoreCLR.InternalJobNestedPrivate.dll (+2 others)
[           0s] Csc Library/Bee/artifacts/200b0aP.dag/Unity.Collections.Tests.CoreCLR.InternalJobNestedPrivate.dll (+2 others) [CacheWrite ddaac33238eb5b23f22eb7322c4b9f4800000000000000000000000000000006]
[           0s] Csc Library/Bee/artifacts/200b0aP.dag/Unity.Collections.Tests.CoreCLR.PublicJobPrivateGeneric.dll (+2 others) [CacheWrite 6e1b474f66654fce42318758ccd2646f00000000000000000000000000000006]
[518/667    0s] ILPostProcess Library/Bee/artifacts/200b0aP.dag/post-processed/Unity.UnifiedRayTracing.Runtime.dll (+pdb)
Processing assembly Library/Bee/artifacts/200b0aP.dag/Unity.UnifiedRayTracing.Runtime.dll, with 132 defines and 205 references
processors: Unity.Jobs.CodeGen.JobsILPostProcessor, zzzUnity.Burst.CodeGen.BurstILPostProcessor
running Unity.Jobs.CodeGen.JobsILPostProcessor
running zzzUnity.Burst.CodeGen.BurstILPostProcessor
[519/667    0s] ILPostProcess Library/Bee/artifacts/200b0aP.dag/post-processed/Unity.Collections.Tests.CoreCLR.PrivateJobNested.dll (+pdb)
Processing assembly Library/Bee/artifacts/200b0aP.dag/Unity.Collections.Tests.CoreCLR.PrivateJobNested.dll, with 131 defines and 203 references
processors: Unity.Jobs.CodeGen.JobsILPostProcessor, zzzUnity.Burst.CodeGen.BurstILPostProcessor
1 processor(s) skipped this assembly
running Unity.Jobs.CodeGen.JobsILPostProcessor
[520/667    0s] ILPostProcess Library/Bee/artifacts/200b0aP.dag/post-processed/Unity.TextMeshPro.dll (+pdb)
Processing assembly Library/Bee/artifacts/200b0aP.dag/Unity.TextMeshPro.dll, with 132 defines and 203 references
processors: Unity.Jobs.CodeGen.JobsILPostProcessor, zzzUnity.Burst.CodeGen.BurstILPostProcessor
1 processor(s) skipped this assembly
running Unity.Jobs.CodeGen.JobsILPostProcessor
[521/667    0s] ILPostProcess Library/Bee/artifacts/200b0aP.dag/post-processed/Unity.RenderPipelines.ShaderGraph.ShaderGraphLibrary.dll (+pdb)
Processing assembly Library/Bee/artifacts/200b0aP.dag/Unity.RenderPipelines.ShaderGraph.ShaderGraphLibrary.dll, with 131 defines and 202 references
processors: Unity.Jobs.CodeGen.JobsILPostProcessor, zzzUnity.Burst.CodeGen.BurstILPostProcessor
1 processor(s) skipped this assembly
running Unity.Jobs.CodeGen.JobsILPostProcessor
[522/667    0s] ILPostProcess Library/Bee/artifacts/200b0aP.dag/post-processed/Unity.InternalAPIEngineBridge.RenderPipelines.Core.Runtime.Shared.dll (+pdb)
Processing assembly Library/Bee/artifacts/200b0aP.dag/Unity.InternalAPIEngineBridge.RenderPipelines.Core.Runtime.Shared.dll, with 131 defines and 202 references
processors: Unity.Jobs.CodeGen.JobsILPostProcessor, zzzUnity.Burst.CodeGen.BurstILPostProcessor
1 processor(s) skipped this assembly
running Unity.Jobs.CodeGen.JobsILPostProcessor
[523/667    0s] ILPostProcess Library/Bee/artifacts/200b0aP.dag/post-processed/Unity.RenderPipelines.Universal.Shaders.dll (+pdb)
Processing assembly Library/Bee/artifacts/200b0aP.dag/Unity.RenderPipelines.Universal.Shaders.dll, with 131 defines and 202 references
processors: Unity.Jobs.CodeGen.JobsILPostProcessor, zzzUnity.Burst.CodeGen.BurstILPostProcessor
1 processor(s) skipped this assembly
running Unity.Jobs.CodeGen.JobsILPostProcessor
[524/667    0s] ILPostProcess Library/Bee/artifacts/200b0aP.dag/post-processed/Unity.InternalAPIEngineBridge.004.dll (+pdb)
Processing assembly Library/Bee/artifacts/200b0aP.dag/Unity.InternalAPIEngineBridge.004.dll, with 131 defines and 202 references
processors: Unity.Jobs.CodeGen.JobsILPostProcessor, zzzUnity.Burst.CodeGen.BurstILPostProcessor
1 processor(s) skipped this assembly
running Unity.Jobs.CodeGen.JobsILPostProcessor
[525/667    0s] ILPostProcess Library/Bee/artifacts/200b0aP.dag/post-processed/Unity.Collections.Tests.CoreCLR.PublicJobPrivateGeneric.dll (+pdb)
Processing assembly Library/Bee/artifacts/200b0aP.dag/Unity.Collections.Tests.CoreCLR.PublicJobPrivateGeneric.dll, with 131 defines and 203 references
processors: Unity.Jobs.CodeGen.JobsILPostProcessor, zzzUnity.Burst.CodeGen.BurstILPostProcessor
1 processor(s) skipped this assembly
running Unity.Jobs.CodeGen.JobsILPostProcessor
[526/667    0s] ILPostProcess Library/Bee/artifacts/200b0aP.dag/post-processed/Unity.Collections.Tests.CoreCLR.InternalJobNestedPrivate.dll (+pdb)
Processing assembly Library/Bee/artifacts/200b0aP.dag/Unity.Collections.Tests.CoreCLR.InternalJobNestedPrivate.dll, with 131 defines and 203 references
processors: Unity.Jobs.CodeGen.JobsILPostProcessor, zzzUnity.Burst.CodeGen.BurstILPostProcessor
1 processor(s) skipped this assembly
running Unity.Jobs.CodeGen.JobsILPostProcessor
[527/667    0s] ILPostProcess Library/Bee/artifacts/200b0aP.dag/post-processed/Unity.Profiling.Core.dll (+pdb)
Processing assembly Library/Bee/artifacts/200b0aP.dag/Unity.Profiling.Core.dll, with 131 defines and 202 references
processors: Unity.Jobs.CodeGen.JobsILPostProcessor, zzzUnity.Burst.CodeGen.BurstILPostProcessor
1 processor(s) skipped this assembly
running Unity.Jobs.CodeGen.JobsILPostProcessor
[528/667    0s] ILPostProcess Library/Bee/artifacts/200b0aP.dag/post-processed/Project.Application.dll (+pdb)
Processing assembly Library/Bee/artifacts/200b0aP.dag/Project.Application.dll, with 131 defines and 136 references
processors: Unity.Jobs.CodeGen.JobsILPostProcessor, zzzUnity.Burst.CodeGen.BurstILPostProcessor
1 processor(s) skipped this assembly
running Unity.Jobs.CodeGen.JobsILPostProcessor
[529/667    1s] Csc Library/Bee/artifacts/200b0aP.dag/Unity.RenderPipelines.Core.Runtime.dll (+2 others)
[           0s] Csc Library/Bee/artifacts/200b0aP.dag/Unity.RenderPipelines.Core.Runtime.dll (+2 others) [CacheWrite ee6a08a3795ac06c96ae924eb6d7caa900000000000000000000000000000006]
[530/667    0s] ILPostProcess Library/Bee/artifacts/200b0aP.dag/post-processed/Unity.Mathematics.dll (+pdb)
Processing assembly Library/Bee/artifacts/200b0aP.dag/Unity.Mathematics.dll, with 131 defines and 202 references
processors: Unity.Jobs.CodeGen.JobsILPostProcessor, zzzUnity.Burst.CodeGen.BurstILPostProcessor
1 processor(s) skipped this assembly
running Unity.Jobs.CodeGen.JobsILPostProcessor
[531/667    0s] CopyFiles Library/Bee/PlayerScriptAssemblies/Unity.Collections.dll
[532/667    0s] CopyFiles Library/Bee/PlayerScriptAssemblies/Unity.Collections.Tests.CoreCLR.InternalJobNestedPrivate.dll
[533/667    0s] CopyFiles Library/Bee/PlayerScriptAssemblies/Unity.InternalAPIEngineBridge.ObjectDispatcher.Runtime.dll
[534/667    0s] CopyFiles Library/Bee/PlayerScriptAssemblies/UnityEngine.UI.dll
[535/667    0s] CopyFiles Library/Bee/PlayerScriptAssemblies/Unity.Profiling.Core.dll
[536/667    0s] CopyFiles Library/Bee/PlayerScriptAssemblies/Project.Application.dll
[537/667    0s] CopyFiles Library/Bee/PlayerScriptAssemblies/Unity.AI.MCP.Runtime.dll
[538/667    0s] CopyFiles Library/Bee/PlayerScriptAssemblies/Unity.Collections.Tests.CoreCLR.PublicJobPrivateGeneric.dll
[539/667    0s] CopyFiles Library/Bee/PlayerScriptAssemblies/Unity.InternalAPIEngineBridge.004.dll
[540/667    0s] CopyFiles Library/Bee/PlayerScriptAssemblies/Unity.Collections.Tests.CoreCLR.ProtectedJobNested.dll
[541/667    0s] CopyFiles Library/Bee/PlayerScriptAssemblies/Unity.InferenceEngine.Tokenization.dll
[542/667    0s] CopyFiles Library/Bee/PlayerScriptAssemblies/Unity.RenderPipelines.Universal.Shaders.dll
[543/667    0s] CopyFiles Library/Bee/PlayerScriptAssemblies/Unity.RenderPipelines.Core.ShaderLibrary.dll
[544/667    0s] CopyFiles Library/Bee/PlayerScriptAssemblies/Unity.InternalAPIEngineBridge.RenderPipelines.Core.Runtime.Shared.dll
[545/667    0s] CopyFiles Library/Bee/PlayerScriptAssemblies/Unity.RenderPipelines.ShaderGraph.ShaderGraphLibrary.dll
[546/667    0s] CopyFiles Library/Bee/PlayerScriptAssemblies/Unity.TextMeshPro.dll
[547/667    0s] CopyFiles Library/Bee/PlayerScriptAssemblies/Unity.Collections.Tests.CoreCLR.PrivateJobNested.dll
[548/667    0s] CopyFiles Library/Bee/PlayerScriptAssemblies/Unity.UnifiedRayTracing.Runtime.dll
[549/667    0s] CopyFiles Library/Bee/PlayerScriptAssemblies/Unity.AI.Tracing.dll
[550/667    0s] CopyFiles Library/Bee/PlayerScriptAssemblies/Unity.Profiling.Core.pdb
[551/667    0s] CopyFiles Library/Bee/PlayerScriptAssemblies/Unity.Collections.Tests.CoreCLR.InternalJobNestedPrivate.pdb
[552/667    0s] CopyFiles Library/Bee/PlayerScriptAssemblies/Unity.Collections.Tests.CoreCLR.PublicJobPrivateGeneric.pdb
[553/667    0s] CopyFiles Library/Bee/PlayerScriptAssemblies/Project.Application.pdb
[554/667    0s] CopyFiles Library/Bee/PlayerScriptAssemblies/Unity.InternalAPIEngineBridge.004.pdb
[555/667    0s] CopyFiles Library/Bee/PlayerScriptAssemblies/Unity.RenderPipelines.Universal.Shaders.pdb
[556/667    0s] CopyFiles Library/Bee/PlayerScriptAssemblies/Unity.InternalAPIEngineBridge.RenderPipelines.Core.Runtime.Shared.pdb
[557/667    0s] CopyFiles Library/Bee/PlayerScriptAssemblies/Unity.RenderPipelines.ShaderGraph.ShaderGraphLibrary.pdb
[558/667    0s] CopyFiles Library/Bee/PlayerScriptAssemblies/Unity.TextMeshPro.pdb
[559/667    0s] CopyFiles Library/Bee/PlayerScriptAssemblies/Unity.UnifiedRayTracing.Runtime.pdb
[561/667    0s] CopyFiles Library/Bee/PlayerScriptAssemblies/Unity.AI.Tracing.pdb
[562/667    0s] CopyFiles Library/Bee/PlayerScriptAssemblies/Unity.Collections.Tests.CoreCLR.PrivateJobNested.pdb
[563/667    0s] ILPostProcess Library/Bee/artifacts/200b0aP.dag/post-processed/Unity.AI.Navigation.dll (+pdb)
Processing assembly Library/Bee/artifacts/200b0aP.dag/Unity.AI.Navigation.dll, with 132 defines and 202 references
processors: Unity.Jobs.CodeGen.JobsILPostProcessor, zzzUnity.Burst.CodeGen.BurstILPostProcessor
1 processor(s) skipped this assembly
running Unity.Jobs.CodeGen.JobsILPostProcessor
[564/667    0s] MovedFromExtractor-Combine Library/Bee/artifacts/200b0aP.dag/Unity.RenderPipelines.Universal.Config.Runtime.dll.mvfrm
[565/667    0s] ILPostProcess Library/Bee/artifacts/200b0aP.dag/post-processed/Unity.InputSystem.ForUI.dll (+pdb)
Processing assembly Library/Bee/artifacts/200b0aP.dag/Unity.InputSystem.ForUI.dll, with 131 defines and 203 references
processors: Unity.Jobs.CodeGen.JobsILPostProcessor, zzzUnity.Burst.CodeGen.BurstILPostProcessor
1 processor(s) skipped this assembly
running Unity.Jobs.CodeGen.JobsILPostProcessor
[566/667    0s] MovedFromExtractor-Combine Library/Bee/artifacts/200b0aP.dag/Unity.RenderPipelines.Core.Runtime.Shared.dll.mvfrm
[567/667    0s] ILPostProcess Library/Bee/artifacts/200b0aP.dag/post-processed/Project.Core.dll (+pdb)
Processing assembly Library/Bee/artifacts/200b0aP.dag/Project.Core.dll, with 131 defines and 135 references
processors: Unity.Jobs.CodeGen.JobsILPostProcessor, zzzUnity.Burst.CodeGen.BurstILPostProcessor
1 processor(s) skipped this assembly
running Unity.Jobs.CodeGen.JobsILPostProcessor
[568/667    0s] ILPostProcess Library/Bee/artifacts/200b0aP.dag/post-processed/Unity.InputSystem.dll (+pdb)
Processing assembly Library/Bee/artifacts/200b0aP.dag/Unity.InputSystem.dll, with 142 defines and 202 references
processors: Unity.Jobs.CodeGen.JobsILPostProcessor, zzzUnity.Burst.CodeGen.BurstILPostProcessor
1 processor(s) skipped this assembly
running Unity.Jobs.CodeGen.JobsILPostProcessor
[           0s] Csc Library/Bee/artifacts/200b0aP.dag/Unity.RenderPipelines.Core.Runtime.Shared.dll (+2 others) [CacheMiss 727ef476880fd71a290c88627116433b00000000000000000000000000000006]
[569/667    0s] CopyFiles Library/Bee/PlayerScriptAssemblies/Unity.InputSystem.ForUI.dll
[570/667    0s] CopyFiles Library/Bee/PlayerScriptAssemblies/Unity.AI.Navigation.dll
[571/667    0s] CopyFiles Library/Bee/PlayerScriptAssemblies/Project.Core.dll
[572/667    0s] CopyFiles Library/Bee/PlayerScriptAssemblies/Unity.Mathematics.dll
[573/667    0s] CopyFiles Library/Bee/PlayerScriptAssemblies/Unity.InputSystem.ForUI.pdb
[574/667    0s] CopyFiles Library/Bee/PlayerScriptAssemblies/Unity.AI.Navigation.pdb
[575/667    0s] CopyFiles Library/Bee/PlayerScriptAssemblies/Unity.InputSystem.pdb
[576/667    0s] CopyFiles Library/Bee/PlayerScriptAssemblies/Unity.InputSystem.dll
[577/667    0s] CopyFiles Library/Bee/PlayerScriptAssemblies/Unity.Mathematics.pdb
[578/667    0s] CopyFiles Library/Bee/PlayerScriptAssemblies/Project.Core.pdb
[579/667    0s] CopyFiles Library/Bee/PlayerScriptAssemblies/Unity.AI.MCP.Runtime.pdb
[580/667    0s] CopyFiles Library/Bee/PlayerScriptAssemblies/Unity.Collections.pdb
[581/667    0s] CopyFiles Library/Bee/PlayerScriptAssemblies/Unity.InternalAPIEngineBridge.ObjectDispatcher.Runtime.pdb
[582/667    0s] CopyFiles Library/Bee/PlayerScriptAssemblies/Unity.InferenceEngine.Tokenization.pdb
[583/667    0s] CopyFiles Library/Bee/PlayerScriptAssemblies/UnityEngine.UI.pdb
[584/667    0s] CopyFiles Library/Bee/PlayerScriptAssemblies/Unity.RenderPipelines.Core.ShaderLibrary.pdb
[585/667    0s] CopyFiles Library/Bee/PlayerScriptAssemblies/Unity.Collections.Tests.CoreCLR.ProtectedJobNested.pdb
[586/667    0s] MovedFromExtractor-Combine Library/Bee/artifacts/200b0aP.dag/Unity.PathTracing.Runtime.dll.mvfrm
[587/667    0s] MovedFromExtractor-Combine Library/Bee/artifacts/200b0aP.dag/Unity.RenderPipeline.Universal.ShaderLibrary.dll.mvfrm
[           0s] Csc Library/Bee/artifacts/200b0aP.dag/Unity.RenderPipelines.Universal.Config.Runtime.dll (+2 others) [CacheMiss 85f98f0fd19af7fc148a671b99d8d57300000000000000000000000000000006]
[           0s] Csc Library/Bee/artifacts/200b0aP.dag/Unity.PathTracing.Runtime.dll (+2 others) [CacheMiss 74e86f8f28c3a7f338f09702a22c1b5200000000000000000000000000000006]
[           0s] Csc Library/Bee/artifacts/200b0aP.dag/Unity.RenderPipeline.Universal.ShaderLibrary.dll (+2 others) [CacheMiss 9538ee43c86171e62f7a03bbb7c19a4d00000000000000000000000000000006]
[588/667    0s] ILPostProcess Library/Bee/artifacts/200b0aP.dag/post-processed/Unity.Burst.dll (+pdb)
Processing assembly Library/Bee/artifacts/200b0aP.dag/Unity.Burst.dll, with 131 defines and 202 references
processors: Unity.Jobs.CodeGen.JobsILPostProcessor, zzzUnity.Burst.CodeGen.BurstILPostProcessor
running Unity.Jobs.CodeGen.JobsILPostProcessor
running zzzUnity.Burst.CodeGen.BurstILPostProcessor
[589/667    0s] CopyFiles Library/Bee/PlayerScriptAssemblies/Unity.Burst.dll
[590/667    0s] CopyFiles Library/Bee/PlayerScriptAssemblies/Unity.Burst.pdb
[591/667    0s] MovedFromExtractor-Combine Library/Bee/artifacts/200b0aP.dag/Unity.RenderPipelines.GPUDriven.Runtime.dll.mvfrm
[           0s] Csc Library/Bee/artifacts/200b0aP.dag/Unity.RenderPipelines.GPUDriven.Runtime.dll (+2 others) [CacheMiss e779b9453b7621d324c9af24279fea3b00000000000000000000000000000006]
[592/667    0s] Csc Library/Bee/artifacts/200b0aP.dag/Unity.RenderPipelines.Core.Runtime.Shared.dll (+2 others)
[           0s] Csc Library/Bee/artifacts/200b0aP.dag/Unity.RenderPipelines.Core.Runtime.Shared.dll (+2 others) [CacheWrite 727ef476880fd71a290c88627116433b00000000000000000000000000000006]
[594/667    0s] Csc Library/Bee/artifacts/200b0aP.dag/Unity.RenderPipelines.Universal.Config.Runtime.dll (+2 others)
[           0s] Csc Library/Bee/artifacts/200b0aP.dag/Unity.RenderPipelines.Universal.Config.Runtime.dll (+2 others) [CacheWrite 85f98f0fd19af7fc148a671b99d8d57300000000000000000000000000000006]
[596/667    0s] Csc Library/Bee/artifacts/200b0aP.dag/Unity.RenderPipeline.Universal.ShaderLibrary.dll (+2 others)
[           0s] Csc Library/Bee/artifacts/200b0aP.dag/Unity.RenderPipeline.Universal.ShaderLibrary.dll (+2 others) [CacheWrite 9538ee43c86171e62f7a03bbb7c19a4d00000000000000000000000000000006]
[598/667    0s] Csc Library/Bee/artifacts/200b0aP.dag/Unity.PathTracing.Runtime.dll (+2 others)
[           0s] Csc Library/Bee/artifacts/200b0aP.dag/Unity.PathTracing.Runtime.dll (+2 others) [CacheWrite 74e86f8f28c3a7f338f09702a22c1b5200000000000000000000000000000006]
[600/667    0s] MovedFromExtractor-Combine Library/Bee/artifacts/200b0aP.dag/Unity.SurfaceCache.Runtime.dll.mvfrm
[           0s] Csc Library/Bee/artifacts/200b0aP.dag/Unity.SurfaceCache.Runtime.dll (+2 others) [CacheMiss 9d0288ba629fdae6d5058f1bef0268b700000000000000000000000000000006]
[601/667    0s] ILPostProcess Library/Bee/artifacts/200b0aP.dag/post-processed/Unity.RenderPipelines.Core.Runtime.Shared.dll (+pdb)
Processing assembly Library/Bee/artifacts/200b0aP.dag/Unity.RenderPipelines.Core.Runtime.Shared.dll, with 131 defines and 205 references
processors: Unity.Jobs.CodeGen.JobsILPostProcessor, zzzUnity.Burst.CodeGen.BurstILPostProcessor
1 processor(s) skipped this assembly
running Unity.Jobs.CodeGen.JobsILPostProcessor
[602/667    0s] CopyFiles Library/Bee/PlayerScriptAssemblies/Unity.RenderPipelines.Core.Runtime.Shared.pdb
[603/667    0s] CopyFiles Library/Bee/PlayerScriptAssemblies/Unity.RenderPipelines.Core.Runtime.Shared.dll
[604/667    0s] ILPostProcess Library/Bee/artifacts/200b0aP.dag/post-processed/Unity.RenderPipelines.Universal.Config.Runtime.dll (+pdb)
Processing assembly Library/Bee/artifacts/200b0aP.dag/Unity.RenderPipelines.Universal.Config.Runtime.dll, with 131 defines and 203 references
processors: Unity.Jobs.CodeGen.JobsILPostProcessor, zzzUnity.Burst.CodeGen.BurstILPostProcessor
1 processor(s) skipped this assembly
running Unity.Jobs.CodeGen.JobsILPostProcessor
[605/667    0s] CopyFiles Library/Bee/PlayerScriptAssemblies/Unity.RenderPipelines.Universal.Config.Runtime.dll
[606/667    0s] CopyFiles Library/Bee/PlayerScriptAssemblies/Unity.RenderPipelines.Universal.Config.Runtime.pdb
[607/667    0s] ILPostProcess Library/Bee/artifacts/200b0aP.dag/post-processed/Unity.RenderPipeline.Universal.ShaderLibrary.dll (+pdb)
Processing assembly Library/Bee/artifacts/200b0aP.dag/Unity.RenderPipeline.Universal.ShaderLibrary.dll, with 131 defines and 203 references
processors: Unity.Jobs.CodeGen.JobsILPostProcessor, zzzUnity.Burst.CodeGen.BurstILPostProcessor
1 processor(s) skipped this assembly
running Unity.Jobs.CodeGen.JobsILPostProcessor
[608/667    0s] CopyFiles Library/Bee/PlayerScriptAssemblies/Unity.RenderPipeline.Universal.ShaderLibrary.dll
[609/667    0s] CopyFiles Library/Bee/PlayerScriptAssemblies/Unity.RenderPipeline.Universal.ShaderLibrary.pdb
[610/667    0s] Csc Library/Bee/artifacts/200b0aP.dag/Unity.SurfaceCache.Runtime.dll (+2 others)
[611/667    0s] ILPostProcess Library/Bee/artifacts/200b0aP.dag/post-processed/Unity.RenderPipelines.Core.Runtime.dll (+pdb)
Processing assembly Library/Bee/artifacts/200b0aP.dag/Unity.RenderPipelines.Core.Runtime.dll, with 135 defines and 206 references
processors: Unity.Jobs.CodeGen.JobsILPostProcessor, zzzUnity.Burst.CodeGen.BurstILPostProcessor
1 processor(s) skipped this assembly
running Unity.Jobs.CodeGen.JobsILPostProcessor
[           0s] Csc Library/Bee/artifacts/200b0aP.dag/Unity.SurfaceCache.Runtime.dll (+2 others) [CacheWrite 9d0288ba629fdae6d5058f1bef0268b700000000000000000000000000000006]
[612/667    0s] ILPostProcess Library/Bee/artifacts/200b0aP.dag/post-processed/Unity.PathTracing.Runtime.dll (+pdb)
Processing assembly Library/Bee/artifacts/200b0aP.dag/Unity.PathTracing.Runtime.dll, with 134 defines and 206 references
processors: Unity.Jobs.CodeGen.JobsILPostProcessor, zzzUnity.Burst.CodeGen.BurstILPostProcessor
1 processor(s) skipped this assembly
running Unity.Jobs.CodeGen.JobsILPostProcessor
[613/667    0s] Csc Library/Bee/artifacts/200b0aP.dag/Unity.RenderPipelines.GPUDriven.Runtime.dll (+2 others)
[           0s] Csc Library/Bee/artifacts/200b0aP.dag/Unity.RenderPipelines.GPUDriven.Runtime.dll (+2 others) [CacheWrite e779b9453b7621d324c9af24279fea3b00000000000000000000000000000006]
[616/667    0s] CopyFiles Library/Bee/PlayerScriptAssemblies/Unity.RenderPipelines.Core.Runtime.pdb
[617/667    0s] CopyFiles Library/Bee/PlayerScriptAssemblies/Unity.PathTracing.Runtime.dll
[618/667    0s] CopyFiles Library/Bee/PlayerScriptAssemblies/Unity.RenderPipelines.Core.Runtime.dll
[619/667    0s] CopyFiles Library/Bee/PlayerScriptAssemblies/Unity.PathTracing.Runtime.pdb
[620/667    2s] Csc Library/Bee/artifacts/200b0aP.dag/Unity.InferenceEngine.dll (+2 others)
[           0s] Csc Library/Bee/artifacts/200b0aP.dag/Unity.InferenceEngine.dll (+2 others) [CacheWrite 2ce1eeb5623580d428ff467cae71b62500000000000000000000000000000006]
[622/667    0s] MovedFromExtractor-Combine Library/Bee/artifacts/200b0aP.dag/Unity.RenderPipelines.Universal.Runtime.dll.mvfrm
[           0s] Csc Library/Bee/artifacts/200b0aP.dag/Unity.RenderPipelines.Universal.Runtime.dll (+2 others) [CacheMiss f3a74380a5f7284c51ca1a765efe9dbf00000000000000000000000000000006]
[623/667    0s] MovedFromExtractor-Combine Library/Bee/artifacts/200b0aP.dag/Unity.InferenceEngine.MacBLAS.dll.mvfrm
[           0s] Csc Library/Bee/artifacts/200b0aP.dag/Unity.InferenceEngine.MacBLAS.dll (+2 others) [CacheMiss 2345ecf357b245fd86e6a4554b059d1700000000000000000000000000000006]
[624/667    0s] ILPostProcess Library/Bee/artifacts/200b0aP.dag/post-processed/Unity.SurfaceCache.Runtime.dll (+pdb)
Processing assembly Library/Bee/artifacts/200b0aP.dag/Unity.SurfaceCache.Runtime.dll, with 132 defines and 206 references
processors: Unity.Jobs.CodeGen.JobsILPostProcessor, zzzUnity.Burst.CodeGen.BurstILPostProcessor
1 processor(s) skipped this assembly
running Unity.Jobs.CodeGen.JobsILPostProcessor
[625/667    0s] CopyFiles Library/Bee/PlayerScriptAssemblies/Unity.SurfaceCache.Runtime.dll
[626/667    0s] CopyFiles Library/Bee/PlayerScriptAssemblies/Unity.SurfaceCache.Runtime.pdb
[627/667    0s] Csc Library/Bee/artifacts/200b0aP.dag/Unity.InferenceEngine.MacBLAS.dll (+2 others)
[           0s] Csc Library/Bee/artifacts/200b0aP.dag/Unity.InferenceEngine.MacBLAS.dll (+2 others) [CacheWrite 2345ecf357b245fd86e6a4554b059d1700000000000000000000000000000006]
[628/667    0s] ILPostProcess Library/Bee/artifacts/200b0aP.dag/post-processed/Unity.InferenceEngine.MacBLAS.dll (+pdb)
Processing assembly Library/Bee/artifacts/200b0aP.dag/Unity.InferenceEngine.MacBLAS.dll, with 131 defines and 203 references
processors: Unity.Jobs.CodeGen.JobsILPostProcessor, zzzUnity.Burst.CodeGen.BurstILPostProcessor
1 processor(s) skipped this assembly
running Unity.Jobs.CodeGen.JobsILPostProcessor
[629/667    0s] CopyFiles Library/Bee/PlayerScriptAssemblies/Unity.InferenceEngine.MacBLAS.pdb
[630/667    0s] CopyFiles Library/Bee/PlayerScriptAssemblies/Unity.InferenceEngine.MacBLAS.dll
[631/667    0s] ILPostProcess Library/Bee/artifacts/200b0aP.dag/post-processed/Unity.RenderPipelines.GPUDriven.Runtime.dll (+pdb)
Processing assembly Library/Bee/artifacts/200b0aP.dag/Unity.RenderPipelines.GPUDriven.Runtime.dll, with 132 defines and 207 references
processors: Unity.Jobs.CodeGen.JobsILPostProcessor, zzzUnity.Burst.CodeGen.BurstILPostProcessor
running Unity.Jobs.CodeGen.JobsILPostProcessor
running zzzUnity.Burst.CodeGen.BurstILPostProcessor
[632/667    0s] CopyFiles Library/Bee/PlayerScriptAssemblies/Unity.RenderPipelines.GPUDriven.Runtime.dll
[633/667    0s] CopyFiles Library/Bee/PlayerScriptAssemblies/Unity.RenderPipelines.GPUDriven.Runtime.pdb
[634/667    0s] Csc Library/Bee/artifacts/200b0aP.dag/Unity.RenderPipelines.Universal.Runtime.dll (+2 others)
[           0s] Csc Library/Bee/artifacts/200b0aP.dag/Unity.RenderPipelines.Universal.Runtime.dll (+2 others) [CacheWrite f3a74380a5f7284c51ca1a765efe9dbf00000000000000000000000000000006]
[636/667    0s] MovedFromExtractor-Combine Library/Bee/artifacts/200b0aP.dag/Project.Presentation.dll.mvfrm
[637/667    0s] MovedFromExtractor-Combine Library/Bee/artifacts/200b0aP.dag/Unity.RenderPipelines.Universal.2D.Runtime.dll.mvfrm
[638/667    0s] MovedFromExtractor-Combine Library/Bee/artifacts/200b0aP.dag/Project.Infrastructure.dll.mvfrm
[           0s] Csc Library/Bee/artifacts/200b0aP.dag/Unity.RenderPipelines.Universal.2D.Runtime.dll (+2 others) [CacheMiss 22bcaf6611e4b901e64ea86ecbfea65400000000000000000000000000000006]
[639/667    0s] Csc Library/Bee/artifacts/200b0aP.dag/Unity.RenderPipelines.Universal.2D.Runtime.dll (+2 others)
[           0s] Csc Library/Bee/artifacts/200b0aP.dag/Unity.RenderPipelines.Universal.2D.Runtime.dll (+2 others) [CacheWrite 22bcaf6611e4b901e64ea86ecbfea65400000000000000000000000000000006]
[640/667    1s] ILPostProcess Library/Bee/artifacts/200b0aP.dag/post-processed/Unity.RenderPipelines.Universal.Runtime.dll (+pdb)
Processing assembly Library/Bee/artifacts/200b0aP.dag/Unity.RenderPipelines.Universal.Runtime.dll, with 137 defines and 213 references
processors: Unity.Jobs.CodeGen.JobsILPostProcessor, zzzUnity.Burst.CodeGen.BurstILPostProcessor
running Unity.Jobs.CodeGen.JobsILPostProcessor
running zzzUnity.Burst.CodeGen.BurstILPostProcessor
[641/667    0s] CopyFiles Library/Bee/PlayerScriptAssemblies/Unity.RenderPipelines.Universal.Runtime.dll
[642/667    0s] CopyFiles Library/Bee/PlayerScriptAssemblies/Unity.RenderPipelines.Universal.Runtime.pdb
[643/667    0s] ILPostProcess Library/Bee/artifacts/200b0aP.dag/post-processed/Unity.RenderPipelines.Universal.2D.Runtime.dll (+pdb)
Processing assembly Library/Bee/artifacts/200b0aP.dag/Unity.RenderPipelines.Universal.2D.Runtime.dll, with 133 defines and 208 references
processors: Unity.Jobs.CodeGen.JobsILPostProcessor, zzzUnity.Burst.CodeGen.BurstILPostProcessor
running Unity.Jobs.CodeGen.JobsILPostProcessor
running zzzUnity.Burst.CodeGen.BurstILPostProcessor
[644/667    0s] CopyFiles Library/Bee/PlayerScriptAssemblies/Unity.RenderPipelines.Universal.2D.Runtime.dll
[645/667    0s] CopyFiles Library/Bee/PlayerScriptAssemblies/Unity.RenderPipelines.Universal.2D.Runtime.pdb
[646/667    1s] Csc Library/Bee/artifacts/200b0aP.dag/Project.Infrastructure.dll (+2 others)
Assets/_Project/Scripts/Infrastructure/Rendering/CloudShadows.cs(93,70): warning CS0618: 'FindObjectsSortMode' is obsolete: 'FindObjectsSortMode has been deprecated. Use the FindObjectsByType overloads that do not take a FindObjectsSortMode parameter.'
Assets/_Project/Scripts/Infrastructure/Rendering/CloudShadows.cs(93,26): warning CS0618: 'Object.FindObjectsByType<T>(FindObjectsSortMode)' is obsolete: 'FindObjectsByType with FindObjectsSortMode parameter has been deprecated. Use FindObjectsByType<T>() or FindObjectsByType<T>(FindObjectsInactive) instead. InstanceID will be replaced in the future with EntityId and previous sort order cannot be maintained.'
Assets/_Project/Scripts/Infrastructure/Audio/Foley/WeaponFoley.cs(207,22): warning CS0618: 'Object.FindFirstObjectByType<T>()' is obsolete: 'FindFirstObjectByType has been deprecated because it relies on instance ID ordering. Use FindAnyObjectByType instead, which does not depend on ordering.'
[647/667    1s] ILPostProcess Library/Bee/artifacts/200b0aP.dag/post-processed/Unity.InferenceEngine.dll (+pdb)
Processing assembly Library/Bee/artifacts/200b0aP.dag/Unity.InferenceEngine.dll, with 131 defines and 205 references
processors: Unity.Jobs.CodeGen.JobsILPostProcessor, zzzUnity.Burst.CodeGen.BurstILPostProcessor
running Unity.Jobs.CodeGen.JobsILPostProcessor
running zzzUnity.Burst.CodeGen.BurstILPostProcessor
[648/667    0s] CopyFiles Library/Bee/PlayerScriptAssemblies/Unity.InferenceEngine.pdb
[649/667    0s] CopyFiles Library/Bee/PlayerScriptAssemblies/Unity.InferenceEngine.dll
[650/667    0s] ILPostProcess Library/Bee/artifacts/200b0aP.dag/post-processed/Project.Infrastructure.dll (+pdb)
Processing assembly Library/Bee/artifacts/200b0aP.dag/Project.Infrastructure.dll, with 131 defines and 207 references
processors: Unity.Jobs.CodeGen.JobsILPostProcessor, zzzUnity.Burst.CodeGen.BurstILPostProcessor
1 processor(s) skipped this assembly
running Unity.Jobs.CodeGen.JobsILPostProcessor
[651/667    0s] CopyFiles Library/Bee/PlayerScriptAssemblies/Project.Infrastructure.dll
[652/667    0s] CopyFiles Library/Bee/PlayerScriptAssemblies/Project.Infrastructure.pdb
[653/667    0s] Csc Library/Bee/artifacts/200b0aP.dag/Project.Infrastructure.VfxGraph.dll (+2 others)
[654/667    0s] Csc Library/Bee/artifacts/200b0aP.dag/Project.Presentation.dll (+2 others)
Assets/_Project/Scripts/Presentation/Player/PlayerCameraFx.cs(196,74): warning CS0618: 'FindObjectsSortMode' is obsolete: 'FindObjectsSortMode has been deprecated. Use the FindObjectsByType overloads that do not take a FindObjectsSortMode parameter.'
Assets/_Project/Scripts/Presentation/Player/PlayerCameraFx.cs(196,27): warning CS0618: 'Object.FindObjectsByType<T>(FindObjectsSortMode)' is obsolete: 'FindObjectsByType with FindObjectsSortMode parameter has been deprecated. Use FindObjectsByType<T>() or FindObjectsByType<T>(FindObjectsInactive) instead. InstanceID will be replaced in the future with EntityId and previous sort order cannot be maintained.'
Assets/_Project/Scripts/Presentation/UI/AdvancedDisplay.cs(119,29): warning CS0618: 'Object.FindFirstObjectByType<T>(FindObjectsInactive)' is obsolete: 'FindFirstObjectByType has been deprecated because it relies on instance ID ordering. Use FindAnyObjectByType instead, which does not depend on ordering.'
Assets/_Project/Scripts/Presentation/UI/AdvancedDisplay.cs(122,31): warning CS0618: 'Object.FindFirstObjectByType<T>(FindObjectsInactive)' is obsolete: 'FindFirstObjectByType has been deprecated because it relies on instance ID ordering. Use FindAnyObjectByType instead, which does not depend on ordering.'
Assets/_Project/Scripts/Presentation/Tutorial/TutorialPresenter.cs(372,34): warning CS0618: 'Object.FindFirstObjectByType<T>(FindObjectsInactive)' is obsolete: 'FindFirstObjectByType has been deprecated because it relies on instance ID ordering. Use FindAnyObjectByType instead, which does not depend on ordering.'
Assets/_Project/Scripts/Presentation/Tutorial/TutorialPresenter.cs(375,28): warning CS0618: 'Object.FindFirstObjectByType<T>(FindObjectsInactive)' is obsolete: 'FindFirstObjectByType has been deprecated because it relies on instance ID ordering. Use FindAnyObjectByType instead, which does not depend on ordering.'
Assets/_Project/Scripts/Presentation/UI/HitFeedbackDirector.cs(96,27): warning CS0618: 'Object.FindFirstObjectByType<T>()' is obsolete: 'FindFirstObjectByType has been deprecated because it relies on instance ID ordering. Use FindAnyObjectByType instead, which does not depend on ordering.'
Assets/_Project/Scripts/Presentation/UI/HitFeedbackDirector.cs(113,19): warning CS0618: 'Object.FindFirstObjectByType<T>()' is obsolete: 'FindFirstObjectByType has been deprecated because it relies on instance ID ordering. Use FindAnyObjectByType instead, which does not depend on ordering.'
Assets/_Project/Scripts/Presentation/Benchmark/AaaBenchmarkFeatureInstaller.cs(102,30): warning UAC0005: AppDomain.GetAssemblies() in Unity may return already unloaded assemblies and result in errors or leaks. Use Unity APIs instead, such as 'CurrentAssemblies.GetLoadedAssemblies()' or 'TypeCache.GetTypesDerivedFrom()'.
Assets/_Project/Scripts/Presentation/DevTools/DevConsoleGate.cs(22,21): warning UAC0009: DEVELOPMENT_BUILD preprocessor directive has been deprecated. Please use one of the managed code variant directives (such as DEBUG, UNITY_ENABLE_CHECKS or UNITY_INCLUDE_INSTRUMENTATION) if different code paths are desired for different managed code variants. Checking for development build is possible at runtime using Debug.isDebugBuild. See the Conditional Compilation manual page for more details.
[655/667    0s] ILPostProcess Library/Bee/artifacts/200b0aP.dag/post-processed/Project.Infrastructure.VfxGraph.dll (+pdb)
Processing assembly Library/Bee/artifacts/200b0aP.dag/Project.Infrastructure.VfxGraph.dll, with 131 defines and 205 references
processors: Unity.Jobs.CodeGen.JobsILPostProcessor, zzzUnity.Burst.CodeGen.BurstILPostProcessor
1 processor(s) skipped this assembly
running Unity.Jobs.CodeGen.JobsILPostProcessor
[656/667    0s] CopyFiles Library/Bee/PlayerScriptAssemblies/Project.Infrastructure.VfxGraph.dll
[657/667    0s] CopyFiles Library/Bee/PlayerScriptAssemblies/Project.Infrastructure.VfxGraph.pdb
[658/667    0s] Csc Library/Bee/artifacts/200b0aP.dag/Project.Online.dll (+2 others)
[659/667    0s] ILPostProcess Library/Bee/artifacts/200b0aP.dag/post-processed/Project.Presentation.dll (+pdb)
Processing assembly Library/Bee/artifacts/200b0aP.dag/Project.Presentation.dll, with 131 defines and 208 references
processors: Unity.Jobs.CodeGen.JobsILPostProcessor, zzzUnity.Burst.CodeGen.BurstILPostProcessor
1 processor(s) skipped this assembly
running Unity.Jobs.CodeGen.JobsILPostProcessor
[660/667    0s] CopyFiles Library/Bee/PlayerScriptAssemblies/Project.Presentation.pdb
[661/667    0s] CopyFiles Library/Bee/PlayerScriptAssemblies/Project.Presentation.dll
[662/667    0s] ILPostProcess Library/Bee/artifacts/200b0aP.dag/post-processed/Project.Online.dll (+pdb)
Processing assembly Library/Bee/artifacts/200b0aP.dag/Project.Online.dll, with 131 defines and 207 references
processors: Unity.Jobs.CodeGen.JobsILPostProcessor, zzzUnity.Burst.CodeGen.BurstILPostProcessor
1 processor(s) skipped this assembly
running Unity.Jobs.CodeGen.JobsILPostProcessor
[663/667    0s] CopyFiles Library/Bee/PlayerScriptAssemblies/Project.Online.dll
[664/667    0s] CopyFiles Library/Bee/PlayerScriptAssemblies/Project.Online.pdb
[666/667    1s] BuildPlayerDataGenerator Library/BuildPlayerData/Player/RuntimeInitializeOnLoads.json (+1 other)
*** Tundra build success (10.07 seconds), 299 items updated, 667 evaluated
Assets/_Project/Scripts/Infrastructure/Rendering/CloudShadows.cs(93,70): warning CS0618: 'FindObjectsSortMode' is obsolete: 'FindObjectsSortMode has been deprecated. Use the FindObjectsByType overloads that do not take a FindObjectsSortMode parameter.'
Assets/_Project/Scripts/Infrastructure/Rendering/CloudShadows.cs(93,26): warning CS0618: 'Object.FindObjectsByType<T>(FindObjectsSortMode)' is obsolete: 'FindObjectsByType with FindObjectsSortMode parameter has been deprecated. Use FindObjectsByType<T>() or FindObjectsByType<T>(FindObjectsInactive) instead. InstanceID will be replaced in the future with EntityId and previous sort order cannot be maintained.'
Assets/_Project/Scripts/Infrastructure/Audio/Foley/WeaponFoley.cs(207,22): warning CS0618: 'Object.FindFirstObjectByType<T>()' is obsolete: 'FindFirstObjectByType has been deprecated because it relies on instance ID ordering. Use FindAnyObjectByType instead, which does not depend on ordering.'
Assets/_Project/Scripts/Presentation/Player/PlayerCameraFx.cs(196,74): warning CS0618: 'FindObjectsSortMode' is obsolete: 'FindObjectsSortMode has been deprecated. Use the FindObjectsByType overloads that do not take a FindObjectsSortMode parameter.'
Assets/_Project/Scripts/Presentation/Player/PlayerCameraFx.cs(196,27): warning CS0618: 'Object.FindObjectsByType<T>(FindObjectsSortMode)' is obsolete: 'FindObjectsByType with FindObjectsSortMode parameter has been deprecated. Use FindObjectsByType<T>() or FindObjectsByType<T>(FindObjectsInactive) instead. InstanceID will be replaced in the future with EntityId and previous sort order cannot be maintained.'
Assets/_Project/Scripts/Presentation/UI/AdvancedDisplay.cs(119,29): warning CS0618: 'Object.FindFirstObjectByType<T>(FindObjectsInactive)' is obsolete: 'FindFirstObjectByType has been deprecated because it relies on instance ID ordering. Use FindAnyObjectByType instead, which does not depend on ordering.'
Assets/_Project/Scripts/Presentation/UI/AdvancedDisplay.cs(122,31): warning CS0618: 'Object.FindFirstObjectByType<T>(FindObjectsInactive)' is obsolete: 'FindFirstObjectByType has been deprecated because it relies on instance ID ordering. Use FindAnyObjectByType instead, which does not depend on ordering.'
Assets/_Project/Scripts/Presentation/Tutorial/TutorialPresenter.cs(372,34): warning CS0618: 'Object.FindFirstObjectByType<T>(FindObjectsInactive)' is obsolete: 'FindFirstObjectByType has been deprecated because it relies on instance ID ordering. Use FindAnyObjectByType instead, which does not depend on ordering.'
Assets/_Project/Scripts/Presentation/Tutorial/TutorialPresenter.cs(375,28): warning CS0618: 'Object.FindFirstObjectByType<T>(FindObjectsInactive)' is obsolete: 'FindFirstObjectByType has been deprecated because it relies on instance ID ordering. Use FindAnyObjectByType instead, which does not depend on ordering.'
Assets/_Project/Scripts/Presentation/UI/HitFeedbackDirector.cs(96,27): warning CS0618: 'Object.FindFirstObjectByType<T>()' is obsolete: 'FindFirstObjectByType has been deprecated because it relies on instance ID ordering. Use FindAnyObjectByType instead, which does not depend on ordering.'
Assets/_Project/Scripts/Presentation/UI/HitFeedbackDirector.cs(113,19): warning CS0618: 'Object.FindFirstObjectByType<T>()' is obsolete: 'FindFirstObjectByType has been deprecated because it relies on instance ID ordering. Use FindAnyObjectByType instead, which does not depend on ordering.'
Assets/_Project/Scripts/Presentation/Benchmark/AaaBenchmarkFeatureInstaller.cs(102,30): warning UAC0005: AppDomain.GetAssemblies() in Unity may return already unloaded assemblies and result in errors or leaks. Use Unity APIs instead, such as 'CurrentAssemblies.GetLoadedAssemblies()' or 'TypeCache.GetTypesDerivedFrom()'.
Assets/_Project/Scripts/Presentation/DevTools/DevConsoleGate.cs(22,21): warning UAC0009: DEVELOPMENT_BUILD preprocessor directive has been deprecated. Please use one of the managed code variant directives (such as DEBUG, UNITY_ENABLE_CHECKS or UNITY_INCLUDE_INSTRUMENTATION) if different code paths are desired for different managed code variants. Checking for development build is possible at runtime using Debug.isDebugBuild. See the Conditional Compilation manual page for more details.
layerCameraFx.cs(196,27): warning CS0618: 'Object.FindObjectsByType<T>(FindObjectsSortMode)' is obsolete: 'FindObjectsByType with FindObjectsSortMode parameter has been deprecated. Use FindObjectsByType<T>() or FindObjectsByType<T>(FindObjectsInactive) instead. InstanceID will be replaced in the future with EntityId and previous sort order cannot be maintained.'
Assets/_Project/Scripts/Presentation/UI/AdvancedDisplay.cs(119,29): warning CS0618: 'Object.FindFirstObjectByType<T>(FindObjectsInactive)' is obsolete: 'FindFirstObjectByType has been deprecated because it relies on instance ID ordering. Use FindAnyObjectByType instead, which does not depend on ordering.'
Assets/_Project/Scripts/Presentation/UI/AdvancedDisplay.cs(122,31): warning CS0618: 'Object.FindFirstObjectByType<T>(FindObjectsInactive)' is obsolete: 'FindFirstObjectByType has been deprecated because it relies on instance ID ordering. Use FindAnyObjectByType instead, which does not depend on ordering.'
Assets/_Project/Scripts/Presentation/Tutorial/TutorialPresenter.cs(372,34): warning CS0618: 'Object.FindFirstObjectByType<T>(FindObjectsInactive)' is obsolete: 'FindFirstObjectByType has been deprecated because it relies on instance ID ordering. Use FindAnyObjectByType instead, which does not depend on ordering.'
Assets/_Project/Scripts/Presentation/Tutorial/TutorialPresenter.cs(375,28): warning CS0618: 'Object.FindFirstObjectByType<T>(FindObjectsInactive)' is obsolete: 'FindFirstObjectByType has been deprecated because it relies on instance ID ordering. Use FindAnyObjectByType instead, which does not depend on ordering.'
Assets/_Project/Scripts/Presentation/UI/HitFeedbackDirector.cs(96,27): warning CS0618: 'Object.FindFirstObjectByType<T>()' is obsolete: 'FindFirstObjectByType has been deprecated because it relies on instance ID ordering. Use FindAnyObjectByType instead, which does not depend on ordering.'
Assets/_Project/Scripts/Presentation/UI/HitFeedbackDirector.cs(113,19): warning CS0618: 'Object.FindFirstObjectByType<T>()' is obsolete: 'FindFirstObjectByType has been deprecated because it relies on instance ID ordering. Use FindAnyObjectByType instead, which does not depend on ordering.'
Assets/_Project/Scripts/Presentation/Benchmark/AaaBenchmarkFeatureInstaller.cs(102,30): warning UAC0005: AppDomain.GetAssemblies() in Unity may return already unloaded assemblies and result in errors or leaks. Use Unity APIs instead, such as 'CurrentAssemblies.GetLoadedAssemblies()' or 'TypeCache.GetTypesDerivedFrom()'.
Assets/_Project/Scripts/Presentation/DevTools/DevConsoleGate.cs(22,21): warning UAC0009: DEVELOPMENT_BUILD preprocessor directive has been deprecated. Please use one of the managed code variant directives (such as DEBUG, UNITY_ENABLE_CHECKS or UNITY_INCLUDE_INSTRUMENTATION) if different code paths are desired for different managed code variants. Checking for development build is possible at runtime using Debug.isDebugBuild. See the Conditional Compilation manual page for more details.
Total cache size 253507556
Total cache size after purge 253507556, took 00:00:00.0833995
Rebuilding Data files because Assets/_Project/Scenes/KuzgunVadisi.unity is dirty (hash)


Mono dependencies included in the build
Dependency assembly - Unity.InternalAPIEngineBridge.ObjectDispatcher.Runtime.dll
Dependency assembly - ICSharpCode.SharpZipLib.dll
Dependency assembly - System.Security.AccessControl.dll
Dependency assembly - System.Text.RegularExpressions.dll
Dependency assembly - System.Net.WebHeaderCollection.dll
Dependency assembly - Mono.CompilerServices.SymbolWriter.dll
Dependency assembly - System.IO.dll
Dependency assembly - System.Web.Services.dll
Dependency assembly - System.Security.Cryptography.X509Certificates.dll
Dependency assembly - Microsoft.VisualC.dll
Dependency assembly - System.Linq.Expressions.dll
Dependency assembly - mscorlib.dll
Dependency assembly - System.Linq.Parallel.dll
Dependency assembly - System.Diagnostics.Process.dll
Dependency assembly - System.Security.Cryptography.Algorithms.dll
Dependency assembly - Unity.RenderPipelines.Core.ShaderLibrary.dll
Dependency assembly - System.Security.Cryptography.Primitives.dll
Dependency assembly - Unity.InternalAPIEngineBridge.004.dll
Dependency assembly - Unity.RenderPipeline.Universal.ShaderLibrary.dll
Dependency assembly - System.Xaml.dll
Dependency assembly - System.ServiceProcess.ServiceController.dll
Dependency assembly - System.Threading.Tasks.Extensions.dll
Dependency assembly - System.Reactive.Providers.dll
Dependency assembly - System.Net.Mail.dll
Dependency assembly - System.ServiceModel.Security.dll
Dependency assembly - System.Web.Mobile.dll
Dependency assembly - System.Core.dll
Dependency assembly - System.Reflection.dll
Dependency assembly - System.Runtime.CompilerServices.VisualC.dll
Dependency assembly - System.Xml.XPath.XmlDocument.dll
Dependency assembly - System.Threading.Overlapped.dll
Dependency assembly - Unity.RenderPipelines.GPUDriven.Runtime.dll
Dependency assembly - Unity.Collections.Tests.CoreCLR.ProtectedJobNested.dll
Dependency assembly - Unity.Collections.Tests.CoreCLR.InternalJobNestedPrivate.dll
Dependency assembly - monodoc.dll
Dependency assembly - System.Resources.Reader.dll
Dependency assembly - System.Drawing.Primitives.dll
Dependency assembly - Project.Core.dll
Dependency assembly - System.Web.Abstractions.dll
Dependency assembly - Microsoft.Build.dll
Dependency assembly - System.Security.Claims.dll
Dependency assembly - Accessibility.dll
Dependency assembly - System.IdentityModel.dll
Dependency assembly - System.Security.Cryptography.Encryption.ECDiffieHellman.dll
Dependency assembly - System.Data.Linq.dll
Dependency assembly - System.IdentityModel.Selectors.dll
Dependency assembly - SystemWebTestShim.dll
Dependency assembly - System.Xml.XDocument.dll
Dependency assembly - IBM.Data.DB2.dll
Dependency assembly - System.Web.WebPages.Razor.dll
Dependency assembly - System.Threading.Thread.dll
Dependency assembly - System.Memory.dll
Dependency assembly - System.Web.Extensions.dll
Dependency assembly - System.Runtime.Remoting.dll
Dependency assembly - System.Globalization.dll
Dependency assembly - System.Diagnostics.TraceSource.dll
Dependency assembly - System.DirectoryServices.dll
Dependency assembly - Unity.Collections.Tests.CoreCLR.PublicJobPrivateGeneric.dll
Dependency assembly - System.Net.Cache.dll
Dependency assembly - System.Security.Cryptography.Pkcs.dll
Dependency assembly - Commons.Xml.Relaxng.dll
Dependency assembly - I18N.Other.dll
Dependency assembly - System.ComponentModel.Annotations.dll
Dependency assembly - System.Workflow.Activities.dll
Dependency assembly - System.Xml.ReaderWriter.dll
Dependency assembly - System.ServiceModel.Http.dll
Dependency assembly - Mono.Messaging.RabbitMQ.dll
Dependency assembly - System.Security.dll
Dependency assembly - System.Net.NameResolution.dll
Dependency assembly - System.Messaging.dll
Dependency assembly - System.Data.OracleClient.dll
Dependency assembly - System.Net.Http.Formatting.dll
Dependency assembly - Mono.Parallel.dll
Dependency assembly - Mono.Options.dll
Dependency assembly - Project.Application.dll
Dependency assembly - System.Diagnostics.DiagnosticSource.dll
Dependency assembly - System.IO.Compression.dll
Dependency assembly - System.Drawing.Design.dll
Dependency assembly - Mono.Data.Sqlite.dll
Dependency assembly - Project.Infrastructure.dll
Dependency assembly - System.ServiceModel.dll
Dependency assembly - System.Json.dll
Dependency assembly - System.Diagnostics.Tracing.dll
Dependency assembly - System.Net.Requests.dll
Dependency assembly - System.Xml.XmlDocument.dll
Dependency assembly - Unity.Collections.Tests.CoreCLR.PrivateJobNested.dll
Dependency assembly - Unity.InferenceEngine.Tokenization.dll
Dependency assembly - Mono.WebBrowser.dll
Dependency assembly - System.Runtime.Handles.dll
Dependency assembly - System.Security.Cryptography.Hashing.Algorithms.dll
Dependency assembly - PEAPI.dll
Dependency assembly - System.Console.dll
Dependency assembly - System.Dynamic.Runtime.dll
Dependency assembly - Microsoft.Bcl.AsyncInterfaces.dll
Dependency assembly - Microsoft.Build.Tasks.v4.0.dll
Dependency assembly - System.Collections.Concurrent.dll
Dependency assembly - System.Web.Http.SelfHost.dll
Dependency assembly - Mono.C5.dll
Dependency assembly - System.Security.Cryptography.Encoding.dll
Dependency assembly - System.Threading.Tasks.dll
Dependency assembly - System.Globalization.Calendars.dll
Dependency assembly - System.Data.Entity.dll
Dependency assembly - System.ServiceModel.Web.dll
Dependency assembly - Mono.Security.dll
Dependency assembly - System.Web.DynamicData.dll
Dependency assembly - Mono.Security.Win32.dll
Dependency assembly - System.Text.Encodings.Web.dll
Dependency assembly - System.Security.Cryptography.Cng.dll
Dependency assembly - System.ComponentModel.Composition.dll
Dependency assembly - System.Web.dll
Dependency assembly - System.Runtime.Loader.dll
Dependency assembly - System.Threading.AccessControl.dll
Dependency assembly - System.Data.Services.dll
Dependency assembly - Unity.UnifiedRayTracing.Runtime.dll
Dependency assembly - System.Web.Http.dll
Dependency assembly - netstandard.dll
Dependency assembly - System.Collections.NonGeneric.dll
Dependency assembly - System.Runtime.CompilerServices.Unsafe.dll
Dependency assembly - System.Design.dll
Dependency assembly - System.IO.IsolatedStorage.dll
Dependency assembly - System.Windows.Forms.dll
Dependency assembly - Unity.InternalAPIEngineBridge.RenderPipelines.Core.Runtime.Shared.dll
Dependency assembly - System.Diagnostics.FileVersionInfo.dll
Dependency assembly - System.Workflow.Runtime.dll
Dependency assembly - System.Runtime.dll
Dependency assembly - System.IO.Compression.FileSystem.dll
Dependency assembly - System.ServiceModel.Discovery.dll
Dependency assembly - Unity.RenderPipelines.Universal.Shaders.dll
Dependency assembly - System.Reactive.Runtime.Remoting.dll
Dependency assembly - System.Web.ApplicationServices.dll
Dependency assembly - Unity.RenderPipelines.Core.Runtime.Shared.dll
Dependency assembly - Unity.RenderPipelines.Universal.Runtime.dll
Dependency assembly - WebMatrix.Data.dll
Dependency assembly - System.Runtime.Caching.dll
Dependency assembly - Unity.InferenceEngine.dll
Dependency assembly - Unity.RenderPipelines.ShaderGraph.ShaderGraphLibrary.dll
Dependency assembly - I18N.MidEast.dll
Dependency assembly - System.Deployment.dll
Dependency assembly - System.Web.Razor.dll
Dependency assembly - System.Reactive.Linq.dll
Dependency assembly - System.Buffers.dll
Dependency assembly - System.ComponentModel.TypeConverter.dll
Dependency assembly - System.IO.FileSystem.AccessControl.dll
Dependency assembly - System.Security.Cryptography.DeriveBytes.dll
Dependency assembly - System.DirectoryServices.Protocols.dll
Dependency assembly - Project.Online.dll
Dependency assembly - System.Net.Sockets.dll
Dependency assembly - System.Diagnostics.Debug.dll
Dependency assembly - System.Net.WebSockets.dll
Dependency assembly - System.Net.WebSockets.Client.dll
Dependency assembly - System.Xml.XmlSerializer.dll
Dependency assembly - cscompmgd.dll
Dependency assembly - Unity.Profiling.Core.dll
Dependency assembly - System.ComponentModel.EventBasedAsync.dll
Dependency assembly - System.Reflection.Emit.dll
Dependency assembly - System.Runtime.InteropServices.dll
Dependency assembly - System.dll
Dependency assembly - Microsoft.Web.Infrastructure.dll
Dependency assembly - Microsoft.Win32.Registry.AccessControl.dll
Dependency assembly - System.IO.Compression.ZipFile.dll
Dependency assembly - System.ValueTuple.dll
Dependency assembly - System.Runtime.Extensions.dll
Dependency assembly - System.Reflection.Emit.ILGeneration.dll
Dependency assembly - I18N.West.dll
Dependency assembly - System.Net.NetworkInformation.dll
Dependency assembly - Microsoft.Extensions.Logging.Abstractions.dll
Dependency assembly - System.Web.Mvc.dll
Dependency assembly - System.Threading.Timer.dll
Dependency assembly - System.ServiceModel.Activation.dll
Dependency assembly - System.Security.Principal.dll
Dependency assembly - System.Resources.Writer.dll
Dependency assembly - Mono.Btls.Interface.dll
Dependency assembly - System.Numerics.Vectors.dll
Dependency assembly - System.IO.Pipes.dll
Dependency assembly - System.Xml.XPath.dll
Dependency assembly - System.Web.WebPages.Deployment.dll
Dependency assembly - Unity.PathTracing.Runtime.dll
Dependency assembly - System.Xml.Xsl.Primitives.dll
Dependency assembly - System.ServiceModel.NetTcp.dll
Dependency assembly - System.Reactive.Debugger.dll
Dependency assembly - System.Text.Json.dll
Dependency assembly - System.Dynamic.dll
Dependency assembly - System.Runtime.Serialization.Formatters.dll
Dependency assembly - System.Security.Cryptography.ProtectedData.dll
Dependency assembly - System.Text.Encoding.CodePages.dll
Dependency assembly - System.Net.Http.WebRequest.dll
Dependency assembly - WindowsBase.dll
Dependency assembly - System.Data.Services.Client.dll
Dependency assembly - System.Security.Cryptography.RSA.dll
Dependency assembly - Microsoft.Build.Framework.dll
Dependency assembly - Unity.SurfaceCache.Runtime.dll
Dependency assembly - System.ServiceModel.Routing.dll
Dependency assembly - System.Reflection.Metadata.dll
Dependency assembly - System.Security.Cryptography.Encryption.dll
Dependency assembly - System.Reflection.Context.dll
Dependency assembly - System.Windows.dll
Dependency assembly - System.Web.Routing.dll
Dependency assembly - System.IO.MemoryMappedFiles.dll
Dependency assembly - System.Reflection.Emit.Lightweight.dll
Dependency assembly - System.Collections.dll
Dependency assembly - System.Security.Cryptography.Encryption.ECDsa.dll
Dependency assembly - SMDiagnostics.dll
Dependency assembly - System.Net.Ping.dll
Dependency assembly - Mono.Management.dll
Dependency assembly - I18N.dll
Dependency assembly - System.Diagnostics.Contracts.dll
Dependency assembly - System.AppContext.dll
Dependency assembly - System.Management.dll
Dependency assembly - System.Reactive.Observable.Aliases.dll
Dependency assembly - Mono.Profiler.Log.dll
Dependency assembly - UnityEngine.UI.dll
Dependency assembly - System.Net.Http.dll
Dependency assembly - System.Net.Http.Rtc.dll
Dependency assembly - System.Diagnostics.TextWriterTraceListener.dll
Dependency assembly - System.Web.Extensions.Design.dll
Dependency assembly - System.Net.HttpListener.dll
Dependency assembly - Unity.Collections.dll
Dependency assembly - System.Numerics.dll
Dependency assembly - System.IO.Hashing.dll
Dependency assembly - System.Net.Security.dll
Dependency assembly - System.Security.Cryptography.Encryption.Aes.dll
Dependency assembly - Microsoft.CSharp.dll
Dependency assembly - Mono.Posix.dll
Dependency assembly - Mono.Simd.dll
Dependency assembly - System.ServiceModel.Duplex.dll
Dependency assembly - System.Web.Http.WebHost.dll
Dependency assembly - System.IO.FileSystem.Primitives.dll
Dependency assembly - Mono.Http.dll
Dependency assembly - System.Reactive.Windows.Threading.dll
Dependency assembly - System.ServiceModel.Primitives.dll
Dependency assembly - System.Xml.Linq.dll
Dependency assembly - System.Json.Microsoft.dll
Dependency assembly - Microsoft.Win32.Primitives.dll
Dependency assembly - System.Runtime.Serialization.Xml.dll
Dependency assembly - System.Drawing.dll
Dependency assembly - System.Reflection.Primitives.dll
Dependency assembly - RabbitMQ.Client.dll
Dependency assembly - System.Text.Encoding.Extensions.dll
Dependency assembly - System.Threading.dll
Dependency assembly - Microsoft.Extensions.DependencyInjection.Abstractions.dll
Dependency assembly - Unity.AI.MCP.Runtime.dll
Dependency assembly - Unity.TextMeshPro.dll
Dependency assembly - System.Configuration.dll
Dependency assembly - System.Reactive.Windows.Forms.dll
Dependency assembly - System.Security.Cryptography.OpenSsl.dll
Dependency assembly - System.Collections.Specialized.dll
Dependency assembly - System.Net.Primitives.dll
Dependency assembly - Unity.AI.Tracing.dll
Dependency assembly - System.ObjectModel.dll
Dependency assembly - System.Threading.ThreadPool.dll
Dependency assembly - System.ComponentModel.DataAnnotations.dll
Dependency assembly - Unity.InputSystem.ForUI.dll
Dependency assembly - System.Net.dll
Dependency assembly - System.Reactive.Core.dll
Dependency assembly - System.Threading.Tasks.Parallel.dll
Dependency assembly - Microsoft.Build.Utilities.v4.0.dll
Dependency assembly - Mono.Messaging.dll
Dependency assembly - System.Reactive.Interfaces.dll
Dependency assembly - Unity.AI.Navigation.dll
Dependency assembly - System.Xml.dll
Dependency assembly - System.IO.UnmanagedMemoryStream.dll
Dependency assembly - System.Configuration.Install.dll
Dependency assembly - Unity.RenderPipelines.Universal.Config.Runtime.dll
Dependency assembly - System.Linq.Queryable.dll
Dependency assembly - System.Data.dll
Dependency assembly - System.Data.Common.dll
Dependency assembly - System.Reflection.TypeExtensions.dll
Dependency assembly - Unity.Burst.dll
Dependency assembly - System.Security.Principal.Windows.dll
Dependency assembly - System.Xml.XPath.XDocument.dll
Dependency assembly - System.Runtime.Serialization.Json.dll
Dependency assembly - System.IO.FileSystem.Watcher.dll
Dependency assembly - Unity.RenderPipelines.Universal.2D.Runtime.dll
Dependency assembly - Novell.Directory.Ldap.dll
Dependency assembly - System.Runtime.DurableInstancing.dll
Dependency assembly - System.Reflection.Extensions.dll
Dependency assembly - System.Diagnostics.StackTrace.dll
Dependency assembly - System.Net.AuthenticationManager.dll
Dependency assembly - System.Resources.ResourceManager.dll
Dependency assembly - System.Runtime.Serialization.dll
Dependency assembly - System.Text.Encoding.dll
Dependency assembly - System.Data.DataSetExtensions.dll
Dependency assembly - CustomMarshalers.dll
Dependency assembly - Project.Presentation.dll
Dependency assembly - System.Web.RegularExpressions.dll
Dependency assembly - Mono.CSharp.dll
Dependency assembly - Project.Infrastructure.VfxGraph.dll
Dependency assembly - Unity.Collections.LowLevel.ILSupport.dll
Dependency assembly - System.Net.ServicePoint.dll
Dependency assembly - System.Reflection.DispatchProxy.dll
Dependency assembly - System.ComponentModel.Primitives.dll
Dependency assembly - System.Reactive.Experimental.dll
Dependency assembly - System.Workflow.ComponentModel.dll
Dependency assembly - System.ServiceModel.Internals.dll
Dependency assembly - Mono.Data.Tds.dll
Dependency assembly - I18N.Rare.dll
Dependency assembly - System.Collections.Immutable.dll
Dependency assembly - Microsoft.Win32.Registry.dll
Dependency assembly - System.Xml.Serialization.dll
Dependency assembly - System.Reactive.PlatformServices.dll
Dependency assembly - Unity.RenderPipelines.Core.Runtime.dll
Dependency assembly - System.Data.SqlClient.dll
Dependency assembly - Unity.Mathematics.dll
Dependency assembly - System.Diagnostics.Tools.dll
Dependency assembly - System.Globalization.Extensions.dll
Dependency assembly - System.Resources.ReaderWriter.dll
Dependency assembly - System.Diagnostics.TraceEvent.dll
Dependency assembly - System.IO.FileSystem.DriveInfo.dll
Dependency assembly - System.Security.Cryptography.Csp.dll
Dependency assembly - System.Runtime.InteropServices.RuntimeInformation.dll
Dependency assembly - System.Security.Cryptography.Hashing.dll
Dependency assembly - System.Net.Utilities.dll
Dependency assembly - Newtonsoft.Json.dll
Dependency assembly - Mono.XBuild.Tasks.dll
Dependency assembly - System.Runtime.InteropServices.WindowsRuntime.dll
Dependency assembly - System.Runtime.Numerics.dll
Dependency assembly - I18N.CJK.dll
Dependency assembly - System.EnterpriseServices.dll
Dependency assembly - System.Web.WebPages.dll
Dependency assembly - System.Security.SecureString.dll
Dependency assembly - System.IO.FileSystem.dll
Dependency assembly - System.Linq.dll
Dependency assembly - System.ComponentModel.dll
Dependency assembly - Mono.Tasklets.dll
Dependency assembly - System.ServiceProcess.dll
Dependency assembly - Unity.InferenceEngine.MacBLAS.dll
Dependency assembly - System.Runtime.Serialization.Primitives.dll
Dependency assembly - Microsoft.Build.Engine.dll
Dependency assembly - Unity.InputSystem.dll
Dependency assembly - Mono.Cairo.dll
Dependency assembly - System.Runtime.Serialization.Formatters.Soap.dll
Dependency assembly - System.Threading.Tasks.Dataflow.dll
Dependency assembly - System.Transactions.dll
Dependency assembly - System.Security.Cryptography.RandomNumberGenerator.dll
Dependency assembly - System.Windows.Forms.DataVisualization.dll

Opening scene 'Assets/_Project/Scenes/MainMenu.unity'
Unloading 2 Unused Serialized files (Serialized files now loaded: 0)
Loaded scene 'Assets/_Project/Scenes/MainMenu.unity'
	Deserialize:            2.121 ms
	Integration:            8.392 ms
	Integration of assets:  0.001 ms
	Thread Wait Time:       0.393 ms
	Total Operation Time:   10.907 ms
Unloading 64 unused Assets / (0.6 MB). Loaded Objects now: 9306.
Memory consumption went from 345.2 MB to 344.5 MB.
Total: 18.432375 ms (FindLiveObjects: 0.350875 ms CreateObjectMapping: 0.081542 ms MarkObjects: 17.526708 ms  DeleteObjects: 0.288500 ms)

[Warning] Evict-before-extend: reclaimed cold content for 1417424-byte alloc
[Warning] Evict-before-extend: reclaimed cold content for 1417424-byte alloc
[Warning] Evict-before-extend: reclaimed cold content for 1417424-byte alloc
[Warning] Evict-before-extend: reclaimed cold content for 1417424-byte alloc
[Warning] Evict-before-extend: reclaimed cold content for 1417428-byte alloc
[Warning] Evict-before-extend: reclaimed cold content for 1417428-byte alloc
[Warning] Evict-before-extend: reclaimed cold content for 1417428-byte alloc
[Warning] Evict-before-extend: reclaimed cold content for 1417428-byte alloc
[Warning] Evict-before-extend: reclaimed cold content for 1417428-byte alloc
[Warning] Evict-before-extend: reclaimed cold content for 1417432-byte alloc
[Warning] Evict-before-extend: reclaimed cold content for 1417432-byte alloc
[Warning] Evict-before-extend: reclaimed cold content for 1417428-byte alloc
[Warning] Evict-before-extend: reclaimed cold content for 1417428-byte alloc
[Warning] Evict-before-extend: reclaimed cold content for 1417428-byte alloc
[Warning] Evict-before-extend: reclaimed cold content for 1417428-byte alloc
[Warning] Evict-before-extend: reclaimed cold content for 1417428-byte alloc
[Warning] Evict-before-extend: reclaimed cold content for 1417428-byte alloc
[Warning] Evict-before-extend: reclaimed cold content for 1417428-byte alloc
[Warning] Evict-before-extend: reclaimed cold content for 1417428-byte alloc
[Warning] Evict-before-extend: reclaimed cold content for 1417428-byte alloc
[Warning] Evict-before-extend: reclaimed cold content for 1417428-byte alloc
[Warning] Evict-before-extend: reclaimed cold content for 1417428-byte alloc
[Warning] Evict-before-extend: reclaimed cold content for 1417428-byte alloc
[Warning] Evict-before-extend: reclaimed cold content for 1417428-byte alloc
[Warning] Evict-before-extend: reclaimed cold content for 1417428-byte alloc
[Warning] Evict-before-extend: reclaimed cold content for 1417428-byte alloc
[Warning] Evict-before-extend: reclaimed cold content for 1417432-byte alloc
[Warning] Evict-before-extend: reclaimed cold content for 1417432-byte alloc
[Warning] Evict-before-extend: reclaimed cold content for 1417432-byte alloc
[Warning] Evict-before-extend: reclaimed cold content for 1417432-byte alloc
  Pass "ForwardLit":
Launching external process: /Applications/Unity/Hub/Editor/6000.6.4f1/Unity.app/Contents/Helpers/UnityShaderCompiler
    Target graphics API: metal
    Cached mesh channel usage data found for 0 variants. 16 variants require compilation to get this data.
    Processed in 1.15 seconds
Launched and connected shader compiler UnityShaderCompiler after 0.03 seconds
Launching external process: /Applications/Unity/Hub/Editor/6000.6.4f1/Unity.app/Contents/Helpers/UnityShaderCompiler
Launched and connected shader compiler UnityShaderCompiler after 0.01 seconds
Launching external process: /Applications/Unity/Hub/Editor/6000.6.4f1/Unity.app/Contents/Helpers/UnityShaderCompiler
Launched and connected shader compiler UnityShaderCompiler after 0.01 seconds
Launching external process: /Applications/Unity/Hub/Editor/6000.6.4f1/Unity.app/Contents/Helpers/UnityShaderCompiler
Launched and connected shader compiler UnityShaderCompiler after 0.01 seconds
Launching external process: /Applications/Unity/Hub/Editor/6000.6.4f1/Unity.app/Contents/Helpers/UnityShaderCompiler
Launched and connected shader compiler UnityShaderCompiler after 0.02 seconds
Launching external process: /Applications/Unity/Hub/Editor/6000.6.4f1/Unity.app/Contents/Helpers/UnityShaderCompiler
Launched and connected shader compiler UnityShaderCompiler after 0.02 seconds
Launching external process: /Applications/Unity/Hub/Editor/6000.6.4f1/Unity.app/Contents/Helpers/UnityShaderCompiler
Launched and connected shader compiler UnityShaderCompiler after 0.02 seconds
Launching external process: /Applications/Unity/Hub/Editor/6000.6.4f1/Unity.app/Contents/Helpers/UnityShaderCompiler
Launched and connected shader compiler UnityShaderCompiler after 0.02 seconds
Launching external process: /Applications/Unity/Hub/Editor/6000.6.4f1/Unity.app/Contents/Helpers/UnityShaderCompiler
Launched and connected shader compiler UnityShaderCompiler after 0.02 seconds
  Pass ForwardLit (vp, metal) finished in 2.42 seconds. Local cache hits 0 (0.00s CPU time), remote cache hits 0 (0.00s CPU time), compiled 16 variants (23.39s CPU time), skipped 0 variants.
  Pass "ShadowCaster":
    Target graphics API: metal
    Cached mesh channel usage data found for 0 variants. 4 variants require compilation to get this data.
    Processed in 0.00 seconds
  Pass ShadowCaster (vp, metal) finished in 0.00 seconds. Local cache hits 4 (0.00s CPU time), remote cache hits 0 (0.00s CPU time), compiled 0 variants (0.00s CPU time), skipped 0 variants.
  Pass "GBuffer":
    Target graphics API: metal
    Cached mesh channel usage data found for 0 variants. 0 variants require compilation to get this data.
    Processed in 0.00 seconds
  Pass "DepthOnly":
    Target graphics API: metal
    Cached mesh channel usage data found for 0 variants. 4 variants require compilation to get this data.
    Processed in 0.00 seconds
  Pass DepthOnly (vp, metal) finished in 0.00 seconds. Local cache hits 4 (0.00s CPU time), remote cache hits 0 (0.00s CPU time), compiled 0 variants (0.00s CPU time), skipped 0 variants.
  Pass "DepthNormals":
    Target graphics API: metal
    Cached mesh channel usage data found for 0 variants. 8 variants require compilation to get this data.
    Processed in 0.00 seconds
  Pass DepthNormals (vp, metal) finished in 0.00 seconds. Local cache hits 8 (0.00s CPU time), remote cache hits 0 (0.00s CPU time), compiled 0 variants (0.00s CPU time), skipped 0 variants.
  Pass "Meta":
    Target graphics API: metal
    Cached mesh channel usage data found for 0 variants. 1 variants require compilation to get this data.
    Processed in 0.00 seconds
  Pass Meta (vp, metal) finished in 0.00 seconds. Local cache hits 1 (0.00s CPU time), remote cache hits 0 (0.00s CPU time), compiled 0 variants (0.00s CPU time), skipped 0 variants.
  Pass "Universal2D":
    Target graphics API: metal
    Cached mesh channel usage data found for 0 variants. 0 variants require compilation to get this data.
    Processed in 0.00 seconds
  Pass "MotionVectors":
    Target graphics API: metal
    Cached mesh channel usage data found for 0 variants. 4 variants require compilation to get this data.
    Processed in 0.00 seconds
  Pass MotionVectors (vp, metal) finished in 0.00 seconds. Local cache hits 4 (0.00s CPU time), remote cache hits 0 (0.00s CPU time), compiled 0 variants (0.00s CPU time), skipped 0 variants.
  Pass "XRMotionVectors":
    Target graphics API: metal
    Cached mesh channel usage data found for 0 variants. 0 variants require compilation to get this data.
    Processed in 0.00 seconds
  Pass "":
    Target graphics API: metal
    Cached mesh channel usage data found for 0 variants. 1 variants require compilation to get this data.
    Processed in 0.00 seconds
  Pass  (vp, metal) finished in 0.00 seconds. Local cache hits 1 (0.00s CPU time), remote cache hits 0 (0.00s CPU time), compiled 0 variants (0.00s CPU time), skipped 0 variants.
[Warning] Evict-before-extend: reclaimed cold content for 5611724-byte alloc
[Warning] Evict-before-extend: reclaimed cold content for 5611724-byte alloc
Opening scene 'Assets/_Project/Scenes/KuzgunVadisi.unity'
Unloading 9234 Unused Serialized files (Serialized files now loaded: 0)
Loaded scene 'Assets/_Project/Scenes/KuzgunVadisi.unity'
	Deserialize:            97.735 ms
	Integration:            522.795 ms
	Integration of assets:  0.090 ms
	Thread Wait Time:       -0.033 ms
	Total Operation Time:   620.588 ms
Unloading 9652 unused Assets / (179.9 MB). Loaded Objects now: 23178.
Memory consumption went from 1.09 GB to 0.91 GB.
Total: 40.025500 ms (FindLiveObjects: 1.138250 ms CreateObjectMapping: 0.601083 ms MarkObjects: 31.053458 ms  DeleteObjects: 7.026459 ms)

  Pass "ForwardLit":
    Target graphics API: metal
    Cached mesh channel usage data found for 16 variants. 32 variants require compilation to get this data.
    Processed in 0.00 seconds
  Pass ForwardLit (vp, metal) finished in 0.83 seconds. Local cache hits 0 (0.00s CPU time), remote cache hits 0 (0.00s CPU time), compiled 32 variants (7.50s CPU time), skipped 0 variants.
  Pass "ShadowCaster":
    Target graphics API: metal
    Cached mesh channel usage data found for 4 variants. 4 variants require compilation to get this data.
    Processed in 0.00 seconds
  Pass ShadowCaster (vp, metal) finished in 0.00 seconds. Local cache hits 4 (0.00s CPU time), remote cache hits 0 (0.00s CPU time), compiled 0 variants (0.00s CPU time), skipped 0 variants.
  Pass "GBuffer":
    Target graphics API: metal
    Cached mesh channel usage data found for 0 variants. 0 variants require compilation to get this data.
    Processed in 0.00 seconds
  Pass "DepthOnly":
    Target graphics API: metal
    Cached mesh channel usage data found for 4 variants. 4 variants require compilation to get this data.
    Processed in 0.00 seconds
  Pass DepthOnly (vp, metal) finished in 0.00 seconds. Local cache hits 4 (0.00s CPU time), remote cache hits 0 (0.00s CPU time), compiled 0 variants (0.00s CPU time), skipped 0 variants.
  Pass "DepthNormals":
    Target graphics API: metal
    Cached mesh channel usage data found for 8 variants. 8 variants require compilation to get this data.
    Processed in 0.00 seconds
  Pass DepthNormals (vp, metal) finished in 0.09 seconds. Local cache hits 4 (0.00s CPU time), remote cache hits 0 (0.00s CPU time), compiled 4 variants (0.32s CPU time), skipped 0 variants.
  Pass "Meta":
    Target graphics API: metal
    Cached mesh channel usage data found for 1 variants. 1 variants require compilation to get this data.
    Processed in 0.00 seconds
  Pass Meta (vp, metal) finished in 0.05 seconds. Local cache hits 0 (0.00s CPU time), remote cache hits 0 (0.00s CPU time), compiled 1 variants (0.05s CPU time), skipped 0 variants.
  Pass "Universal2D":
    Target graphics API: metal
    Cached mesh channel usage data found for 0 variants. 0 variants require compilation to get this data.
    Processed in 0.00 seconds
  Pass "MotionVectors":
    Target graphics API: metal
    Cached mesh channel usage data found for 4 variants. 4 variants require compilation to get this data.
    Processed in 0.00 seconds
  Pass MotionVectors (vp, metal) finished in 0.00 seconds. Local cache hits 4 (0.00s CPU time), remote cache hits 0 (0.00s CPU time), compiled 0 variants (0.00s CPU time), skipped 0 variants.
  Pass "XRMotionVectors":
    Target graphics API: metal
    Cached mesh channel usage data found for 0 variants. 0 variants require compilation to get this data.
    Processed in 0.00 seconds
  Pass "":
    Target graphics API: metal
    Cached mesh channel usage data found for 1 variants. 0 variants require compilation to get this data.
    Processed in 0.00 seconds
  Pass "":
    Target graphics API: metal
    Cached mesh channel usage data found for 0 variants. 4 variants require compilation to get this data.
    Processed in 0.00 seconds
  Pass  (vp, metal) finished in 0.00 seconds. Local cache hits 4 (0.00s CPU time), remote cache hits 0 (0.00s CPU time), compiled 0 variants (0.00s CPU time), skipped 0 variants.
  Pass "ForwardLit":
    Target graphics API: metal
    Cached mesh channel usage data found for 0 variants. 8 variants require compilation to get this data.
    Processed in 0.00 seconds
  Pass ForwardLit (vp, metal) finished in 0.21 seconds. Local cache hits 0 (0.00s CPU time), remote cache hits 0 (0.00s CPU time), compiled 8 variants (1.66s CPU time), skipped 0 variants.
  Pass "ShadowCaster":
    Target graphics API: metal
    Cached mesh channel usage data found for 0 variants. 4 variants require compilation to get this data.
    Processed in 0.00 seconds
  Pass ShadowCaster (vp, metal) finished in 0.00 seconds. Local cache hits 4 (0.00s CPU time), remote cache hits 0 (0.00s CPU time), compiled 0 variants (0.00s CPU time), skipped 0 variants.
  Pass "DepthOnly":
    Target graphics API: metal
    Cached mesh channel usage data found for 0 variants. 4 variants require compilation to get this data.
    Processed in 0.00 seconds
  Pass DepthOnly (vp, metal) finished in 0.00 seconds. Local cache hits 4 (0.00s CPU time), remote cache hits 0 (0.00s CPU time), compiled 0 variants (0.00s CPU time), skipped 0 variants.
  Pass "DepthNormals":
    Target graphics API: metal
    Cached mesh channel usage data found for 0 variants. 4 variants require compilation to get this data.
    Processed in 0.00 seconds
  Pass DepthNormals (vp, metal) finished in 0.00 seconds. Local cache hits 4 (0.00s CPU time), remote cache hits 0 (0.00s CPU time), compiled 0 variants (0.00s CPU time), skipped 0 variants.
  Pass "ForwardLit":
    Target graphics API: metal
    Cached mesh channel usage data found for 48 variants. 0 variants require compilation to get this data.
    Processed in 0.00 seconds
  Pass "ShadowCaster":
    Target graphics API: metal
    Cached mesh channel usage data found for 8 variants. 0 variants require compilation to get this data.
    Processed in 0.00 seconds
  Pass "GBuffer":
    Target graphics API: metal
    Cached mesh channel usage data found for 0 variants. 0 variants require compilation to get this data.
    Processed in 0.00 seconds
  Pass "DepthOnly":
    Target graphics API: metal
    Cached mesh channel usage data found for 8 variants. 0 variants require compilation to get this data.
    Processed in 0.00 seconds
  Pass "DepthNormals":
    Target graphics API: metal
    Cached mesh channel usage data found for 16 variants. 0 variants require compilation to get this data.
    Processed in 0.00 seconds
  Pass "Meta":
    Target graphics API: metal
    Cached mesh channel usage data found for 2 variants. 0 variants require compilation to get this data.
    Processed in 0.00 seconds
  Pass "Universal2D":
    Target graphics API: metal
    Cached mesh channel usage data found for 0 variants. 0 variants require compilation to get this data.
    Processed in 0.00 seconds
  Pass "MotionVectors":
    Target graphics API: metal
    Cached mesh channel usage data found for 8 variants. 0 variants require compilation to get this data.
    Processed in 0.00 seconds
  Pass "XRMotionVectors":
    Target graphics API: metal
    Cached mesh channel usage data found for 0 variants. 0 variants require compilation to get this data.
    Processed in 0.00 seconds
Script attached to 'Bayrak' in scene 'Assets/_Project/Scenes/KuzgunVadisi.unity' is missing or no valid script is attached.
UnityEngine.Debug:ExtractStackTraceNoAlloc (byte*,int,string)
UnityEngine.StackTraceUtility:ExtractStackTrace () (at /Users/bokken/build/output/unity/unity/Runtime/Export/Scripting/StackTrace.cs:23)
UnityEditor.BuildPipeline:BuildPlayerInternal (string[],string,string,UnityEditor.BuildTargetGroup,UnityEditor.BuildTarget,int,UnityEditor.BuildOptions,string[],string[],bool)
UnityEditor.BuildPipeline:BuildPlayer (UnityEditor.BuildPlayerOptions) (at /Users/bokken/build/output/unity/unity/Editor/Mono/BuildPipeline/BuildPipeline.bindings.cs:270)
Project.EditorTools.BuildTool:BuildMac () (at Assets/_Project/Scripts/Editor/BuildTool.cs:80)
Project.EditorTools.BatchEntry:BuildMac () (at Assets/_Project/Scripts/Editor/BatchEntry.cs:47)

[/Users/bokken/build/output/unity/unity/Editor/Mono/BuildPipeline/BuildPipeline.bindings.cs line 270]

Script attached to 'YansimaProblari' in scene 'Assets/_Project/Scenes/KuzgunVadisi.unity' is missing or no valid script is attached.
UnityEngine.Debug:ExtractStackTraceNoAlloc (byte*,int,string)
UnityEngine.StackTraceUtility:ExtractStackTrace () (at /Users/bokken/build/output/unity/unity/Runtime/Export/Scripting/StackTrace.cs:23)
UnityEditor.BuildPipeline:BuildPlayerInternal (string[],string,string,UnityEditor.BuildTargetGroup,UnityEditor.BuildTarget,int,UnityEditor.BuildOptions,string[],string[],bool)
UnityEditor.BuildPipeline:BuildPlayer (UnityEditor.BuildPlayerOptions) (at /Users/bokken/build/output/unity/unity/Editor/Mono/BuildPipeline/BuildPipeline.bindings.cs:270)
Project.EditorTools.BuildTool:BuildMac () (at Assets/_Project/Scripts/Editor/BuildTool.cs:80)
Project.EditorTools.BatchEntry:BuildMac () (at Assets/_Project/Scripts/Editor/BatchEntry.cs:47)

[/Users/bokken/build/output/unity/unity/Editor/Mono/BuildPipeline/BuildPipeline.bindings.cs line 270]

Script attached to 'Bayrak' in scene 'Assets/_Project/Scenes/KuzgunVadisi.unity' is missing or no valid script is attached.
UnityEngine.Debug:ExtractStackTraceNoAlloc (byte*,int,string)
UnityEngine.StackTraceUtility:ExtractStackTrace () (at /Users/bokken/build/output/unity/unity/Runtime/Export/Scripting/StackTrace.cs:23)
UnityEditor.BuildPipeline:BuildPlayerInternal (string[],string,string,UnityEditor.BuildTargetGroup,UnityEditor.BuildTarget,int,UnityEditor.BuildOptions,string[],string[],bool)
UnityEditor.BuildPipeline:BuildPlayer (UnityEditor.BuildPlayerOptions) (at /Users/bokken/build/output/unity/unity/Editor/Mono/BuildPipeline/BuildPipeline.bindings.cs:270)
Project.EditorTools.BuildTool:BuildMac () (at Assets/_Project/Scripts/Editor/BuildTool.cs:80)
Project.EditorTools.BatchEntry:BuildMac () (at Assets/_Project/Scripts/Editor/BatchEntry.cs:47)

[/Users/bokken/build/output/unity/unity/Editor/Mono/BuildPipeline/BuildPipeline.bindings.cs line 270]

Script attached to 'Bayrak' in scene 'Assets/_Project/Scenes/KuzgunVadisi.unity' is missing or no valid script is attached.
UnityEngine.Debug:ExtractStackTraceNoAlloc (byte*,int,string)
UnityEngine.StackTraceUtility:ExtractStackTrace () (at /Users/bokken/build/output/unity/unity/Runtime/Export/Scripting/StackTrace.cs:23)
UnityEditor.BuildPipeline:BuildPlayerInternal (string[],string,string,UnityEditor.BuildTargetGroup,UnityEditor.BuildTarget,int,UnityEditor.BuildOptions,string[],string[],bool)
UnityEditor.BuildPipeline:BuildPlayer (UnityEditor.BuildPlayerOptions) (at /Users/bokken/build/output/unity/unity/Editor/Mono/BuildPipeline/BuildPipeline.bindings.cs:270)
Project.EditorTools.BuildTool:BuildMac () (at Assets/_Project/Scripts/Editor/BuildTool.cs:80)
Project.EditorTools.BatchEntry:BuildMac () (at Assets/_Project/Scripts/Editor/BatchEntry.cs:47)

[/Users/bokken/build/output/unity/unity/Editor/Mono/BuildPipeline/BuildPipeline.bindings.cs line 270]

Script attached to 'Bayrak' in scene 'Assets/_Project/Scenes/KuzgunVadisi.unity' is missing or no valid script is attached.
UnityEngine.Debug:ExtractStackTraceNoAlloc (byte*,int,string)
UnityEngine.StackTraceUtility:ExtractStackTrace () (at /Users/bokken/build/output/unity/unity/Runtime/Export/Scripting/StackTrace.cs:23)
UnityEditor.BuildPipeline:BuildPlayerInternal (string[],string,string,UnityEditor.BuildTargetGroup,UnityEditor.BuildTarget,int,UnityEditor.BuildOptions,string[],string[],bool)
UnityEditor.BuildPipeline:BuildPlayer (UnityEditor.BuildPlayerOptions) (at /Users/bokken/build/output/unity/unity/Editor/Mono/BuildPipeline/BuildPipeline.bindings.cs:270)
Project.EditorTools.BuildTool:BuildMac () (at Assets/_Project/Scripts/Editor/BuildTool.cs:80)
Project.EditorTools.BatchEntry:BuildMac () (at Assets/_Project/Scripts/Editor/BatchEntry.cs:47)

[/Users/bokken/build/output/unity/unity/Editor/Mono/BuildPipeline/BuildPipeline.bindings.cs line 270]

Opening scene 'Assets/_Project/Scenes/AyazGecidi.unity'
Unloading 709 Unused Serialized files (Serialized files now loaded: 0)
Loaded scene 'Assets/_Project/Scenes/AyazGecidi.unity'
	Deserialize:            102.259 ms
	Integration:            224.799 ms
	Integration of assets:  0.068 ms
	Thread Wait Time:       -0.016 ms
	Total Operation Time:   327.111 ms
Unloading 852 unused Assets / (13.9 MB). Loaded Objects now: 21809.
Memory consumption went from 0.82 GB to 0.80 GB.
Total: 15.045250 ms (FindLiveObjects: 0.644042 ms CreateObjectMapping: 0.089083 ms MarkObjects: 12.685084 ms  DeleteObjects: 1.462208 ms)

  Pass "ForwardLit":
    Target graphics API: metal
    Cached mesh channel usage data found for 48 variants. 0 variants require compilation to get this data.
    Processed in 0.00 seconds
  Pass "ShadowCaster":
    Target graphics API: metal
    Cached mesh channel usage data found for 8 variants. 0 variants require compilation to get this data.
    Processed in 0.00 seconds
  Pass "GBuffer":
    Target graphics API: metal
    Cached mesh channel usage data found for 0 variants. 0 variants require compilation to get this data.
    Processed in 0.00 seconds
  Pass "DepthOnly":
    Target graphics API: metal
    Cached mesh channel usage data found for 8 variants. 0 variants require compilation to get this data.
    Processed in 0.00 seconds
  Pass "DepthNormals":
    Target graphics API: metal
    Cached mesh channel usage data found for 16 variants. 0 variants require compilation to get this data.
    Processed in 0.00 seconds
  Pass "Meta":
    Target graphics API: metal
    Cached mesh channel usage data found for 2 variants. 0 variants require compilation to get this data.
    Processed in 0.00 seconds
  Pass "Universal2D":
    Target graphics API: metal
    Cached mesh channel usage data found for 0 variants. 0 variants require compilation to get this data.
    Processed in 0.00 seconds
  Pass "MotionVectors":
    Target graphics API: metal
    Cached mesh channel usage data found for 8 variants. 0 variants require compilation to get this data.
    Processed in 0.00 seconds
  Pass "XRMotionVectors":
    Target graphics API: metal
    Cached mesh channel usage data found for 0 variants. 0 variants require compilation to get this data.
    Processed in 0.00 seconds
  Pass "":
    Target graphics API: metal
    Cached mesh channel usage data found for 1 variants. 0 variants require compilation to get this data.
    Processed in 0.00 seconds
  Pass "":
    Target graphics API: metal
    Cached mesh channel usage data found for 4 variants. 0 variants require compilation to get this data.
    Processed in 0.00 seconds
  Pass "ForwardLit":
    Target graphics API: metal
    Cached mesh channel usage data found for 8 variants. 0 variants require compilation to get this data.
    Processed in 0.00 seconds
  Pass "ShadowCaster":
    Target graphics API: metal
    Cached mesh channel usage data found for 4 variants. 0 variants require compilation to get this data.
    Processed in 0.00 seconds
  Pass "DepthOnly":
    Target graphics API: metal
    Cached mesh channel usage data found for 4 variants. 0 variants require compilation to get this data.
    Processed in 0.00 seconds
  Pass "DepthNormals":
    Target graphics API: metal
    Cached mesh channel usage data found for 4 variants. 0 variants require compilation to get this data.
    Processed in 0.00 seconds
  Pass "ForwardLit":
    Target graphics API: metal
    Cached mesh channel usage data found for 48 variants. 0 variants require compilation to get this data.
    Processed in 0.00 seconds
  Pass "ShadowCaster":
    Target graphics API: metal
    Cached mesh channel usage data found for 8 variants. 0 variants require compilation to get this data.
    Processed in 0.00 seconds
  Pass "GBuffer":
    Target graphics API: metal
    Cached mesh channel usage data found for 0 variants. 0 variants require compilation to get this data.
    Processed in 0.00 seconds
  Pass "DepthOnly":
    Target graphics API: metal
    Cached mesh channel usage data found for 8 variants. 0 variants require compilation to get this data.
    Processed in 0.00 seconds
  Pass "DepthNormals":
    Target graphics API: metal
    Cached mesh channel usage data found for 16 variants. 0 variants require compilation to get this data.
    Processed in 0.00 seconds
  Pass "Meta":
    Target graphics API: metal
    Cached mesh channel usage data found for 2 variants. 0 variants require compilation to get this data.
    Processed in 0.00 seconds
  Pass "Universal2D":
    Target graphics API: metal
    Cached mesh channel usage data found for 0 variants. 0 variants require compilation to get this data.
    Processed in 0.00 seconds
  Pass "MotionVectors":
    Target graphics API: metal
    Cached mesh channel usage data found for 8 variants. 0 variants require compilation to get this data.
    Processed in 0.00 seconds
  Pass "XRMotionVectors":
    Target graphics API: metal
    Cached mesh channel usage data found for 0 variants. 0 variants require compilation to get this data.
    Processed in 0.00 seconds
Script attached to 'Bayrak' in scene 'Assets/_Project/Scenes/AyazGecidi.unity' is missing or no valid script is attached.
UnityEngine.Debug:ExtractStackTraceNoAlloc (byte*,int,string)
UnityEngine.StackTraceUtility:ExtractStackTrace () (at /Users/bokken/build/output/unity/unity/Runtime/Export/Scripting/StackTrace.cs:23)
UnityEditor.BuildPipeline:BuildPlayerInternal (string[],string,string,UnityEditor.BuildTargetGroup,UnityEditor.BuildTarget,int,UnityEditor.BuildOptions,string[],string[],bool)
UnityEditor.BuildPipeline:BuildPlayer (UnityEditor.BuildPlayerOptions) (at /Users/bokken/build/output/unity/unity/Editor/Mono/BuildPipeline/BuildPipeline.bindings.cs:270)
Project.EditorTools.BuildTool:BuildMac () (at Assets/_Project/Scripts/Editor/BuildTool.cs:80)
Project.EditorTools.BatchEntry:BuildMac () (at Assets/_Project/Scripts/Editor/BatchEntry.cs:47)

[/Users/bokken/build/output/unity/unity/Editor/Mono/BuildPipeline/BuildPipeline.bindings.cs line 270]

Script attached to 'Bayrak' in scene 'Assets/_Project/Scenes/AyazGecidi.unity' is missing or no valid script is attached.
UnityEngine.Debug:ExtractStackTraceNoAlloc (byte*,int,string)
UnityEngine.StackTraceUtility:ExtractStackTrace () (at /Users/bokken/build/output/unity/unity/Runtime/Export/Scripting/StackTrace.cs:23)
UnityEditor.BuildPipeline:BuildPlayerInternal (string[],string,string,UnityEditor.BuildTargetGroup,UnityEditor.BuildTarget,int,UnityEditor.BuildOptions,string[],string[],bool)
UnityEditor.BuildPipeline:BuildPlayer (UnityEditor.BuildPlayerOptions) (at /Users/bokken/build/output/unity/unity/Editor/Mono/BuildPipeline/BuildPipeline.bindings.cs:270)
Project.EditorTools.BuildTool:BuildMac () (at Assets/_Project/Scripts/Editor/BuildTool.cs:80)
Project.EditorTools.BatchEntry:BuildMac () (at Assets/_Project/Scripts/Editor/BatchEntry.cs:47)

[/Users/bokken/build/output/unity/unity/Editor/Mono/BuildPipeline/BuildPipeline.bindings.cs line 270]

Script attached to 'Bayrak' in scene 'Assets/_Project/Scenes/AyazGecidi.unity' is missing or no valid script is attached.
UnityEngine.Debug:ExtractStackTraceNoAlloc (byte*,int,string)
UnityEngine.StackTraceUtility:ExtractStackTrace () (at /Users/bokken/build/output/unity/unity/Runtime/Export/Scripting/StackTrace.cs:23)
UnityEditor.BuildPipeline:BuildPlayerInternal (string[],string,string,UnityEditor.BuildTargetGroup,UnityEditor.BuildTarget,int,UnityEditor.BuildOptions,string[],string[],bool)
UnityEditor.BuildPipeline:BuildPlayer (UnityEditor.BuildPlayerOptions) (at /Users/bokken/build/output/unity/unity/Editor/Mono/BuildPipeline/BuildPipeline.bindings.cs:270)
Project.EditorTools.BuildTool:BuildMac () (at Assets/_Project/Scripts/Editor/BuildTool.cs:80)
Project.EditorTools.BatchEntry:BuildMac () (at Assets/_Project/Scripts/Editor/BatchEntry.cs:47)

[/Users/bokken/build/output/unity/unity/Editor/Mono/BuildPipeline/BuildPipeline.bindings.cs line 270]

Opening scene 'Assets/_Project/Scenes/MaviLiman.unity'
Unloading 647 Unused Serialized files (Serialized files now loaded: 0)
Loaded scene 'Assets/_Project/Scenes/MaviLiman.unity'
	Deserialize:            110.977 ms
	Integration:            230.857 ms
	Integration of assets:  0.084 ms
	Thread Wait Time:       -0.041 ms
	Total Operation Time:   341.878 ms
Unloading 773 unused Assets / (3.4 MB). Loaded Objects now: 22456.
Memory consumption went from 0.81 GB to 0.81 GB.
Total: 14.538125 ms (FindLiveObjects: 0.720125 ms CreateObjectMapping: 0.104000 ms MarkObjects: 12.740125 ms  DeleteObjects: 0.801583 ms)

  Pass "ForwardLit":
    Target graphics API: metal
    Cached mesh channel usage data found for 48 variants. 0 variants require compilation to get this data.
    Processed in 0.00 seconds
  Pass "ShadowCaster":
    Target graphics API: metal
    Cached mesh channel usage data found for 8 variants. 0 variants require compilation to get this data.
    Processed in 0.00 seconds
  Pass "GBuffer":
    Target graphics API: metal
    Cached mesh channel usage data found for 0 variants. 0 variants require compilation to get this data.
    Processed in 0.00 seconds
  Pass "DepthOnly":
    Target graphics API: metal
    Cached mesh channel usage data found for 8 variants. 0 variants require compilation to get this data.
    Processed in 0.00 seconds
  Pass "DepthNormals":
    Target graphics API: metal
    Cached mesh channel usage data found for 16 variants. 0 variants require compilation to get this data.
    Processed in 0.00 seconds
  Pass "Meta":
    Target graphics API: metal
    Cached mesh channel usage data found for 2 variants. 0 variants require compilation to get this data.
    Processed in 0.00 seconds
  Pass "Universal2D":
    Target graphics API: metal
    Cached mesh channel usage data found for 0 variants. 0 variants require compilation to get this data.
    Processed in 0.00 seconds
  Pass "MotionVectors":
    Target graphics API: metal
    Cached mesh channel usage data found for 8 variants. 0 variants require compilation to get this data.
    Processed in 0.00 seconds
  Pass "XRMotionVectors":
    Target graphics API: metal
    Cached mesh channel usage data found for 0 variants. 0 variants require compilation to get this data.
    Processed in 0.00 seconds
  Pass "":
    Target graphics API: metal
    Cached mesh channel usage data found for 1 variants. 0 variants require compilation to get this data.
    Processed in 0.00 seconds
  Pass "ForwardLit":
    Target graphics API: metal
    Cached mesh channel usage data found for 8 variants. 0 variants require compilation to get this data.
    Processed in 0.00 seconds
  Pass "ShadowCaster":
    Target graphics API: metal
    Cached mesh channel usage data found for 4 variants. 0 variants require compilation to get this data.
    Processed in 0.00 seconds
  Pass "DepthOnly":
    Target graphics API: metal
    Cached mesh channel usage data found for 4 variants. 0 variants require compilation to get this data.
    Processed in 0.00 seconds
  Pass "DepthNormals":
    Target graphics API: metal
    Cached mesh channel usage data found for 4 variants. 0 variants require compilation to get this data.
    Processed in 0.00 seconds
  Pass "ForwardLit":
    Target graphics API: metal
    Cached mesh channel usage data found for 48 variants. 0 variants require compilation to get this data.
    Processed in 0.00 seconds
  Pass "ShadowCaster":
    Target graphics API: metal
    Cached mesh channel usage data found for 8 variants. 0 variants require compilation to get this data.
    Processed in 0.00 seconds
  Pass "GBuffer":
    Target graphics API: metal
    Cached mesh channel usage data found for 0 variants. 0 variants require compilation to get this data.
    Processed in 0.00 seconds
  Pass "DepthOnly":
    Target graphics API: metal
    Cached mesh channel usage data found for 8 variants. 0 variants require compilation to get this data.
    Processed in 0.00 seconds
  Pass "DepthNormals":
    Target graphics API: metal
    Cached mesh channel usage data found for 16 variants. 0 variants require compilation to get this data.
    Processed in 0.00 seconds
  Pass "Meta":
    Target graphics API: metal
    Cached mesh channel usage data found for 2 variants. 0 variants require compilation to get this data.
    Processed in 0.00 seconds
  Pass "Universal2D":
    Target graphics API: metal
    Cached mesh channel usage data found for 0 variants. 0 variants require compilation to get this data.
    Processed in 0.00 seconds
  Pass "MotionVectors":
    Target graphics API: metal
    Cached mesh channel usage data found for 8 variants. 0 variants require compilation to get this data.
    Processed in 0.00 seconds
  Pass "XRMotionVectors":
    Target graphics API: metal
    Cached mesh channel usage data found for 0 variants. 0 variants require compilation to get this data.
    Processed in 0.00 seconds
  Pass "":
    Target graphics API: metal
    Cached mesh channel usage data found for 4 variants. 0 variants require compilation to get this data.
    Processed in 0.00 seconds
Script attached to 'Bayrak' in scene 'Assets/_Project/Scenes/MaviLiman.unity' is missing or no valid script is attached.
UnityEngine.Debug:ExtractStackTraceNoAlloc (byte*,int,string)
UnityEngine.StackTraceUtility:ExtractStackTrace () (at /Users/bokken/build/output/unity/unity/Runtime/Export/Scripting/StackTrace.cs:23)
UnityEditor.BuildPipeline:BuildPlayerInternal (string[],string,string,UnityEditor.BuildTargetGroup,UnityEditor.BuildTarget,int,UnityEditor.BuildOptions,string[],string[],bool)
UnityEditor.BuildPipeline:BuildPlayer (UnityEditor.BuildPlayerOptions) (at /Users/bokken/build/output/unity/unity/Editor/Mono/BuildPipeline/BuildPipeline.bindings.cs:270)
Project.EditorTools.BuildTool:BuildMac () (at Assets/_Project/Scripts/Editor/BuildTool.cs:80)
Project.EditorTools.BatchEntry:BuildMac () (at Assets/_Project/Scripts/Editor/BatchEntry.cs:47)

[/Users/bokken/build/output/unity/unity/Editor/Mono/BuildPipeline/BuildPipeline.bindings.cs line 270]

Opening scene 'Assets/_Project/Scenes/KartalYaylasi.unity'
Unloading 636 Unused Serialized files (Serialized files now loaded: 0)
Loaded scene 'Assets/_Project/Scenes/KartalYaylasi.unity'
	Deserialize:            110.558 ms
	Integration:            269.681 ms
	Integration of assets:  0.049 ms
	Thread Wait Time:       -0.012 ms
	Total Operation Time:   380.277 ms
Unloading 816 unused Assets / (9.0 MB). Loaded Objects now: 22270.
Memory consumption went from 0.81 GB to 0.80 GB.
Total: 14.823583 ms (FindLiveObjects: 0.698417 ms CreateObjectMapping: 0.097917 ms MarkObjects: 12.964541 ms  DeleteObjects: 0.893875 ms)

  Pass "ForwardLit":
    Target graphics API: metal
    Cached mesh channel usage data found for 48 variants. 0 variants require compilation to get this data.
    Processed in 0.00 seconds
  Pass "ShadowCaster":
    Target graphics API: metal
    Cached mesh channel usage data found for 8 variants. 0 variants require compilation to get this data.
    Processed in 0.00 seconds
  Pass "GBuffer":
    Target graphics API: metal
    Cached mesh channel usage data found for 0 variants. 0 variants require compilation to get this data.
    Processed in 0.00 seconds
  Pass "DepthOnly":
    Target graphics API: metal
    Cached mesh channel usage data found for 8 variants. 0 variants require compilation to get this data.
    Processed in 0.00 seconds
  Pass "DepthNormals":
    Target graphics API: metal
    Cached mesh channel usage data found for 16 variants. 0 variants require compilation to get this data.
    Processed in 0.00 seconds
  Pass "Meta":
    Target graphics API: metal
    Cached mesh channel usage data found for 2 variants. 0 variants require compilation to get this data.
    Processed in 0.00 seconds
  Pass "Universal2D":
    Target graphics API: metal
    Cached mesh channel usage data found for 0 variants. 0 variants require compilation to get this data.
    Processed in 0.00 seconds
  Pass "MotionVectors":
    Target graphics API: metal
    Cached mesh channel usage data found for 8 variants. 0 variants require compilation to get this data.
    Processed in 0.00 seconds
  Pass "XRMotionVectors":
    Target graphics API: metal
    Cached mesh channel usage data found for 0 variants. 0 variants require compilation to get this data.
    Processed in 0.00 seconds
  Pass "":
    Target graphics API: metal
    Cached mesh channel usage data found for 1 variants. 0 variants require compilation to get this data.
    Processed in 0.00 seconds
  Pass "ForwardLit":
    Target graphics API: metal
    Cached mesh channel usage data found for 8 variants. 0 variants require compilation to get this data.
    Processed in 0.00 seconds
  Pass "ShadowCaster":
    Target graphics API: metal
    Cached mesh channel usage data found for 4 variants. 0 variants require compilation to get this data.
    Processed in 0.00 seconds
  Pass "DepthOnly":
    Target graphics API: metal
    Cached mesh channel usage data found for 4 variants. 0 variants require compilation to get this data.
    Processed in 0.00 seconds
  Pass "DepthNormals":
    Target graphics API: metal
    Cached mesh channel usage data found for 4 variants. 0 variants require compilation to get this data.
    Processed in 0.00 seconds
  Pass "ForwardLit":
    Target graphics API: metal
    Cached mesh channel usage data found for 48 variants. 0 variants require compilation to get this data.
    Processed in 0.00 seconds
  Pass "ShadowCaster":
    Target graphics API: metal
    Cached mesh channel usage data found for 8 variants. 0 variants require compilation to get this data.
    Processed in 0.00 seconds
  Pass "GBuffer":
    Target graphics API: metal
    Cached mesh channel usage data found for 0 variants. 0 variants require compilation to get this data.
    Processed in 0.00 seconds
  Pass "DepthOnly":
    Target graphics API: metal
    Cached mesh channel usage data found for 8 variants. 0 variants require compilation to get this data.
    Processed in 0.00 seconds
  Pass "DepthNormals":
    Target graphics API: metal
    Cached mesh channel usage data found for 16 variants. 0 variants require compilation to get this data.
    Processed in 0.00 seconds
  Pass "Meta":
    Target graphics API: metal
    Cached mesh channel usage data found for 2 variants. 0 variants require compilation to get this data.
    Processed in 0.00 seconds
  Pass "Universal2D":
    Target graphics API: metal
    Cached mesh channel usage data found for 0 variants. 0 variants require compilation to get this data.
    Processed in 0.00 seconds
  Pass "MotionVectors":
    Target graphics API: metal
    Cached mesh channel usage data found for 8 variants. 0 variants require compilation to get this data.
    Processed in 0.00 seconds
  Pass "XRMotionVectors":
    Target graphics API: metal
    Cached mesh channel usage data found for 0 variants. 0 variants require compilation to get this data.
    Processed in 0.00 seconds
Script attached to 'Bayrak' in scene 'Assets/_Project/Scenes/KartalYaylasi.unity' is missing or no valid script is attached.
UnityEngine.Debug:ExtractStackTraceNoAlloc (byte*,int,string)
UnityEngine.StackTraceUtility:ExtractStackTrace () (at /Users/bokken/build/output/unity/unity/Runtime/Export/Scripting/StackTrace.cs:23)
UnityEditor.BuildPipeline:BuildPlayerInternal (string[],string,string,UnityEditor.BuildTargetGroup,UnityEditor.BuildTarget,int,UnityEditor.BuildOptions,string[],string[],bool)
UnityEditor.BuildPipeline:BuildPlayer (UnityEditor.BuildPlayerOptions) (at /Users/bokken/build/output/unity/unity/Editor/Mono/BuildPipeline/BuildPipeline.bindings.cs:270)
Project.EditorTools.BuildTool:BuildMac () (at Assets/_Project/Scripts/Editor/BuildTool.cs:80)
Project.EditorTools.BatchEntry:BuildMac () (at Assets/_Project/Scripts/Editor/BatchEntry.cs:47)

[/Users/bokken/build/output/unity/unity/Editor/Mono/BuildPipeline/BuildPipeline.bindings.cs line 270]

Script attached to 'Rotor' in scene 'Assets/_Project/Scenes/KartalYaylasi.unity' is missing or no valid script is attached.
UnityEngine.Debug:ExtractStackTraceNoAlloc (byte*,int,string)
UnityEngine.StackTraceUtility:ExtractStackTrace () (at /Users/bokken/build/output/unity/unity/Runtime/Export/Scripting/StackTrace.cs:23)
UnityEditor.BuildPipeline:BuildPlayerInternal (string[],string,string,UnityEditor.BuildTargetGroup,UnityEditor.BuildTarget,int,UnityEditor.BuildOptions,string[],string[],bool)
UnityEditor.BuildPipeline:BuildPlayer (UnityEditor.BuildPlayerOptions) (at /Users/bokken/build/output/unity/unity/Editor/Mono/BuildPipeline/BuildPipeline.bindings.cs:270)
Project.EditorTools.BuildTool:BuildMac () (at Assets/_Project/Scripts/Editor/BuildTool.cs:80)
Project.EditorTools.BatchEntry:BuildMac () (at Assets/_Project/Scripts/Editor/BatchEntry.cs:47)

[/Users/bokken/build/output/unity/unity/Editor/Mono/BuildPipeline/BuildPipeline.bindings.cs line 270]

Script attached to 'Rotor' in scene 'Assets/_Project/Scenes/KartalYaylasi.unity' is missing or no valid script is attached.
UnityEngine.Debug:ExtractStackTraceNoAlloc (byte*,int,string)
UnityEngine.StackTraceUtility:ExtractStackTrace () (at /Users/bokken/build/output/unity/unity/Runtime/Export/Scripting/StackTrace.cs:23)
UnityEditor.BuildPipeline:BuildPlayerInternal (string[],string,string,UnityEditor.BuildTargetGroup,UnityEditor.BuildTarget,int,UnityEditor.BuildOptions,string[],string[],bool)
UnityEditor.BuildPipeline:BuildPlayer (UnityEditor.BuildPlayerOptions) (at /Users/bokken/build/output/unity/unity/Editor/Mono/BuildPipeline/BuildPipeline.bindings.cs:270)
Project.EditorTools.BuildTool:BuildMac () (at Assets/_Project/Scripts/Editor/BuildTool.cs:80)
Project.EditorTools.BatchEntry:BuildMac () (at Assets/_Project/Scripts/Editor/BatchEntry.cs:47)

[/Users/bokken/build/output/unity/unity/Editor/Mono/BuildPipeline/BuildPipeline.bindings.cs line 270]

Script attached to 'Bayrak' in scene 'Assets/_Project/Scenes/KartalYaylasi.unity' is missing or no valid script is attached.
UnityEngine.Debug:ExtractStackTraceNoAlloc (byte*,int,string)
UnityEngine.StackTraceUtility:ExtractStackTrace () (at /Users/bokken/build/output/unity/unity/Runtime/Export/Scripting/StackTrace.cs:23)
UnityEditor.BuildPipeline:BuildPlayerInternal (string[],string,string,UnityEditor.BuildTargetGroup,UnityEditor.BuildTarget,int,UnityEditor.BuildOptions,string[],string[],bool)
UnityEditor.BuildPipeline:BuildPlayer (UnityEditor.BuildPlayerOptions) (at /Users/bokken/build/output/unity/unity/Editor/Mono/BuildPipeline/BuildPipeline.bindings.cs:270)
Project.EditorTools.BuildTool:BuildMac () (at Assets/_Project/Scripts/Editor/BuildTool.cs:80)
Project.EditorTools.BatchEntry:BuildMac () (at Assets/_Project/Scripts/Editor/BatchEntry.cs:47)

[/Users/bokken/build/output/unity/unity/Editor/Mono/BuildPipeline/BuildPipeline.bindings.cs line 270]

Script attached to 'Rotor' in scene 'Assets/_Project/Scenes/KartalYaylasi.unity' is missing or no valid script is attached.
UnityEngine.Debug:ExtractStackTraceNoAlloc (byte*,int,string)
UnityEngine.StackTraceUtility:ExtractStackTrace () (at /Users/bokken/build/output/unity/unity/Runtime/Export/Scripting/StackTrace.cs:23)
UnityEditor.BuildPipeline:BuildPlayerInternal (string[],string,string,UnityEditor.BuildTargetGroup,UnityEditor.BuildTarget,int,UnityEditor.BuildOptions,string[],string[],bool)
UnityEditor.BuildPipeline:BuildPlayer (UnityEditor.BuildPlayerOptions) (at /Users/bokken/build/output/unity/unity/Editor/Mono/BuildPipeline/BuildPipeline.bindings.cs:270)
Project.EditorTools.BuildTool:BuildMac () (at Assets/_Project/Scripts/Editor/BuildTool.cs:80)
Project.EditorTools.BatchEntry:BuildMac () (at Assets/_Project/Scripts/Editor/BatchEntry.cs:47)

[/Users/bokken/build/output/unity/unity/Editor/Mono/BuildPipeline/BuildPipeline.bindings.cs line 270]

Script attached to 'Rotor' in scene 'Assets/_Project/Scenes/KartalYaylasi.unity' is missing or no valid script is attached.
UnityEngine.Debug:ExtractStackTraceNoAlloc (byte*,int,string)
UnityEngine.StackTraceUtility:ExtractStackTrace () (at /Users/bokken/build/output/unity/unity/Runtime/Export/Scripting/StackTrace.cs:23)
UnityEditor.BuildPipeline:BuildPlayerInternal (string[],string,string,UnityEditor.BuildTargetGroup,UnityEditor.BuildTarget,int,UnityEditor.BuildOptions,string[],string[],bool)
UnityEditor.BuildPipeline:BuildPlayer (UnityEditor.BuildPlayerOptions) (at /Users/bokken/build/output/unity/unity/Editor/Mono/BuildPipeline/BuildPipeline.bindings.cs:270)
Project.EditorTools.BuildTool:BuildMac () (at Assets/_Project/Scripts/Editor/BuildTool.cs:80)
Project.EditorTools.BatchEntry:BuildMac () (at Assets/_Project/Scripts/Editor/BatchEntry.cs:47)

[/Users/bokken/build/output/unity/unity/Editor/Mono/BuildPipeline/BuildPipeline.bindings.cs line 270]

Opening scene 'Assets/_Project/Scenes/TrainingRange.unity'
Unloading 641 Unused Serialized files (Serialized files now loaded: 0)
Loaded scene 'Assets/_Project/Scenes/TrainingRange.unity'
	Deserialize:            22.553 ms
	Integration:            21.257 ms
	Integration of assets:  0.005 ms
	Thread Wait Time:       -0.002 ms
	Total Operation Time:   43.813 ms
Unloading 978 unused Assets / (19.5 MB). Loaded Objects now: 12303.
Memory consumption went from 0.75 GB to 0.73 GB.
Total: 14.369833 ms (FindLiveObjects: 0.434791 ms CreateObjectMapping: 0.073000 ms MarkObjects: 12.656292 ms  DeleteObjects: 1.065791 ms)

  Pass "ForwardLit":
    Target graphics API: metal
    Cached mesh channel usage data found for 48 variants. 0 variants require compilation to get this data.
    Processed in 0.00 seconds
  Pass "ShadowCaster":
    Target graphics API: metal
    Cached mesh channel usage data found for 8 variants. 0 variants require compilation to get this data.
    Processed in 0.00 seconds
  Pass "GBuffer":
    Target graphics API: metal
    Cached mesh channel usage data found for 0 variants. 0 variants require compilation to get this data.
    Processed in 0.00 seconds
  Pass "DepthOnly":
    Target graphics API: metal
    Cached mesh channel usage data found for 8 variants. 0 variants require compilation to get this data.
    Processed in 0.00 seconds
  Pass "DepthNormals":
    Target graphics API: metal
    Cached mesh channel usage data found for 16 variants. 0 variants require compilation to get this data.
    Processed in 0.00 seconds
  Pass "Meta":
    Target graphics API: metal
    Cached mesh channel usage data found for 2 variants. 0 variants require compilation to get this data.
    Processed in 0.00 seconds
  Pass "Universal2D":
    Target graphics API: metal
    Cached mesh channel usage data found for 0 variants. 0 variants require compilation to get this data.
    Processed in 0.00 seconds
  Pass "MotionVectors":
    Target graphics API: metal
    Cached mesh channel usage data found for 8 variants. 0 variants require compilation to get this data.
    Processed in 0.00 seconds
  Pass "XRMotionVectors":
    Target graphics API: metal
    Cached mesh channel usage data found for 0 variants. 0 variants require compilation to get this data.
    Processed in 0.00 seconds
  Pass "":
    Target graphics API: metal
    Cached mesh channel usage data found for 1 variants. 0 variants require compilation to get this data.
    Processed in 0.00 seconds
  Pass "Unlit":
    Target graphics API: metal
    Cached mesh channel usage data found for 0 variants. 4 variants require compilation to get this data.
    Processed in 0.00 seconds
  Pass Unlit (vp, metal) finished in 0.00 seconds. Local cache hits 4 (0.00s CPU time), remote cache hits 0 (0.00s CPU time), compiled 0 variants (0.00s CPU time), skipped 0 variants.
  Pass "GBuffer":
    Target graphics API: metal
    Cached mesh channel usage data found for 0 variants. 0 variants require compilation to get this data.
    Processed in 0.00 seconds
  Pass "DepthOnly":
    Target graphics API: metal
    Cached mesh channel usage data found for 0 variants. 2 variants require compilation to get this data.
    Processed in 0.00 seconds
  Pass DepthOnly (vp, metal) finished in 0.00 seconds. Local cache hits 2 (0.00s CPU time), remote cache hits 0 (0.00s CPU time), compiled 0 variants (0.00s CPU time), skipped 0 variants.
  Pass "DepthNormalsOnly":
    Target graphics API: metal
    Cached mesh channel usage data found for 0 variants. 2 variants require compilation to get this data.
    Processed in 0.00 seconds
  Pass DepthNormalsOnly (vp, metal) finished in 0.00 seconds. Local cache hits 2 (0.00s CPU time), remote cache hits 0 (0.00s CPU time), compiled 0 variants (0.00s CPU time), skipped 0 variants.
  Pass "Meta":
    Target graphics API: metal
    Cached mesh channel usage data found for 0 variants. 1 variants require compilation to get this data.
    Processed in 0.00 seconds
  Pass Meta (vp, metal) finished in 0.00 seconds. Local cache hits 1 (0.00s CPU time), remote cache hits 0 (0.00s CPU time), compiled 0 variants (0.00s CPU time), skipped 0 variants.
  Pass "MotionVectors":
    Target graphics API: metal
    Cached mesh channel usage data found for 0 variants. 2 variants require compilation to get this data.
    Processed in 0.00 seconds
  Pass MotionVectors (vp, metal) finished in 0.00 seconds. Local cache hits 2 (0.00s CPU time), remote cache hits 0 (0.00s CPU time), compiled 0 variants (0.00s CPU time), skipped 0 variants.
  Pass "XRMotionVectors":
    Target graphics API: metal
    Cached mesh channel usage data found for 0 variants. 0 variants require compilation to get this data.
    Processed in 0.00 seconds
  Pass "":
    Target graphics API: metal
    Cached mesh channel usage data found for 1 variants. 0 variants require compilation to get this data.
    Processed in 0.00 seconds
Script attached to 'Bayrak' in scene 'Assets/_Project/Scenes/TrainingRange.unity' is missing or no valid script is attached.
UnityEngine.Debug:ExtractStackTraceNoAlloc (byte*,int,string)
UnityEngine.StackTraceUtility:ExtractStackTrace () (at /Users/bokken/build/output/unity/unity/Runtime/Export/Scripting/StackTrace.cs:23)
UnityEditor.BuildPipeline:BuildPlayerInternal (string[],string,string,UnityEditor.BuildTargetGroup,UnityEditor.BuildTarget,int,UnityEditor.BuildOptions,string[],string[],bool)
UnityEditor.BuildPipeline:BuildPlayer (UnityEditor.BuildPlayerOptions) (at /Users/bokken/build/output/unity/unity/Editor/Mono/BuildPipeline/BuildPipeline.bindings.cs:270)
Project.EditorTools.BuildTool:BuildMac () (at Assets/_Project/Scripts/Editor/BuildTool.cs:80)
Project.EditorTools.BatchEntry:BuildMac () (at Assets/_Project/Scripts/Editor/BatchEntry.cs:47)

[/Users/bokken/build/output/unity/unity/Editor/Mono/BuildPipeline/BuildPipeline.bindings.cs line 270]

Opening scene 'Assets/_Project/Scenes/AAA_Benchmark.unity'
Unloading 30 Unused Serialized files (Serialized files now loaded: 0)
Loaded scene 'Assets/_Project/Scenes/AAA_Benchmark.unity'
	Deserialize:            0.711 ms
	Integration:            5.123 ms
	Integration of assets:  0.002 ms
	Thread Wait Time:       0.003 ms
	Total Operation Time:   5.839 ms
Unloading 123 unused Assets / (0.8 MB). Loaded Objects now: 9313.
Memory consumption went from 0.51 GB to 0.51 GB.
Total: 23.533083 ms (FindLiveObjects: 0.345625 ms CreateObjectMapping: 0.068500 ms MarkObjects: 13.043458 ms  DeleteObjects: 9.943166 ms)

Unloading 1 Unused Serialized files (Serialized files now loaded: 0)
Unloading 0 unused Assets / (0 B). Loaded Objects now: 9310.
Memory consumption went from 356.0 MB to 356.0 MB.
Total: 13.615750 ms (FindLiveObjects: 0.341125 ms CreateObjectMapping: 0.070166 ms MarkObjects: 13.060375 ms  DeleteObjects: 0.010833 ms)

Unloading 0 Unused Serialized files (Serialized files now loaded: 0)
Unloading 0 unused Assets / (Unknown). Loaded Objects now: 9310.
Memory consumption went from 356.0 MB to 356.0 MB.
Total: 13.846041 ms (FindLiveObjects: 0.336000 ms CreateObjectMapping: 0.061375 ms MarkObjects: 12.792542 ms  DeleteObjects: 0.523834 ms)

Unloading 7 Unused Serialized files (Serialized files now loaded: 0)
Unloading 162 unused Assets / (145.2 MB). Loaded Objects now: 9310.
Memory consumption went from 502.2 MB to 357.0 MB.
Total: 17.739958 ms (FindLiveObjects: 0.303584 ms CreateObjectMapping: 0.063500 ms MarkObjects: 12.861583 ms  DeleteObjects: 4.380583 ms)

Compiling shader "Hidden/Universal Render Pipeline/Sampling"
  Pass "BoxDownsample" (vp)
    Target graphics API: metal
    Full variant space:         1
    After settings filtering:   1
    After built-in stripping:   1
    After scriptable stripping: 1
    Processed in 0.00 seconds
  Pass "BoxDownsample" (fp)
    Target graphics API: metal
    Full variant space:         1
    After settings filtering:   1
    After built-in stripping:   1
    After scriptable stripping: 1
    Processed in 0.00 seconds
  Pass BoxDownsample (vp, metal) finished in 0.00 seconds. Local cache hits 1 (0.00s CPU time), remote cache hits 0 (0.00s CPU time), compiled 0 variants (0.00s CPU time), skipped 0 variants.
    Prepared data for serialisation in 0.00s
  Pass BoxDownsample (fp, metal) finished in 0.00 seconds. Local cache hits 1 (0.00s CPU time), remote cache hits 0 (0.00s CPU time), compiled 0 variants (0.00s CPU time), skipped 0 variants.
    Prepared data for serialisation in 0.00s
Serialized binary data for shader Hidden/Universal Render Pipeline/Sampling in 0.00s
    metal (total internal programs: 2, unique: 2)
Compiling shader "Hidden/Universal Render Pipeline/ScreenSpaceAmbientOcclusion"
  Pass "SSAO_Occlusion" (vp)
    Target graphics API: metal
    Full variant space:         1
    After settings filtering:   1
    After built-in stripping:   1
    After scriptable stripping: 1
    Processed in 0.00 seconds
  Pass "SSAO_Occlusion" (fp)
    Target graphics API: metal
    Full variant space:         192
    After settings filtering:   8
    After built-in stripping:   8
    After scriptable stripping: 8
    Processed in 0.00 seconds
  Pass "SSAO_Bilateral_HorizontalBlur" (vp)
    Target graphics API: metal
    Full variant space:         1
    After settings filtering:   1
    After built-in stripping:   1
    After scriptable stripping: 1
    Processed in 0.00 seconds
  Pass "SSAO_Bilateral_HorizontalBlur" (fp)
    Target graphics API: metal
    Full variant space:         1
    After settings filtering:   1
    After built-in stripping:   1
    After scriptable stripping: 1
    Processed in 0.00 seconds
  Pass "SSAO_Bilateral_VerticalBlur" (vp)
    Target graphics API: metal
    Full variant space:         1
    After settings filtering:   1
    After built-in stripping:   1
    After scriptable stripping: 1
    Processed in 0.00 seconds
  Pass "SSAO_Bilateral_VerticalBlur" (fp)
    Target graphics API: metal
    Full variant space:         1
    After settings filtering:   1
    After built-in stripping:   1
    After scriptable stripping: 1
    Processed in 0.00 seconds
  Pass "SSAO_Bilateral_FinalBlur" (vp)
    Target graphics API: metal
    Full variant space:         1
    After settings filtering:   1
    After built-in stripping:   1
    After scriptable stripping: 1
    Processed in 0.00 seconds
  Pass "SSAO_Bilateral_FinalBlur" (fp)
    Target graphics API: metal
    Full variant space:         1
    After settings filtering:   1
    After built-in stripping:   1
    After scriptable stripping: 1
    Processed in 0.00 seconds
  Pass "SSAO_Bilateral_FinalBlur_AfterOpaque" (vp)
    Target graphics API: metal
    Full variant space:         1
    After settings filtering:   1
    After built-in stripping:   1
    After scriptable stripping: 1
    Processed in 0.00 seconds
  Pass "SSAO_Bilateral_FinalBlur_AfterOpaque" (fp)
    Target graphics API: metal
    Full variant space:         1
    After settings filtering:   1
    After built-in stripping:   1
    After scriptable stripping: 1
    Processed in 0.00 seconds
  Pass "SSAO_Gaussian_HorizontalBlur" (vp)
    Target graphics API: metal
    Full variant space:         1
    After settings filtering:   1
    After built-in stripping:   1
    After scriptable stripping: 1
    Processed in 0.00 seconds
  Pass "SSAO_Gaussian_HorizontalBlur" (fp)
    Target graphics API: metal
    Full variant space:         1
    After settings filtering:   1
    After built-in stripping:   1
    After scriptable stripping: 1
    Processed in 0.00 seconds
  Pass "SSAO_Gaussian_VerticalBlur" (vp)
    Target graphics API: metal
    Full variant space:         1
    After settings filtering:   1
    After built-in stripping:   1
    After scriptable stripping: 1
    Processed in 0.00 seconds
  Pass "SSAO_Gaussian_VerticalBlur" (fp)
    Target graphics API: metal
    Full variant space:         1
    After settings filtering:   1
    After built-in stripping:   1
    After scriptable stripping: 1
    Processed in 0.00 seconds
  Pass "SSAO_Gaussian_VerticalBlur_AfterOpaque" (vp)
    Target graphics API: metal
    Full variant space:         1
    After settings filtering:   1
    After built-in stripping:   1
    After scriptable stripping: 1
    Processed in 0.00 seconds
  Pass "SSAO_Gaussian_VerticalBlur_AfterOpaque" (fp)
    Target graphics API: metal
    Full variant space:         1
    After settings filtering:   1
    After built-in stripping:   1
    After scriptable stripping: 1
    Processed in 0.00 seconds
  Pass "SSAO_Kawase" (vp)
    Target graphics API: metal
    Full variant space:         1
    After settings filtering:   1
    After built-in stripping:   1
    After scriptable stripping: 1
    Processed in 0.00 seconds
  Pass "SSAO_Kawase" (fp)
    Target graphics API: metal
    Full variant space:         1
    After settings filtering:   1
    After built-in stripping:   1
    After scriptable stripping: 1
    Processed in 0.00 seconds
  Pass "SSAO_Kawase_AfterOpaque" (vp)
    Target graphics API: metal
    Full variant space:         1
    After settings filtering:   1
    After built-in stripping:   1
    After scriptable stripping: 1
    Processed in 0.00 seconds
  Pass "SSAO_Kawase_AfterOpaque" (fp)
    Target graphics API: metal
    Full variant space:         1
    After settings filtering:   1
    After built-in stripping:   1
    After scriptable stripping: 1
    Processed in 0.00 seconds
  Pass "SSAO_Box_AfterOpaque" (vp)
    Target graphics API: metal
    Full variant space:         1
    After settings filtering:   1
    After built-in stripping:   1
    After scriptable stripping: 1
    Processed in 0.00 seconds
  Pass "SSAO_Box_AfterOpaque" (fp)
    Target graphics API: metal
    Full variant space:         1
    After settings filtering:   1
    After built-in stripping:   1
    After scriptable stripping: 1
    Processed in 0.00 seconds
  Pass SSAO_Occlusion (vp, metal) finished in 0.06 seconds. Local cache hits 0 (0.00s CPU time), remote cache hits 0 (0.00s CPU time), compiled 1 variants (0.06s CPU time), skipped 0 variants.
    Prepared data for serialisation in 0.00s
  Pass SSAO_Occlusion (fp, metal) finished in 0.43 seconds. Local cache hits 0 (0.00s CPU time), remote cache hits 0 (0.00s CPU time), compiled 8 variants (2.22s CPU time), skipped 0 variants.
    Prepared data for serialisation in 0.00s
  Pass SSAO_Bilateral_HorizontalBlur (vp, metal) finished in 0.36 seconds. Local cache hits 0 (0.00s CPU time), remote cache hits 0 (0.00s CPU time), compiled 1 variants (0.07s CPU time), skipped 0 variants.
    Prepared data for serialisation in 0.00s
  Pass SSAO_Bilateral_HorizontalBlur (fp, metal) finished in 0.24 seconds. Local cache hits 0 (0.00s CPU time), remote cache hits 0 (0.00s CPU time), compiled 1 variants (0.08s CPU time), skipped 0 variants.
    Prepared data for serialisation in 0.00s
  Pass SSAO_Bilateral_VerticalBlur (vp, metal) finished in 0.29 seconds. Local cache hits 0 (0.00s CPU time), remote cache hits 0 (0.00s CPU time), compiled 1 variants (0.03s CPU time), skipped 0 variants.
    Prepared data for serialisation in 0.00s
  Pass SSAO_Bilateral_VerticalBlur (fp, metal) finished in 0.23 seconds. Local cache hits 0 (0.00s CPU time), remote cache hits 0 (0.00s CPU time), compiled 1 variants (0.06s CPU time), skipped 0 variants.
    Prepared data for serialisation in 0.00s
  Pass SSAO_Bilateral_FinalBlur (vp, metal) finished in 0.26 seconds. Local cache hits 0 (0.00s CPU time), remote cache hits 0 (0.00s CPU time), compiled 1 variants (0.05s CPU time), skipped 0 variants.
    Prepared data for serialisation in 0.00s
  Pass SSAO_Bilateral_FinalBlur (fp, metal) finished in 0.22 seconds. Local cache hits 0 (0.00s CPU time), remote cache hits 0 (0.00s CPU time), compiled 1 variants (0.07s CPU time), skipped 0 variants.
    Prepared data for serialisation in 0.00s
  Pass SSAO_Bilateral_FinalBlur_AfterOpaque (vp, metal) finished in 0.21 seconds. Local cache hits 0 (0.00s CPU time), remote cache hits 0 (0.00s CPU time), compiled 1 variants (0.08s CPU time), skipped 0 variants.
    Prepared data for serialisation in 0.00s
  Pass SSAO_Bilateral_FinalBlur_AfterOpaque (fp, metal) finished in 0.21 seconds. Local cache hits 0 (0.00s CPU time), remote cache hits 0 (0.00s CPU time), compiled 1 variants (0.06s CPU time), skipped 0 variants.
    Prepared data for serialisation in 0.00s
  Pass SSAO_Gaussian_HorizontalBlur (vp, metal) finished in 0.13 seconds. Local cache hits 0 (0.00s CPU time), remote cache hits 0 (0.00s CPU time), compiled 1 variants (0.06s CPU time), skipped 0 variants.
    Prepared data for serialisation in 0.00s
  Pass SSAO_Gaussian_HorizontalBlur (fp, metal) finished in 0.17 seconds. Local cache hits 0 (0.00s CPU time), remote cache hits 0 (0.00s CPU time), compiled 1 variants (0.04s CPU time), skipped 0 variants.
    Prepared data for serialisation in 0.00s
  Pass SSAO_Gaussian_VerticalBlur (vp, metal) finished in 0.12 seconds. Local cache hits 0 (0.00s CPU time), remote cache hits 0 (0.00s CPU time), compiled 1 variants (0.05s CPU time), skipped 0 variants.
    Prepared data for serialisation in 0.00s
  Pass SSAO_Gaussian_VerticalBlur (fp, metal) finished in 0.16 seconds. Local cache hits 0 (0.00s CPU time), remote cache hits 0 (0.00s CPU time), compiled 1 variants (0.05s CPU time), skipped 0 variants.
    Prepared data for serialisation in 0.00s
  Pass SSAO_Gaussian_VerticalBlur_AfterOpaque (vp, metal) finished in 0.12 seconds. Local cache hits 0 (0.00s CPU time), remote cache hits 0 (0.00s CPU time), compiled 1 variants (0.05s CPU time), skipped 0 variants.
    Prepared data for serialisation in 0.00s
  Pass SSAO_Gaussian_VerticalBlur_AfterOpaque (fp, metal) finished in 0.16 seconds. Local cache hits 0 (0.00s CPU time), remote cache hits 0 (0.00s CPU time), compiled 1 variants (0.05s CPU time), skipped 0 variants.
    Prepared data for serialisation in 0.00s
  Pass SSAO_Kawase (vp, metal) finished in 0.11 seconds. Local cache hits 0 (0.00s CPU time), remote cache hits 0 (0.00s CPU time), compiled 1 variants (0.05s CPU time), skipped 0 variants.
    Prepared data for serialisation in 0.00s
  Pass SSAO_Kawase (fp, metal) finished in 0.14 seconds. Local cache hits 0 (0.00s CPU time), remote cache hits 0 (0.00s CPU time), compiled 1 variants (0.05s CPU time), skipped 0 variants.
    Prepared data for serialisation in 0.00s
  Pass SSAO_Kawase_AfterOpaque (vp, metal) finished in 0.09 seconds. Local cache hits 0 (0.00s CPU time), remote cache hits 0 (0.00s CPU time), compiled 1 variants (0.05s CPU time), skipped 0 variants.
    Prepared data for serialisation in 0.00s
  Pass SSAO_Kawase_AfterOpaque (fp, metal) finished in 0.14 seconds. Local cache hits 0 (0.00s CPU time), remote cache hits 0 (0.00s CPU time), compiled 1 variants (0.05s CPU time), skipped 0 variants.
    Prepared data for serialisation in 0.00s
  Pass SSAO_Box_AfterOpaque (vp, metal) finished in 0.09 seconds. Local cache hits 0 (0.00s CPU time), remote cache hits 0 (0.00s CPU time), compiled 1 variants (0.05s CPU time), skipped 0 variants.
    Prepared data for serialisation in 0.00s
  Pass SSAO_Box_AfterOpaque (fp, metal) finished in 0.13 seconds. Local cache hits 0 (0.00s CPU time), remote cache hits 0 (0.00s CPU time), compiled 1 variants (0.04s CPU time), skipped 0 variants.
    Prepared data for serialisation in 0.00s
Serialized binary data for shader Hidden/Universal Render Pipeline/ScreenSpaceAmbientOcclusion in 0.00s
    metal (total internal programs: 29, unique: 19)
Compiling shader "Hidden/Universal Render Pipeline/Terrain/Lit (Add Pass)"
  Pass "ForwardLit" (vp)
    Target graphics API: metal
    Full variant space:         73.728
    After settings filtering:   2.048
    After built-in stripping:   64
    After scriptable stripping: 32
    Processed in 0.00 seconds
  Pass "ForwardLit" (fp)
    Target graphics API: metal
    Full variant space:         377.487.360
    After settings filtering:   49.152
    After built-in stripping:   1.536
    After scriptable stripping: 384
    Processed in 0.02 seconds
  Pass "GBuffer" (vp)
    Target graphics API: metal
    Full variant space:         3.072
    After settings filtering:   512
    After built-in stripping:   32
    After scriptable stripping: 0
    Processed in 0.00 seconds
  Pass "GBuffer" (fp)
    Target graphics API: metal
    Full variant space:         1.966.080
    After settings filtering:   2.048
    After built-in stripping:   128
    After scriptable stripping: 0
    Processed in 0.00 seconds
  Pass ForwardLit (vp, metal) finished in 0.91 seconds. Local cache hits 0 (0.00s CPU time), remote cache hits 0 (0.00s CPU time), compiled 32 variants (7.50s CPU time), skipped 0 variants.
    Prepared data for serialisation in 0.00s
    [129s] 55 / 384 variants ready
    [190s] 105 / 384 variants ready
    [254s] 161 / 384 variants ready
    [319s] 219 / 384 variants ready
    [383s] 283 / 384 variants ready
