weapon_id,display_name,category,distance_m,zone,armor_level,helmet_level,shots_to_kill,ttk_seconds,first_shot_damage,damage_per_shot,rpm,dps_effective,notes
Sar9,SAR 9,Pistol,10.0,body,0,0,4,0.48,28.0,28.0,375.0,208.333,
Sar9,SAR 9,Pistol,10.0,body,0,1,4,0.48,28.0,28.0,375.0,208.333,
Sar9,SAR 9,Pistol,10.0,body,0,2,4,0.48,28.0,28.0,375.0,208.333,
Sar9,SAR 9,Pistol,10.0,body,0,3,4,0.48,28.0,28.0,375.0,208.333,
Sar9,SAR 9,Pistol,10.0,body,1,0,6,0.8,19.6,19.6,375.0,125.0,
Sar9,SAR 9,Pistol,10.0,body,1,1,6,0.8,19.6,19.6,375.0,125.0,
Sar9,SAR 9,Pistol,10.0,body,1,2,6,0.8,19.6,19.6,375.0,125.0,
Sar9,SAR 9,Pistol,10.0,body,1,3,6,0.8,19.6,19.6,375.0,125.0,
Sar9,SAR 9,Pistol,10.0,body,2,0,6,0.8,16.8,16.8,375.0,125.0,
Sar9,SAR 9,Pistol,10.0,body,2,1,6,0.8,16.8,16.8,375.0,125.0,
Sar9,SAR 9,Pistol,10.0,body,2,2,6,0.8,16.8,16.8,375.0,125.0,
Sar9,SAR 9,Pistol,10.0,body,2,3,6,0.8,16.8,16.8,375.0,125.0,
Sar9,SAR 9,Pistol,10.0,body,3,0,8,1.12,12.6,12.6,375.0,89.286,
Sar9,SAR 9,Pistol,10.0,body,3,1,8,1.12,12.6,12.6,375.0,89.286,
Sar9,SAR 9,Pistol,10.0,body,3,2,8,1.12,12.6,12.6,375.0,89.286,
Sar9,SAR 9,Pistol,10.0,body,3,3,8,1.12,12.6,12.6,375.0,89.286,
Sar9,SAR 9,Pistol,10.0,head,0,0,2,0.16,56.0,56.0,375.0,625.0,
Sar9,SAR 9,Pistol,10.0,head,0,1,3,0.32,39.2,39.2,375.0,312.5,
Sar9,SAR 9,Pistol,10.0,head,0,2,3,0.32,33.6,33.6,375.0,312.5,
Sar9,SAR 9,Pistol,10.0,head,0,3,4,0.48,25.2,25.2,375.0,208.333,
Sar9,SAR 9,Pistol,10.0,head,1,0,2,0.16,56.0,56.0,375.0,625.0,
Sar9,SAR 9,Pistol,10.0,head,1,1,3,0.32,39.2,39.2,375.0,312.5,
Sar9,SAR 9,Pistol,10.0,head,1,2,3,0.32,33.6,33.6,375.0,312.5,
Sar9,SAR 9,Pistol,10.0,head,1,3,4,0.48,25.2,25.2,375.0,208.333,
Sar9,SAR 9,Pistol,10.0,head,2,0,2,0.16,56.0,56.0,375.0,625.0,
Sar9,SAR 9,Pistol,10.0,head,2,1,3,0.32,39.2,39.2,375.0,312.5,
Sar9,SAR 9,Pistol,10.0,head,2,2,3,0.32,33.6,33.6,375.0,312.5,
Sar9,SAR 9,Pistol,10.0,head,2,3,4,0.48,25.2,25.2,375.0,208.333,
Sar9,SAR 9,Pistol,10.0,head,3,0,2,0.16,56.0,56.0,375.0,625.0,
Sar9,SAR 9,Pistol,10.0,head,3,1,3,0.32,39.2,39.2,375.0,312.5,
Sar9,SAR 9,Pistol,10.0,head,3,2,3,0.32,33.6,33.6,375.0,312.5,
Sar9,SAR 9,Pistol,10.0,head,3,3,4,0.48,25.2,25.2,375.0,208.333,
Sar9,SAR 9,Pistol,50.0,body,0,0,5,0.64,20.44,20.44,375.0,156.25,
Sar9,SAR 9,Pistol,50.0,body,0,1,5,0.64,20.44,20.44,375.0,156.25,
Sar9,SAR 9,Pistol,50.0,body,0,2,5,0.64,20.44,20.44,375.0,156.25,
Sar9,SAR 9,Pistol,50.0,body,0,3,5,0.64,20.44,20.44,375.0,156.25,
Sar9,SAR 9,Pistol,50.0,body,1,0,7,0.96,14.308,14.308,375.0,104.167,
Sar9,SAR 9,Pistol,50.0,body,1,1,7,0.96,14.308,14.308,375.0,104.167,
Sar9,SAR 9,Pistol,50.0,body,1,2,7,0.96,14.308,14.308,375.0,104.167,
Sar9,SAR 9,Pistol,50.0,body,1,3,7,0.96,14.308,14.308,375.0,104.167,
Sar9,SAR 9,Pistol,50.0,body,2,0,9,1.28,12.264,12.264,375.0,78.125,
Sar9,SAR 9,Pistol,50.0,body,2,1,9,1.28,12.264,12.264,375.0,78.125,
Sar9,SAR 9,Pistol,50.0,body,2,2,9,1.28,12.264,12.264,375.0,78.125,
Sar9,SAR 9,Pistol,50.0,body,2,3,9,1.28,12.264,12.264,375.0,78.125,
Sar9,SAR 9,Pistol,50.0,body,3,0,11,1.6,9.198,9.198,375.0,62.5,
Sar9,SAR 9,Pistol,50.0,body,3,1,11,1.6,9.198,9.198,375.0,62.5,
Sar9,SAR 9,Pistol,50.0,body,3,2,11,1.6,9.198,9.198,375.0,62.5,
Sar9,SAR 9,Pistol,50.0,body,3,3,11,1.6,9.198,9.198,375.0,62.5,
Sar9,SAR 9,Pistol,50.0,head,0,0,3,0.32,40.88,40.88,375.0,312.5,
Sar9,SAR 9,Pistol,50.0,head,0,1,4,0.48,28.616,28.616,375.0,208.333,
Sar9,SAR 9,Pistol,50.0,head,0,2,5,0.64,24.528,24.528,375.0,156.25,
Sar9,SAR 9,Pistol,50.0,head,0,3,6,0.8,18.396,18.396,375.0,125.0,
Sar9,SAR 9,Pistol,50.0,head,1,0,3,0.32,40.88,40.88,375.0,312.5,
Sar9,SAR 9,Pistol,50.0,head,1,1,4,0.48,28.616,28.616,375.0,208.333,
Sar9,SAR 9,Pistol,50.0,head,1,2,5,0.64,24.528,24.528,375.0,156.25,
Sar9,SAR 9,Pistol,50.0,head,1,3,6,0.8,18.396,18.396,375.0,125.0,
Sar9,SAR 9,Pistol,50.0,head,2,0,3,0.32,40.88,40.88,375.0,312.5,
Sar9,SAR 9,Pistol,50.0,head,2,1,4,0.48,28.616,28.616,375.0,208.333,
Sar9,SAR 9,Pistol,50.0,head,2,2,5,0.64,24.528,24.528,375.0,156.25,
Sar9,SAR 9,Pistol,50.0,head,2,3,6,0.8,18.396,18.396,375.0,125.0,
Sar9,SAR 9,Pistol,50.0,head,3,0,3,0.32,40.88,40.88,375.0,312.5,
Sar9,SAR 9,Pistol,50.0,head,3,1,4,0.48,28.616,28.616,375.0,208.333,
Sar9,SAR 9,Pistol,50.0,head,3,2,5,0.64,24.528,24.528,375.0,156.25,
Sar9,SAR 9,Pistol,50.0,head,3,3,6,0.8,18.396,18.396,375.0,125.0,
Sar9,SAR 9,Pistol,100.0,body,0,0,7,0.96,15.4,15.4,375.0,104.167,
Sar9,SAR 9,Pistol,100.0,body,0,1,7,0.96,15.4,15.4,375.0,104.167,
Sar9,SAR 9,Pistol,100.0,body,0,2,7,0.96,15.4,15.4,375.0,104.167,
Sar9,SAR 9,Pistol,100.0,body,0,3,7,0.96,15.4,15.4,375.0,104.167,
Sar9,SAR 9,Pistol,100.0,body,1,0,10,1.44,10.78,10.78,375.0,69.444,
Sar9,SAR 9,Pistol,100.0,body,1,1,10,1.44,10.78,10.78,375.0,69.444,
Sar9,SAR 9,Pistol,100.0,body,1,2,10,1.44,10.78,10.78,375.0,69.444,
Sar9,SAR 9,Pistol,100.0,body,1,3,10,1.44,10.78,10.78,375.0,69.444,
Sar9,SAR 9,Pistol,100.0,body,2,0,11,1.6,9.24,9.24,375.0,62.5,
Sar9,SAR 9,Pistol,100.0,body,2,1,11,1.6,9.24,9.24,375.0,62.5,
Sar9,SAR 9,Pistol,100.0,body,2,2,11,1.6,9.24,9.24,375.0,62.5,
Sar9,SAR 9,Pistol,100.0,body,2,3,11,1.6,9.24,9.24,375.0,62.5,
Sar9,SAR 9,Pistol,100.0,body,3,0,15,2.24,6.93,6.93,375.0,44.643,
Sar9,SAR 9,Pistol,100.0,body,3,1,15,2.24,6.93,6.93,375.0,44.643,
Sar9,SAR 9,Pistol,100.0,body,3,2,15,2.24,6.93,6.93,375.0,44.643,
Sar9,SAR 9,Pistol,100.0,body,3,3,15,2.24,6.93,6.93,375.0,44.643,
Sar9,SAR 9,Pistol,100.0,head,0,0,4,0.48,30.8,30.8,375.0,208.333,
Sar9,SAR 9,Pistol,100.0,head,0,1,5,0.64,21.56,21.56,375.0,156.25,
Sar9,SAR 9,Pistol,100.0,head,0,2,6,0.8,18.48,18.48,375.0,125.0,
Sar9,SAR 9,Pistol,100.0,head,0,3,8,1.12,13.86,13.86,375.0,89.286,
Sar9,SAR 9,Pistol,100.0,head,1,0,4,0.48,30.8,30.8,375.0,208.333,
Sar9,SAR 9,Pistol,100.0,head,1,1,5,0.64,21.56,21.56,375.0,156.25,
Sar9,SAR 9,Pistol,100.0,head,1,2,6,0.8,18.48,18.48,375.0,125.0,
Sar9,SAR 9,Pistol,100.0,head,1,3,8,1.12,13.86,13.86,375.0,89.286,
Sar9,SAR 9,Pistol,100.0,head,2,0,4,0.48,30.8,30.8,375.0,208.333,
Sar9,SAR 9,Pistol,100.0,head,2,1,5,0.64,21.56,21.56,375.0,156.25,
Sar9,SAR 9,Pistol,100.0,head,2,2,6,0.8,18.48,18.48,375.0,125.0,
Sar9,SAR 9,Pistol,100.0,head,2,3,8,1.12,13.86,13.86,375.0,89.286,
Sar9,SAR 9,Pistol,100.0,head,3,0,4,0.48,30.8,30.8,375.0,208.333,
Sar9,SAR 9,Pistol,100.0,head,3,1,5,0.64,21.56,21.56,375.0,156.25,
Sar9,SAR 9,Pistol,100.0,head,3,2,6,0.8,18.48,18.48,375.0,125.0,
Sar9,SAR 9,Pistol,100.0,head,3,3,8,1.12,13.86,13.86,375.0,89.286,
Sar9,SAR 9,Pistol,200.0,body,0,0,7,0.96,15.4,15.4,375.0,104.167,
Sar9,SAR 9,Pistol,200.0,body,0,1,7,0.96,15.4,15.4,375.0,104.167,
Sar9,SAR 9,Pistol,200.0,body,0,2,7,0.96,15.4,15.4,375.0,104.167,
Sar9,SAR 9,Pistol,200.0,body,0,3,7,0.96,15.4,15.4,375.0,104.167,
Sar9,SAR 9,Pistol,200.0,body,1,0,10,1.44,10.78,10.78,375.0,69.444,
Sar9,SAR 9,Pistol,200.0,body,1,1,10,1.44,10.78,10.78,375.0,69.444,
Sar9,SAR 9,Pistol,200.0,body,1,2,10,1.44,10.78,10.78,375.0,69.444,
Sar9,SAR 9,Pistol,200.0,body,1,3,10,1.44,10.78,10.78,375.0,69.444,
Sar9,SAR 9,Pistol,200.0,body,2,0,11,1.6,9.24,9.24,375.0,62.5,
Sar9,SAR 9,Pistol,200.0,body,2,1,11,1.6,9.24,9.24,375.0,62.5,
Sar9,SAR 9,Pistol,200.0,body,2,2,11,1.6,9.24,9.24,375.0,62.5,
Sar9,SAR 9,Pistol,200.0,body,2,3,11,1.6,9.24,9.24,375.0,62.5,
Sar9,SAR 9,Pistol,200.0,body,3,0,15,2.24,6.93,6.93,375.0,44.643,
Sar9,SAR 9,Pistol,200.0,body,3,1,15,2.24,6.93,6.93,375.0,44.643,
Sar9,SAR 9,Pistol,200.0,body,3,2,15,2.24,6.93,6.93,375.0,44.643,
Sar9,SAR 9,Pistol,200.0,body,3,3,15,2.24,6.93,6.93,375.0,44.643,
Sar9,SAR 9,Pistol,200.0,head,0,0,4,0.48,30.8,30.8,375.0,208.333,
Sar9,SAR 9,Pistol,200.0,head,0,1,5,0.64,21.56,21.56,375.0,156.25,
Sar9,SAR 9,Pistol,200.0,head,0,2,6,0.8,18.48,18.48,375.0,125.0,
Sar9,SAR 9,Pistol,200.0,head,0,3,8,1.12,13.86,13.86,375.0,89.286,
Sar9,SAR 9,Pistol,200.0,head,1,0,4,0.48,30.8,30.8,375.0,208.333,
Sar9,SAR 9,Pistol,200.0,head,1,1,5,0.64,21.56,21.56,375.0,156.25,
Sar9,SAR 9,Pistol,200.0,head,1,2,6,0.8,18.48,18.48,375.0,125.0,
Sar9,SAR 9,Pistol,200.0,head,1,3,8,1.12,13.86,13.86,375.0,89.286,
Sar9,SAR 9,Pistol,200.0,head,2,0,4,0.48,30.8,30.8,375.0,208.333,
Sar9,SAR 9,Pistol,200.0,head,2,1,5,0.64,21.56,21.56,375.0,156.25,
Sar9,SAR 9,Pistol,200.0,head,2,2,6,0.8,18.48,18.48,375.0,125.0,
Sar9,SAR 9,Pistol,200.0,head,2,3,8,1.12,13.86,13.86,375.0,89.286,
Sar9,SAR 9,Pistol,200.0,head,3,0,4,0.48,30.8,30.8,375.0,208.333,
Sar9,SAR 9,Pistol,200.0,head,3,1,5,0.64,21.56,21.56,375.0,156.25,
Sar9,SAR 9,Pistol,200.0,head,3,2,6,0.8,18.48,18.48,375.0,125.0,
Sar9,SAR 9,Pistol,200.0,head,3,3,8,1.12,13.86,13.86,375.0,89.286,
Sar9,SAR 9,Pistol,300.0,body,0,0,7,0.96,15.4,15.4,375.0,104.167,
Sar9,SAR 9,Pistol,300.0,body,0,1,7,0.96,15.4,15.4,375.0,104.167,
Sar9,SAR 9,Pistol,300.0,body,0,2,7,0.96,15.4,15.4,375.0,104.167,
Sar9,SAR 9,Pistol,300.0,body,0,3,7,0.96,15.4,15.4,375.0,104.167,
Sar9,SAR 9,Pistol,300.0,body,1,0,10,1.44,10.78,10.78,375.0,69.444,
Sar9,SAR 9,Pistol,300.0,body,1,1,10,1.44,10.78,10.78,375.0,69.444,
Sar9,SAR 9,Pistol,300.0,body,1,2,10,1.44,10.78,10.78,375.0,69.444,
Sar9,SAR 9,Pistol,300.0,body,1,3,10,1.44,10.78,10.78,375.0,69.444,
Sar9,SAR 9,Pistol,300.0,body,2,0,11,1.6,9.24,9.24,375.0,62.5,
Sar9,SAR 9,Pistol,300.0,body,2,1,11,1.6,9.24,9.24,375.0,62.5,
Sar9,SAR 9,Pistol,300.0,body,2,2,11,1.6,9.24,9.24,375.0,62.5,
Sar9,SAR 9,Pistol,300.0,body,2,3,11,1.6,9.24,9.24,375.0,62.5,
Sar9,SAR 9,Pistol,300.0,body,3,0,15,2.24,6.93,6.93,375.0,44.643,
Sar9,SAR 9,Pistol,300.0,body,3,1,15,2.24,6.93,6.93,375.0,44.643,
Sar9,SAR 9,Pistol,300.0,body,3,2,15,2.24,6.93,6.93,375.0,44.643,
Sar9,SAR 9,Pistol,300.0,body,3,3,15,2.24,6.93,6.93,375.0,44.643,
Sar9,SAR 9,Pistol,300.0,head,0,0,4,0.48,30.8,30.8,375.0,208.333,
Sar9,SAR 9,Pistol,300.0,head,0,1,5,0.64,21.56,21.56,375.0,156.25,
Sar9,SAR 9,Pistol,300.0,head,0,2,6,0.8,18.48,18.48,375.0,125.0,
Sar9,SAR 9,Pistol,300.0,head,0,3,8,1.12,13.86,13.86,375.0,89.286,
Sar9,SAR 9,Pistol,300.0,head,1,0,4,0.48,30.8,30.8,375.0,208.333,
Sar9,SAR 9,Pistol,300.0,head,1,1,5,0.64,21.56,21.56,375.0,156.25,
Sar9,SAR 9,Pistol,300.0,head,1,2,6,0.8,18.48,18.48,375.0,125.0,
Sar9,SAR 9,Pistol,300.0,head,1,3,8,1.12,13.86,13.86,375.0,89.286,
Sar9,SAR 9,Pistol,300.0,head,2,0,4,0.48,30.8,30.8,375.0,208.333,
Sar9,SAR 9,Pistol,300.0,head,2,1,5,0.64,21.56,21.56,375.0,156.25,
Sar9,SAR 9,Pistol,300.0,head,2,2,6,0.8,18.48,18.48,375.0,125.0,
Sar9,SAR 9,Pistol,300.0,head,2,3,8,1.12,13.86,13.86,375.0,89.286,
Sar9,SAR 9,Pistol,300.0,head,3,0,4,0.48,30.8,30.8,375.0,208.333,
Sar9,SAR 9,Pistol,300.0,head,3,1,5,0.64,21.56,21.56,375.0,156.25,
Sar9,SAR 9,Pistol,300.0,head,3,2,6,0.8,18.48,18.48,375.0,125.0,
Sar9,SAR 9,Pistol,300.0,head,3,3,8,1.12,13.86,13.86,375.0,89.286,
Tp9,Canik TP9,Pistol,10.0,body,0,0,4,0.45,26.0,26.0,400.0,222.222,
Tp9,Canik TP9,Pistol,10.0,body,0,1,4,0.45,26.0,26.0,400.0,222.222,
Tp9,Canik TP9,Pistol,10.0,body,0,2,4,0.45,26.0,26.0,400.0,222.222,
Tp9,Canik TP9,Pistol,10.0,body,0,3,4,0.45,26.0,26.0,400.0,222.222,
Tp9,Canik TP9,Pistol,10.0,body,1,0,6,0.75,18.2,18.2,400.0,133.333,
Tp9,Canik TP9,Pistol,10.0,body,1,1,6,0.75,18.2,18.2,400.0,133.333,
Tp9,Canik TP9,Pistol,10.0,body,1,2,6,0.75,18.2,18.2,400.0,133.333,
Tp9,Canik TP9,Pistol,10.0,body,1,3,6,0.75,18.2,18.2,400.0,133.333,
Tp9,Canik TP9,Pistol,10.0,body,2,0,7,0.9,15.6,15.6,400.0,111.111,
Tp9,Canik TP9,Pistol,10.0,body,2,1,7,0.9,15.6,15.6,400.0,111.111,
Tp9,Canik TP9,Pistol,10.0,body,2,2,7,0.9,15.6,15.6,400.0,111.111,
Tp9,Canik TP9,Pistol,10.0,body,2,3,7,0.9,15.6,15.6,400.0,111.111,
Tp9,Canik TP9,Pistol,10.0,body,3,0,9,1.2,11.7,11.7,400.0,83.333,
Tp9,Canik TP9,Pistol,10.0,body,3,1,9,1.2,11.7,11.7,400.0,83.333,
Tp9,Canik TP9,Pistol,10.0,body,3,2,9,1.2,11.7,11.7,400.0,83.333,
Tp9,Canik TP9,Pistol,10.0,body,3,3,9,1.2,11.7,11.7,400.0,83.333,
Tp9,Canik TP9,Pistol,10.0,head,0,0,2,0.15,52.0,52.0,400.0,666.667,
Tp9,Canik TP9,Pistol,10.0,head,0,1,3,0.3,36.4,36.4,400.0,333.333,
Tp9,Canik TP9,Pistol,10.0,head,0,2,4,0.45,31.2,31.2,400.0,222.222,
Tp9,Canik TP9,Pistol,10.0,head,0,3,5,0.6,23.4,23.4,400.0,166.667,
Tp9,Canik TP9,Pistol,10.0,head,1,0,2,0.15,52.0,52.0,400.0,666.667,
Tp9,Canik TP9,Pistol,10.0,head,1,1,3,0.3,36.4,36.4,400.0,333.333,
Tp9,Canik TP9,Pistol,10.0,head,1,2,4,0.45,31.2,31.2,400.0,222.222,
Tp9,Canik TP9,Pistol,10.0,head,1,3,5,0.6,23.4,23.4,400.0,166.667,
Tp9,Canik TP9,Pistol,10.0,head,2,0,2,0.15,52.0,52.0,400.0,666.667,
Tp9,Canik TP9,Pistol,10.0,head,2,1,3,0.3,36.4,36.4,400.0,333.333,
Tp9,Canik TP9,Pistol,10.0,head,2,2,4,0.45,31.2,31.2,400.0,222.222,
Tp9,Canik TP9,Pistol,10.0,head,2,3,5,0.6,23.4,23.4,400.0,166.667,
Tp9,Canik TP9,Pistol,10.0,head,3,0,2,0.15,52.0,52.0,400.0,666.667,
Tp9,Canik TP9,Pistol,10.0,head,3,1,3,0.3,36.4,36.4,400.0,333.333,
Tp9,Canik TP9,Pistol,10.0,head,3,2,4,0.45,31.2,31.2,400.0,222.222,
Tp9,Canik TP9,Pistol,10.0,head,3,3,5,0.6,23.4,23.4,400.0,166.667,
Tp9,Canik TP9,Pistol,50.0,body,0,0,6,0.75,18.98,18.98,400.0,133.333,
Tp9,Canik TP9,Pistol,50.0,body,0,1,6,0.75,18.98,18.98,400.0,133.333,
Tp9,Canik TP9,Pistol,50.0,body,0,2,6,0.75,18.98,18.98,400.0,133.333,
Tp9,Canik TP9,Pistol,50.0,body,0,3,6,0.75,18.98,18.98,400.0,133.333,
Tp9,Canik TP9,Pistol,50.0,body,1,0,8,1.05,13.286,13.286,400.0,95.238,
Tp9,Canik TP9,Pistol,50.0,body,1,1,8,1.05,13.286,13.286,400.0,95.238,
Tp9,Canik TP9,Pistol,50.0,body,1,2,8,1.05,13.286,13.286,400.0,95.238,
Tp9,Canik TP9,Pistol,50.0,body,1,3,8,1.05,13.286,13.286,400.0,95.238,
Tp9,Canik TP9,Pistol,50.0,body,2,0,9,1.2,11.388,11.388,400.0,83.333,
Tp9,Canik TP9,Pistol,50.0,body,2,1,9,1.2,11.388,11.388,400.0,83.333,
Tp9,Canik TP9,Pistol,50.0,body,2,2,9,1.2,11.388,11.388,400.0,83.333,
Tp9,Canik TP9,Pistol,50.0,body,2,3,9,1.2,11.388,11.388,400.0,83.333,
Tp9,Canik TP9,Pistol,50.0,body,3,0,12,1.65,8.541,8.541,400.0,60.606,
Tp9,Canik TP9,Pistol,50.0,body,3,1,12,1.65,8.541,8.541,400.0,60.606,
Tp9,Canik TP9,Pistol,50.0,body,3,2,12,1.65,8.541,8.541,400.0,60.606,
Tp9,Canik TP9,Pistol,50.0,body,3,3,12,1.65,8.541,8.541,400.0,60.606,
Tp9,Canik TP9,Pistol,50.0,head,0,0,3,0.3,37.96,37.96,400.0,333.333,
Tp9,Canik TP9,Pistol,50.0,head,0,1,4,0.45,26.572,26.572,400.0,222.222,
Tp9,Canik TP9,Pistol,50.0,head,0,2,5,0.6,22.776,22.776,400.0,166.667,
Tp9,Canik TP9,Pistol,50.0,head,0,3,6,0.75,17.082,17.082,400.0,133.333,
Tp9,Canik TP9,Pistol,50.0,head,1,0,3,0.3,37.96,37.96,400.0,333.333,
Tp9,Canik TP9,Pistol,50.0,head,1,1,4,0.45,26.572,26.572,400.0,222.222,
Tp9,Canik TP9,Pistol,50.0,head,1,2,5,0.6,22.776,22.776,400.0,166.667,
Tp9,Canik TP9,Pistol,50.0,head,1,3,6,0.75,17.082,17.082,400.0,133.333,
Tp9,Canik TP9,Pistol,50.0,head,2,0,3,0.3,37.96,37.96,400.0,333.333,
Tp9,Canik TP9,Pistol,50.0,head,2,1,4,0.45,26.572,26.572,400.0,222.222,
Tp9,Canik TP9,Pistol,50.0,head,2,2,5,0.6,22.776,22.776,400.0,166.667,
Tp9,Canik TP9,Pistol,50.0,head,2,3,6,0.75,17.082,17.082,400.0,133.333,
Tp9,Canik TP9,Pistol,50.0,head,3,0,3,0.3,37.96,37.96,400.0,333.333,
Tp9,Canik TP9,Pistol,50.0,head,3,1,4,0.45,26.572,26.572,400.0,222.222,
Tp9,Canik TP9,Pistol,50.0,head,3,2,5,0.6,22.776,22.776,400.0,166.667,
Tp9,Canik TP9,Pistol,50.0,head,3,3,6,0.75,17.082,17.082,400.0,133.333,
Tp9,Canik TP9,Pistol,100.0,body,0,0,7,0.9,14.3,14.3,400.0,111.111,
Tp9,Canik TP9,Pistol,100.0,body,0,1,7,0.9,14.3,14.3,400.0,111.111,
Tp9,Canik TP9,Pistol,100.0,body,0,2,7,0.9,14.3,14.3,400.0,111.111,
Tp9,Canik TP9,Pistol,100.0,body,0,3,7,0.9,14.3,14.3,400.0,111.111,
Tp9,Canik TP9,Pistol,100.0,body,1,0,10,1.35,10.01,10.01,400.0,74.074,
Tp9,Canik TP9,Pistol,100.0,body,1,1,10,1.35,10.01,10.01,400.0,74.074,
Tp9,Canik TP9,Pistol,100.0,body,1,2,10,1.35,10.01,10.01,400.0,74.074,
Tp9,Canik TP9,Pistol,100.0,body,1,3,10,1.35,10.01,10.01,400.0,74.074,
Tp9,Canik TP9,Pistol,100.0,body,2,0,12,1.65,8.58,8.58,400.0,60.606,
Tp9,Canik TP9,Pistol,100.0,body,2,1,12,1.65,8.58,8.58,400.0,60.606,
Tp9,Canik TP9,Pistol,100.0,body,2,2,12,1.65,8.58,8.58,400.0,60.606,
Tp9,Canik TP9,Pistol,100.0,body,2,3,12,1.65,8.58,8.58,400.0,60.606,
Tp9,Canik TP9,Pistol,100.0,body,3,0,16,2.25,6.435,6.435,400.0,44.444,
Tp9,Canik TP9,Pistol,100.0,body,3,1,16,2.25,6.435,6.435,400.0,44.444,
Tp9,Canik TP9,Pistol,100.0,body,3,2,16,2.25,6.435,6.435,400.0,44.444,
Tp9,Canik TP9,Pistol,100.0,body,3,3,16,2.25,6.435,6.435,400.0,44.444,
Tp9,Canik TP9,Pistol,100.0,head,0,0,4,0.45,28.6,28.6,400.0,222.222,
Tp9,Canik TP9,Pistol,100.0,head,0,1,5,0.6,20.02,20.02,400.0,166.667,
Tp9,Canik TP9,Pistol,100.0,head,0,2,6,0.75,17.16,17.16,400.0,133.333,
Tp9,Canik TP9,Pistol,100.0,head,0,3,8,1.05,12.87,12.87,400.0,95.238,
Tp9,Canik TP9,Pistol,100.0,head,1,0,4,0.45,28.6,28.6,400.0,222.222,
Tp9,Canik TP9,Pistol,100.0,head,1,1,5,0.6,20.02,20.02,400.0,166.667,
Tp9,Canik TP9,Pistol,100.0,head,1,2,6,0.75,17.16,17.16,400.0,133.333,
Tp9,Canik TP9,Pistol,100.0,head,1,3,8,1.05,12.87,12.87,400.0,95.238,
Tp9,Canik TP9,Pistol,100.0,head,2,0,4,0.45,28.6,28.6,400.0,222.222,
Tp9,Canik TP9,Pistol,100.0,head,2,1,5,0.6,20.02,20.02,400.0,166.667,
Tp9,Canik TP9,Pistol,100.0,head,2,2,6,0.75,17.16,17.16,400.0,133.333,
Tp9,Canik TP9,Pistol,100.0,head,2,3,8,1.05,12.87,12.87,400.0,95.238,
Tp9,Canik TP9,Pistol,100.0,head,3,0,4,0.45,28.6,28.6,400.0,222.222,
Tp9,Canik TP9,Pistol,100.0,head,3,1,5,0.6,20.02,20.02,400.0,166.667,
Tp9,Canik TP9,Pistol,100.0,head,3,2,6,0.75,17.16,17.16,400.0,133.333,
Tp9,Canik TP9,Pistol,100.0,head,3,3,8,1.05,12.87,12.87,400.0,95.238,
Tp9,Canik TP9,Pistol,200.0,body,0,0,7,0.9,14.3,14.3,400.0,111.111,
Tp9,Canik TP9,Pistol,200.0,body,0,1,7,0.9,14.3,14.3,400.0,111.111,
Tp9,Canik TP9,Pistol,200.0,body,0,2,7,0.9,14.3,14.3,400.0,111.111,
Tp9,Canik TP9,Pistol,200.0,body,0,3,7,0.9,14.3,14.3,400.0,111.111,
Tp9,Canik TP9,Pistol,200.0,body,1,0,10,1.35,10.01,10.01,400.0,74.074,
Tp9,Canik TP9,Pistol,200.0,body,1,1,10,1.35,10.01,10.01,400.0,74.074,
Tp9,Canik TP9,Pistol,200.0,body,1,2,10,1.35,10.01,10.01,400.0,74.074,
Tp9,Canik TP9,Pistol,200.0,body,1,3,10,1.35,10.01,10.01,400.0,74.074,
Tp9,Canik TP9,Pistol,200.0,body,2,0,12,1.65,8.58,8.58,400.0,60.606,
Tp9,Canik TP9,Pistol,200.0,body,2,1,12,1.65,8.58,8.58,400.0,60.606,
Tp9,Canik TP9,Pistol,200.0,body,2,2,12,1.65,8.58,8.58,400.0,60.606,
Tp9,Canik TP9,Pistol,200.0,body,2,3,12,1.65,8.58,8.58,400.0,60.606,
Tp9,Canik TP9,Pistol,200.0,body,3,0,16,2.25,6.435,6.435,400.0,44.444,
Tp9,Canik TP9,Pistol,200.0,body,3,1,16,2.25,6.435,6.435,400.0,44.444,
Tp9,Canik TP9,Pistol,200.0,body,3,2,16,2.25,6.435,6.435,400.0,44.444,
Tp9,Canik TP9,Pistol,200.0,body,3,3,16,2.25,6.435,6.435,400.0,44.444,
Tp9,Canik TP9,Pistol,200.0,head,0,0,4,0.45,28.6,28.6,400.0,222.222,
Tp9,Canik TP9,Pistol,200.0,head,0,1,5,0.6,20.02,20.02,400.0,166.667,
Tp9,Canik TP9,Pistol,200.0,head,0,2,6,0.75,17.16,17.16,400.0,133.333,
Tp9,Canik TP9,Pistol,200.0,head,0,3,8,1.05,12.87,12.87,400.0,95.238,
Tp9,Canik TP9,Pistol,200.0,head,1,0,4,0.45,28.6,28.6,400.0,222.222,
Tp9,Canik TP9,Pistol,200.0,head,1,1,5,0.6,20.02,20.02,400.0,166.667,
Tp9,Canik TP9,Pistol,200.0,head,1,2,6,0.75,17.16,17.16,400.0,133.333,
Tp9,Canik TP9,Pistol,200.0,head,1,3,8,1.05,12.87,12.87,400.0,95.238,
Tp9,Canik TP9,Pistol,200.0,head,2,0,4,0.45,28.6,28.6,400.0,222.222,
Tp9,Canik TP9,Pistol,200.0,head,2,1,5,0.6,20.02,20.02,400.0,166.667,
Tp9,Canik TP9,Pistol,200.0,head,2,2,6,0.75,17.16,17.16,400.0,133.333,
Tp9,Canik TP9,Pistol,200.0,head,2,3,8,1.05,12.87,12.87,400.0,95.238,
Tp9,Canik TP9,Pistol,200.0,head,3,0,4,0.45,28.6,28.6,400.0,222.222,
Tp9,Canik TP9,Pistol,200.0,head,3,1,5,0.6,20.02,20.02,400.0,166.667,
Tp9,Canik TP9,Pistol,200.0,head,3,2,6,0.75,17.16,17.16,400.0,133.333,
Tp9,Canik TP9,Pistol,200.0,head,3,3,8,1.05,12.87,12.87,400.0,95.238,
Tp9,Canik TP9,Pistol,300.0,body,0,0,7,0.9,14.3,14.3,400.0,111.111,
Tp9,Canik TP9,Pistol,300.0,body,0,1,7,0.9,14.3,14.3,400.0,111.111,
Tp9,Canik TP9,Pistol,300.0,body,0,2,7,0.9,14.3,14.3,400.0,111.111,
Tp9,Canik TP9,Pistol,300.0,body,0,3,7,0.9,14.3,14.3,400.0,111.111,
Tp9,Canik TP9,Pistol,300.0,body,1,0,10,1.35,10.01,10.01,400.0,74.074,
Tp9,Canik TP9,Pistol,300.0,body,1,1,10,1.35,10.01,10.01,400.0,74.074,
Tp9,Canik TP9,Pistol,300.0,body,1,2,10,1.35,10.01,10.01,400.0,74.074,
Tp9,Canik TP9,Pistol,300.0,body,1,3,10,1.35,10.01,10.01,400.0,74.074,
Tp9,Canik TP9,Pistol,300.0,body,2,0,12,1.65,8.58,8.58,400.0,60.606,
Tp9,Canik TP9,Pistol,300.0,body,2,1,12,1.65,8.58,8.58,400.0,60.606,
Tp9,Canik TP9,Pistol,300.0,body,2,2,12,1.65,8.58,8.58,400.0,60.606,
Tp9,Canik TP9,Pistol,300.0,body,2,3,12,1.65,8.58,8.58,400.0,60.606,
Tp9,Canik TP9,Pistol,300.0,body,3,0,16,2.25,6.435,6.435,400.0,44.444,
Tp9,Canik TP9,Pistol,300.0,body,3,1,16,2.25,6.435,6.435,400.0,44.444,
Tp9,Canik TP9,Pistol,300.0,body,3,2,16,2.25,6.435,6.435,400.0,44.444,
Tp9,Canik TP9,Pistol,300.0,body,3,3,16,2.25,6.435,6.435,400.0,44.444,
Tp9,Canik TP9,Pistol,300.0,head,0,0,4,0.45,28.6,28.6,400.0,222.222,
Tp9,Canik TP9,Pistol,300.0,head,0,1,5,0.6,20.02,20.02,400.0,166.667,
Tp9,Canik TP9,Pistol,300.0,head,0,2,6,0.75,17.16,17.16,400.0,133.333,
Tp9,Canik TP9,Pistol,300.0,head,0,3,8,1.05,12.87,12.87,400.0,95.238,
Tp9,Canik TP9,Pistol,300.0,head,1,0,4,0.45,28.6,28.6,400.0,222.222,
Tp9,Canik TP9,Pistol,300.0,head,1,1,5,0.6,20.02,20.02,400.0,166.667,
Tp9,Canik TP9,Pistol,300.0,head,1,2,6,0.75,17.16,17.16,400.0,133.333,
Tp9,Canik TP9,Pistol,300.0,head,1,3,8,1.05,12.87,12.87,400.0,95.238,
Tp9,Canik TP9,Pistol,300.0,head,2,0,4,0.45,28.6,28.6,400.0,222.222,
Tp9,Canik TP9,Pistol,300.0,head,2,1,5,0.6,20.02,20.02,400.0,166.667,
Tp9,Canik TP9,Pistol,300.0,head,2,2,6,0.75,17.16,17.16,400.0,133.333,
Tp9,Canik TP9,Pistol,300.0,head,2,3,8,1.05,12.87,12.87,400.0,95.238,
Tp9,Canik TP9,Pistol,300.0,head,3,0,4,0.45,28.6,28.6,400.0,222.222,
Tp9,Canik TP9,Pistol,300.0,head,3,1,5,0.6,20.02,20.02,400.0,166.667,
Tp9,Canik TP9,Pistol,300.0,head,3,2,6,0.75,17.16,17.16,400.0,133.333,
Tp9,Canik TP9,Pistol,300.0,head,3,3,8,1.05,12.87,12.87,400.0,95.238,
Sar109,SAR 109T,Smg,10.0,body,0,0,5,0.3,22.0,22.0,800.0,333.333,
Sar109,SAR 109T,Smg,10.0,body,0,1,5,0.3,22.0,22.0,800.0,333.333,
Sar109,SAR 109T,Smg,10.0,body,0,2,5,0.3,22.0,22.0,800.0,333.333,
Sar109,SAR 109T,Smg,10.0,body,0,3,5,0.3,22.0,22.0,800.0,333.333,
Sar109,SAR 109T,Smg,10.0,body,1,0,7,0.45,15.4,15.4,800.0,222.222,
Sar109,SAR 109T,Smg,10.0,body,1,1,7,0.45,15.4,15.4,800.0,222.222,
Sar109,SAR 109T,Smg,10.0,body,1,2,7,0.45,15.4,15.4,800.0,222.222,
Sar109,SAR 109T,Smg,10.0,body,1,3,7,0.45,15.4,15.4,800.0,222.222,
Sar109,SAR 109T,Smg,10.0,body,2,0,8,0.525,13.2,13.2,800.0,190.476,
Sar109,SAR 109T,Smg,10.0,body,2,1,8,0.525,13.2,13.2,800.0,190.476,
Sar109,SAR 109T,Smg,10.0,body,2,2,8,0.525,13.2,13.2,800.0,190.476,
Sar109,SAR 109T,Smg,10.0,body,2,3,8,0.525,13.2,13.2,800.0,190.476,
Sar109,SAR 109T,Smg,10.0,body,3,0,11,0.75,9.9,9.9,800.0,133.333,
Sar109,SAR 109T,Smg,10.0,body,3,1,11,0.75,9.9,9.9,800.0,133.333,
Sar109,SAR 109T,Smg,10.0,body,3,2,11,0.75,9.9,9.9,800.0,133.333,
Sar109,SAR 109T,Smg,10.0,body,3,3,11,0.75,9.9,9.9,800.0,133.333,
Sar109,SAR 109T,Smg,10.0,head,0,0,3,0.15,39.6,39.6,800.0,666.667,
Sar109,SAR 109T,Smg,10.0,head,0,1,4,0.225,27.72,27.72,800.0,444.444,
Sar109,SAR 109T,Smg,10.0,head,0,2,5,0.3,23.76,23.76,800.0,333.333,
Sar109,SAR 109T,Smg,10.0,head,0,3,6,0.375,17.82,17.82,800.0,266.667,
Sar109,SAR 109T,Smg,10.0,head,1,0,3,0.15,39.6,39.6,800.0,666.667,
Sar109,SAR 109T,Smg,10.0,head,1,1,4,0.225,27.72,27.72,800.0,444.444,
Sar109,SAR 109T,Smg,10.0,head,1,2,5,0.3,23.76,23.76,800.0,333.333,
Sar109,SAR 109T,Smg,10.0,head,1,3,6,0.375,17.82,17.82,800.0,266.667,
Sar109,SAR 109T,Smg,10.0,head,2,0,3,0.15,39.6,39.6,800.0,666.667,
Sar109,SAR 109T,Smg,10.0,head,2,1,4,0.225,27.72,27.72,800.0,444.444,
Sar109,SAR 109T,Smg,10.0,head,2,2,5,0.3,23.76,23.76,800.0,333.333,
Sar109,SAR 109T,Smg,10.0,head,2,3,6,0.375,17.82,17.82,800.0,266.667,
Sar109,SAR 109T,Smg,10.0,head,3,0,3,0.15,39.6,39.6,800.0,666.667,
Sar109,SAR 109T,Smg,10.0,head,3,1,4,0.225,27.72,27.72,800.0,444.444,
Sar109,SAR 109T,Smg,10.0,head,3,2,5,0.3,23.76,23.76,800.0,333.333,
Sar109,SAR 109T,Smg,10.0,head,3,3,6,0.375,17.82,17.82,800.0,266.667,
Sar109,SAR 109T,Smg,50.0,body,0,0,6,0.375,18.333,18.333,800.0,266.667,
Sar109,SAR 109T,Smg,50.0,body,0,1,6,0.375,18.333,18.333,800.0,266.667,
Sar109,SAR 109T,Smg,50.0,body,0,2,6,0.375,18.333,18.333,800.0,266.667,
Sar109,SAR 109T,Smg,50.0,body,0,3,6,0.375,18.333,18.333,800.0,266.667,
Sar109,SAR 109T,Smg,50.0,body,1,0,8,0.525,12.833,12.833,800.0,190.476,
Sar109,SAR 109T,Smg,50.0,body,1,1,8,0.525,12.833,12.833,800.0,190.476,
Sar109,SAR 109T,Smg,50.0,body,1,2,8,0.525,12.833,12.833,800.0,190.476,
Sar109,SAR 109T,Smg,50.0,body,1,3,8,0.525,12.833,12.833,800.0,190.476,
Sar109,SAR 109T,Smg,50.0,body,2,0,10,0.675,11.0,11.0,800.0,148.148,
Sar109,SAR 109T,Smg,50.0,body,2,1,10,0.675,11.0,11.0,800.0,148.148,
Sar109,SAR 109T,Smg,50.0,body,2,2,10,0.675,11.0,11.0,800.0,148.148,
Sar109,SAR 109T,Smg,50.0,body,2,3,10,0.675,11.0,11.0,800.0,148.148,
Sar109,SAR 109T,Smg,50.0,body,3,0,13,0.9,8.25,8.25,800.0,111.111,
Sar109,SAR 109T,Smg,50.0,body,3,1,13,0.9,8.25,8.25,800.0,111.111,
Sar109,SAR 109T,Smg,50.0,body,3,2,13,0.9,8.25,8.25,800.0,111.111,
Sar109,SAR 109T,Smg,50.0,body,3,3,13,0.9,8.25,8.25,800.0,111.111,
Sar109,SAR 109T,Smg,50.0,head,0,0,4,0.225,33.0,33.0,800.0,444.444,
Sar109,SAR 109T,Smg,50.0,head,0,1,5,0.3,23.1,23.1,800.0,333.333,
Sar109,SAR 109T,Smg,50.0,head,0,2,6,0.375,19.8,19.8,800.0,266.667,
Sar109,SAR 109T,Smg,50.0,head,0,3,7,0.45,14.85,14.85,800.0,222.222,
Sar109,SAR 109T,Smg,50.0,head,1,0,4,0.225,33.0,33.0,800.0,444.444,
Sar109,SAR 109T,Smg,50.0,head,1,1,5,0.3,23.1,23.1,800.0,333.333,
Sar109,SAR 109T,Smg,50.0,head,1,2,6,0.375,19.8,19.8,800.0,266.667,
Sar109,SAR 109T,Smg,50.0,head,1,3,7,0.45,14.85,14.85,800.0,222.222,
Sar109,SAR 109T,Smg,50.0,head,2,0,4,0.225,33.0,33.0,800.0,444.444,
Sar109,SAR 109T,Smg,50.0,head,2,1,5,0.3,23.1,23.1,800.0,333.333,
Sar109,SAR 109T,Smg,50.0,head,2,2,6,0.375,19.8,19.8,800.0,266.667,
Sar109,SAR 109T,Smg,50.0,head,2,3,7,0.45,14.85,14.85,800.0,222.222,
Sar109,SAR 109T,Smg,50.0,head,3,0,4,0.225,33.0,33.0,800.0,444.444,
Sar109,SAR 109T,Smg,50.0,head,3,1,5,0.3,23.1,23.1,800.0,333.333,
Sar109,SAR 109T,Smg,50.0,head,3,2,6,0.375,19.8,19.8,800.0,266.667,
Sar109,SAR 109T,Smg,50.0,head,3,3,7,0.45,14.85,14.85,800.0,222.222,
Sar109,SAR 109T,Smg,100.0,body,0,0,10,0.675,11.0,11.0,800.0,148.148,
Sar109,SAR 109T,Smg,100.0,body,0,1,10,0.675,11.0,11.0,800.0,148.148,
Sar109,SAR 109T,Smg,100.0,body,0,2,10,0.675,11.0,11.0,800.0,148.148,
Sar109,SAR 109T,Smg,100.0,body,0,3,10,0.675,11.0,11.0,800.0,148.148,
Sar109,SAR 109T,Smg,100.0,body,1,0,13,0.9,7.7,7.7,800.0,111.111,
Sar109,SAR 109T,Smg,100.0,body,1,1,13,0.9,7.7,7.7,800.0,111.111,
Sar109,SAR 109T,Smg,100.0,body,1,2,13,0.9,7.7,7.7,800.0,111.111,
Sar109,SAR 109T,Smg,100.0,body,1,3,13,0.9,7.7,7.7,800.0,111.111,
Sar109,SAR 109T,Smg,100.0,body,2,0,16,1.125,6.6,6.6,800.0,88.889,
Sar109,SAR 109T,Smg,100.0,body,2,1,16,1.125,6.6,6.6,800.0,88.889,
Sar109,SAR 109T,Smg,100.0,body,2,2,16,1.125,6.6,6.6,800.0,88.889,
Sar109,SAR 109T,Smg,100.0,body,2,3,16,1.125,6.6,6.6,800.0,88.889,
Sar109,SAR 109T,Smg,100.0,body,3,0,21,1.5,4.95,4.95,800.0,66.667,
Sar109,SAR 109T,Smg,100.0,body,3,1,21,1.5,4.95,4.95,800.0,66.667,
Sar109,SAR 109T,Smg,100.0,body,3,2,21,1.5,4.95,4.95,800.0,66.667,
Sar109,SAR 109T,Smg,100.0,body,3,3,21,1.5,4.95,4.95,800.0,66.667,
Sar109,SAR 109T,Smg,100.0,head,0,0,6,0.375,19.8,19.8,800.0,266.667,
Sar109,SAR 109T,Smg,100.0,head,0,1,8,0.525,13.86,13.86,800.0,190.476,
Sar109,SAR 109T,Smg,100.0,head,0,2,9,0.6,11.88,11.88,800.0,166.667,
Sar109,SAR 109T,Smg,100.0,head,0,3,12,0.825,8.91,8.91,800.0,121.212,
Sar109,SAR 109T,Smg,100.0,head,1,0,6,0.375,19.8,19.8,800.0,266.667,
Sar109,SAR 109T,Smg,100.0,head,1,1,8,0.525,13.86,13.86,800.0,190.476,
Sar109,SAR 109T,Smg,100.0,head,1,2,9,0.6,11.88,11.88,800.0,166.667,
Sar109,SAR 109T,Smg,100.0,head,1,3,12,0.825,8.91,8.91,800.0,121.212,
Sar109,SAR 109T,Smg,100.0,head,2,0,6,0.375,19.8,19.8,800.0,266.667,
Sar109,SAR 109T,Smg,100.0,head,2,1,8,0.525,13.86,13.86,800.0,190.476,
Sar109,SAR 109T,Smg,100.0,head,2,2,9,0.6,11.88,11.88,800.0,166.667,
Sar109,SAR 109T,Smg,100.0,head,2,3,12,0.825,8.91,8.91,800.0,121.212,
Sar109,SAR 109T,Smg,100.0,head,3,0,6,0.375,19.8,19.8,800.0,266.667,
Sar109,SAR 109T,Smg,100.0,head,3,1,8,0.525,13.86,13.86,800.0,190.476,
Sar109,SAR 109T,Smg,100.0,head,3,2,9,0.6,11.88,11.88,800.0,166.667,
Sar109,SAR 109T,Smg,100.0,head,3,3,12,0.825,8.91,8.91,800.0,121.212,
Sar109,SAR 109T,Smg,200.0,body,0,0,10,0.675,11.0,11.0,800.0,148.148,
Sar109,SAR 109T,Smg,200.0,body,0,1,10,0.675,11.0,11.0,800.0,148.148,
Sar109,SAR 109T,Smg,200.0,body,0,2,10,0.675,11.0,11.0,800.0,148.148,
Sar109,SAR 109T,Smg,200.0,body,0,3,10,0.675,11.0,11.0,800.0,148.148,
Sar109,SAR 109T,Smg,200.0,body,1,0,13,0.9,7.7,7.7,800.0,111.111,
Sar109,SAR 109T,Smg,200.0,body,1,1,13,0.9,7.7,7.7,800.0,111.111,
Sar109,SAR 109T,Smg,200.0,body,1,2,13,0.9,7.7,7.7,800.0,111.111,
Sar109,SAR 109T,Smg,200.0,body,1,3,13,0.9,7.7,7.7,800.0,111.111,
Sar109,SAR 109T,Smg,200.0,body,2,0,16,1.125,6.6,6.6,800.0,88.889,
Sar109,SAR 109T,Smg,200.0,body,2,1,16,1.125,6.6,6.6,800.0,88.889,
Sar109,SAR 109T,Smg,200.0,body,2,2,16,1.125,6.6,6.6,800.0,88.889,
Sar109,SAR 109T,Smg,200.0,body,2,3,16,1.125,6.6,6.6,800.0,88.889,
Sar109,SAR 109T,Smg,200.0,body,3,0,21,1.5,4.95,4.95,800.0,66.667,
Sar109,SAR 109T,Smg,200.0,body,3,1,21,1.5,4.95,4.95,800.0,66.667,
Sar109,SAR 109T,Smg,200.0,body,3,2,21,1.5,4.95,4.95,800.0,66.667,
Sar109,SAR 109T,Smg,200.0,body,3,3,21,1.5,4.95,4.95,800.0,66.667,
Sar109,SAR 109T,Smg,200.0,head,0,0,6,0.375,19.8,19.8,800.0,266.667,
Sar109,SAR 109T,Smg,200.0,head,0,1,8,0.525,13.86,13.86,800.0,190.476,
Sar109,SAR 109T,Smg,200.0,head,0,2,9,0.6,11.88,11.88,800.0,166.667,
Sar109,SAR 109T,Smg,200.0,head,0,3,12,0.825,8.91,8.91,800.0,121.212,
Sar109,SAR 109T,Smg,200.0,head,1,0,6,0.375,19.8,19.8,800.0,266.667,
Sar109,SAR 109T,Smg,200.0,head,1,1,8,0.525,13.86,13.86,800.0,190.476,
Sar109,SAR 109T,Smg,200.0,head,1,2,9,0.6,11.88,11.88,800.0,166.667,
Sar109,SAR 109T,Smg,200.0,head,1,3,12,0.825,8.91,8.91,800.0,121.212,
Sar109,SAR 109T,Smg,200.0,head,2,0,6,0.375,19.8,19.8,800.0,266.667,
Sar109,SAR 109T,Smg,200.0,head,2,1,8,0.525,13.86,13.86,800.0,190.476,
Sar109,SAR 109T,Smg,200.0,head,2,2,9,0.6,11.88,11.88,800.0,166.667,
Sar109,SAR 109T,Smg,200.0,head,2,3,12,0.825,8.91,8.91,800.0,121.212,
Sar109,SAR 109T,Smg,200.0,head,3,0,6,0.375,19.8,19.8,800.0,266.667,
Sar109,SAR 109T,Smg,200.0,head,3,1,8,0.525,13.86,13.86,800.0,190.476,
Sar109,SAR 109T,Smg,200.0,head,3,2,9,0.6,11.88,11.88,800.0,166.667,
Sar109,SAR 109T,Smg,200.0,head,3,3,12,0.825,8.91,8.91,800.0,121.212,
Sar109,SAR 109T,Smg,300.0,body,0,0,10,0.675,11.0,11.0,800.0,148.148,
Sar109,SAR 109T,Smg,300.0,body,0,1,10,0.675,11.0,11.0,800.0,148.148,
Sar109,SAR 109T,Smg,300.0,body,0,2,10,0.675,11.0,11.0,800.0,148.148,
Sar109,SAR 109T,Smg,300.0,body,0,3,10,0.675,11.0,11.0,800.0,148.148,
Sar109,SAR 109T,Smg,300.0,body,1,0,13,0.9,7.7,7.7,800.0,111.111,
Sar109,SAR 109T,Smg,300.0,body,1,1,13,0.9,7.7,7.7,800.0,111.111,
Sar109,SAR 109T,Smg,300.0,body,1,2,13,0.9,7.7,7.7,800.0,111.111,
Sar109,SAR 109T,Smg,300.0,body,1,3,13,0.9,7.7,7.7,800.0,111.111,
Sar109,SAR 109T,Smg,300.0,body,2,0,16,1.125,6.6,6.6,800.0,88.889,
Sar109,SAR 109T,Smg,300.0,body,2,1,16,1.125,6.6,6.6,800.0,88.889,
Sar109,SAR 109T,Smg,300.0,body,2,2,16,1.125,6.6,6.6,800.0,88.889,
Sar109,SAR 109T,Smg,300.0,body,2,3,16,1.125,6.6,6.6,800.0,88.889,
Sar109,SAR 109T,Smg,300.0,body,3,0,21,1.5,4.95,4.95,800.0,66.667,
Sar109,SAR 109T,Smg,300.0,body,3,1,21,1.5,4.95,4.95,800.0,66.667,
Sar109,SAR 109T,Smg,300.0,body,3,2,21,1.5,4.95,4.95,800.0,66.667,
Sar109,SAR 109T,Smg,300.0,body,3,3,21,1.5,4.95,4.95,800.0,66.667,
Sar109,SAR 109T,Smg,300.0,head,0,0,6,0.375,19.8,19.8,800.0,266.667,
Sar109,SAR 109T,Smg,300.0,head,0,1,8,0.525,13.86,13.86,800.0,190.476,
Sar109,SAR 109T,Smg,300.0,head,0,2,9,0.6,11.88,11.88,800.0,166.667,
Sar109,SAR 109T,Smg,300.0,head,0,3,12,0.825,8.91,8.91,800.0,121.212,
Sar109,SAR 109T,Smg,300.0,head,1,0,6,0.375,19.8,19.8,800.0,266.667,
Sar109,SAR 109T,Smg,300.0,head,1,1,8,0.525,13.86,13.86,800.0,190.476,
Sar109,SAR 109T,Smg,300.0,head,1,2,9,0.6,11.88,11.88,800.0,166.667,
Sar109,SAR 109T,Smg,300.0,head,1,3,12,0.825,8.91,8.91,800.0,121.212,
Sar109,SAR 109T,Smg,300.0,head,2,0,6,0.375,19.8,19.8,800.0,266.667,
Sar109,SAR 109T,Smg,300.0,head,2,1,8,0.525,13.86,13.86,800.0,190.476,
Sar109,SAR 109T,Smg,300.0,head,2,2,9,0.6,11.88,11.88,800.0,166.667,
Sar109,SAR 109T,Smg,300.0,head,2,3,12,0.825,8.91,8.91,800.0,121.212,
Sar109,SAR 109T,Smg,300.0,head,3,0,6,0.375,19.8,19.8,800.0,266.667,
Sar109,SAR 109T,Smg,300.0,head,3,1,8,0.525,13.86,13.86,800.0,190.476,
Sar109,SAR 109T,Smg,300.0,head,3,2,9,0.6,11.88,11.88,800.0,166.667,
Sar109,SAR 109T,Smg,300.0,head,3,3,12,0.825,8.91,8.91,800.0,121.212,
Mpt55,MPT-55,AssaultRifle,10.0,body,0,0,4,0.24,26.0,26.0,750.0,416.667,
Mpt55,MPT-55,AssaultRifle,10.0,body,0,1,4,0.24,26.0,26.0,750.0,416.667,
Mpt55,MPT-55,AssaultRifle,10.0,body,0,2,4,0.24,26.0,26.0,750.0,416.667,
Mpt55,MPT-55,AssaultRifle,10.0,body,0,3,4,0.24,26.0,26.0,750.0,416.667,
Mpt55,MPT-55,AssaultRifle,10.0,body,1,0,6,0.4,18.2,18.2,750.0,250.0,
Mpt55,MPT-55,AssaultRifle,10.0,body,1,1,6,0.4,18.2,18.2,750.0,250.0,
Mpt55,MPT-55,AssaultRifle,10.0,body,1,2,6,0.4,18.2,18.2,750.0,250.0,
Mpt55,MPT-55,AssaultRifle,10.0,body,1,3,6,0.4,18.2,18.2,750.0,250.0,
Mpt55,MPT-55,AssaultRifle,10.0,body,2,0,7,0.48,15.6,15.6,750.0,208.333,
Mpt55,MPT-55,AssaultRifle,10.0,body,2,1,7,0.48,15.6,15.6,750.0,208.333,
Mpt55,MPT-55,AssaultRifle,10.0,body,2,2,7,0.48,15.6,15.6,750.0,208.333,
Mpt55,MPT-55,AssaultRifle,10.0,body,2,3,7,0.48,15.6,15.6,750.0,208.333,
Mpt55,MPT-55,AssaultRifle,10.0,body,3,0,9,0.64,11.7,11.7,750.0,156.25,
Mpt55,MPT-55,AssaultRifle,10.0,body,3,1,9,0.64,11.7,11.7,750.0,156.25,
Mpt55,MPT-55,AssaultRifle,10.0,body,3,2,9,0.64,11.7,11.7,750.0,156.25,
Mpt55,MPT-55,AssaultRifle,10.0,body,3,3,9,0.64,11.7,11.7,750.0,156.25,
Mpt55,MPT-55,AssaultRifle,10.0,head,0,0,2,0.08,52.0,52.0,750.0,1250.0,
Mpt55,MPT-55,AssaultRifle,10.0,head,0,1,3,0.16,36.4,36.4,750.0,625.0,
Mpt55,MPT-55,AssaultRifle,10.0,head,0,2,4,0.24,31.2,31.2,750.0,416.667,
Mpt55,MPT-55,AssaultRifle,10.0,head,0,3,5,0.32,23.4,23.4,750.0,312.5,
Mpt55,MPT-55,AssaultRifle,10.0,head,1,0,2,0.08,52.0,52.0,750.0,1250.0,
Mpt55,MPT-55,AssaultRifle,10.0,head,1,1,3,0.16,36.4,36.4,750.0,625.0,
Mpt55,MPT-55,AssaultRifle,10.0,head,1,2,4,0.24,31.2,31.2,750.0,416.667,
Mpt55,MPT-55,AssaultRifle,10.0,head,1,3,5,0.32,23.4,23.4,750.0,312.5,
Mpt55,MPT-55,AssaultRifle,10.0,head,2,0,2,0.08,52.0,52.0,750.0,1250.0,
Mpt55,MPT-55,AssaultRifle,10.0,head,2,1,3,0.16,36.4,36.4,750.0,625.0,
Mpt55,MPT-55,AssaultRifle,10.0,head,2,2,4,0.24,31.2,31.2,750.0,416.667,
Mpt55,MPT-55,AssaultRifle,10.0,head,2,3,5,0.32,23.4,23.4,750.0,312.5,
Mpt55,MPT-55,AssaultRifle,10.0,head,3,0,2,0.08,52.0,52.0,750.0,1250.0,
Mpt55,MPT-55,AssaultRifle,10.0,head,3,1,3,0.16,36.4,36.4,750.0,625.0,
Mpt55,MPT-55,AssaultRifle,10.0,head,3,2,4,0.24,31.2,31.2,750.0,416.667,
Mpt55,MPT-55,AssaultRifle,10.0,head,3,3,5,0.32,23.4,23.4,750.0,312.5,
Mpt55,MPT-55,AssaultRifle,50.0,body,0,0,4,0.24,26.0,26.0,750.0,416.667,
Mpt55,MPT-55,AssaultRifle,50.0,body,0,1,4,0.24,26.0,26.0,750.0,416.667,
Mpt55,MPT-55,AssaultRifle,50.0,body,0,2,4,0.24,26.0,26.0,750.0,416.667,
Mpt55,MPT-55,AssaultRifle,50.0,body,0,3,4,0.24,26.0,26.0,750.0,416.667,
Mpt55,MPT-55,AssaultRifle,50.0,body,1,0,6,0.4,18.2,18.2,750.0,250.0,
Mpt55,MPT-55,AssaultRifle,50.0,body,1,1,6,0.4,18.2,18.2,750.0,250.0,
Mpt55,MPT-55,AssaultRifle,50.0,body,1,2,6,0.4,18.2,18.2,750.0,250.0,
Mpt55,MPT-55,AssaultRifle,50.0,body,1,3,6,0.4,18.2,18.2,750.0,250.0,
Mpt55,MPT-55,AssaultRifle,50.0,body,2,0,7,0.48,15.6,15.6,750.0,208.333,
Mpt55,MPT-55,AssaultRifle,50.0,body,2,1,7,0.48,15.6,15.6,750.0,208.333,
Mpt55,MPT-55,AssaultRifle,50.0,body,2,2,7,0.48,15.6,15.6,750.0,208.333,
Mpt55,MPT-55,AssaultRifle,50.0,body,2,3,7,0.48,15.6,15.6,750.0,208.333,
Mpt55,MPT-55,AssaultRifle,50.0,body,3,0,9,0.64,11.7,11.7,750.0,156.25,
Mpt55,MPT-55,AssaultRifle,50.0,body,3,1,9,0.64,11.7,11.7,750.0,156.25,
Mpt55,MPT-55,AssaultRifle,50.0,body,3,2,9,0.64,11.7,11.7,750.0,156.25,
Mpt55,MPT-55,AssaultRifle,50.0,body,3,3,9,0.64,11.7,11.7,750.0,156.25,
Mpt55,MPT-55,AssaultRifle,50.0,head,0,0,2,0.08,52.0,52.0,750.0,1250.0,
Mpt55,MPT-55,AssaultRifle,50.0,head,0,1,3,0.16,36.4,36.4,750.0,625.0,
Mpt55,MPT-55,AssaultRifle,50.0,head,0,2,4,0.24,31.2,31.2,750.0,416.667,
Mpt55,MPT-55,AssaultRifle,50.0,head,0,3,5,0.32,23.4,23.4,750.0,312.5,
Mpt55,MPT-55,AssaultRifle,50.0,head,1,0,2,0.08,52.0,52.0,750.0,1250.0,
Mpt55,MPT-55,AssaultRifle,50.0,head,1,1,3,0.16,36.4,36.4,750.0,625.0,
Mpt55,MPT-55,AssaultRifle,50.0,head,1,2,4,0.24,31.2,31.2,750.0,416.667,
Mpt55,MPT-55,AssaultRifle,50.0,head,1,3,5,0.32,23.4,23.4,750.0,312.5,
Mpt55,MPT-55,AssaultRifle,50.0,head,2,0,2,0.08,52.0,52.0,750.0,1250.0,
Mpt55,MPT-55,AssaultRifle,50.0,head,2,1,3,0.16,36.4,36.4,750.0,625.0,
Mpt55,MPT-55,AssaultRifle,50.0,head,2,2,4,0.24,31.2,31.2,750.0,416.667,
Mpt55,MPT-55,AssaultRifle,50.0,head,2,3,5,0.32,23.4,23.4,750.0,312.5,
Mpt55,MPT-55,AssaultRifle,50.0,head,3,0,2,0.08,52.0,52.0,750.0,1250.0,
Mpt55,MPT-55,AssaultRifle,50.0,head,3,1,3,0.16,36.4,36.4,750.0,625.0,
Mpt55,MPT-55,AssaultRifle,50.0,head,3,2,4,0.24,31.2,31.2,750.0,416.667,
Mpt55,MPT-55,AssaultRifle,50.0,head,3,3,5,0.32,23.4,23.4,750.0,312.5,
Mpt55,MPT-55,AssaultRifle,100.0,body,0,0,5,0.32,24.813,24.813,750.0,312.5,
Mpt55,MPT-55,AssaultRifle,100.0,body,0,1,5,0.32,24.813,24.813,750.0,312.5,
Mpt55,MPT-55,AssaultRifle,100.0,body,0,2,5,0.32,24.813,24.813,750.0,312.5,
Mpt55,MPT-55,AssaultRifle,100.0,body,0,3,5,0.32,24.813,24.813,750.0,312.5,
Mpt55,MPT-55,AssaultRifle,100.0,body,1,0,6,0.4,17.369,17.369,750.0,250.0,
Mpt55,MPT-55,AssaultRifle,100.0,body,1,1,6,0.4,17.369,17.369,750.0,250.0,
Mpt55,MPT-55,AssaultRifle,100.0,body,1,2,6,0.4,17.369,17.369,750.0,250.0,
Mpt55,MPT-55,AssaultRifle,100.0,body,1,3,6,0.4,17.369,17.369,750.0,250.0,
Mpt55,MPT-55,AssaultRifle,100.0,body,2,0,7,0.48,14.888,14.888,750.0,208.333,
Mpt55,MPT-55,AssaultRifle,100.0,body,2,1,7,0.48,14.888,14.888,750.0,208.333,
Mpt55,MPT-55,AssaultRifle,100.0,body,2,2,7,0.48,14.888,14.888,750.0,208.333,
Mpt55,MPT-55,AssaultRifle,100.0,body,2,3,7,0.48,14.888,14.888,750.0,208.333,
Mpt55,MPT-55,AssaultRifle,100.0,body,3,0,9,0.64,11.166,11.166,750.0,156.25,
Mpt55,MPT-55,AssaultRifle,100.0,body,3,1,9,0.64,11.166,11.166,750.0,156.25,
Mpt55,MPT-55,AssaultRifle,100.0,body,3,2,9,0.64,11.166,11.166,750.0,156.25,
Mpt55,MPT-55,AssaultRifle,100.0,body,3,3,9,0.64,11.166,11.166,750.0,156.25,
Mpt55,MPT-55,AssaultRifle,100.0,head,0,0,3,0.16,49.626,49.626,750.0,625.0,
Mpt55,MPT-55,AssaultRifle,100.0,head,0,1,3,0.16,34.738,34.738,750.0,625.0,
Mpt55,MPT-55,AssaultRifle,100.0,head,0,2,4,0.24,29.776,29.776,750.0,416.667,
Mpt55,MPT-55,AssaultRifle,100.0,head,0,3,5,0.32,22.332,22.332,750.0,312.5,
Mpt55,MPT-55,AssaultRifle,100.0,head,1,0,3,0.16,49.626,49.626,750.0,625.0,
Mpt55,MPT-55,AssaultRifle,100.0,head,1,1,3,0.16,34.738,34.738,750.0,625.0,
Mpt55,MPT-55,AssaultRifle,100.0,head,1,2,4,0.24,29.776,29.776,750.0,416.667,
Mpt55,MPT-55,AssaultRifle,100.0,head,1,3,5,0.32,22.332,22.332,750.0,312.5,
Mpt55,MPT-55,AssaultRifle,100.0,head,2,0,3,0.16,49.626,49.626,750.0,625.0,
Mpt55,MPT-55,AssaultRifle,100.0,head,2,1,3,0.16,34.738,34.738,750.0,625.0,
Mpt55,MPT-55,AssaultRifle,100.0,head,2,2,4,0.24,29.776,29.776,750.0,416.667,
Mpt55,MPT-55,AssaultRifle,100.0,head,2,3,5,0.32,22.332,22.332,750.0,312.5,
Mpt55,MPT-55,AssaultRifle,100.0,head,3,0,3,0.16,49.626,49.626,750.0,625.0,
Mpt55,MPT-55,AssaultRifle,100.0,head,3,1,3,0.16,34.738,34.738,750.0,625.0,
Mpt55,MPT-55,AssaultRifle,100.0,head,3,2,4,0.24,29.776,29.776,750.0,416.667,
Mpt55,MPT-55,AssaultRifle,100.0,head,3,3,5,0.32,22.332,22.332,750.0,312.5,
Mpt55,MPT-55,AssaultRifle,200.0,body,0,0,5,0.32,20.857,20.857,750.0,312.5,
Mpt55,MPT-55,AssaultRifle,200.0,body,0,1,5,0.32,20.857,20.857,750.0,312.5,
Mpt55,MPT-55,AssaultRifle,200.0,body,0,2,5,0.32,20.857,20.857,750.0,312.5,
Mpt55,MPT-55,AssaultRifle,200.0,body,0,3,5,0.32,20.857,20.857,750.0,312.5,
Mpt55,MPT-55,AssaultRifle,200.0,body,1,0,7,0.48,14.6,14.6,750.0,208.333,
Mpt55,MPT-55,AssaultRifle,200.0,body,1,1,7,0.48,14.6,14.6,750.0,208.333,
Mpt55,MPT-55,AssaultRifle,200.0,body,1,2,7,0.48,14.6,14.6,750.0,208.333,
Mpt55,MPT-55,AssaultRifle,200.0,body,1,3,7,0.48,14.6,14.6,750.0,208.333,
Mpt55,MPT-55,AssaultRifle,200.0,body,2,0,8,0.56,12.514,12.514,750.0,178.571,
Mpt55,MPT-55,AssaultRifle,200.0,body,2,1,8,0.56,12.514,12.514,750.0,178.571,
Mpt55,MPT-55,AssaultRifle,200.0,body,2,2,8,0.56,12.514,12.514,750.0,178.571,
Mpt55,MPT-55,AssaultRifle,200.0,body,2,3,8,0.56,12.514,12.514,750.0,178.571,
Mpt55,MPT-55,AssaultRifle,200.0,body,3,0,11,0.8,9.385,9.385,750.0,125.0,
Mpt55,MPT-55,AssaultRifle,200.0,body,3,1,11,0.8,9.385,9.385,750.0,125.0,
Mpt55,MPT-55,AssaultRifle,200.0,body,3,2,11,0.8,9.385,9.385,750.0,125.0,
Mpt55,MPT-55,AssaultRifle,200.0,body,3,3,11,0.8,9.385,9.385,750.0,125.0,
Mpt55,MPT-55,AssaultRifle,200.0,head,0,0,3,0.16,41.713,41.713,750.0,625.0,
Mpt55,MPT-55,AssaultRifle,200.0,head,0,1,4,0.24,29.199,29.199,750.0,416.667,
Mpt55,MPT-55,AssaultRifle,200.0,head,0,2,4,0.24,25.028,25.028,750.0,416.667,
Mpt55,MPT-55,AssaultRifle,200.0,head,0,3,6,0.4,18.771,18.771,750.0,250.0,
Mpt55,MPT-55,AssaultRifle,200.0,head,1,0,3,0.16,41.713,41.713,750.0,625.0,
Mpt55,MPT-55,AssaultRifle,200.0,head,1,1,4,0.24,29.199,29.199,750.0,416.667,
Mpt55,MPT-55,AssaultRifle,200.0,head,1,2,4,0.24,25.028,25.028,750.0,416.667,
Mpt55,MPT-55,AssaultRifle,200.0,head,1,3,6,0.4,18.771,18.771,750.0,250.0,
Mpt55,MPT-55,AssaultRifle,200.0,head,2,0,3,0.16,41.713,41.713,750.0,625.0,
Mpt55,MPT-55,AssaultRifle,200.0,head,2,1,4,0.24,29.199,29.199,750.0,416.667,
Mpt55,MPT-55,AssaultRifle,200.0,head,2,2,4,0.24,25.028,25.028,750.0,416.667,
Mpt55,MPT-55,AssaultRifle,200.0,head,2,3,6,0.4,18.771,18.771,750.0,250.0,
Mpt55,MPT-55,AssaultRifle,200.0,head,3,0,3,0.16,41.713,41.713,750.0,625.0,
Mpt55,MPT-55,AssaultRifle,200.0,head,3,1,4,0.24,29.199,29.199,750.0,416.667,
Mpt55,MPT-55,AssaultRifle,200.0,head,3,2,4,0.24,25.028,25.028,750.0,416.667,
Mpt55,MPT-55,AssaultRifle,200.0,head,3,3,6,0.4,18.771,18.771,750.0,250.0,
Mpt55,MPT-55,AssaultRifle,300.0,body,0,0,6,0.4,16.9,16.9,750.0,250.0,
Mpt55,MPT-55,AssaultRifle,300.0,body,0,1,6,0.4,16.9,16.9,750.0,250.0,
Mpt55,MPT-55,AssaultRifle,300.0,body,0,2,6,0.4,16.9,16.9,750.0,250.0,
Mpt55,MPT-55,AssaultRifle,300.0,body,0,3,6,0.4,16.9,16.9,750.0,250.0,
Mpt55,MPT-55,AssaultRifle,300.0,body,1,0,9,0.64,11.83,11.83,750.0,156.25,
Mpt55,MPT-55,AssaultRifle,300.0,body,1,1,9,0.64,11.83,11.83,750.0,156.25,
Mpt55,MPT-55,AssaultRifle,300.0,body,1,2,9,0.64,11.83,11.83,750.0,156.25,
Mpt55,MPT-55,AssaultRifle,300.0,body,1,3,9,0.64,11.83,11.83,750.0,156.25,
Mpt55,MPT-55,AssaultRifle,300.0,body,2,0,10,0.72,10.14,10.14,750.0,138.889,
Mpt55,MPT-55,AssaultRifle,300.0,body,2,1,10,0.72,10.14,10.14,750.0,138.889,
Mpt55,MPT-55,AssaultRifle,300.0,body,2,2,10,0.72,10.14,10.14,750.0,138.889,
Mpt55,MPT-55,AssaultRifle,300.0,body,2,3,10,0.72,10.14,10.14,750.0,138.889,
Mpt55,MPT-55,AssaultRifle,300.0,body,3,0,14,1.04,7.605,7.605,750.0,96.154,
Mpt55,MPT-55,AssaultRifle,300.0,body,3,1,14,1.04,7.605,7.605,750.0,96.154,
Mpt55,MPT-55,AssaultRifle,300.0,body,3,2,14,1.04,7.605,7.605,750.0,96.154,
Mpt55,MPT-55,AssaultRifle,300.0,body,3,3,14,1.04,7.605,7.605,750.0,96.154,
Mpt55,MPT-55,AssaultRifle,300.0,head,0,0,3,0.16,33.8,33.8,750.0,625.0,
Mpt55,MPT-55,AssaultRifle,300.0,head,0,1,5,0.32,23.66,23.66,750.0,312.5,
Mpt55,MPT-55,AssaultRifle,300.0,head,0,2,5,0.32,20.28,20.28,750.0,312.5,
Mpt55,MPT-55,AssaultRifle,300.0,head,0,3,7,0.48,15.21,15.21,750.0,208.333,
Mpt55,MPT-55,AssaultRifle,300.0,head,1,0,3,0.16,33.8,33.8,750.0,625.0,
Mpt55,MPT-55,AssaultRifle,300.0,head,1,1,5,0.32,23.66,23.66,750.0,312.5,
Mpt55,MPT-55,AssaultRifle,300.0,head,1,2,5,0.32,20.28,20.28,750.0,312.5,
Mpt55,MPT-55,AssaultRifle,300.0,head,1,3,7,0.48,15.21,15.21,750.0,208.333,
Mpt55,MPT-55,AssaultRifle,300.0,head,2,0,3,0.16,33.8,33.8,750.0,625.0,
Mpt55,MPT-55,AssaultRifle,300.0,head,2,1,5,0.32,23.66,23.66,750.0,312.5,
Mpt55,MPT-55,AssaultRifle,300.0,head,2,2,5,0.32,20.28,20.28,750.0,312.5,
Mpt55,MPT-55,AssaultRifle,300.0,head,2,3,7,0.48,15.21,15.21,750.0,208.333,
Mpt55,MPT-55,AssaultRifle,300.0,head,3,0,3,0.16,33.8,33.8,750.0,625.0,
Mpt55,MPT-55,AssaultRifle,300.0,head,3,1,5,0.32,23.66,23.66,750.0,312.5,
Mpt55,MPT-55,AssaultRifle,300.0,head,3,2,5,0.32,20.28,20.28,750.0,312.5,
Mpt55,MPT-55,AssaultRifle,300.0,head,3,3,7,0.48,15.21,15.21,750.0,208.333,
Mpt76,MPT-76,AssaultRifle,10.0,body,0,0,3,0.2,36.0,36.0,600.0,500.0,
Mpt76,MPT-76,AssaultRifle,10.0,body,0,1,3,0.2,36.0,36.0,600.0,500.0,
Mpt76,MPT-76,AssaultRifle,10.0,body,0,2,3,0.2,36.0,36.0,600.0,500.0,
Mpt76,MPT-76,AssaultRifle,10.0,body,0,3,3,0.2,36.0,36.0,600.0,500.0,
Mpt76,MPT-76,AssaultRifle,10.0,body,1,0,4,0.3,25.2,25.2,600.0,333.333,
Mpt76,MPT-76,AssaultRifle,10.0,body,1,1,4,0.3,25.2,25.2,600.0,333.333,
Mpt76,MPT-76,AssaultRifle,10.0,body,1,2,4,0.3,25.2,25.2,600.0,333.333,
Mpt76,MPT-76,AssaultRifle,10.0,body,1,3,4,0.3,25.2,25.2,600.0,333.333,
Mpt76,MPT-76,AssaultRifle,10.0,body,2,0,5,0.4,21.6,21.6,600.0,250.0,
Mpt76,MPT-76,AssaultRifle,10.0,body,2,1,5,0.4,21.6,21.6,600.0,250.0,
Mpt76,MPT-76,AssaultRifle,10.0,body,2,2,5,0.4,21.6,21.6,600.0,250.0,
Mpt76,MPT-76,AssaultRifle,10.0,body,2,3,5,0.4,21.6,21.6,600.0,250.0,
Mpt76,MPT-76,AssaultRifle,10.0,body,3,0,7,0.6,16.2,16.2,600.0,166.667,
Mpt76,MPT-76,AssaultRifle,10.0,body,3,1,7,0.6,16.2,16.2,600.0,166.667,
Mpt76,MPT-76,AssaultRifle,10.0,body,3,2,7,0.6,16.2,16.2,600.0,166.667,
Mpt76,MPT-76,AssaultRifle,10.0,body,3,3,7,0.6,16.2,16.2,600.0,166.667,
Mpt76,MPT-76,AssaultRifle,10.0,head,0,0,2,0.1,72.0,72.0,600.0,1000.0,
Mpt76,MPT-76,AssaultRifle,10.0,head,0,1,2,0.1,50.4,50.4,600.0,1000.0,
Mpt76,MPT-76,AssaultRifle,10.0,head,0,2,3,0.2,43.2,43.2,600.0,500.0,
Mpt76,MPT-76,AssaultRifle,10.0,head,0,3,4,0.3,32.4,32.4,600.0,333.333,
Mpt76,MPT-76,AssaultRifle,10.0,head,1,0,2,0.1,72.0,72.0,600.0,1000.0,
Mpt76,MPT-76,AssaultRifle,10.0,head,1,1,2,0.1,50.4,50.4,600.0,1000.0,
Mpt76,MPT-76,AssaultRifle,10.0,head,1,2,3,0.2,43.2,43.2,600.0,500.0,
Mpt76,MPT-76,AssaultRifle,10.0,head,1,3,4,0.3,32.4,32.4,600.0,333.333,
Mpt76,MPT-76,AssaultRifle,10.0,head,2,0,2,0.1,72.0,72.0,600.0,1000.0,
Mpt76,MPT-76,AssaultRifle,10.0,head,2,1,2,0.1,50.4,50.4,600.0,1000.0,
Mpt76,MPT-76,AssaultRifle,10.0,head,2,2,3,0.2,43.2,43.2,600.0,500.0,
Mpt76,MPT-76,AssaultRifle,10.0,head,2,3,4,0.3,32.4,32.4,600.0,333.333,
Mpt76,MPT-76,AssaultRifle,10.0,head,3,0,2,0.1,72.0,72.0,600.0,1000.0,
Mpt76,MPT-76,AssaultRifle,10.0,head,3,1,2,0.1,50.4,50.4,600.0,1000.0,
Mpt76,MPT-76,AssaultRifle,10.0,head,3,2,3,0.2,43.2,43.2,600.0,500.0,
Mpt76,MPT-76,AssaultRifle,10.0,head,3,3,4,0.3,32.4,32.4,600.0,333.333,
Mpt76,MPT-76,AssaultRifle,50.0,body,0,0,3,0.2,36.0,36.0,600.0,500.0,
Mpt76,MPT-76,AssaultRifle,50.0,body,0,1,3,0.2,36.0,36.0,600.0,500.0,
Mpt76,MPT-76,AssaultRifle,50.0,body,0,2,3,0.2,36.0,36.0,600.0,500.0,
Mpt76,MPT-76,AssaultRifle,50.0,body,0,3,3,0.2,36.0,36.0,600.0,500.0,
Mpt76,MPT-76,AssaultRifle,50.0,body,1,0,4,0.3,25.2,25.2,600.0,333.333,
Mpt76,MPT-76,AssaultRifle,50.0,body,1,1,4,0.3,25.2,25.2,600.0,333.333,
Mpt76,MPT-76,AssaultRifle,50.0,body,1,2,4,0.3,25.2,25.2,600.0,333.333,
Mpt76,MPT-76,AssaultRifle,50.0,body,1,3,4,0.3,25.2,25.2,600.0,333.333,
Mpt76,MPT-76,AssaultRifle,50.0,body,2,0,5,0.4,21.6,21.6,600.0,250.0,
Mpt76,MPT-76,AssaultRifle,50.0,body,2,1,5,0.4,21.6,21.6,600.0,250.0,
Mpt76,MPT-76,AssaultRifle,50.0,body,2,2,5,0.4,21.6,21.6,600.0,250.0,
Mpt76,MPT-76,AssaultRifle,50.0,body,2,3,5,0.4,21.6,21.6,600.0,250.0,
Mpt76,MPT-76,AssaultRifle,50.0,body,3,0,7,0.6,16.2,16.2,600.0,166.667,
Mpt76,MPT-76,AssaultRifle,50.0,body,3,1,7,0.6,16.2,16.2,600.0,166.667,
Mpt76,MPT-76,AssaultRifle,50.0,body,3,2,7,0.6,16.2,16.2,600.0,166.667,
Mpt76,MPT-76,AssaultRifle,50.0,body,3,3,7,0.6,16.2,16.2,600.0,166.667,
Mpt76,MPT-76,AssaultRifle,50.0,head,0,0,2,0.1,72.0,72.0,600.0,1000.0,
Mpt76,MPT-76,AssaultRifle,50.0,head,0,1,2,0.1,50.4,50.4,600.0,1000.0,
Mpt76,MPT-76,AssaultRifle,50.0,head,0,2,3,0.2,43.2,43.2,600.0,500.0,
Mpt76,MPT-76,AssaultRifle,50.0,head,0,3,4,0.3,32.4,32.4,600.0,333.333,
Mpt76,MPT-76,AssaultRifle,50.0,head,1,0,2,0.1,72.0,72.0,600.0,1000.0,
Mpt76,MPT-76,AssaultRifle,50.0,head,1,1,2,0.1,50.4,50.4,600.0,1000.0,
Mpt76,MPT-76,AssaultRifle,50.0,head,1,2,3,0.2,43.2,43.2,600.0,500.0,
Mpt76,MPT-76,AssaultRifle,50.0,head,1,3,4,0.3,32.4,32.4,600.0,333.333,
Mpt76,MPT-76,AssaultRifle,50.0,head,2,0,2,0.1,72.0,72.0,600.0,1000.0,
Mpt76,MPT-76,AssaultRifle,50.0,head,2,1,2,0.1,50.4,50.4,600.0,1000.0,
Mpt76,MPT-76,AssaultRifle,50.0,head,2,2,3,0.2,43.2,43.2,600.0,500.0,
Mpt76,MPT-76,AssaultRifle,50.0,head,2,3,4,0.3,32.4,32.4,600.0,333.333,
Mpt76,MPT-76,AssaultRifle,50.0,head,3,0,2,0.1,72.0,72.0,600.0,1000.0,
Mpt76,MPT-76,AssaultRifle,50.0,head,3,1,2,0.1,50.4,50.4,600.0,1000.0,
Mpt76,MPT-76,AssaultRifle,50.0,head,3,2,3,0.2,43.2,43.2,600.0,500.0,
Mpt76,MPT-76,AssaultRifle,50.0,head,3,3,4,0.3,32.4,32.4,600.0,333.333,
Mpt76,MPT-76,AssaultRifle,100.0,body,0,0,3,0.2,35.652,35.652,600.0,500.0,
Mpt76,MPT-76,AssaultRifle,100.0,body,0,1,3,0.2,35.652,35.652,600.0,500.0,
Mpt76,MPT-76,AssaultRifle,100.0,body,0,2,3,0.2,35.652,35.652,600.0,500.0,
Mpt76,MPT-76,AssaultRifle,100.0,body,0,3,3,0.2,35.652,35.652,600.0,500.0,
Mpt76,MPT-76,AssaultRifle,100.0,body,1,0,5,0.4,24.956,24.956,600.0,250.0,
Mpt76,MPT-76,AssaultRifle,100.0,body,1,1,5,0.4,24.956,24.956,600.0,250.0,
Mpt76,MPT-76,AssaultRifle,100.0,body,1,2,5,0.4,24.956,24.956,600.0,250.0,
Mpt76,MPT-76,AssaultRifle,100.0,body,1,3,5,0.4,24.956,24.956,600.0,250.0,
Mpt76,MPT-76,AssaultRifle,100.0,body,2,0,5,0.4,21.391,21.391,600.0,250.0,
Mpt76,MPT-76,AssaultRifle,100.0,body,2,1,5,0.4,21.391,21.391,600.0,250.0,
Mpt76,MPT-76,AssaultRifle,100.0,body,2,2,5,0.4,21.391,21.391,600.0,250.0,
Mpt76,MPT-76,AssaultRifle,100.0,body,2,3,5,0.4,21.391,21.391,600.0,250.0,
Mpt76,MPT-76,AssaultRifle,100.0,body,3,0,7,0.6,16.043,16.043,600.0,166.667,
Mpt76,MPT-76,AssaultRifle,100.0,body,3,1,7,0.6,16.043,16.043,600.0,166.667,
Mpt76,MPT-76,AssaultRifle,100.0,body,3,2,7,0.6,16.043,16.043,600.0,166.667,
Mpt76,MPT-76,AssaultRifle,100.0,body,3,3,7,0.6,16.043,16.043,600.0,166.667,
Mpt76,MPT-76,AssaultRifle,100.0,head,0,0,2,0.1,71.303,71.303,600.0,1000.0,
Mpt76,MPT-76,AssaultRifle,100.0,head,0,1,3,0.2,49.912,49.912,600.0,500.0,
Mpt76,MPT-76,AssaultRifle,100.0,head,0,2,3,0.2,42.782,42.782,600.0,500.0,
Mpt76,MPT-76,AssaultRifle,100.0,head,0,3,4,0.3,32.086,32.086,600.0,333.333,
Mpt76,MPT-76,AssaultRifle,100.0,head,1,0,2,0.1,71.303,71.303,600.0,1000.0,
Mpt76,MPT-76,AssaultRifle,100.0,head,1,1,3,0.2,49.912,49.912,600.0,500.0,
Mpt76,MPT-76,AssaultRifle,100.0,head,1,2,3,0.2,42.782,42.782,600.0,500.0,
Mpt76,MPT-76,AssaultRifle,100.0,head,1,3,4,0.3,32.086,32.086,600.0,333.333,
Mpt76,MPT-76,AssaultRifle,100.0,head,2,0,2,0.1,71.303,71.303,600.0,1000.0,
Mpt76,MPT-76,AssaultRifle,100.0,head,2,1,3,0.2,49.912,49.912,600.0,500.0,
Mpt76,MPT-76,AssaultRifle,100.0,head,2,2,3,0.2,42.782,42.782,600.0,500.0,
Mpt76,MPT-76,AssaultRifle,100.0,head,2,3,4,0.3,32.086,32.086,600.0,333.333,
Mpt76,MPT-76,AssaultRifle,100.0,head,3,0,2,0.1,71.303,71.303,600.0,1000.0,
Mpt76,MPT-76,AssaultRifle,100.0,head,3,1,3,0.2,49.912,49.912,600.0,500.0,
Mpt76,MPT-76,AssaultRifle,100.0,head,3,2,3,0.2,42.782,42.782,600.0,500.0,
Mpt76,MPT-76,AssaultRifle,100.0,head,3,3,4,0.3,32.086,32.086,600.0,333.333,
Mpt76,MPT-76,AssaultRifle,200.0,body,0,0,4,0.3,32.168,32.168,600.0,333.333,
Mpt76,MPT-76,AssaultRifle,200.0,body,0,1,4,0.3,32.168,32.168,600.0,333.333,
Mpt76,MPT-76,AssaultRifle,200.0,body,0,2,4,0.3,32.168,32.168,600.0,333.333,
Mpt76,MPT-76,AssaultRifle,200.0,body,0,3,4,0.3,32.168,32.168,600.0,333.333,
Mpt76,MPT-76,AssaultRifle,200.0,body,1,0,5,0.4,22.517,22.517,600.0,250.0,
Mpt76,MPT-76,AssaultRifle,200.0,body,1,1,5,0.4,22.517,22.517,600.0,250.0,
Mpt76,MPT-76,AssaultRifle,200.0,body,1,2,5,0.4,22.517,22.517,600.0,250.0,
Mpt76,MPT-76,AssaultRifle,200.0,body,1,3,5,0.4,22.517,22.517,600.0,250.0,
Mpt76,MPT-76,AssaultRifle,200.0,body,2,0,6,0.5,19.301,19.301,600.0,200.0,
Mpt76,MPT-76,AssaultRifle,200.0,body,2,1,6,0.5,19.301,19.301,600.0,200.0,
Mpt76,MPT-76,AssaultRifle,200.0,body,2,2,6,0.5,19.301,19.301,600.0,200.0,
Mpt76,MPT-76,AssaultRifle,200.0,body,2,3,6,0.5,19.301,19.301,600.0,200.0,
Mpt76,MPT-76,AssaultRifle,200.0,body,3,0,7,0.6,14.475,14.475,600.0,166.667,
Mpt76,MPT-76,AssaultRifle,200.0,body,3,1,7,0.6,14.475,14.475,600.0,166.667,
Mpt76,MPT-76,AssaultRifle,200.0,body,3,2,7,0.6,14.475,14.475,600.0,166.667,
Mpt76,MPT-76,AssaultRifle,200.0,body,3,3,7,0.6,14.475,14.475,600.0,166.667,
Mpt76,MPT-76,AssaultRifle,200.0,head,0,0,2,0.1,64.335,64.335,600.0,1000.0,
Mpt76,MPT-76,AssaultRifle,200.0,head,0,1,3,0.2,45.035,45.035,600.0,500.0,
Mpt76,MPT-76,AssaultRifle,200.0,head,0,2,3,0.2,38.601,38.601,600.0,500.0,
Mpt76,MPT-76,AssaultRifle,200.0,head,0,3,4,0.3,28.951,28.951,600.0,333.333,
Mpt76,MPT-76,AssaultRifle,200.0,head,1,0,2,0.1,64.335,64.335,600.0,1000.0,
Mpt76,MPT-76,AssaultRifle,200.0,head,1,1,3,0.2,45.035,45.035,600.0,500.0,
Mpt76,MPT-76,AssaultRifle,200.0,head,1,2,3,0.2,38.601,38.601,600.0,500.0,
Mpt76,MPT-76,AssaultRifle,200.0,head,1,3,4,0.3,28.951,28.951,600.0,333.333,
Mpt76,MPT-76,AssaultRifle,200.0,head,2,0,2,0.1,64.335,64.335,600.0,1000.0,
Mpt76,MPT-76,AssaultRifle,200.0,head,2,1,3,0.2,45.035,45.035,600.0,500.0,
Mpt76,MPT-76,AssaultRifle,200.0,head,2,2,3,0.2,38.601,38.601,600.0,500.0,
Mpt76,MPT-76,AssaultRifle,200.0,head,2,3,4,0.3,28.951,28.951,600.0,333.333,
Mpt76,MPT-76,AssaultRifle,200.0,head,3,0,2,0.1,64.335,64.335,600.0,1000.0,
Mpt76,MPT-76,AssaultRifle,200.0,head,3,1,3,0.2,45.035,45.035,600.0,500.0,
Mpt76,MPT-76,AssaultRifle,200.0,head,3,2,3,0.2,38.601,38.601,600.0,500.0,
Mpt76,MPT-76,AssaultRifle,200.0,head,3,3,4,0.3,28.951,28.951,600.0,333.333,
Mpt76,MPT-76,AssaultRifle,300.0,body,0,0,4,0.3,28.684,28.684,600.0,333.333,
Mpt76,MPT-76,AssaultRifle,300.0,body,0,1,4,0.3,28.684,28.684,600.0,333.333,
Mpt76,MPT-76,AssaultRifle,300.0,body,0,2,4,0.3,28.684,28.684,600.0,333.333,
Mpt76,MPT-76,AssaultRifle,300.0,body,0,3,4,0.3,28.684,28.684,600.0,333.333,
Mpt76,MPT-76,AssaultRifle,300.0,body,1,0,5,0.4,20.079,20.079,600.0,250.0,
Mpt76,MPT-76,AssaultRifle,300.0,body,1,1,5,0.4,20.079,20.079,600.0,250.0,
Mpt76,MPT-76,AssaultRifle,300.0,body,1,2,5,0.4,20.079,20.079,600.0,250.0,
Mpt76,MPT-76,AssaultRifle,300.0,body,1,3,5,0.4,20.079,20.079,600.0,250.0,
Mpt76,MPT-76,AssaultRifle,300.0,body,2,0,6,0.5,17.21,17.21,600.0,200.0,
Mpt76,MPT-76,AssaultRifle,300.0,body,2,1,6,0.5,17.21,17.21,600.0,200.0,
Mpt76,MPT-76,AssaultRifle,300.0,body,2,2,6,0.5,17.21,17.21,600.0,200.0,
Mpt76,MPT-76,AssaultRifle,300.0,body,2,3,6,0.5,17.21,17.21,600.0,200.0,
Mpt76,MPT-76,AssaultRifle,300.0,body,3,0,8,0.7,12.908,12.908,600.0,142.857,
Mpt76,MPT-76,AssaultRifle,300.0,body,3,1,8,0.7,12.908,12.908,600.0,142.857,
Mpt76,MPT-76,AssaultRifle,300.0,body,3,2,8,0.7,12.908,12.908,600.0,142.857,
Mpt76,MPT-76,AssaultRifle,300.0,body,3,3,8,0.7,12.908,12.908,600.0,142.857,
Mpt76,MPT-76,AssaultRifle,300.0,head,0,0,2,0.1,57.368,57.368,600.0,1000.0,
Mpt76,MPT-76,AssaultRifle,300.0,head,0,1,3,0.2,40.157,40.157,600.0,500.0,
Mpt76,MPT-76,AssaultRifle,300.0,head,0,2,3,0.2,34.421,34.421,600.0,500.0,
Mpt76,MPT-76,AssaultRifle,300.0,head,0,3,4,0.3,25.815,25.815,600.0,333.333,
Mpt76,MPT-76,AssaultRifle,300.0,head,1,0,2,0.1,57.368,57.368,600.0,1000.0,
Mpt76,MPT-76,AssaultRifle,300.0,head,1,1,3,0.2,40.157,40.157,600.0,500.0,
Mpt76,MPT-76,AssaultRifle,300.0,head,1,2,3,0.2,34.421,34.421,600.0,500.0,
Mpt76,MPT-76,AssaultRifle,300.0,head,1,3,4,0.3,25.815,25.815,600.0,333.333,
Mpt76,MPT-76,AssaultRifle,300.0,head,2,0,2,0.1,57.368,57.368,600.0,1000.0,
Mpt76,MPT-76,AssaultRifle,300.0,head,2,1,3,0.2,40.157,40.157,600.0,500.0,
Mpt76,MPT-76,AssaultRifle,300.0,head,2,2,3,0.2,34.421,34.421,600.0,500.0,
Mpt76,MPT-76,AssaultRifle,300.0,head,2,3,4,0.3,25.815,25.815,600.0,333.333,
Mpt76,MPT-76,AssaultRifle,300.0,head,3,0,2,0.1,57.368,57.368,600.0,1000.0,
Mpt76,MPT-76,AssaultRifle,300.0,head,3,1,3,0.2,40.157,40.157,600.0,500.0,
Mpt76,MPT-76,AssaultRifle,300.0,head,3,2,3,0.2,34.421,34.421,600.0,500.0,
Mpt76,MPT-76,AssaultRifle,300.0,head,3,3,4,0.3,25.815,25.815,600.0,333.333,
G3,G3A7,AssaultRifle,10.0,body,0,0,3,0.2182,38.0,38.0,550.0,458.333,
G3,G3A7,AssaultRifle,10.0,body,0,1,3,0.2182,38.0,38.0,550.0,458.333,
G3,G3A7,AssaultRifle,10.0,body,0,2,3,0.2182,38.0,38.0,550.0,458.333,
G3,G3A7,AssaultRifle,10.0,body,0,3,3,0.2182,38.0,38.0,550.0,458.333,
G3,G3A7,AssaultRifle,10.0,body,1,0,4,0.3273,26.6,26.6,550.0,305.556,
G3,G3A7,AssaultRifle,10.0,body,1,1,4,0.3273,26.6,26.6,550.0,305.556,
G3,G3A7,AssaultRifle,10.0,body,1,2,4,0.3273,26.6,26.6,550.0,305.556,
G3,G3A7,AssaultRifle,10.0,body,1,3,4,0.3273,26.6,26.6,550.0,305.556,
G3,G3A7,AssaultRifle,10.0,body,2,0,5,0.4364,22.8,22.8,550.0,229.167,
G3,G3A7,AssaultRifle,10.0,body,2,1,5,0.4364,22.8,22.8,550.0,229.167,
G3,G3A7,AssaultRifle,10.0,body,2,2,5,0.4364,22.8,22.8,550.0,229.167,
G3,G3A7,AssaultRifle,10.0,body,2,3,5,0.4364,22.8,22.8,550.0,229.167,
G3,G3A7,AssaultRifle,10.0,body,3,0,6,0.5455,17.1,17.1,550.0,183.333,
G3,G3A7,AssaultRifle,10.0,body,3,1,6,0.5455,17.1,17.1,550.0,183.333,
G3,G3A7,AssaultRifle,10.0,body,3,2,6,0.5455,17.1,17.1,550.0,183.333,
G3,G3A7,AssaultRifle,10.0,body,3,3,6,0.5455,17.1,17.1,550.0,183.333,
G3,G3A7,AssaultRifle,10.0,head,0,0,2,0.1091,76.0,76.0,550.0,916.667,
G3,G3A7,AssaultRifle,10.0,head,0,1,2,0.1091,53.2,53.2,550.0,916.667,
G3,G3A7,AssaultRifle,10.0,head,0,2,3,0.2182,45.6,45.6,550.0,458.333,
G3,G3A7,AssaultRifle,10.0,head,0,3,3,0.2182,34.2,34.2,550.0,458.333,
G3,G3A7,AssaultRifle,10.0,head,1,0,2,0.1091,76.0,76.0,550.0,916.667,
G3,G3A7,AssaultRifle,10.0,head,1,1,2,0.1091,53.2,53.2,550.0,916.667,
G3,G3A7,AssaultRifle,10.0,head,1,2,3,0.2182,45.6,45.6,550.0,458.333,
G3,G3A7,AssaultRifle,10.0,head,1,3,3,0.2182,34.2,34.2,550.0,458.333,
G3,G3A7,AssaultRifle,10.0,head,2,0,2,0.1091,76.0,76.0,550.0,916.667,
G3,G3A7,AssaultRifle,10.0,head,2,1,2,0.1091,53.2,53.2,550.0,916.667,
G3,G3A7,AssaultRifle,10.0,head,2,2,3,0.2182,45.6,45.6,550.0,458.333,
G3,G3A7,AssaultRifle,10.0,head,2,3,3,0.2182,34.2,34.2,550.0,458.333,
G3,G3A7,AssaultRifle,10.0,head,3,0,2,0.1091,76.0,76.0,550.0,916.667,
G3,G3A7,AssaultRifle,10.0,head,3,1,2,0.1091,53.2,53.2,550.0,916.667,
G3,G3A7,AssaultRifle,10.0,head,3,2,3,0.2182,45.6,45.6,550.0,458.333,
G3,G3A7,AssaultRifle,10.0,head,3,3,3,0.2182,34.2,34.2,550.0,458.333,
G3,G3A7,AssaultRifle,50.0,body,0,0,3,0.2182,38.0,38.0,550.0,458.333,
G3,G3A7,AssaultRifle,50.0,body,0,1,3,0.2182,38.0,38.0,550.0,458.333,
G3,G3A7,AssaultRifle,50.0,body,0,2,3,0.2182,38.0,38.0,550.0,458.333,
G3,G3A7,AssaultRifle,50.0,body,0,3,3,0.2182,38.0,38.0,550.0,458.333,
G3,G3A7,AssaultRifle,50.0,body,1,0,4,0.3273,26.6,26.6,550.0,305.556,
G3,G3A7,AssaultRifle,50.0,body,1,1,4,0.3273,26.6,26.6,550.0,305.556,
G3,G3A7,AssaultRifle,50.0,body,1,2,4,0.3273,26.6,26.6,550.0,305.556,
G3,G3A7,AssaultRifle,50.0,body,1,3,4,0.3273,26.6,26.6,550.0,305.556,
G3,G3A7,AssaultRifle,50.0,body,2,0,5,0.4364,22.8,22.8,550.0,229.167,
G3,G3A7,AssaultRifle,50.0,body,2,1,5,0.4364,22.8,22.8,550.0,229.167,
G3,G3A7,AssaultRifle,50.0,body,2,2,5,0.4364,22.8,22.8,550.0,229.167,
G3,G3A7,AssaultRifle,50.0,body,2,3,5,0.4364,22.8,22.8,550.0,229.167,
G3,G3A7,AssaultRifle,50.0,body,3,0,6,0.5455,17.1,17.1,550.0,183.333,
G3,G3A7,AssaultRifle,50.0,body,3,1,6,0.5455,17.1,17.1,550.0,183.333,
G3,G3A7,AssaultRifle,50.0,body,3,2,6,0.5455,17.1,17.1,550.0,183.333,
G3,G3A7,AssaultRifle,50.0,body,3,3,6,0.5455,17.1,17.1,550.0,183.333,
G3,G3A7,AssaultRifle,50.0,head,0,0,2,0.1091,76.0,76.0,550.0,916.667,
G3,G3A7,AssaultRifle,50.0,head,0,1,2,0.1091,53.2,53.2,550.0,916.667,
G3,G3A7,AssaultRifle,50.0,head,0,2,3,0.2182,45.6,45.6,550.0,458.333,
G3,G3A7,AssaultRifle,50.0,head,0,3,3,0.2182,34.2,34.2,550.0,458.333,
G3,G3A7,AssaultRifle,50.0,head,1,0,2,0.1091,76.0,76.0,550.0,916.667,
G3,G3A7,AssaultRifle,50.0,head,1,1,2,0.1091,53.2,53.2,550.0,916.667,
G3,G3A7,AssaultRifle,50.0,head,1,2,3,0.2182,45.6,45.6,550.0,458.333,
G3,G3A7,AssaultRifle,50.0,head,1,3,3,0.2182,34.2,34.2,550.0,458.333,
G3,G3A7,AssaultRifle,50.0,head,2,0,2,0.1091,76.0,76.0,550.0,916.667,
G3,G3A7,AssaultRifle,50.0,head,2,1,2,0.1091,53.2,53.2,550.0,916.667,
G3,G3A7,AssaultRifle,50.0,head,2,2,3,0.2182,45.6,45.6,550.0,458.333,
G3,G3A7,AssaultRifle,50.0,head,2,3,3,0.2182,34.2,34.2,550.0,458.333,
G3,G3A7,AssaultRifle,50.0,head,3,0,2,0.1091,76.0,76.0,550.0,916.667,
G3,G3A7,AssaultRifle,50.0,head,3,1,2,0.1091,53.2,53.2,550.0,916.667,
G3,G3A7,AssaultRifle,50.0,head,3,2,3,0.2182,45.6,45.6,550.0,458.333,
G3,G3A7,AssaultRifle,50.0,head,3,3,3,0.2182,34.2,34.2,550.0,458.333,
G3,G3A7,AssaultRifle,100.0,body,0,0,3,0.2182,37.632,37.632,550.0,458.333,
G3,G3A7,AssaultRifle,100.0,body,0,1,3,0.2182,37.632,37.632,550.0,458.333,
G3,G3A7,AssaultRifle,100.0,body,0,2,3,0.2182,37.632,37.632,550.0,458.333,
G3,G3A7,AssaultRifle,100.0,body,0,3,3,0.2182,37.632,37.632,550.0,458.333,
G3,G3A7,AssaultRifle,100.0,body,1,0,4,0.3273,26.343,26.343,550.0,305.556,
G3,G3A7,AssaultRifle,100.0,body,1,1,4,0.3273,26.343,26.343,550.0,305.556,
G3,G3A7,AssaultRifle,100.0,body,1,2,4,0.3273,26.343,26.343,550.0,305.556,
G3,G3A7,AssaultRifle,100.0,body,1,3,4,0.3273,26.343,26.343,550.0,305.556,
G3,G3A7,AssaultRifle,100.0,body,2,0,5,0.4364,22.579,22.579,550.0,229.167,
G3,G3A7,AssaultRifle,100.0,body,2,1,5,0.4364,22.579,22.579,550.0,229.167,
G3,G3A7,AssaultRifle,100.0,body,2,2,5,0.4364,22.579,22.579,550.0,229.167,
G3,G3A7,AssaultRifle,100.0,body,2,3,5,0.4364,22.579,22.579,550.0,229.167,
G3,G3A7,AssaultRifle,100.0,body,3,0,6,0.5455,16.935,16.935,550.0,183.333,
G3,G3A7,AssaultRifle,100.0,body,3,1,6,0.5455,16.935,16.935,550.0,183.333,
G3,G3A7,AssaultRifle,100.0,body,3,2,6,0.5455,16.935,16.935,550.0,183.333,
G3,G3A7,AssaultRifle,100.0,body,3,3,6,0.5455,16.935,16.935,550.0,183.333,
G3,G3A7,AssaultRifle,100.0,head,0,0,2,0.1091,75.265,75.265,550.0,916.667,
G3,G3A7,AssaultRifle,100.0,head,0,1,2,0.1091,52.685,52.685,550.0,916.667,
G3,G3A7,AssaultRifle,100.0,head,0,2,3,0.2182,45.159,45.159,550.0,458.333,
G3,G3A7,AssaultRifle,100.0,head,0,3,3,0.2182,33.869,33.869,550.0,458.333,
G3,G3A7,AssaultRifle,100.0,head,1,0,2,0.1091,75.265,75.265,550.0,916.667,
G3,G3A7,AssaultRifle,100.0,head,1,1,2,0.1091,52.685,52.685,550.0,916.667,
G3,G3A7,AssaultRifle,100.0,head,1,2,3,0.2182,45.159,45.159,550.0,458.333,
G3,G3A7,AssaultRifle,100.0,head,1,3,3,0.2182,33.869,33.869,550.0,458.333,
G3,G3A7,AssaultRifle,100.0,head,2,0,2,0.1091,75.265,75.265,550.0,916.667,
G3,G3A7,AssaultRifle,100.0,head,2,1,2,0.1091,52.685,52.685,550.0,916.667,
G3,G3A7,AssaultRifle,100.0,head,2,2,3,0.2182,45.159,45.159,550.0,458.333,
G3,G3A7,AssaultRifle,100.0,head,2,3,3,0.2182,33.869,33.869,550.0,458.333,
G3,G3A7,AssaultRifle,100.0,head,3,0,2,0.1091,75.265,75.265,550.0,916.667,
G3,G3A7,AssaultRifle,100.0,head,3,1,2,0.1091,52.685,52.685,550.0,916.667,
G3,G3A7,AssaultRifle,100.0,head,3,2,3,0.2182,45.159,45.159,550.0,458.333,
G3,G3A7,AssaultRifle,100.0,head,3,3,3,0.2182,33.869,33.869,550.0,458.333,
G3,G3A7,AssaultRifle,200.0,body,0,0,3,0.2182,33.955,33.955,550.0,458.333,
G3,G3A7,AssaultRifle,200.0,body,0,1,3,0.2182,33.955,33.955,550.0,458.333,
G3,G3A7,AssaultRifle,200.0,body,0,2,3,0.2182,33.955,33.955,550.0,458.333,
G3,G3A7,AssaultRifle,200.0,body,0,3,3,0.2182,33.955,33.955,550.0,458.333,
G3,G3A7,AssaultRifle,200.0,body,1,0,5,0.4364,23.768,23.768,550.0,229.167,
G3,G3A7,AssaultRifle,200.0,body,1,1,5,0.4364,23.768,23.768,550.0,229.167,
G3,G3A7,AssaultRifle,200.0,body,1,2,5,0.4364,23.768,23.768,550.0,229.167,
G3,G3A7,AssaultRifle,200.0,body,1,3,5,0.4364,23.768,23.768,550.0,229.167,
G3,G3A7,AssaultRifle,200.0,body,2,0,5,0.4364,20.373,20.373,550.0,229.167,
G3,G3A7,AssaultRifle,200.0,body,2,1,5,0.4364,20.373,20.373,550.0,229.167,
G3,G3A7,AssaultRifle,200.0,body,2,2,5,0.4364,20.373,20.373,550.0,229.167,
G3,G3A7,AssaultRifle,200.0,body,2,3,5,0.4364,20.373,20.373,550.0,229.167,
G3,G3A7,AssaultRifle,200.0,body,3,0,7,0.6545,15.28,15.28,550.0,152.778,
G3,G3A7,AssaultRifle,200.0,body,3,1,7,0.6545,15.28,15.28,550.0,152.778,
G3,G3A7,AssaultRifle,200.0,body,3,2,7,0.6545,15.28,15.28,550.0,152.778,
G3,G3A7,AssaultRifle,200.0,body,3,3,7,0.6545,15.28,15.28,550.0,152.778,
G3,G3A7,AssaultRifle,200.0,head,0,0,2,0.1091,67.91,67.91,550.0,916.667,
G3,G3A7,AssaultRifle,200.0,head,0,1,3,0.2182,47.537,47.537,550.0,458.333,
G3,G3A7,AssaultRifle,200.0,head,0,2,3,0.2182,40.746,40.746,550.0,458.333,
G3,G3A7,AssaultRifle,200.0,head,0,3,4,0.3273,30.559,30.559,550.0,305.556,
G3,G3A7,AssaultRifle,200.0,head,1,0,2,0.1091,67.91,67.91,550.0,916.667,
G3,G3A7,AssaultRifle,200.0,head,1,1,3,0.2182,47.537,47.537,550.0,458.333,
G3,G3A7,AssaultRifle,200.0,head,1,2,3,0.2182,40.746,40.746,550.0,458.333,
G3,G3A7,AssaultRifle,200.0,head,1,3,4,0.3273,30.559,30.559,550.0,305.556,
G3,G3A7,AssaultRifle,200.0,head,2,0,2,0.1091,67.91,67.91,550.0,916.667,
G3,G3A7,AssaultRifle,200.0,head,2,1,3,0.2182,47.537,47.537,550.0,458.333,
G3,G3A7,AssaultRifle,200.0,head,2,2,3,0.2182,40.746,40.746,550.0,458.333,
G3,G3A7,AssaultRifle,200.0,head,2,3,4,0.3273,30.559,30.559,550.0,305.556,
G3,G3A7,AssaultRifle,200.0,head,3,0,2,0.1091,67.91,67.91,550.0,916.667,
G3,G3A7,AssaultRifle,200.0,head,3,1,3,0.2182,47.537,47.537,550.0,458.333,
G3,G3A7,AssaultRifle,200.0,head,3,2,3,0.2182,40.746,40.746,550.0,458.333,
G3,G3A7,AssaultRifle,200.0,head,3,3,4,0.3273,30.559,30.559,550.0,305.556,
G3,G3A7,AssaultRifle,300.0,body,0,0,4,0.3273,30.277,30.277,550.0,305.556,
G3,G3A7,AssaultRifle,300.0,body,0,1,4,0.3273,30.277,30.277,550.0,305.556,
G3,G3A7,AssaultRifle,300.0,body,0,2,4,0.3273,30.277,30.277,550.0,305.556,
G3,G3A7,AssaultRifle,300.0,body,0,3,4,0.3273,30.277,30.277,550.0,305.556,
G3,G3A7,AssaultRifle,300.0,body,1,0,5,0.4364,21.194,21.194,550.0,229.167,
G3,G3A7,AssaultRifle,300.0,body,1,1,5,0.4364,21.194,21.194,550.0,229.167,
G3,G3A7,AssaultRifle,300.0,body,1,2,5,0.4364,21.194,21.194,550.0,229.167,
G3,G3A7,AssaultRifle,300.0,body,1,3,5,0.4364,21.194,21.194,550.0,229.167,
G3,G3A7,AssaultRifle,300.0,body,2,0,6,0.5455,18.166,18.166,550.0,183.333,
G3,G3A7,AssaultRifle,300.0,body,2,1,6,0.5455,18.166,18.166,550.0,183.333,
G3,G3A7,AssaultRifle,300.0,body,2,2,6,0.5455,18.166,18.166,550.0,183.333,
G3,G3A7,AssaultRifle,300.0,body,2,3,6,0.5455,18.166,18.166,550.0,183.333,
G3,G3A7,AssaultRifle,300.0,body,3,0,8,0.7636,13.625,13.625,550.0,130.952,
G3,G3A7,AssaultRifle,300.0,body,3,1,8,0.7636,13.625,13.625,550.0,130.952,
G3,G3A7,AssaultRifle,300.0,body,3,2,8,0.7636,13.625,13.625,550.0,130.952,
G3,G3A7,AssaultRifle,300.0,body,3,3,8,0.7636,13.625,13.625,550.0,130.952,
G3,G3A7,AssaultRifle,300.0,head,0,0,2,0.1091,60.555,60.555,550.0,916.667,
G3,G3A7,AssaultRifle,300.0,head,0,1,3,0.2182,42.388,42.388,550.0,458.333,
G3,G3A7,AssaultRifle,300.0,head,0,2,3,0.2182,36.333,36.333,550.0,458.333,
G3,G3A7,AssaultRifle,300.0,head,0,3,4,0.3273,27.25,27.25,550.0,305.556,
G3,G3A7,AssaultRifle,300.0,head,1,0,2,0.1091,60.555,60.555,550.0,916.667,
G3,G3A7,AssaultRifle,300.0,head,1,1,3,0.2182,42.388,42.388,550.0,458.333,
G3,G3A7,AssaultRifle,300.0,head,1,2,3,0.2182,36.333,36.333,550.0,458.333,
G3,G3A7,AssaultRifle,300.0,head,1,3,4,0.3273,27.25,27.25,550.0,305.556,
G3,G3A7,AssaultRifle,300.0,head,2,0,2,0.1091,60.555,60.555,550.0,916.667,
G3,G3A7,AssaultRifle,300.0,head,2,1,3,0.2182,42.388,42.388,550.0,458.333,
G3,G3A7,AssaultRifle,300.0,head,2,2,3,0.2182,36.333,36.333,550.0,458.333,
G3,G3A7,AssaultRifle,300.0,head,2,3,4,0.3273,27.25,27.25,550.0,305.556,
G3,G3A7,AssaultRifle,300.0,head,3,0,2,0.1091,60.555,60.555,550.0,916.667,
G3,G3A7,AssaultRifle,300.0,head,3,1,3,0.2182,42.388,42.388,550.0,458.333,
G3,G3A7,AssaultRifle,300.0,head,3,2,3,0.2182,36.333,36.333,550.0,458.333,
G3,G3A7,AssaultRifle,300.0,head,3,3,4,0.3273,27.25,27.25,550.0,305.556,
Knt76,KNT-76,Dmr,10.0,body,0,0,2,0.28,52.0,52.0,214.29,357.143,
Knt76,KNT-76,Dmr,10.0,body,0,1,2,0.28,52.0,52.0,214.29,357.143,
Knt76,KNT-76,Dmr,10.0,body,0,2,2,0.28,52.0,52.0,214.29,357.143,
Knt76,KNT-76,Dmr,10.0,body,0,3,2,0.28,52.0,52.0,214.29,357.143,
Knt76,KNT-76,Dmr,10.0,body,1,0,3,0.56,36.4,36.4,214.29,178.571,
Knt76,KNT-76,Dmr,10.0,body,1,1,3,0.56,36.4,36.4,214.29,178.571,
Knt76,KNT-76,Dmr,10.0,body,1,2,3,0.56,36.4,36.4,214.29,178.571,
Knt76,KNT-76,Dmr,10.0,body,1,3,3,0.56,36.4,36.4,214.29,178.571,
Knt76,KNT-76,Dmr,10.0,body,2,0,4,0.84,31.2,31.2,214.29,119.048,
Knt76,KNT-76,Dmr,10.0,body,2,1,4,0.84,31.2,31.2,214.29,119.048,
Knt76,KNT-76,Dmr,10.0,body,2,2,4,0.84,31.2,31.2,214.29,119.048,
Knt76,KNT-76,Dmr,10.0,body,2,3,4,0.84,31.2,31.2,214.29,119.048,
Knt76,KNT-76,Dmr,10.0,body,3,0,5,1.12,23.4,23.4,214.29,89.286,
Knt76,KNT-76,Dmr,10.0,body,3,1,5,1.12,23.4,23.4,214.29,89.286,
Knt76,KNT-76,Dmr,10.0,body,3,2,5,1.12,23.4,23.4,214.29,89.286,
Knt76,KNT-76,Dmr,10.0,body,3,3,5,1.12,23.4,23.4,214.29,89.286,
Knt76,KNT-76,Dmr,10.0,head,0,0,1,0.0,114.4,114.4,214.29,408.571,
Knt76,KNT-76,Dmr,10.0,head,0,1,2,0.28,80.08,80.08,214.29,357.143,
Knt76,KNT-76,Dmr,10.0,head,0,2,2,0.28,68.64,68.64,214.29,357.143,
Knt76,KNT-76,Dmr,10.0,head,0,3,2,0.28,51.48,51.48,214.29,357.143,
Knt76,KNT-76,Dmr,10.0,head,1,0,1,0.0,114.4,114.4,214.29,408.571,
Knt76,KNT-76,Dmr,10.0,head,1,1,2,0.28,80.08,80.08,214.29,357.143,
Knt76,KNT-76,Dmr,10.0,head,1,2,2,0.28,68.64,68.64,214.29,357.143,
Knt76,KNT-76,Dmr,10.0,head,1,3,2,0.28,51.48,51.48,214.29,357.143,
Knt76,KNT-76,Dmr,10.0,head,2,0,1,0.0,114.4,114.4,214.29,408.571,
Knt76,KNT-76,Dmr,10.0,head,2,1,2,0.28,80.08,80.08,214.29,357.143,
Knt76,KNT-76,Dmr,10.0,head,2,2,2,0.28,68.64,68.64,214.29,357.143,
Knt76,KNT-76,Dmr,10.0,head,2,3,2,0.28,51.48,51.48,214.29,357.143,
Knt76,KNT-76,Dmr,10.0,head,3,0,1,0.0,114.4,114.4,214.29,408.571,
Knt76,KNT-76,Dmr,10.0,head,3,1,2,0.28,80.08,80.08,214.29,357.143,
Knt76,KNT-76,Dmr,10.0,head,3,2,2,0.28,68.64,68.64,214.29,357.143,
Knt76,KNT-76,Dmr,10.0,head,3,3,2,0.28,51.48,51.48,214.29,357.143,
Knt76,KNT-76,Dmr,50.0,body,0,0,2,0.28,52.0,52.0,214.29,357.143,
Knt76,KNT-76,Dmr,50.0,body,0,1,2,0.28,52.0,52.0,214.29,357.143,
Knt76,KNT-76,Dmr,50.0,body,0,2,2,0.28,52.0,52.0,214.29,357.143,
Knt76,KNT-76,Dmr,50.0,body,0,3,2,0.28,52.0,52.0,214.29,357.143,
Knt76,KNT-76,Dmr,50.0,body,1,0,3,0.56,36.4,36.4,214.29,178.571,
Knt76,KNT-76,Dmr,50.0,body,1,1,3,0.56,36.4,36.4,214.29,178.571,
Knt76,KNT-76,Dmr,50.0,body,1,2,3,0.56,36.4,36.4,214.29,178.571,
Knt76,KNT-76,Dmr,50.0,body,1,3,3,0.56,36.4,36.4,214.29,178.571,
Knt76,KNT-76,Dmr,50.0,body,2,0,4,0.84,31.2,31.2,214.29,119.048,
Knt76,KNT-76,Dmr,50.0,body,2,1,4,0.84,31.2,31.2,214.29,119.048,
Knt76,KNT-76,Dmr,50.0,body,2,2,4,0.84,31.2,31.2,214.29,119.048,
Knt76,KNT-76,Dmr,50.0,body,2,3,4,0.84,31.2,31.2,214.29,119.048,
Knt76,KNT-76,Dmr,50.0,body,3,0,5,1.12,23.4,23.4,214.29,89.286,
Knt76,KNT-76,Dmr,50.0,body,3,1,5,1.12,23.4,23.4,214.29,89.286,
Knt76,KNT-76,Dmr,50.0,body,3,2,5,1.12,23.4,23.4,214.29,89.286,
Knt76,KNT-76,Dmr,50.0,body,3,3,5,1.12,23.4,23.4,214.29,89.286,
Knt76,KNT-76,Dmr,50.0,head,0,0,1,0.0,114.4,114.4,214.29,408.571,
Knt76,KNT-76,Dmr,50.0,head,0,1,2,0.28,80.08,80.08,214.29,357.143,
Knt76,KNT-76,Dmr,50.0,head,0,2,2,0.28,68.64,68.64,214.29,357.143,
Knt76,KNT-76,Dmr,50.0,head,0,3,2,0.28,51.48,51.48,214.29,357.143,
Knt76,KNT-76,Dmr,50.0,head,1,0,1,0.0,114.4,114.4,214.29,408.571,
Knt76,KNT-76,Dmr,50.0,head,1,1,2,0.28,80.08,80.08,214.29,357.143,
Knt76,KNT-76,Dmr,50.0,head,1,2,2,0.28,68.64,68.64,214.29,357.143,
Knt76,KNT-76,Dmr,50.0,head,1,3,2,0.28,51.48,51.48,214.29,357.143,
Knt76,KNT-76,Dmr,50.0,head,2,0,1,0.0,114.4,114.4,214.29,408.571,
Knt76,KNT-76,Dmr,50.0,head,2,1,2,0.28,80.08,80.08,214.29,357.143,
Knt76,KNT-76,Dmr,50.0,head,2,2,2,0.28,68.64,68.64,214.29,357.143,
Knt76,KNT-76,Dmr,50.0,head,2,3,2,0.28,51.48,51.48,214.29,357.143,
Knt76,KNT-76,Dmr,50.0,head,3,0,1,0.0,114.4,114.4,214.29,408.571,
Knt76,KNT-76,Dmr,50.0,head,3,1,2,0.28,80.08,80.08,214.29,357.143,
Knt76,KNT-76,Dmr,50.0,head,3,2,2,0.28,68.64,68.64,214.29,357.143,
Knt76,KNT-76,Dmr,50.0,head,3,3,2,0.28,51.48,51.48,214.29,357.143,
Knt76,KNT-76,Dmr,100.0,body,0,0,2,0.28,52.0,52.0,214.29,357.143,
Knt76,KNT-76,Dmr,100.0,body,0,1,2,0.28,52.0,52.0,214.29,357.143,
Knt76,KNT-76,Dmr,100.0,body,0,2,2,0.28,52.0,52.0,214.29,357.143,
Knt76,KNT-76,Dmr,100.0,body,0,3,2,0.28,52.0,52.0,214.29,357.143,
Knt76,KNT-76,Dmr,100.0,body,1,0,3,0.56,36.4,36.4,214.29,178.571,
Knt76,KNT-76,Dmr,100.0,body,1,1,3,0.56,36.4,36.4,214.29,178.571,
Knt76,KNT-76,Dmr,100.0,body,1,2,3,0.56,36.4,36.4,214.29,178.571,
Knt76,KNT-76,Dmr,100.0,body,1,3,3,0.56,36.4,36.4,214.29,178.571,
Knt76,KNT-76,Dmr,100.0,body,2,0,4,0.84,31.2,31.2,214.29,119.048,
Knt76,KNT-76,Dmr,100.0,body,2,1,4,0.84,31.2,31.2,214.29,119.048,
Knt76,KNT-76,Dmr,100.0,body,2,2,4,0.84,31.2,31.2,214.29,119.048,
Knt76,KNT-76,Dmr,100.0,body,2,3,4,0.84,31.2,31.2,214.29,119.048,
Knt76,KNT-76,Dmr,100.0,body,3,0,5,1.12,23.4,23.4,214.29,89.286,
Knt76,KNT-76,Dmr,100.0,body,3,1,5,1.12,23.4,23.4,214.29,89.286,
Knt76,KNT-76,Dmr,100.0,body,3,2,5,1.12,23.4,23.4,214.29,89.286,
Knt76,KNT-76,Dmr,100.0,body,3,3,5,1.12,23.4,23.4,214.29,89.286,
Knt76,KNT-76,Dmr,100.0,head,0,0,1,0.0,114.4,114.4,214.29,408.571,
Knt76,KNT-76,Dmr,100.0,head,0,1,2,0.28,80.08,80.08,214.29,357.143,
Knt76,KNT-76,Dmr,100.0,head,0,2,2,0.28,68.64,68.64,214.29,357.143,
Knt76,KNT-76,Dmr,100.0,head,0,3,2,0.28,51.48,51.48,214.29,357.143,
Knt76,KNT-76,Dmr,100.0,head,1,0,1,0.0,114.4,114.4,214.29,408.571,
Knt76,KNT-76,Dmr,100.0,head,1,1,2,0.28,80.08,80.08,214.29,357.143,
Knt76,KNT-76,Dmr,100.0,head,1,2,2,0.28,68.64,68.64,214.29,357.143,
Knt76,KNT-76,Dmr,100.0,head,1,3,2,0.28,51.48,51.48,214.29,357.143,
Knt76,KNT-76,Dmr,100.0,head,2,0,1,0.0,114.4,114.4,214.29,408.571,
Knt76,KNT-76,Dmr,100.0,head,2,1,2,0.28,80.08,80.08,214.29,357.143,
Knt76,KNT-76,Dmr,100.0,head,2,2,2,0.28,68.64,68.64,214.29,357.143,
Knt76,KNT-76,Dmr,100.0,head,2,3,2,0.28,51.48,51.48,214.29,357.143,
Knt76,KNT-76,Dmr,100.0,head,3,0,1,0.0,114.4,114.4,214.29,408.571,
Knt76,KNT-76,Dmr,100.0,head,3,1,2,0.28,80.08,80.08,214.29,357.143,
Knt76,KNT-76,Dmr,100.0,head,3,2,2,0.28,68.64,68.64,214.29,357.143,
Knt76,KNT-76,Dmr,100.0,head,3,3,2,0.28,51.48,51.48,214.29,357.143,
Knt76,KNT-76,Dmr,200.0,body,0,0,2,0.28,50.556,50.556,214.29,357.143,
Knt76,KNT-76,Dmr,200.0,body,0,1,2,0.28,50.556,50.556,214.29,357.143,
Knt76,KNT-76,Dmr,200.0,body,0,2,2,0.28,50.556,50.556,214.29,357.143,
Knt76,KNT-76,Dmr,200.0,body,0,3,2,0.28,50.556,50.556,214.29,357.143,
Knt76,KNT-76,Dmr,200.0,body,1,0,3,0.56,35.389,35.389,214.29,178.571,
Knt76,KNT-76,Dmr,200.0,body,1,1,3,0.56,35.389,35.389,214.29,178.571,
Knt76,KNT-76,Dmr,200.0,body,1,2,3,0.56,35.389,35.389,214.29,178.571,
Knt76,KNT-76,Dmr,200.0,body,1,3,3,0.56,35.389,35.389,214.29,178.571,
Knt76,KNT-76,Dmr,200.0,body,2,0,4,0.84,30.333,30.333,214.29,119.048,
Knt76,KNT-76,Dmr,200.0,body,2,1,4,0.84,30.333,30.333,214.29,119.048,
Knt76,KNT-76,Dmr,200.0,body,2,2,4,0.84,30.333,30.333,214.29,119.048,
Knt76,KNT-76,Dmr,200.0,body,2,3,4,0.84,30.333,30.333,214.29,119.048,
Knt76,KNT-76,Dmr,200.0,body,3,0,5,1.12,22.75,22.75,214.29,89.286,
Knt76,KNT-76,Dmr,200.0,body,3,1,5,1.12,22.75,22.75,214.29,89.286,
Knt76,KNT-76,Dmr,200.0,body,3,2,5,1.12,22.75,22.75,214.29,89.286,
Knt76,KNT-76,Dmr,200.0,body,3,3,5,1.12,22.75,22.75,214.29,89.286,
Knt76,KNT-76,Dmr,200.0,head,0,0,1,0.0,111.222,111.222,214.29,397.222,
Knt76,KNT-76,Dmr,200.0,head,0,1,2,0.28,77.856,77.856,214.29,357.143,
Knt76,KNT-76,Dmr,200.0,head,0,2,2,0.28,66.733,66.733,214.29,357.143,
Knt76,KNT-76,Dmr,200.0,head,0,3,2,0.28,50.05,50.05,214.29,357.143,
Knt76,KNT-76,Dmr,200.0,head,1,0,1,0.0,111.222,111.222,214.29,397.222,
Knt76,KNT-76,Dmr,200.0,head,1,1,2,0.28,77.856,77.856,214.29,357.143,
Knt76,KNT-76,Dmr,200.0,head,1,2,2,0.28,66.733,66.733,214.29,357.143,
Knt76,KNT-76,Dmr,200.0,head,1,3,2,0.28,50.05,50.05,214.29,357.143,
Knt76,KNT-76,Dmr,200.0,head,2,0,1,0.0,111.222,111.222,214.29,397.222,
Knt76,KNT-76,Dmr,200.0,head,2,1,2,0.28,77.856,77.856,214.29,357.143,
Knt76,KNT-76,Dmr,200.0,head,2,2,2,0.28,66.733,66.733,214.29,357.143,
Knt76,KNT-76,Dmr,200.0,head,2,3,2,0.28,50.05,50.05,214.29,357.143,
Knt76,KNT-76,Dmr,200.0,head,3,0,1,0.0,111.222,111.222,214.29,397.222,
Knt76,KNT-76,Dmr,200.0,head,3,1,2,0.28,77.856,77.856,214.29,357.143,
Knt76,KNT-76,Dmr,200.0,head,3,2,2,0.28,66.733,66.733,214.29,357.143,
Knt76,KNT-76,Dmr,200.0,head,3,3,2,0.28,50.05,50.05,214.29,357.143,
Knt76,KNT-76,Dmr,300.0,body,0,0,3,0.56,47.667,47.667,214.29,178.571,
Knt76,KNT-76,Dmr,300.0,body,0,1,3,0.56,47.667,47.667,214.29,178.571,
Knt76,KNT-76,Dmr,300.0,body,0,2,3,0.56,47.667,47.667,214.29,178.571,
Knt76,KNT-76,Dmr,300.0,body,0,3,3,0.56,47.667,47.667,214.29,178.571,
Knt76,KNT-76,Dmr,300.0,body,1,0,3,0.56,33.367,33.367,214.29,178.571,
Knt76,KNT-76,Dmr,300.0,body,1,1,3,0.56,33.367,33.367,214.29,178.571,
Knt76,KNT-76,Dmr,300.0,body,1,2,3,0.56,33.367,33.367,214.29,178.571,
Knt76,KNT-76,Dmr,300.0,body,1,3,3,0.56,33.367,33.367,214.29,178.571,
Knt76,KNT-76,Dmr,300.0,body,2,0,4,0.84,28.6,28.6,214.29,119.048,
Knt76,KNT-76,Dmr,300.0,body,2,1,4,0.84,28.6,28.6,214.29,119.048,
Knt76,KNT-76,Dmr,300.0,body,2,2,4,0.84,28.6,28.6,214.29,119.048,
Knt76,KNT-76,Dmr,300.0,body,2,3,4,0.84,28.6,28.6,214.29,119.048,
Knt76,KNT-76,Dmr,300.0,body,3,0,5,1.12,21.45,21.45,214.29,89.286,
Knt76,KNT-76,Dmr,300.0,body,3,1,5,1.12,21.45,21.45,214.29,89.286,
Knt76,KNT-76,Dmr,300.0,body,3,2,5,1.12,21.45,21.45,214.29,89.286,
Knt76,KNT-76,Dmr,300.0,body,3,3,5,1.12,21.45,21.45,214.29,89.286,
Knt76,KNT-76,Dmr,300.0,head,0,0,1,0.0,104.867,104.867,214.29,374.524,
Knt76,KNT-76,Dmr,300.0,head,0,1,2,0.28,73.407,73.407,214.29,357.143,
Knt76,KNT-76,Dmr,300.0,head,0,2,2,0.28,62.92,62.92,214.29,357.143,
Knt76,KNT-76,Dmr,300.0,head,0,3,3,0.56,47.19,47.19,214.29,178.571,
Knt76,KNT-76,Dmr,300.0,head,1,0,1,0.0,104.867,104.867,214.29,374.524,
Knt76,KNT-76,Dmr,300.0,head,1,1,2,0.28,73.407,73.407,214.29,357.143,
Knt76,KNT-76,Dmr,300.0,head,1,2,2,0.28,62.92,62.92,214.29,357.143,
Knt76,KNT-76,Dmr,300.0,head,1,3,3,0.56,47.19,47.19,214.29,178.571,
Knt76,KNT-76,Dmr,300.0,head,2,0,1,0.0,104.867,104.867,214.29,374.524,
Knt76,KNT-76,Dmr,300.0,head,2,1,2,0.28,73.407,73.407,214.29,357.143,
Knt76,KNT-76,Dmr,300.0,head,2,2,2,0.28,62.92,62.92,214.29,357.143,
Knt76,KNT-76,Dmr,300.0,head,2,3,3,0.56,47.19,47.19,214.29,178.571,
Knt76,KNT-76,Dmr,300.0,head,3,0,1,0.0,104.867,104.867,214.29,374.524,
Knt76,KNT-76,Dmr,300.0,head,3,1,2,0.28,73.407,73.407,214.29,357.143,
Knt76,KNT-76,Dmr,300.0,head,3,2,2,0.28,62.92,62.92,214.29,357.143,
Knt76,KNT-76,Dmr,300.0,head,3,3,3,0.56,47.19,47.19,214.29,178.571,
Jng90,JNG-90,Sniper,10.0,body,0,0,2,1.4,90.0,90.0,42.86,71.429,
Jng90,JNG-90,Sniper,10.0,body,0,1,2,1.4,90.0,90.0,42.86,71.429,
Jng90,JNG-90,Sniper,10.0,body,0,2,2,1.4,90.0,90.0,42.86,71.429,
Jng90,JNG-90,Sniper,10.0,body,0,3,2,1.4,90.0,90.0,42.86,71.429,
Jng90,JNG-90,Sniper,10.0,body,1,0,2,1.4,63.0,63.0,42.86,71.429,
Jng90,JNG-90,Sniper,10.0,body,1,1,2,1.4,63.0,63.0,42.86,71.429,
Jng90,JNG-90,Sniper,10.0,body,1,2,2,1.4,63.0,63.0,42.86,71.429,
Jng90,JNG-90,Sniper,10.0,body,1,3,2,1.4,63.0,63.0,42.86,71.429,
Jng90,JNG-90,Sniper,10.0,body,2,0,2,1.4,54.0,54.0,42.86,71.429,
Jng90,JNG-90,Sniper,10.0,body,2,1,2,1.4,54.0,54.0,42.86,71.429,
Jng90,JNG-90,Sniper,10.0,body,2,2,2,1.4,54.0,54.0,42.86,71.429,
Jng90,JNG-90,Sniper,10.0,body,2,3,2,1.4,54.0,54.0,42.86,71.429,
Jng90,JNG-90,Sniper,10.0,body,3,0,3,2.8,40.5,40.5,42.86,35.714,
Jng90,JNG-90,Sniper,10.0,body,3,1,3,2.8,40.5,40.5,42.86,35.714,
Jng90,JNG-90,Sniper,10.0,body,3,2,3,2.8,40.5,40.5,42.86,35.714,
Jng90,JNG-90,Sniper,10.0,body,3,3,3,2.8,40.5,40.5,42.86,35.714,
Jng90,JNG-90,Sniper,10.0,head,0,0,1,0.0,225.0,225.0,42.86,160.714,
Jng90,JNG-90,Sniper,10.0,head,0,1,1,0.0,157.5,157.5,42.86,112.5,
Jng90,JNG-90,Sniper,10.0,head,0,2,1,0.0,135.0,135.0,42.86,96.429,
Jng90,JNG-90,Sniper,10.0,head,0,3,1,0.0,101.25,101.25,42.86,72.321,
Jng90,JNG-90,Sniper,10.0,head,1,0,1,0.0,225.0,225.0,42.86,160.714,
Jng90,JNG-90,Sniper,10.0,head,1,1,1,0.0,157.5,157.5,42.86,112.5,
Jng90,JNG-90,Sniper,10.0,head,1,2,1,0.0,135.0,135.0,42.86,96.429,
Jng90,JNG-90,Sniper,10.0,head,1,3,1,0.0,101.25,101.25,42.86,72.321,
Jng90,JNG-90,Sniper,10.0,head,2,0,1,0.0,225.0,225.0,42.86,160.714,
Jng90,JNG-90,Sniper,10.0,head,2,1,1,0.0,157.5,157.5,42.86,112.5,
Jng90,JNG-90,Sniper,10.0,head,2,2,1,0.0,135.0,135.0,42.86,96.429,
Jng90,JNG-90,Sniper,10.0,head,2,3,1,0.0,101.25,101.25,42.86,72.321,
Jng90,JNG-90,Sniper,10.0,head,3,0,1,0.0,225.0,225.0,42.86,160.714,
Jng90,JNG-90,Sniper,10.0,head,3,1,1,0.0,157.5,157.5,42.86,112.5,
Jng90,JNG-90,Sniper,10.0,head,3,2,1,0.0,135.0,135.0,42.86,96.429,
Jng90,JNG-90,Sniper,10.0,head,3,3,1,0.0,101.25,101.25,42.86,72.321,
Jng90,JNG-90,Sniper,50.0,body,0,0,2,1.4,90.0,90.0,42.86,71.429,
Jng90,JNG-90,Sniper,50.0,body,0,1,2,1.4,90.0,90.0,42.86,71.429,
Jng90,JNG-90,Sniper,50.0,body,0,2,2,1.4,90.0,90.0,42.86,71.429,
Jng90,JNG-90,Sniper,50.0,body,0,3,2,1.4,90.0,90.0,42.86,71.429,
Jng90,JNG-90,Sniper,50.0,body,1,0,2,1.4,63.0,63.0,42.86,71.429,
Jng90,JNG-90,Sniper,50.0,body,1,1,2,1.4,63.0,63.0,42.86,71.429,
Jng90,JNG-90,Sniper,50.0,body,1,2,2,1.4,63.0,63.0,42.86,71.429,
Jng90,JNG-90,Sniper,50.0,body,1,3,2,1.4,63.0,63.0,42.86,71.429,
Jng90,JNG-90,Sniper,50.0,body,2,0,2,1.4,54.0,54.0,42.86,71.429,
Jng90,JNG-90,Sniper,50.0,body,2,1,2,1.4,54.0,54.0,42.86,71.429,
Jng90,JNG-90,Sniper,50.0,body,2,2,2,1.4,54.0,54.0,42.86,71.429,
Jng90,JNG-90,Sniper,50.0,body,2,3,2,1.4,54.0,54.0,42.86,71.429,
Jng90,JNG-90,Sniper,50.0,body,3,0,3,2.8,40.5,40.5,42.86,35.714,
Jng90,JNG-90,Sniper,50.0,body,3,1,3,2.8,40.5,40.5,42.86,35.714,
Jng90,JNG-90,Sniper,50.0,body,3,2,3,2.8,40.5,40.5,42.86,35.714,
Jng90,JNG-90,Sniper,50.0,body,3,3,3,2.8,40.5,40.5,42.86,35.714,
Jng90,JNG-90,Sniper,50.0,head,0,0,1,0.0,225.0,225.0,42.86,160.714,
Jng90,JNG-90,Sniper,50.0,head,0,1,1,0.0,157.5,157.5,42.86,112.5,
Jng90,JNG-90,Sniper,50.0,head,0,2,1,0.0,135.0,135.0,42.86,96.429,
Jng90,JNG-90,Sniper,50.0,head,0,3,1,0.0,101.25,101.25,42.86,72.321,
Jng90,JNG-90,Sniper,50.0,head,1,0,1,0.0,225.0,225.0,42.86,160.714,
Jng90,JNG-90,Sniper,50.0,head,1,1,1,0.0,157.5,157.5,42.86,112.5,
Jng90,JNG-90,Sniper,50.0,head,1,2,1,0.0,135.0,135.0,42.86,96.429,
Jng90,JNG-90,Sniper,50.0,head,1,3,1,0.0,101.25,101.25,42.86,72.321,
Jng90,JNG-90,Sniper,50.0,head,2,0,1,0.0,225.0,225.0,42.86,160.714,
Jng90,JNG-90,Sniper,50.0,head,2,1,1,0.0,157.5,157.5,42.86,112.5,
Jng90,JNG-90,Sniper,50.0,head,2,2,1,0.0,135.0,135.0,42.86,96.429,
Jng90,JNG-90,Sniper,50.0,head,2,3,1,0.0,101.25,101.25,42.86,72.321,
Jng90,JNG-90,Sniper,50.0,head,3,0,1,0.0,225.0,225.0,42.86,160.714,
Jng90,JNG-90,Sniper,50.0,head,3,1,1,0.0,157.5,157.5,42.86,112.5,
Jng90,JNG-90,Sniper,50.0,head,3,2,1,0.0,135.0,135.0,42.86,96.429,
Jng90,JNG-90,Sniper,50.0,head,3,3,1,0.0,101.25,101.25,42.86,72.321,
Jng90,JNG-90,Sniper,100.0,body,0,0,2,1.4,90.0,90.0,42.86,71.429,
Jng90,JNG-90,Sniper,100.0,body,0,1,2,1.4,90.0,90.0,42.86,71.429,
Jng90,JNG-90,Sniper,100.0,body,0,2,2,1.4,90.0,90.0,42.86,71.429,
Jng90,JNG-90,Sniper,100.0,body,0,3,2,1.4,90.0,90.0,42.86,71.429,
Jng90,JNG-90,Sniper,100.0,body,1,0,2,1.4,63.0,63.0,42.86,71.429,
Jng90,JNG-90,Sniper,100.0,body,1,1,2,1.4,63.0,63.0,42.86,71.429,
Jng90,JNG-90,Sniper,100.0,body,1,2,2,1.4,63.0,63.0,42.86,71.429,
Jng90,JNG-90,Sniper,100.0,body,1,3,2,1.4,63.0,63.0,42.86,71.429,
Jng90,JNG-90,Sniper,100.0,body,2,0,2,1.4,54.0,54.0,42.86,71.429,
Jng90,JNG-90,Sniper,100.0,body,2,1,2,1.4,54.0,54.0,42.86,71.429,
Jng90,JNG-90,Sniper,100.0,body,2,2,2,1.4,54.0,54.0,42.86,71.429,
Jng90,JNG-90,Sniper,100.0,body,2,3,2,1.4,54.0,54.0,42.86,71.429,
Jng90,JNG-90,Sniper,100.0,body,3,0,3,2.8,40.5,40.5,42.86,35.714,
Jng90,JNG-90,Sniper,100.0,body,3,1,3,2.8,40.5,40.5,42.86,35.714,
Jng90,JNG-90,Sniper,100.0,body,3,2,3,2.8,40.5,40.5,42.86,35.714,
Jng90,JNG-90,Sniper,100.0,body,3,3,3,2.8,40.5,40.5,42.86,35.714,
Jng90,JNG-90,Sniper,100.0,head,0,0,1,0.0,225.0,225.0,42.86,160.714,
Jng90,JNG-90,Sniper,100.0,head,0,1,1,0.0,157.5,157.5,42.86,112.5,
Jng90,JNG-90,Sniper,100.0,head,0,2,1,0.0,135.0,135.0,42.86,96.429,
Jng90,JNG-90,Sniper,100.0,head,0,3,1,0.0,101.25,101.25,42.86,72.321,
Jng90,JNG-90,Sniper,100.0,head,1,0,1,0.0,225.0,225.0,42.86,160.714,
Jng90,JNG-90,Sniper,100.0,head,1,1,1,0.0,157.5,157.5,42.86,112.5,
Jng90,JNG-90,Sniper,100.0,head,1,2,1,0.0,135.0,135.0,42.86,96.429,
Jng90,JNG-90,Sniper,100.0,head,1,3,1,0.0,101.25,101.25,42.86,72.321,
Jng90,JNG-90,Sniper,100.0,head,2,0,1,0.0,225.0,225.0,42.86,160.714,
Jng90,JNG-90,Sniper,100.0,head,2,1,1,0.0,157.5,157.5,42.86,112.5,
Jng90,JNG-90,Sniper,100.0,head,2,2,1,0.0,135.0,135.0,42.86,96.429,
Jng90,JNG-90,Sniper,100.0,head,2,3,1,0.0,101.25,101.25,42.86,72.321,
Jng90,JNG-90,Sniper,100.0,head,3,0,1,0.0,225.0,225.0,42.86,160.714,
Jng90,JNG-90,Sniper,100.0,head,3,1,1,0.0,157.5,157.5,42.86,112.5,
Jng90,JNG-90,Sniper,100.0,head,3,2,1,0.0,135.0,135.0,42.86,96.429,
Jng90,JNG-90,Sniper,100.0,head,3,3,1,0.0,101.25,101.25,42.86,72.321,
Jng90,JNG-90,Sniper,200.0,body,0,0,2,1.4,90.0,90.0,42.86,71.429,
Jng90,JNG-90,Sniper,200.0,body,0,1,2,1.4,90.0,90.0,42.86,71.429,
Jng90,JNG-90,Sniper,200.0,body,0,2,2,1.4,90.0,90.0,42.86,71.429,
Jng90,JNG-90,Sniper,200.0,body,0,3,2,1.4,90.0,90.0,42.86,71.429,
Jng90,JNG-90,Sniper,200.0,body,1,0,2,1.4,63.0,63.0,42.86,71.429,
Jng90,JNG-90,Sniper,200.0,body,1,1,2,1.4,63.0,63.0,42.86,71.429,
Jng90,JNG-90,Sniper,200.0,body,1,2,2,1.4,63.0,63.0,42.86,71.429,
Jng90,JNG-90,Sniper,200.0,body,1,3,2,1.4,63.0,63.0,42.86,71.429,
Jng90,JNG-90,Sniper,200.0,body,2,0,2,1.4,54.0,54.0,42.86,71.429,
Jng90,JNG-90,Sniper,200.0,body,2,1,2,1.4,54.0,54.0,42.86,71.429,
Jng90,JNG-90,Sniper,200.0,body,2,2,2,1.4,54.0,54.0,42.86,71.429,
Jng90,JNG-90,Sniper,200.0,body,2,3,2,1.4,54.0,54.0,42.86,71.429,
Jng90,JNG-90,Sniper,200.0,body,3,0,3,2.8,40.5,40.5,42.86,35.714,
Jng90,JNG-90,Sniper,200.0,body,3,1,3,2.8,40.5,40.5,42.86,35.714,
Jng90,JNG-90,Sniper,200.0,body,3,2,3,2.8,40.5,40.5,42.86,35.714,
Jng90,JNG-90,Sniper,200.0,body,3,3,3,2.8,40.5,40.5,42.86,35.714,
Jng90,JNG-90,Sniper,200.0,head,0,0,1,0.0,225.0,225.0,42.86,160.714,
Jng90,JNG-90,Sniper,200.0,head,0,1,1,0.0,157.5,157.5,42.86,112.5,
Jng90,JNG-90,Sniper,200.0,head,0,2,1,0.0,135.0,135.0,42.86,96.429,
Jng90,JNG-90,Sniper,200.0,head,0,3,1,0.0,101.25,101.25,42.86,72.321,
Jng90,JNG-90,Sniper,200.0,head,1,0,1,0.0,225.0,225.0,42.86,160.714,
Jng90,JNG-90,Sniper,200.0,head,1,1,1,0.0,157.5,157.5,42.86,112.5,
Jng90,JNG-90,Sniper,200.0,head,1,2,1,0.0,135.0,135.0,42.86,96.429,
Jng90,JNG-90,Sniper,200.0,head,1,3,1,0.0,101.25,101.25,42.86,72.321,
Jng90,JNG-90,Sniper,200.0,head,2,0,1,0.0,225.0,225.0,42.86,160.714,
Jng90,JNG-90,Sniper,200.0,head,2,1,1,0.0,157.5,157.5,42.86,112.5,
Jng90,JNG-90,Sniper,200.0,head,2,2,1,0.0,135.0,135.0,42.86,96.429,
Jng90,JNG-90,Sniper,200.0,head,2,3,1,0.0,101.25,101.25,42.86,72.321,
Jng90,JNG-90,Sniper,200.0,head,3,0,1,0.0,225.0,225.0,42.86,160.714,
Jng90,JNG-90,Sniper,200.0,head,3,1,1,0.0,157.5,157.5,42.86,112.5,
Jng90,JNG-90,Sniper,200.0,head,3,2,1,0.0,135.0,135.0,42.86,96.429,
Jng90,JNG-90,Sniper,200.0,head,3,3,1,0.0,101.25,101.25,42.86,72.321,
Jng90,JNG-90,Sniper,300.0,body,0,0,2,1.4,87.0,87.0,42.86,71.429,
Jng90,JNG-90,Sniper,300.0,body,0,1,2,1.4,87.0,87.0,42.86,71.429,
Jng90,JNG-90,Sniper,300.0,body,0,2,2,1.4,87.0,87.0,42.86,71.429,
Jng90,JNG-90,Sniper,300.0,body,0,3,2,1.4,87.0,87.0,42.86,71.429,
Jng90,JNG-90,Sniper,300.0,body,1,0,2,1.4,60.9,60.9,42.86,71.429,
Jng90,JNG-90,Sniper,300.0,body,1,1,2,1.4,60.9,60.9,42.86,71.429,
Jng90,JNG-90,Sniper,300.0,body,1,2,2,1.4,60.9,60.9,42.86,71.429,
Jng90,JNG-90,Sniper,300.0,body,1,3,2,1.4,60.9,60.9,42.86,71.429,
Jng90,JNG-90,Sniper,300.0,body,2,0,2,1.4,52.2,52.2,42.86,71.429,
Jng90,JNG-90,Sniper,300.0,body,2,1,2,1.4,52.2,52.2,42.86,71.429,
Jng90,JNG-90,Sniper,300.0,body,2,2,2,1.4,52.2,52.2,42.86,71.429,
Jng90,JNG-90,Sniper,300.0,body,2,3,2,1.4,52.2,52.2,42.86,71.429,
Jng90,JNG-90,Sniper,300.0,body,3,0,3,2.8,39.15,39.15,42.86,35.714,
Jng90,JNG-90,Sniper,300.0,body,3,1,3,2.8,39.15,39.15,42.86,35.714,
Jng90,JNG-90,Sniper,300.0,body,3,2,3,2.8,39.15,39.15,42.86,35.714,
Jng90,JNG-90,Sniper,300.0,body,3,3,3,2.8,39.15,39.15,42.86,35.714,
Jng90,JNG-90,Sniper,300.0,head,0,0,1,0.0,217.5,217.5,42.86,155.357,
Jng90,JNG-90,Sniper,300.0,head,0,1,1,0.0,152.25,152.25,42.86,108.75,
Jng90,JNG-90,Sniper,300.0,head,0,2,1,0.0,130.5,130.5,42.86,93.214,
Jng90,JNG-90,Sniper,300.0,head,0,3,2,1.4,97.875,97.875,42.86,71.429,
Jng90,JNG-90,Sniper,300.0,head,1,0,1,0.0,217.5,217.5,42.86,155.357,
Jng90,JNG-90,Sniper,300.0,head,1,1,1,0.0,152.25,152.25,42.86,108.75,
Jng90,JNG-90,Sniper,300.0,head,1,2,1,0.0,130.5,130.5,42.86,93.214,
Jng90,JNG-90,Sniper,300.0,head,1,3,2,1.4,97.875,97.875,42.86,71.429,
Jng90,JNG-90,Sniper,300.0,head,2,0,1,0.0,217.5,217.5,42.86,155.357,
Jng90,JNG-90,Sniper,300.0,head,2,1,1,0.0,152.25,152.25,42.86,108.75,
Jng90,JNG-90,Sniper,300.0,head,2,2,1,0.0,130.5,130.5,42.86,93.214,
Jng90,JNG-90,Sniper,300.0,head,2,3,2,1.4,97.875,97.875,42.86,71.429,
Jng90,JNG-90,Sniper,300.0,head,3,0,1,0.0,217.5,217.5,42.86,155.357,
Jng90,JNG-90,Sniper,300.0,head,3,1,1,0.0,152.25,152.25,42.86,108.75,
Jng90,JNG-90,Sniper,300.0,head,3,2,1,0.0,130.5,130.5,42.86,93.214,
Jng90,JNG-90,Sniper,300.0,head,3,3,2,1.4,97.875,97.875,42.86,71.429,
Pmt76,PMT-76,Lmg,10.0,body,0,0,3,0.1846,34.0,34.0,650.0,541.667,
Pmt76,PMT-76,Lmg,10.0,body,0,1,3,0.1846,34.0,34.0,650.0,541.667,
Pmt76,PMT-76,Lmg,10.0,body,0,2,3,0.1846,34.0,34.0,650.0,541.667,
Pmt76,PMT-76,Lmg,10.0,body,0,3,3,0.1846,34.0,34.0,650.0,541.667,
Pmt76,PMT-76,Lmg,10.0,body,1,0,5,0.3692,23.8,23.8,650.0,270.833,
Pmt76,PMT-76,Lmg,10.0,body,1,1,5,0.3692,23.8,23.8,650.0,270.833,
Pmt76,PMT-76,Lmg,10.0,body,1,2,5,0.3692,23.8,23.8,650.0,270.833,
Pmt76,PMT-76,Lmg,10.0,body,1,3,5,0.3692,23.8,23.8,650.0,270.833,
Pmt76,PMT-76,Lmg,10.0,body,2,0,5,0.3692,20.4,20.4,650.0,270.833,
Pmt76,PMT-76,Lmg,10.0,body,2,1,5,0.3692,20.4,20.4,650.0,270.833,
Pmt76,PMT-76,Lmg,10.0,body,2,2,5,0.3692,20.4,20.4,650.0,270.833,
Pmt76,PMT-76,Lmg,10.0,body,2,3,5,0.3692,20.4,20.4,650.0,270.833,
Pmt76,PMT-76,Lmg,10.0,body,3,0,7,0.5538,15.3,15.3,650.0,180.556,
Pmt76,PMT-76,Lmg,10.0,body,3,1,7,0.5538,15.3,15.3,650.0,180.556,
Pmt76,PMT-76,Lmg,10.0,body,3,2,7,0.5538,15.3,15.3,650.0,180.556,
Pmt76,PMT-76,Lmg,10.0,body,3,3,7,0.5538,15.3,15.3,650.0,180.556,
Pmt76,PMT-76,Lmg,10.0,head,0,0,2,0.0923,61.2,61.2,650.0,1083.333,
Pmt76,PMT-76,Lmg,10.0,head,0,1,3,0.1846,42.84,42.84,650.0,541.667,
Pmt76,PMT-76,Lmg,10.0,head,0,2,3,0.1846,36.72,36.72,650.0,541.667,
Pmt76,PMT-76,Lmg,10.0,head,0,3,4,0.2769,27.54,27.54,650.0,361.111,
Pmt76,PMT-76,Lmg,10.0,head,1,0,2,0.0923,61.2,61.2,650.0,1083.333,
Pmt76,PMT-76,Lmg,10.0,head,1,1,3,0.1846,42.84,42.84,650.0,541.667,
Pmt76,PMT-76,Lmg,10.0,head,1,2,3,0.1846,36.72,36.72,650.0,541.667,
Pmt76,PMT-76,Lmg,10.0,head,1,3,4,0.2769,27.54,27.54,650.0,361.111,
Pmt76,PMT-76,Lmg,10.0,head,2,0,2,0.0923,61.2,61.2,650.0,1083.333,
Pmt76,PMT-76,Lmg,10.0,head,2,1,3,0.1846,42.84,42.84,650.0,541.667,
Pmt76,PMT-76,Lmg,10.0,head,2,2,3,0.1846,36.72,36.72,650.0,541.667,
Pmt76,PMT-76,Lmg,10.0,head,2,3,4,0.2769,27.54,27.54,650.0,361.111,
Pmt76,PMT-76,Lmg,10.0,head,3,0,2,0.0923,61.2,61.2,650.0,1083.333,
Pmt76,PMT-76,Lmg,10.0,head,3,1,3,0.1846,42.84,42.84,650.0,541.667,
Pmt76,PMT-76,Lmg,10.0,head,3,2,3,0.1846,36.72,36.72,650.0,541.667,
Pmt76,PMT-76,Lmg,10.0,head,3,3,4,0.2769,27.54,27.54,650.0,361.111,
Pmt76,PMT-76,Lmg,50.0,body,0,0,3,0.1846,34.0,34.0,650.0,541.667,
Pmt76,PMT-76,Lmg,50.0,body,0,1,3,0.1846,34.0,34.0,650.0,541.667,
Pmt76,PMT-76,Lmg,50.0,body,0,2,3,0.1846,34.0,34.0,650.0,541.667,
Pmt76,PMT-76,Lmg,50.0,body,0,3,3,0.1846,34.0,34.0,650.0,541.667,
Pmt76,PMT-76,Lmg,50.0,body,1,0,5,0.3692,23.8,23.8,650.0,270.833,
Pmt76,PMT-76,Lmg,50.0,body,1,1,5,0.3692,23.8,23.8,650.0,270.833,
Pmt76,PMT-76,Lmg,50.0,body,1,2,5,0.3692,23.8,23.8,650.0,270.833,
Pmt76,PMT-76,Lmg,50.0,body,1,3,5,0.3692,23.8,23.8,650.0,270.833,
Pmt76,PMT-76,Lmg,50.0,body,2,0,5,0.3692,20.4,20.4,650.0,270.833,
Pmt76,PMT-76,Lmg,50.0,body,2,1,5,0.3692,20.4,20.4,650.0,270.833,
Pmt76,PMT-76,Lmg,50.0,body,2,2,5,0.3692,20.4,20.4,650.0,270.833,
Pmt76,PMT-76,Lmg,50.0,body,2,3,5,0.3692,20.4,20.4,650.0,270.833,
Pmt76,PMT-76,Lmg,50.0,body,3,0,7,0.5538,15.3,15.3,650.0,180.556,
Pmt76,PMT-76,Lmg,50.0,body,3,1,7,0.5538,15.3,15.3,650.0,180.556,
Pmt76,PMT-76,Lmg,50.0,body,3,2,7,0.5538,15.3,15.3,650.0,180.556,
Pmt76,PMT-76,Lmg,50.0,body,3,3,7,0.5538,15.3,15.3,650.0,180.556,
Pmt76,PMT-76,Lmg,50.0,head,0,0,2,0.0923,61.2,61.2,650.0,1083.333,
Pmt76,PMT-76,Lmg,50.0,head,0,1,3,0.1846,42.84,42.84,650.0,541.667,
Pmt76,PMT-76,Lmg,50.0,head,0,2,3,0.1846,36.72,36.72,650.0,541.667,
Pmt76,PMT-76,Lmg,50.0,head,0,3,4,0.2769,27.54,27.54,650.0,361.111,
Pmt76,PMT-76,Lmg,50.0,head,1,0,2,0.0923,61.2,61.2,650.0,1083.333,
Pmt76,PMT-76,Lmg,50.0,head,1,1,3,0.1846,42.84,42.84,650.0,541.667,
Pmt76,PMT-76,Lmg,50.0,head,1,2,3,0.1846,36.72,36.72,650.0,541.667,
Pmt76,PMT-76,Lmg,50.0,head,1,3,4,0.2769,27.54,27.54,650.0,361.111,
Pmt76,PMT-76,Lmg,50.0,head,2,0,2,0.0923,61.2,61.2,650.0,1083.333,
Pmt76,PMT-76,Lmg,50.0,head,2,1,3,0.1846,42.84,42.84,650.0,541.667,
Pmt76,PMT-76,Lmg,50.0,head,2,2,3,0.1846,36.72,36.72,650.0,541.667,
Pmt76,PMT-76,Lmg,50.0,head,2,3,4,0.2769,27.54,27.54,650.0,361.111,
Pmt76,PMT-76,Lmg,50.0,head,3,0,2,0.0923,61.2,61.2,650.0,1083.333,
Pmt76,PMT-76,Lmg,50.0,head,3,1,3,0.1846,42.84,42.84,650.0,541.667,
Pmt76,PMT-76,Lmg,50.0,head,3,2,3,0.1846,36.72,36.72,650.0,541.667,
Pmt76,PMT-76,Lmg,50.0,head,3,3,4,0.2769,27.54,27.54,650.0,361.111,
Pmt76,PMT-76,Lmg,100.0,body,0,0,3,0.1846,33.671,33.671,650.0,541.667,
Pmt76,PMT-76,Lmg,100.0,body,0,1,3,0.1846,33.671,33.671,650.0,541.667,
Pmt76,PMT-76,Lmg,100.0,body,0,2,3,0.1846,33.671,33.671,650.0,541.667,
Pmt76,PMT-76,Lmg,100.0,body,0,3,3,0.1846,33.671,33.671,650.0,541.667,
Pmt76,PMT-76,Lmg,100.0,body,1,0,5,0.3692,23.57,23.57,650.0,270.833,
Pmt76,PMT-76,Lmg,100.0,body,1,1,5,0.3692,23.57,23.57,650.0,270.833,
Pmt76,PMT-76,Lmg,100.0,body,1,2,5,0.3692,23.57,23.57,650.0,270.833,
Pmt76,PMT-76,Lmg,100.0,body,1,3,5,0.3692,23.57,23.57,650.0,270.833,
Pmt76,PMT-76,Lmg,100.0,body,2,0,5,0.3692,20.203,20.203,650.0,270.833,
Pmt76,PMT-76,Lmg,100.0,body,2,1,5,0.3692,20.203,20.203,650.0,270.833,
Pmt76,PMT-76,Lmg,100.0,body,2,2,5,0.3692,20.203,20.203,650.0,270.833,
Pmt76,PMT-76,Lmg,100.0,body,2,3,5,0.3692,20.203,20.203,650.0,270.833,
Pmt76,PMT-76,Lmg,100.0,body,3,0,7,0.5538,15.152,15.152,650.0,180.556,
Pmt76,PMT-76,Lmg,100.0,body,3,1,7,0.5538,15.152,15.152,650.0,180.556,
Pmt76,PMT-76,Lmg,100.0,body,3,2,7,0.5538,15.152,15.152,650.0,180.556,
Pmt76,PMT-76,Lmg,100.0,body,3,3,7,0.5538,15.152,15.152,650.0,180.556,
Pmt76,PMT-76,Lmg,100.0,head,0,0,2,0.0923,60.608,60.608,650.0,1083.333,
Pmt76,PMT-76,Lmg,100.0,head,0,1,3,0.1846,42.425,42.425,650.0,541.667,
Pmt76,PMT-76,Lmg,100.0,head,0,2,3,0.1846,36.365,36.365,650.0,541.667,
Pmt76,PMT-76,Lmg,100.0,head,0,3,4,0.2769,27.273,27.273,650.0,361.111,
Pmt76,PMT-76,Lmg,100.0,head,1,0,2,0.0923,60.608,60.608,650.0,1083.333,
Pmt76,PMT-76,Lmg,100.0,head,1,1,3,0.1846,42.425,42.425,650.0,541.667,
Pmt76,PMT-76,Lmg,100.0,head,1,2,3,0.1846,36.365,36.365,650.0,541.667,
Pmt76,PMT-76,Lmg,100.0,head,1,3,4,0.2769,27.273,27.273,650.0,361.111,
Pmt76,PMT-76,Lmg,100.0,head,2,0,2,0.0923,60.608,60.608,650.0,1083.333,
Pmt76,PMT-76,Lmg,100.0,head,2,1,3,0.1846,42.425,42.425,650.0,541.667,
Pmt76,PMT-76,Lmg,100.0,head,2,2,3,0.1846,36.365,36.365,650.0,541.667,
Pmt76,PMT-76,Lmg,100.0,head,2,3,4,0.2769,27.273,27.273,650.0,361.111,
Pmt76,PMT-76,Lmg,100.0,head,3,0,2,0.0923,60.608,60.608,650.0,1083.333,
Pmt76,PMT-76,Lmg,100.0,head,3,1,3,0.1846,42.425,42.425,650.0,541.667,
Pmt76,PMT-76,Lmg,100.0,head,3,2,3,0.1846,36.365,36.365,650.0,541.667,
Pmt76,PMT-76,Lmg,100.0,head,3,3,4,0.2769,27.273,27.273,650.0,361.111,
Pmt76,PMT-76,Lmg,200.0,body,0,0,4,0.2769,30.381,30.381,650.0,361.111,
Pmt76,PMT-76,Lmg,200.0,body,0,1,4,0.2769,30.381,30.381,650.0,361.111,
Pmt76,PMT-76,Lmg,200.0,body,0,2,4,0.2769,30.381,30.381,650.0,361.111,
Pmt76,PMT-76,Lmg,200.0,body,0,3,4,0.2769,30.381,30.381,650.0,361.111,
Pmt76,PMT-76,Lmg,200.0,body,1,0,5,0.3692,21.266,21.266,650.0,270.833,
Pmt76,PMT-76,Lmg,200.0,body,1,1,5,0.3692,21.266,21.266,650.0,270.833,
Pmt76,PMT-76,Lmg,200.0,body,1,2,5,0.3692,21.266,21.266,650.0,270.833,
Pmt76,PMT-76,Lmg,200.0,body,1,3,5,0.3692,21.266,21.266,650.0,270.833,
Pmt76,PMT-76,Lmg,200.0,body,2,0,6,0.4615,18.228,18.228,650.0,216.667,
Pmt76,PMT-76,Lmg,200.0,body,2,1,6,0.4615,18.228,18.228,650.0,216.667,
Pmt76,PMT-76,Lmg,200.0,body,2,2,6,0.4615,18.228,18.228,650.0,216.667,
Pmt76,PMT-76,Lmg,200.0,body,2,3,6,0.4615,18.228,18.228,650.0,216.667,
Pmt76,PMT-76,Lmg,200.0,body,3,0,8,0.6462,13.671,13.671,650.0,154.762,
Pmt76,PMT-76,Lmg,200.0,body,3,1,8,0.6462,13.671,13.671,650.0,154.762,
Pmt76,PMT-76,Lmg,200.0,body,3,2,8,0.6462,13.671,13.671,650.0,154.762,
Pmt76,PMT-76,Lmg,200.0,body,3,3,8,0.6462,13.671,13.671,650.0,154.762,
Pmt76,PMT-76,Lmg,200.0,head,0,0,2,0.0923,54.685,54.685,650.0,1083.333,
Pmt76,PMT-76,Lmg,200.0,head,0,1,3,0.1846,38.28,38.28,650.0,541.667,
Pmt76,PMT-76,Lmg,200.0,head,0,2,4,0.2769,32.811,32.811,650.0,361.111,
Pmt76,PMT-76,Lmg,200.0,head,0,3,5,0.3692,24.608,24.608,650.0,270.833,
Pmt76,PMT-76,Lmg,200.0,head,1,0,2,0.0923,54.685,54.685,650.0,1083.333,
Pmt76,PMT-76,Lmg,200.0,head,1,1,3,0.1846,38.28,38.28,650.0,541.667,
Pmt76,PMT-76,Lmg,200.0,head,1,2,4,0.2769,32.811,32.811,650.0,361.111,
Pmt76,PMT-76,Lmg,200.0,head,1,3,5,0.3692,24.608,24.608,650.0,270.833,
Pmt76,PMT-76,Lmg,200.0,head,2,0,2,0.0923,54.685,54.685,650.0,1083.333,
Pmt76,PMT-76,Lmg,200.0,head,2,1,3,0.1846,38.28,38.28,650.0,541.667,
Pmt76,PMT-76,Lmg,200.0,head,2,2,4,0.2769,32.811,32.811,650.0,361.111,
Pmt76,PMT-76,Lmg,200.0,head,2,3,5,0.3692,24.608,24.608,650.0,270.833,
Pmt76,PMT-76,Lmg,200.0,head,3,0,2,0.0923,54.685,54.685,650.0,1083.333,
Pmt76,PMT-76,Lmg,200.0,head,3,1,3,0.1846,38.28,38.28,650.0,541.667,
Pmt76,PMT-76,Lmg,200.0,head,3,2,4,0.2769,32.811,32.811,650.0,361.111,
Pmt76,PMT-76,Lmg,200.0,head,3,3,5,0.3692,24.608,24.608,650.0,270.833,
Pmt76,PMT-76,Lmg,300.0,body,0,0,4,0.2769,27.09,27.09,650.0,361.111,
Pmt76,PMT-76,Lmg,300.0,body,0,1,4,0.2769,27.09,27.09,650.0,361.111,
Pmt76,PMT-76,Lmg,300.0,body,0,2,4,0.2769,27.09,27.09,650.0,361.111,
Pmt76,PMT-76,Lmg,300.0,body,0,3,4,0.2769,27.09,27.09,650.0,361.111,
Pmt76,PMT-76,Lmg,300.0,body,1,0,6,0.4615,18.963,18.963,650.0,216.667,
Pmt76,PMT-76,Lmg,300.0,body,1,1,6,0.4615,18.963,18.963,650.0,216.667,
Pmt76,PMT-76,Lmg,300.0,body,1,2,6,0.4615,18.963,18.963,650.0,216.667,
Pmt76,PMT-76,Lmg,300.0,body,1,3,6,0.4615,18.963,18.963,650.0,216.667,
Pmt76,PMT-76,Lmg,300.0,body,2,0,7,0.5538,16.254,16.254,650.0,180.556,
Pmt76,PMT-76,Lmg,300.0,body,2,1,7,0.5538,16.254,16.254,650.0,180.556,
Pmt76,PMT-76,Lmg,300.0,body,2,2,7,0.5538,16.254,16.254,650.0,180.556,
Pmt76,PMT-76,Lmg,300.0,body,2,3,7,0.5538,16.254,16.254,650.0,180.556,
Pmt76,PMT-76,Lmg,300.0,body,3,0,9,0.7385,12.191,12.191,650.0,135.417,
Pmt76,PMT-76,Lmg,300.0,body,3,1,9,0.7385,12.191,12.191,650.0,135.417,
Pmt76,PMT-76,Lmg,300.0,body,3,2,9,0.7385,12.191,12.191,650.0,135.417,
Pmt76,PMT-76,Lmg,300.0,body,3,3,9,0.7385,12.191,12.191,650.0,135.417,
Pmt76,PMT-76,Lmg,300.0,head,0,0,3,0.1846,48.763,48.763,650.0,541.667,
Pmt76,PMT-76,Lmg,300.0,head,0,1,3,0.1846,34.134,34.134,650.0,541.667,
Pmt76,PMT-76,Lmg,300.0,head,0,2,4,0.2769,29.258,29.258,650.0,361.111,
Pmt76,PMT-76,Lmg,300.0,head,0,3,5,0.3692,21.943,21.943,650.0,270.833,
Pmt76,PMT-76,Lmg,300.0,head,1,0,3,0.1846,48.763,48.763,650.0,541.667,
Pmt76,PMT-76,Lmg,300.0,head,1,1,3,0.1846,34.134,34.134,650.0,541.667,
Pmt76,PMT-76,Lmg,300.0,head,1,2,4,0.2769,29.258,29.258,650.0,361.111,
Pmt76,PMT-76,Lmg,300.0,head,1,3,5,0.3692,21.943,21.943,650.0,270.833,
Pmt76,PMT-76,Lmg,300.0,head,2,0,3,0.1846,48.763,48.763,650.0,541.667,
Pmt76,PMT-76,Lmg,300.0,head,2,1,3,0.1846,34.134,34.134,650.0,541.667,
Pmt76,PMT-76,Lmg,300.0,head,2,2,4,0.2769,29.258,29.258,650.0,361.111,
Pmt76,PMT-76,Lmg,300.0,head,2,3,5,0.3692,21.943,21.943,650.0,270.833,
Pmt76,PMT-76,Lmg,300.0,head,3,0,3,0.1846,48.763,48.763,650.0,541.667,
Pmt76,PMT-76,Lmg,300.0,head,3,1,3,0.1846,34.134,34.134,650.0,541.667,
Pmt76,PMT-76,Lmg,300.0,head,3,2,4,0.2769,29.258,29.258,650.0,361.111,
Pmt76,PMT-76,Lmg,300.0,head,3,3,5,0.3692,21.943,21.943,650.0,270.833,
Escort,Escort,Shotgun,10.0,body,0,0,1,0.0,171.0,171.0,70.59,201.176,saçma=9 (tam isabet varsayımı)
Escort,Escort,Shotgun,10.0,body,0,1,1,0.0,171.0,171.0,70.59,201.176,saçma=9 (tam isabet varsayımı)
Escort,Escort,Shotgun,10.0,body,0,2,1,0.0,171.0,171.0,70.59,201.176,saçma=9 (tam isabet varsayımı)
Escort,Escort,Shotgun,10.0,body,0,3,1,0.0,171.0,171.0,70.59,201.176,saçma=9 (tam isabet varsayımı)
Escort,Escort,Shotgun,10.0,body,1,0,1,0.0,119.7,119.7,70.59,140.824,saçma=9 (tam isabet varsayımı)
Escort,Escort,Shotgun,10.0,body,1,1,1,0.0,119.7,119.7,70.59,140.824,saçma=9 (tam isabet varsayımı)
Escort,Escort,Shotgun,10.0,body,1,2,1,0.0,119.7,119.7,70.59,140.824,saçma=9 (tam isabet varsayımı)
Escort,Escort,Shotgun,10.0,body,1,3,1,0.0,119.7,119.7,70.59,140.824,saçma=9 (tam isabet varsayımı)
Escort,Escort,Shotgun,10.0,body,2,0,1,0.0,102.6,102.6,70.59,120.706,saçma=9 (tam isabet varsayımı)
Escort,Escort,Shotgun,10.0,body,2,1,1,0.0,102.6,102.6,70.59,120.706,saçma=9 (tam isabet varsayımı)
Escort,Escort,Shotgun,10.0,body,2,2,1,0.0,102.6,102.6,70.59,120.706,saçma=9 (tam isabet varsayımı)
Escort,Escort,Shotgun,10.0,body,2,3,1,0.0,102.6,102.6,70.59,120.706,saçma=9 (tam isabet varsayımı)
Escort,Escort,Shotgun,10.0,body,3,0,2,0.85,76.95,76.95,70.59,117.647,saçma=9 (tam isabet varsayımı)
Escort,Escort,Shotgun,10.0,body,3,1,2,0.85,76.95,76.95,70.59,117.647,saçma=9 (tam isabet varsayımı)
Escort,Escort,Shotgun,10.0,body,3,2,2,0.85,76.95,76.95,70.59,117.647,saçma=9 (tam isabet varsayımı)
Escort,Escort,Shotgun,10.0,body,3,3,2,0.85,76.95,76.95,70.59,117.647,saçma=9 (tam isabet varsayımı)
Escort,Escort,Shotgun,10.0,head,0,0,1,0.0,256.5,256.5,70.59,301.765,saçma=9 (tam isabet varsayımı)
Escort,Escort,Shotgun,10.0,head,0,1,1,0.0,179.55,179.55,70.59,211.235,saçma=9 (tam isabet varsayımı)
Escort,Escort,Shotgun,10.0,head,0,2,1,0.0,153.9,153.9,70.59,181.059,saçma=9 (tam isabet varsayımı)
Escort,Escort,Shotgun,10.0,head,0,3,1,0.0,115.425,115.425,70.59,135.794,saçma=9 (tam isabet varsayımı)
Escort,Escort,Shotgun,10.0,head,1,0,1,0.0,256.5,256.5,70.59,301.765,saçma=9 (tam isabet varsayımı)
Escort,Escort,Shotgun,10.0,head,1,1,1,0.0,179.55,179.55,70.59,211.235,saçma=9 (tam isabet varsayımı)
Escort,Escort,Shotgun,10.0,head,1,2,1,0.0,153.9,153.9,70.59,181.059,saçma=9 (tam isabet varsayımı)
Escort,Escort,Shotgun,10.0,head,1,3,1,0.0,115.425,115.425,70.59,135.794,saçma=9 (tam isabet varsayımı)
Escort,Escort,Shotgun,10.0,head,2,0,1,0.0,256.5,256.5,70.59,301.765,saçma=9 (tam isabet varsayımı)
Escort,Escort,Shotgun,10.0,head,2,1,1,0.0,179.55,179.55,70.59,211.235,saçma=9 (tam isabet varsayımı)
Escort,Escort,Shotgun,10.0,head,2,2,1,0.0,153.9,153.9,70.59,181.059,saçma=9 (tam isabet varsayımı)
Escort,Escort,Shotgun,10.0,head,2,3,1,0.0,115.425,115.425,70.59,135.794,saçma=9 (tam isabet varsayımı)
Escort,Escort,Shotgun,10.0,head,3,0,1,0.0,256.5,256.5,70.59,301.765,saçma=9 (tam isabet varsayımı)
Escort,Escort,Shotgun,10.0,head,3,1,1,0.0,179.55,179.55,70.59,211.235,saçma=9 (tam isabet varsayımı)
Escort,Escort,Shotgun,10.0,head,3,2,1,0.0,153.9,153.9,70.59,181.059,saçma=9 (tam isabet varsayımı)
Escort,Escort,Shotgun,10.0,head,3,3,1,0.0,115.425,115.425,70.59,135.794,saçma=9 (tam isabet varsayımı)
Escort,Escort,Shotgun,50.0,body,0,0,3,1.7,36.0,36.0,70.59,58.824,saçma=9 (tam isabet varsayımı)
Escort,Escort,Shotgun,50.0,body,0,1,3,1.7,36.0,36.0,70.59,58.824,saçma=9 (tam isabet varsayımı)
Escort,Escort,Shotgun,50.0,body,0,2,3,1.7,36.0,36.0,70.59,58.824,saçma=9 (tam isabet varsayımı)
Escort,Escort,Shotgun,50.0,body,0,3,3,1.7,36.0,36.0,70.59,58.824,saçma=9 (tam isabet varsayımı)
Escort,Escort,Shotgun,50.0,body,1,0,4,2.55,25.2,25.2,70.59,39.216,saçma=9 (tam isabet varsayımı)
Escort,Escort,Shotgun,50.0,body,1,1,4,2.55,25.2,25.2,70.59,39.216,saçma=9 (tam isabet varsayımı)
Escort,Escort,Shotgun,50.0,body,1,2,4,2.55,25.2,25.2,70.59,39.216,saçma=9 (tam isabet varsayımı)
Escort,Escort,Shotgun,50.0,body,1,3,4,2.55,25.2,25.2,70.59,39.216,saçma=9 (tam isabet varsayımı)
Escort,Escort,Shotgun,50.0,body,2,0,5,3.4,21.6,21.6,70.59,29.412,saçma=9 (tam isabet varsayımı)
Escort,Escort,Shotgun,50.0,body,2,1,5,3.4,21.6,21.6,70.59,29.412,saçma=9 (tam isabet varsayımı)
Escort,Escort,Shotgun,50.0,body,2,2,5,3.4,21.6,21.6,70.59,29.412,saçma=9 (tam isabet varsayımı)
Escort,Escort,Shotgun,50.0,body,2,3,5,3.4,21.6,21.6,70.59,29.412,saçma=9 (tam isabet varsayımı)
Escort,Escort,Shotgun,50.0,body,3,0,7,5.1,16.2,16.2,70.59,19.608,saçma=9 (tam isabet varsayımı)
Escort,Escort,Shotgun,50.0,body,3,1,7,5.1,16.2,16.2,70.59,19.608,saçma=9 (tam isabet varsayımı)
Escort,Escort,Shotgun,50.0,body,3,2,7,5.1,16.2,16.2,70.59,19.608,saçma=9 (tam isabet varsayımı)
Escort,Escort,Shotgun,50.0,body,3,3,7,5.1,16.2,16.2,70.59,19.608,saçma=9 (tam isabet varsayımı)
Escort,Escort,Shotgun,50.0,head,0,0,2,0.85,54.0,54.0,70.59,117.647,saçma=9 (tam isabet varsayımı)
Escort,Escort,Shotgun,50.0,head,0,1,3,1.7,37.8,37.8,70.59,58.824,saçma=9 (tam isabet varsayımı)
Escort,Escort,Shotgun,50.0,head,0,2,4,2.55,32.4,32.4,70.59,39.216,saçma=9 (tam isabet varsayımı)
Escort,Escort,Shotgun,50.0,head,0,3,5,3.4,24.3,24.3,70.59,29.412,saçma=9 (tam isabet varsayımı)
Escort,Escort,Shotgun,50.0,head,1,0,2,0.85,54.0,54.0,70.59,117.647,saçma=9 (tam isabet varsayımı)
Escort,Escort,Shotgun,50.0,head,1,1,3,1.7,37.8,37.8,70.59,58.824,saçma=9 (tam isabet varsayımı)
Escort,Escort,Shotgun,50.0,head,1,2,4,2.55,32.4,32.4,70.59,39.216,saçma=9 (tam isabet varsayımı)
Escort,Escort,Shotgun,50.0,head,1,3,5,3.4,24.3,24.3,70.59,29.412,saçma=9 (tam isabet varsayımı)
Escort,Escort,Shotgun,50.0,head,2,0,2,0.85,54.0,54.0,70.59,117.647,saçma=9 (tam isabet varsayımı)
Escort,Escort,Shotgun,50.0,head,2,1,3,1.7,37.8,37.8,70.59,58.824,saçma=9 (tam isabet varsayımı)
Escort,Escort,Shotgun,50.0,head,2,2,4,2.55,32.4,32.4,70.59,39.216,saçma=9 (tam isabet varsayımı)
Escort,Escort,Shotgun,50.0,head,2,3,5,3.4,24.3,24.3,70.59,29.412,saçma=9 (tam isabet varsayımı)
Escort,Escort,Shotgun,50.0,head,3,0,2,0.85,54.0,54.0,70.59,117.647,saçma=9 (tam isabet varsayımı)
Escort,Escort,Shotgun,50.0,head,3,1,3,1.7,37.8,37.8,70.59,58.824,saçma=9 (tam isabet varsayımı)
Escort,Escort,Shotgun,50.0,head,3,2,4,2.55,32.4,32.4,70.59,39.216,saçma=9 (tam isabet varsayımı)
Escort,Escort,Shotgun,50.0,head,3,3,5,3.4,24.3,24.3,70.59,29.412,saçma=9 (tam isabet varsayımı)
Escort,Escort,Shotgun,100.0,body,0,0,3,1.7,36.0,36.0,70.59,58.824,saçma=9 (tam isabet varsayımı)
Escort,Escort,Shotgun,100.0,body,0,1,3,1.7,36.0,36.0,70.59,58.824,saçma=9 (tam isabet varsayımı)
Escort,Escort,Shotgun,100.0,body,0,2,3,1.7,36.0,36.0,70.59,58.824,saçma=9 (tam isabet varsayımı)
Escort,Escort,Shotgun,100.0,body,0,3,3,1.7,36.0,36.0,70.59,58.824,saçma=9 (tam isabet varsayımı)
Escort,Escort,Shotgun,100.0,body,1,0,4,2.55,25.2,25.2,70.59,39.216,saçma=9 (tam isabet varsayımı)
Escort,Escort,Shotgun,100.0,body,1,1,4,2.55,25.2,25.2,70.59,39.216,saçma=9 (tam isabet varsayımı)
Escort,Escort,Shotgun,100.0,body,1,2,4,2.55,25.2,25.2,70.59,39.216,saçma=9 (tam isabet varsayımı)
Escort,Escort,Shotgun,100.0,body,1,3,4,2.55,25.2,25.2,70.59,39.216,saçma=9 (tam isabet varsayımı)
Escort,Escort,Shotgun,100.0,body,2,0,5,3.4,21.6,21.6,70.59,29.412,saçma=9 (tam isabet varsayımı)
Escort,Escort,Shotgun,100.0,body,2,1,5,3.4,21.6,21.6,70.59,29.412,saçma=9 (tam isabet varsayımı)
Escort,Escort,Shotgun,100.0,body,2,2,5,3.4,21.6,21.6,70.59,29.412,saçma=9 (tam isabet varsayımı)
Escort,Escort,Shotgun,100.0,body,2,3,5,3.4,21.6,21.6,70.59,29.412,saçma=9 (tam isabet varsayımı)
Escort,Escort,Shotgun,100.0,body,3,0,7,5.1,16.2,16.2,70.59,19.608,saçma=9 (tam isabet varsayımı)
Escort,Escort,Shotgun,100.0,body,3,1,7,5.1,16.2,16.2,70.59,19.608,saçma=9 (tam isabet varsayımı)
Escort,Escort,Shotgun,100.0,body,3,2,7,5.1,16.2,16.2,70.59,19.608,saçma=9 (tam isabet varsayımı)
Escort,Escort,Shotgun,100.0,body,3,3,7,5.1,16.2,16.2,70.59,19.608,saçma=9 (tam isabet varsayımı)
Escort,Escort,Shotgun,100.0,head,0,0,2,0.85,54.0,54.0,70.59,117.647,saçma=9 (tam isabet varsayımı)
Escort,Escort,Shotgun,100.0,head,0,1,3,1.7,37.8,37.8,70.59,58.824,saçma=9 (tam isabet varsayımı)
Escort,Escort,Shotgun,100.0,head,0,2,4,2.55,32.4,32.4,70.59,39.216,saçma=9 (tam isabet varsayımı)
Escort,Escort,Shotgun,100.0,head,0,3,5,3.4,24.3,24.3,70.59,29.412,saçma=9 (tam isabet varsayımı)
Escort,Escort,Shotgun,100.0,head,1,0,2,0.85,54.0,54.0,70.59,117.647,saçma=9 (tam isabet varsayımı)
Escort,Escort,Shotgun,100.0,head,1,1,3,1.7,37.8,37.8,70.59,58.824,saçma=9 (tam isabet varsayımı)
Escort,Escort,Shotgun,100.0,head,1,2,4,2.55,32.4,32.4,70.59,39.216,saçma=9 (tam isabet varsayımı)
Escort,Escort,Shotgun,100.0,head,1,3,5,3.4,24.3,24.3,70.59,29.412,saçma=9 (tam isabet varsayımı)
Escort,Escort,Shotgun,100.0,head,2,0,2,0.85,54.0,54.0,70.59,117.647,saçma=9 (tam isabet varsayımı)
Escort,Escort,Shotgun,100.0,head,2,1,3,1.7,37.8,37.8,70.59,58.824,saçma=9 (tam isabet varsayımı)
Escort,Escort,Shotgun,100.0,head,2,2,4,2.55,32.4,32.4,70.59,39.216,saçma=9 (tam isabet varsayımı)
Escort,Escort,Shotgun,100.0,head,2,3,5,3.4,24.3,24.3,70.59,29.412,saçma=9 (tam isabet varsayımı)
Escort,Escort,Shotgun,100.0,head,3,0,2,0.85,54.0,54.0,70.59,117.647,saçma=9 (tam isabet varsayımı)
Escort,Escort,Shotgun,100.0,head,3,1,3,1.7,37.8,37.8,70.59,58.824,saçma=9 (tam isabet varsayımı)
Escort,Escort,Shotgun,100.0,head,3,2,4,2.55,32.4,32.4,70.59,39.216,saçma=9 (tam isabet varsayımı)
Escort,Escort,Shotgun,100.0,head,3,3,5,3.4,24.3,24.3,70.59,29.412,saçma=9 (tam isabet varsayımı)
Escort,Escort,Shotgun,200.0,body,0,0,3,1.7,36.0,36.0,70.59,58.824,saçma=9 (tam isabet varsayımı)
Escort,Escort,Shotgun,200.0,body,0,1,3,1.7,36.0,36.0,70.59,58.824,saçma=9 (tam isabet varsayımı)
Escort,Escort,Shotgun,200.0,body,0,2,3,1.7,36.0,36.0,70.59,58.824,saçma=9 (tam isabet varsayımı)
Escort,Escort,Shotgun,200.0,body,0,3,3,1.7,36.0,36.0,70.59,58.824,saçma=9 (tam isabet varsayımı)
Escort,Escort,Shotgun,200.0,body,1,0,4,2.55,25.2,25.2,70.59,39.216,saçma=9 (tam isabet varsayımı)
Escort,Escort,Shotgun,200.0,body,1,1,4,2.55,25.2,25.2,70.59,39.216,saçma=9 (tam isabet varsayımı)
Escort,Escort,Shotgun,200.0,body,1,2,4,2.55,25.2,25.2,70.59,39.216,saçma=9 (tam isabet varsayımı)
Escort,Escort,Shotgun,200.0,body,1,3,4,2.55,25.2,25.2,70.59,39.216,saçma=9 (tam isabet varsayımı)
Escort,Escort,Shotgun,200.0,body,2,0,5,3.4,21.6,21.6,70.59,29.412,saçma=9 (tam isabet varsayımı)
Escort,Escort,Shotgun,200.0,body,2,1,5,3.4,21.6,21.6,70.59,29.412,saçma=9 (tam isabet varsayımı)
Escort,Escort,Shotgun,200.0,body,2,2,5,3.4,21.6,21.6,70.59,29.412,saçma=9 (tam isabet varsayımı)
Escort,Escort,Shotgun,200.0,body,2,3,5,3.4,21.6,21.6,70.59,29.412,saçma=9 (tam isabet varsayımı)
Escort,Escort,Shotgun,200.0,body,3,0,7,5.1,16.2,16.2,70.59,19.608,saçma=9 (tam isabet varsayımı)
Escort,Escort,Shotgun,200.0,body,3,1,7,5.1,16.2,16.2,70.59,19.608,saçma=9 (tam isabet varsayımı)
Escort,Escort,Shotgun,200.0,body,3,2,7,5.1,16.2,16.2,70.59,19.608,saçma=9 (tam isabet varsayımı)
Escort,Escort,Shotgun,200.0,body,3,3,7,5.1,16.2,16.2,70.59,19.608,saçma=9 (tam isabet varsayımı)
Escort,Escort,Shotgun,200.0,head,0,0,2,0.85,54.0,54.0,70.59,117.647,saçma=9 (tam isabet varsayımı)
Escort,Escort,Shotgun,200.0,head,0,1,3,1.7,37.8,37.8,70.59,58.824,saçma=9 (tam isabet varsayımı)
Escort,Escort,Shotgun,200.0,head,0,2,4,2.55,32.4,32.4,70.59,39.216,saçma=9 (tam isabet varsayımı)
Escort,Escort,Shotgun,200.0,head,0,3,5,3.4,24.3,24.3,70.59,29.412,saçma=9 (tam isabet varsayımı)
Escort,Escort,Shotgun,200.0,head,1,0,2,0.85,54.0,54.0,70.59,117.647,saçma=9 (tam isabet varsayımı)
Escort,Escort,Shotgun,200.0,head,1,1,3,1.7,37.8,37.8,70.59,58.824,saçma=9 (tam isabet varsayımı)
Escort,Escort,Shotgun,200.0,head,1,2,4,2.55,32.4,32.4,70.59,39.216,saçma=9 (tam isabet varsayımı)
Escort,Escort,Shotgun,200.0,head,1,3,5,3.4,24.3,24.3,70.59,29.412,saçma=9 (tam isabet varsayımı)
Escort,Escort,Shotgun,200.0,head,2,0,2,0.85,54.0,54.0,70.59,117.647,saçma=9 (tam isabet varsayımı)
Escort,Escort,Shotgun,200.0,head,2,1,3,1.7,37.8,37.8,70.59,58.824,saçma=9 (tam isabet varsayımı)
Escort,Escort,Shotgun,200.0,head,2,2,4,2.55,32.4,32.4,70.59,39.216,saçma=9 (tam isabet varsayımı)
Escort,Escort,Shotgun,200.0,head,2,3,5,3.4,24.3,24.3,70.59,29.412,saçma=9 (tam isabet varsayımı)
Escort,Escort,Shotgun,200.0,head,3,0,2,0.85,54.0,54.0,70.59,117.647,saçma=9 (tam isabet varsayımı)
Escort,Escort,Shotgun,200.0,head,3,1,3,1.7,37.8,37.8,70.59,58.824,saçma=9 (tam isabet varsayımı)
Escort,Escort,Shotgun,200.0,head,3,2,4,2.55,32.4,32.4,70.59,39.216,saçma=9 (tam isabet varsayımı)
Escort,Escort,Shotgun,200.0,head,3,3,5,3.4,24.3,24.3,70.59,29.412,saçma=9 (tam isabet varsayımı)
Escort,Escort,Shotgun,300.0,body,0,0,3,1.7,36.0,36.0,70.59,58.824,saçma=9 (tam isabet varsayımı)
Escort,Escort,Shotgun,300.0,body,0,1,3,1.7,36.0,36.0,70.59,58.824,saçma=9 (tam isabet varsayımı)
Escort,Escort,Shotgun,300.0,body,0,2,3,1.7,36.0,36.0,70.59,58.824,saçma=9 (tam isabet varsayımı)
Escort,Escort,Shotgun,300.0,body,0,3,3,1.7,36.0,36.0,70.59,58.824,saçma=9 (tam isabet varsayımı)
Escort,Escort,Shotgun,300.0,body,1,0,4,2.55,25.2,25.2,70.59,39.216,saçma=9 (tam isabet varsayımı)
Escort,Escort,Shotgun,300.0,body,1,1,4,2.55,25.2,25.2,70.59,39.216,saçma=9 (tam isabet varsayımı)
Escort,Escort,Shotgun,300.0,body,1,2,4,2.55,25.2,25.2,70.59,39.216,saçma=9 (tam isabet varsayımı)
Escort,Escort,Shotgun,300.0,body,1,3,4,2.55,25.2,25.2,70.59,39.216,saçma=9 (tam isabet varsayımı)
Escort,Escort,Shotgun,300.0,body,2,0,5,3.4,21.6,21.6,70.59,29.412,saçma=9 (tam isabet varsayımı)
Escort,Escort,Shotgun,300.0,body,2,1,5,3.4,21.6,21.6,70.59,29.412,saçma=9 (tam isabet varsayımı)
Escort,Escort,Shotgun,300.0,body,2,2,5,3.4,21.6,21.6,70.59,29.412,saçma=9 (tam isabet varsayımı)
Escort,Escort,Shotgun,300.0,body,2,3,5,3.4,21.6,21.6,70.59,29.412,saçma=9 (tam isabet varsayımı)
Escort,Escort,Shotgun,300.0,body,3,0,7,5.1,16.2,16.2,70.59,19.608,saçma=9 (tam isabet varsayımı)
Escort,Escort,Shotgun,300.0,body,3,1,7,5.1,16.2,16.2,70.59,19.608,saçma=9 (tam isabet varsayımı)
Escort,Escort,Shotgun,300.0,body,3,2,7,5.1,16.2,16.2,70.59,19.608,saçma=9 (tam isabet varsayımı)
Escort,Escort,Shotgun,300.0,body,3,3,7,5.1,16.2,16.2,70.59,19.608,saçma=9 (tam isabet varsayımı)
Escort,Escort,Shotgun,300.0,head,0,0,2,0.85,54.0,54.0,70.59,117.647,saçma=9 (tam isabet varsayımı)
Escort,Escort,Shotgun,300.0,head,0,1,3,1.7,37.8,37.8,70.59,58.824,saçma=9 (tam isabet varsayımı)
Escort,Escort,Shotgun,300.0,head,0,2,4,2.55,32.4,32.4,70.59,39.216,saçma=9 (tam isabet varsayımı)
Escort,Escort,Shotgun,300.0,head,0,3,5,3.4,24.3,24.3,70.59,29.412,saçma=9 (tam isabet varsayımı)
Escort,Escort,Shotgun,300.0,head,1,0,2,0.85,54.0,54.0,70.59,117.647,saçma=9 (tam isabet varsayımı)
Escort,Escort,Shotgun,300.0,head,1,1,3,1.7,37.8,37.8,70.59,58.824,saçma=9 (tam isabet varsayımı)
Escort,Escort,Shotgun,300.0,head,1,2,4,2.55,32.4,32.4,70.59,39.216,saçma=9 (tam isabet varsayımı)
Escort,Escort,Shotgun,300.0,head,1,3,5,3.4,24.3,24.3,70.59,29.412,saçma=9 (tam isabet varsayımı)
Escort,Escort,Shotgun,300.0,head,2,0,2,0.85,54.0,54.0,70.59,117.647,saçma=9 (tam isabet varsayımı)
Escort,Escort,Shotgun,300.0,head,2,1,3,1.7,37.8,37.8,70.59,58.824,saçma=9 (tam isabet varsayımı)
Escort,Escort,Shotgun,300.0,head,2,2,4,2.55,32.4,32.4,70.59,39.216,saçma=9 (tam isabet varsayımı)
Escort,Escort,Shotgun,300.0,head,2,3,5,3.4,24.3,24.3,70.59,29.412,saçma=9 (tam isabet varsayımı)
Escort,Escort,Shotgun,300.0,head,3,0,2,0.85,54.0,54.0,70.59,117.647,saçma=9 (tam isabet varsayımı)
Escort,Escort,Shotgun,300.0,head,3,1,3,1.7,37.8,37.8,70.59,58.824,saçma=9 (tam isabet varsayımı)
Escort,Escort,Shotgun,300.0,head,3,2,4,2.55,32.4,32.4,70.59,39.216,saçma=9 (tam isabet varsayımı)
Escort,Escort,Shotgun,300.0,head,3,3,5,3.4,24.3,24.3,70.59,29.412,saçma=9 (tam isabet varsayımı)
