mtllib MeteSft.mtl
o Body
v 0.01249282 -0.005492821 -0.009492822
v 0.01264853 -0.005648528 -0.0088
v 0.013 -0.0048 -0.0088
v 0.01264853 -0.0048 -0.009648524
v 0.01264853 -0.0048 -0.009648524
v 0.013 -0.0048 -0.0088
v 0.013 0.0128 -0.0088
v 0.01264853 0.0128 -0.009648524
v 0.01264853 0.0128 -0.009648524
v 0.013 0.0128 -0.0088
v 0.01264853 0.01364853 -0.0088
v 0.01249282 0.01349282 -0.009492822
v 0.01264853 -0.005648528 -0.0088
v 0.01264853 -0.005648528 0.1188
v 0.013 -0.0048 0.1188
v 0.013 -0.0048 -0.0088
v 0.013 -0.0048 -0.0088
v 0.013 -0.0048 0.1188
v 0.013 0.0128 0.1188
v 0.013 0.0128 -0.0088
v 0.013 0.0128 -0.0088
v 0.013 0.0128 0.1188
v 0.01264853 0.01364853 0.1188
v 0.01264853 0.01364853 -0.0088
v 0.01264853 -0.005648528 0.1188
v 0.01249282 -0.005492821 0.1194928
v 0.01264853 -0.0048 0.1196485
v 0.013 -0.0048 0.1188
v 0.013 -0.0048 0.1188
v 0.01264853 -0.0048 0.1196485
v 0.01264853 0.0128 0.1196485
v 0.013 0.0128 0.1188
v 0.013 0.0128 0.1188
v 0.01264853 0.0128 0.1196485
v 0.01249282 0.01349282 0.1194928
v 0.01264853 0.01364853 0.1188
v -0.01249282 -0.005492821 -0.009492822
v -0.01264853 -0.0048 -0.009648524
v -0.013 -0.0048 -0.0088
v -0.01264853 -0.005648528 -0.0088
v -0.01264853 -0.0048 -0.009648524
v -0.01264853 0.0128 -0.009648524
v -0.013 0.0128 -0.0088
v -0.013 -0.0048 -0.0088
v -0.01264853 0.0128 -0.009648524
v -0.01249282 0.01349282 -0.009492822
v -0.01264853 0.01364853 -0.0088
v -0.013 0.0128 -0.0088
v -0.01264853 -0.005648528 -0.0088
v -0.013 -0.0048 -0.0088
v -0.013 -0.0048 0.1188
v -0.01264853 -0.005648528 0.1188
v -0.013 -0.0048 -0.0088
v -0.013 0.0128 -0.0088
v -0.013 0.0128 0.1188
v -0.013 -0.0048 0.1188
v -0.013 0.0128 -0.0088
v -0.01264853 0.01364853 -0.0088
v -0.01264853 0.01364853 0.1188
v -0.013 0.0128 0.1188
v -0.01264853 -0.005648528 0.1188
v -0.013 -0.0048 0.1188
v -0.01264853 -0.0048 0.1196485
v -0.01249282 -0.005492821 0.1194928
v -0.013 -0.0048 0.1188
v -0.013 0.0128 0.1188
v -0.01264853 0.0128 0.1196485
v -0.01264853 -0.0048 0.1196485
v -0.013 0.0128 0.1188
v -0.01264853 0.01364853 0.1188
v -0.01249282 0.01349282 0.1194928
v -0.01264853 0.0128 0.1196485
v 0.01249282 -0.005492821 -0.009492822
v 0.0118 -0.005648529 -0.009648524
v 0.0118 -0.006 -0.0088
v 0.01264853 -0.005648528 -0.0088
v 0.01264853 -0.005648528 -0.0088
v 0.0118 -0.006 -0.0088
v 0.0118 -0.006 0.1188
v 0.01264853 -0.005648528 0.1188
v 0.01264853 -0.005648528 0.1188
v 0.0118 -0.006 0.1188
v 0.0118 -0.005648529 0.1196485
v 0.01249282 -0.005492821 0.1194928
v 0.0118 -0.005648529 -0.009648524
v -0.0118 -0.005648529 -0.009648524
v -0.0118 -0.006 -0.0088
v 0.0118 -0.006 -0.0088
v 0.0118 -0.006 -0.0088
v -0.0118 -0.006 -0.0088
v -0.0118 -0.006 0.1188
v 0.0118 -0.006 0.1188
v 0.0118 -0.006 0.1188
v -0.0118 -0.006 0.1188
v -0.0118 -0.005648529 0.1196485
v 0.0118 -0.005648529 0.1196485
v -0.0118 -0.005648529 -0.009648524
v -0.01249282 -0.005492821 -0.009492822
v -0.01264853 -0.005648528 -0.0088
v -0.0118 -0.006 -0.0088
v -0.0118 -0.006 -0.0088
v -0.01264853 -0.005648528 -0.0088
v -0.01264853 -0.005648528 0.1188
v -0.0118 -0.006 0.1188
v -0.0118 -0.006 0.1188
v -0.01264853 -0.005648528 0.1188
v -0.01249282 -0.005492821 0.1194928
v -0.0118 -0.005648529 0.1196485
v 0.01249282 0.01349282 -0.009492822
v 0.01264853 0.01364853 -0.0088
v 0.0118 0.014 -0.0088
v 0.0118 0.01364853 -0.009648524
v 0.01264853 0.01364853 -0.0088
v 0.01264853 0.01364853 0.1188
v 0.0118 0.014 0.1188
v 0.0118 0.014 -0.0088
v 0.01264853 0.01364853 0.1188
v 0.01249282 0.01349282 0.1194928
v 0.0118 0.01364853 0.1196485
v 0.0118 0.014 0.1188
v 0.0118 0.01364853 -0.009648524
v 0.0118 0.014 -0.0088
v -0.0118 0.014 -0.0088
v -0.0118 0.01364853 -0.009648524
v 0.0118 0.014 -0.0088
v 0.0118 0.014 0.1188
v -0.0118 0.014 0.1188
v -0.0118 0.014 -0.0088
v 0.0118 0.014 0.1188
v 0.0118 0.01364853 0.1196485
v -0.0118 0.01364853 0.1196485
v -0.0118 0.014 0.1188
v -0.0118 0.01364853 -0.009648524
v -0.0118 0.014 -0.0088
v -0.01264853 0.01364853 -0.0088
v -0.01249282 0.01349282 -0.009492822
v -0.0118 0.014 -0.0088
v -0.0118 0.014 0.1188
v -0.01264853 0.01364853 0.1188
v -0.01264853 0.01364853 -0.0088
v -0.0118 0.014 0.1188
v -0.0118 0.01364853 0.1196485
v -0.01249282 0.01349282 0.1194928
v -0.01264853 0.01364853 0.1188
v 0.01249282 -0.005492821 -0.009492822
v 0.01264853 -0.0048 -0.009648524
v 0.0118 -0.0048 -0.009999998
v 0.0118 -0.005648529 -0.009648524
v 0.0118 -0.005648529 -0.009648524
v 0.0118 -0.0048 -0.009999998
v -0.0118 -0.0048 -0.009999998
v -0.0118 -0.005648529 -0.009648524
v -0.0118 -0.005648529 -0.009648524
v -0.0118 -0.0048 -0.009999998
v -0.01264853 -0.0048 -0.009648524
v -0.01249282 -0.005492821 -0.009492822
v 0.01264853 -0.0048 -0.009648524
v 0.01264853 0.0128 -0.009648524
v 0.0118 0.0128 -0.009999998
v 0.0118 -0.0048 -0.009999998
v 0.0118 -0.0048 -0.009999998
v 0.0118 0.0128 -0.009999998
v -0.0118 0.0128 -0.009999998
v -0.0118 -0.0048 -0.009999998
v -0.0118 -0.0048 -0.009999998
v -0.0118 0.0128 -0.009999998
v -0.01264853 0.0128 -0.009648524
v -0.01264853 -0.0048 -0.009648524
v 0.01264853 0.0128 -0.009648524
v 0.01249282 0.01349282 -0.009492822
v 0.0118 0.01364853 -0.009648524
v 0.0118 0.0128 -0.009999998
v 0.0118 0.0128 -0.009999998
v 0.0118 0.01364853 -0.009648524
v -0.0118 0.01364853 -0.009648524
v -0.0118 0.0128 -0.009999998
v -0.0118 0.0128 -0.009999998
v -0.0118 0.01364853 -0.009648524
v -0.01249282 0.01349282 -0.009492822
v -0.01264853 0.0128 -0.009648524
v 0.01249282 -0.005492821 0.1194928
v 0.0118 -0.005648529 0.1196485
v 0.0118 -0.0048 0.12
v 0.01264853 -0.0048 0.1196485
v 0.0118 -0.005648529 0.1196485
v -0.0118 -0.005648529 0.1196485
v -0.0118 -0.0048 0.12
v 0.0118 -0.0048 0.12
v -0.0118 -0.005648529 0.1196485
v -0.01249282 -0.005492821 0.1194928
v -0.01264853 -0.0048 0.1196485
v -0.0118 -0.0048 0.12
v 0.01264853 -0.0048 0.1196485
v 0.0118 -0.0048 0.12
v 0.0118 0.0128 0.12
v 0.01264853 0.0128 0.1196485
v 0.0118 -0.0048 0.12
v -0.0118 -0.0048 0.12
v -0.0118 0.0128 0.12
v 0.0118 0.0128 0.12
v -0.0118 -0.0048 0.12
v -0.01264853 -0.0048 0.1196485
v -0.01264853 0.0128 0.1196485
v -0.0118 0.0128 0.12
v 0.01264853 0.0128 0.1196485
v 0.0118 0.0128 0.12
v 0.0118 0.01364853 0.1196485
v 0.01249282 0.01349282 0.1194928
v 0.0118 0.0128 0.12
v -0.0118 0.0128 0.12
v -0.0118 0.01364853 0.1196485
v 0.0118 0.01364853 0.1196485
v -0.0118 0.0128 0.12
v -0.01264853 0.0128 0.1196485
v -0.01249282 0.01349282 0.1194928
v -0.0118 0.01364853 0.1196485
v 0.01062807 -0.01262807 0.08037193
v 0.01074225 -0.01274225 0.08088
v 0.011 -0.01212 0.08088
v 0.01074225 -0.01212 0.08025774
v 0.01074225 -0.01212 0.08025774
v 0.011 -0.01212 0.08088
v 0.011 -0.00588 0.08088
v 0.01074225 -0.00588 0.08025774
v 0.01074225 -0.00588 0.08025774
v 0.011 -0.00588 0.08088
v 0.01074225 -0.005257746 0.08088
v 0.01062807 -0.005371931 0.08037193
v 0.01074225 -0.01274225 0.08088
v 0.01074225 -0.01274225 0.11912
v 0.011 -0.01212 0.11912
v 0.011 -0.01212 0.08088
v 0.011 -0.01212 0.08088
v 0.011 -0.01212 0.11912
v 0.011 -0.00588 0.11912
v 0.011 -0.00588 0.08088
v 0.011 -0.00588 0.08088
v 0.011 -0.00588 0.11912
v 0.01074225 -0.005257746 0.11912
v 0.01074225 -0.005257746 0.08088
v 0.01074225 -0.01274225 0.11912
v 0.01062807 -0.01262807 0.1196281
v 0.01074225 -0.01212 0.1197423
v 0.011 -0.01212 0.11912
v 0.011 -0.01212 0.11912
v 0.01074225 -0.01212 0.1197423
v 0.01074225 -0.00588 0.1197423
v 0.011 -0.00588 0.11912
v 0.011 -0.00588 0.11912
v 0.01074225 -0.00588 0.1197423
v 0.01062807 -0.005371931 0.1196281
v 0.01074225 -0.005257746 0.11912
v -0.01062807 -0.01262807 0.08037193
v -0.01074225 -0.01212 0.08025774
v -0.011 -0.01212 0.08088
v -0.01074225 -0.01274225 0.08088
v -0.01074225 -0.01212 0.08025774
v -0.01074225 -0.00588 0.08025774
v -0.011 -0.00588 0.08088
v -0.011 -0.01212 0.08088
v -0.01074225 -0.00588 0.08025774
v -0.01062807 -0.005371931 0.08037193
v -0.01074225 -0.005257746 0.08088
v -0.011 -0.00588 0.08088
v -0.01074225 -0.01274225 0.08088
v -0.011 -0.01212 0.08088
v -0.011 -0.01212 0.11912
v -0.01074225 -0.01274225 0.11912
v -0.011 -0.01212 0.08088
v -0.011 -0.00588 0.08088
v -0.011 -0.00588 0.11912
v -0.011 -0.01212 0.11912
v -0.011 -0.00588 0.08088
v -0.01074225 -0.005257746 0.08088
v -0.01074225 -0.005257746 0.11912
v -0.011 -0.00588 0.11912
v -0.01074225 -0.01274225 0.11912
v -0.011 -0.01212 0.11912
v -0.01074225 -0.01212 0.1197423
v -0.01062807 -0.01262807 0.1196281
v -0.011 -0.01212 0.11912
v -0.011 -0.00588 0.11912
v -0.01074225 -0.00588 0.1197423
v -0.01074225 -0.01212 0.1197423
v -0.011 -0.00588 0.11912
v -0.01074225 -0.005257746 0.11912
v -0.01062807 -0.005371931 0.1196281
v -0.01074225 -0.00588 0.1197423
v 0.01062807 -0.01262807 0.08037193
v 0.01012 -0.01274225 0.08025774
v 0.01012 -0.013 0.08088
v 0.01074225 -0.01274225 0.08088
v 0.01074225 -0.01274225 0.08088
v 0.01012 -0.013 0.08088
v 0.01012 -0.013 0.11912
v 0.01074225 -0.01274225 0.11912
v 0.01074225 -0.01274225 0.11912
v 0.01012 -0.013 0.11912
v 0.01012 -0.01274225 0.1197423
v 0.01062807 -0.01262807 0.1196281
v 0.01012 -0.01274225 0.08025774
v -0.01012 -0.01274225 0.08025774
v -0.01012 -0.013 0.08088
v 0.01012 -0.013 0.08088
v 0.01012 -0.013 0.08088
v -0.01012 -0.013 0.08088
v -0.01012 -0.013 0.11912
v 0.01012 -0.013 0.11912
v 0.01012 -0.013 0.11912
v -0.01012 -0.013 0.11912
v -0.01012 -0.01274225 0.1197423
v 0.01012 -0.01274225 0.1197423
v -0.01012 -0.01274225 0.08025774
v -0.01062807 -0.01262807 0.08037193
v -0.01074225 -0.01274225 0.08088
v -0.01012 -0.013 0.08088
v -0.01012 -0.013 0.08088
v -0.01074225 -0.01274225 0.08088
v -0.01074225 -0.01274225 0.11912
v -0.01012 -0.013 0.11912
v -0.01012 -0.013 0.11912
v -0.01074225 -0.01274225 0.11912
v -0.01062807 -0.01262807 0.1196281
v -0.01012 -0.01274225 0.1197423
v 0.01062807 -0.005371931 0.08037193
v 0.01074225 -0.005257746 0.08088
v 0.01012 -0.004999999 0.08088
v 0.01012 -0.005257745 0.08025774
v 0.01074225 -0.005257746 0.08088
v 0.01074225 -0.005257746 0.11912
v 0.01012 -0.004999999 0.11912
v 0.01012 -0.004999999 0.08088
v 0.01074225 -0.005257746 0.11912
v 0.01062807 -0.005371931 0.1196281
v 0.01012 -0.005257745 0.1197423
v 0.01012 -0.004999999 0.11912
v 0.01012 -0.005257745 0.08025774
v 0.01012 -0.004999999 0.08088
v -0.01012 -0.004999999 0.08088
v -0.01012 -0.005257745 0.08025774
v 0.01012 -0.004999999 0.08088
v 0.01012 -0.004999999 0.11912
v -0.01012 -0.004999999 0.11912
v -0.01012 -0.004999999 0.08088
v 0.01012 -0.004999999 0.11912
v 0.01012 -0.005257745 0.1197423
v -0.01012 -0.005257745 0.1197423
v -0.01012 -0.004999999 0.11912
v -0.01012 -0.005257745 0.08025774
v -0.01012 -0.004999999 0.08088
v -0.01074225 -0.005257746 0.08088
v -0.01062807 -0.005371931 0.08037193
v -0.01012 -0.004999999 0.08088
v -0.01012 -0.004999999 0.11912
v -0.01074225 -0.005257746 0.11912
v -0.01074225 -0.005257746 0.08088
v -0.01012 -0.004999999 0.11912
v -0.01012 -0.005257745 0.1197423
v -0.01062807 -0.005371931 0.1196281
v -0.01074225 -0.005257746 0.11912
v 0.01062807 -0.01262807 0.08037193
v 0.01074225 -0.01212 0.08025774
v 0.01012 -0.01212 0.08
v 0.01012 -0.01274225 0.08025774
v 0.01012 -0.01274225 0.08025774
v 0.01012 -0.01212 0.08
v -0.01012 -0.01212 0.08
v -0.01012 -0.01274225 0.08025774
v -0.01012 -0.01274225 0.08025774
v -0.01012 -0.01212 0.08
v -0.01074225 -0.01212 0.08025774
v -0.01062807 -0.01262807 0.08037193
v 0.01074225 -0.01212 0.08025774
v 0.01074225 -0.00588 0.08025774
v 0.01012 -0.00588 0.08
v 0.01012 -0.01212 0.08
v 0.01012 -0.01212 0.08
v 0.01012 -0.00588 0.08
v -0.01012 -0.00588 0.08
v -0.01012 -0.01212 0.08
v -0.01012 -0.01212 0.08
v -0.01012 -0.00588 0.08
v -0.01074225 -0.00588 0.08025774
v -0.01074225 -0.01212 0.08025774
v 0.01074225 -0.00588 0.08025774
v 0.01062807 -0.005371931 0.08037193
v 0.01012 -0.005257745 0.08025774
v 0.01012 -0.00588 0.08
v 0.01012 -0.00588 0.08
v 0.01012 -0.005257745 0.08025774
v -0.01012 -0.005257745 0.08025774
v -0.01012 -0.00588 0.08
v -0.01012 -0.00588 0.08
v -0.01012 -0.005257745 0.08025774
v -0.01062807 -0.005371931 0.08037193
v -0.01074225 -0.00588 0.08025774
v 0.01062807 -0.01262807 0.1196281
v 0.01012 -0.01274225 0.1197423
v 0.01012 -0.01212 0.12
v 0.01074225 -0.01212 0.1197423
v 0.01012 -0.01274225 0.1197423
v -0.01012 -0.01274225 0.1197423
v -0.01012 -0.01212 0.12
v 0.01012 -0.01212 0.12
v -0.01012 -0.01274225 0.1197423
v -0.01062807 -0.01262807 0.1196281
v -0.01074225 -0.01212 0.1197423
v -0.01012 -0.01212 0.12
v 0.01074225 -0.01212 0.1197423
v 0.01012 -0.01212 0.12
v 0.01012 -0.00588 0.12
v 0.01074225 -0.00588 0.1197423
v 0.01012 -0.01212 0.12
v -0.01012 -0.01212 0.12
v -0.01012 -0.00588 0.12
v 0.01012 -0.00588 0.12
v -0.01012 -0.01212 0.12
v -0.01074225 -0.01212 0.1197423
v -0.01074225 -0.00588 0.1197423
v -0.01012 -0.00588 0.12
v 0.01074225 -0.00588 0.1197423
v 0.01012 -0.00588 0.12
v 0.01012 -0.005257745 0.1197423
v 0.01062807 -0.005371931 0.1196281
v 0.01012 -0.00588 0.12
v -0.01012 -0.00588 0.12
v -0.01012 -0.005257745 0.1197423
v 0.01012 -0.005257745 0.1197423
v -0.01012 -0.00588 0.12
v -0.01074225 -0.00588 0.1197423
v -0.01062807 -0.005371931 0.1196281
v -0.01012 -0.005257745 0.1197423
v 0.01249282 -0.001492821 -0.03449282
v 0.01264853 -0.001648529 -0.0338
v 0.013 -0.0008000005 -0.0338
v 0.01264853 -0.0008000005 -0.03464853
v 0.01264853 -0.0008000005 -0.03464853
v 0.013 -0.0008000005 -0.0338
v 0.013 0.0108 -0.0338
v 0.01264853 0.0108 -0.03464853
v 0.01264853 0.0108 -0.03464853
v 0.013 0.0108 -0.0338
v 0.01264853 0.01164853 -0.0338
v 0.01249282 0.01149282 -0.03449282
v 0.01264853 -0.001648529 -0.0338
v 0.01264853 -0.001648529 -0.0102
v 0.013 -0.0008000005 -0.0102
v 0.013 -0.0008000005 -0.0338
v 0.013 -0.0008000005 -0.0338
v 0.013 -0.0008000005 -0.0102
v 0.013 0.0108 -0.0102
v 0.013 0.0108 -0.0338
v 0.013 0.0108 -0.0338
v 0.013 0.0108 -0.0102
v 0.01264853 0.01164853 -0.0102
v 0.01264853 0.01164853 -0.0338
v 0.01264853 -0.001648529 -0.0102
v 0.01249282 -0.001492821 -0.009507179
v 0.01264853 -0.0008000005 -0.009351471
v 0.013 -0.0008000005 -0.0102
v 0.013 -0.0008000005 -0.0102
v 0.01264853 -0.0008000005 -0.009351471
v 0.01264853 0.0108 -0.009351471
v 0.013 0.0108 -0.0102
v 0.013 0.0108 -0.0102
v 0.01264853 0.0108 -0.009351471
v 0.01249282 0.01149282 -0.009507179
v 0.01264853 0.01164853 -0.0102
v -0.01249282 -0.001492821 -0.03449282
v -0.01264853 -0.0008000005 -0.03464853
v -0.013 -0.0008000005 -0.0338
v -0.01264853 -0.001648529 -0.0338
v -0.01264853 -0.0008000005 -0.03464853
v -0.01264853 0.0108 -0.03464853
v -0.013 0.0108 -0.0338
v -0.013 -0.0008000005 -0.0338
v -0.01264853 0.0108 -0.03464853
v -0.01249282 0.01149282 -0.03449282
v -0.01264853 0.01164853 -0.0338
v -0.013 0.0108 -0.0338
v -0.01264853 -0.001648529 -0.0338
v -0.013 -0.0008000005 -0.0338
v -0.013 -0.0008000005 -0.0102
v -0.01264853 -0.001648529 -0.0102
v -0.013 -0.0008000005 -0.0338
v -0.013 0.0108 -0.0338
v -0.013 0.0108 -0.0102
v -0.013 -0.0008000005 -0.0102
v -0.013 0.0108 -0.0338
v -0.01264853 0.01164853 -0.0338
v -0.01264853 0.01164853 -0.0102
v -0.013 0.0108 -0.0102
v -0.01264853 -0.001648529 -0.0102
v -0.013 -0.0008000005 -0.0102
v -0.01264853 -0.0008000005 -0.009351471
v -0.01249282 -0.001492821 -0.009507179
v -0.013 -0.0008000005 -0.0102
v -0.013 0.0108 -0.0102
v -0.01264853 0.0108 -0.009351471
v -0.01264853 -0.0008000005 -0.009351471
v -0.013 0.0108 -0.0102
v -0.01264853 0.01164853 -0.0102
v -0.01249282 0.01149282 -0.009507179
v -0.01264853 0.0108 -0.009351471
v 0.01249282 -0.001492821 -0.03449282
v 0.0118 -0.001648529 -0.03464853
v 0.0118 -0.002 -0.0338
v 0.01264853 -0.001648529 -0.0338
v 0.01264853 -0.001648529 -0.0338
v 0.0118 -0.002 -0.0338
v 0.0118 -0.002 -0.0102
v 0.01264853 -0.001648529 -0.0102
v 0.01264853 -0.001648529 -0.0102
v 0.0118 -0.002 -0.0102
v 0.0118 -0.001648529 -0.009351471
v 0.01249282 -0.001492821 -0.009507179
v 0.0118 -0.001648529 -0.03464853
v -0.0118 -0.001648529 -0.03464853
v -0.0118 -0.002 -0.0338
v 0.0118 -0.002 -0.0338
v 0.0118 -0.002 -0.0338
v -0.0118 -0.002 -0.0338
v -0.0118 -0.002 -0.0102
v 0.0118 -0.002 -0.0102
v 0.0118 -0.002 -0.0102
v -0.0118 -0.002 -0.0102
v -0.0118 -0.001648529 -0.009351471
v 0.0118 -0.001648529 -0.009351471
v -0.0118 -0.001648529 -0.03464853
v -0.01249282 -0.001492821 -0.03449282
v -0.01264853 -0.001648529 -0.0338
v -0.0118 -0.002 -0.0338
v -0.0118 -0.002 -0.0338
v -0.01264853 -0.001648529 -0.0338
v -0.01264853 -0.001648529 -0.0102
v -0.0118 -0.002 -0.0102
v -0.0118 -0.002 -0.0102
v -0.01264853 -0.001648529 -0.0102
v -0.01249282 -0.001492821 -0.009507179
v -0.0118 -0.001648529 -0.009351471
v 0.01249282 0.01149282 -0.03449282
v 0.01264853 0.01164853 -0.0338
v 0.0118 0.012 -0.0338
v 0.0118 0.01164853 -0.03464853
v 0.01264853 0.01164853 -0.0338
v 0.01264853 0.01164853 -0.0102
v 0.0118 0.012 -0.0102
v 0.0118 0.012 -0.0338
v 0.01264853 0.01164853 -0.0102
v 0.01249282 0.01149282 -0.009507179
v 0.0118 0.01164853 -0.009351471
v 0.0118 0.012 -0.0102
v 0.0118 0.01164853 -0.03464853
v 0.0118 0.012 -0.0338
v -0.0118 0.012 -0.0338
v -0.0118 0.01164853 -0.03464853
v 0.0118 0.012 -0.0338
v 0.0118 0.012 -0.0102
v -0.0118 0.012 -0.0102
v -0.0118 0.012 -0.0338
v 0.0118 0.012 -0.0102
v 0.0118 0.01164853 -0.009351471
v -0.0118 0.01164853 -0.009351471
v -0.0118 0.012 -0.0102
v -0.0118 0.01164853 -0.03464853
v -0.0118 0.012 -0.0338
v -0.01264853 0.01164853 -0.0338
v -0.01249282 0.01149282 -0.03449282
v -0.0118 0.012 -0.0338
v -0.0118 0.012 -0.0102
v -0.01264853 0.01164853 -0.0102
v -0.01264853 0.01164853 -0.0338
v -0.0118 0.012 -0.0102
v -0.0118 0.01164853 -0.009351471
v -0.01249282 0.01149282 -0.009507179
v -0.01264853 0.01164853 -0.0102
v 0.01249282 -0.001492821 -0.03449282
v 0.01264853 -0.0008000005 -0.03464853
v 0.0118 -0.0008000005 -0.035
v 0.0118 -0.001648529 -0.03464853
v 0.0118 -0.001648529 -0.03464853
v 0.0118 -0.0008000005 -0.035
v -0.0118 -0.0008000005 -0.035
v -0.0118 -0.001648529 -0.03464853
v -0.0118 -0.001648529 -0.03464853
v -0.0118 -0.0008000005 -0.035
v -0.01264853 -0.0008000005 -0.03464853
v -0.01249282 -0.001492821 -0.03449282
v 0.01264853 -0.0008000005 -0.03464853
v 0.01264853 0.0108 -0.03464853
v 0.0118 0.0108 -0.035
v 0.0118 -0.0008000005 -0.035
v 0.0118 -0.0008000005 -0.035
v 0.0118 0.0108 -0.035
v -0.0118 0.0108 -0.035
v -0.0118 -0.0008000005 -0.035
v -0.0118 -0.0008000005 -0.035
v -0.0118 0.0108 -0.035
v -0.01264853 0.0108 -0.03464853
v -0.01264853 -0.0008000005 -0.03464853
v 0.01264853 0.0108 -0.03464853
v 0.01249282 0.01149282 -0.03449282
v 0.0118 0.01164853 -0.03464853
v 0.0118 0.0108 -0.035
v 0.0118 0.0108 -0.035
v 0.0118 0.01164853 -0.03464853
v -0.0118 0.01164853 -0.03464853
v -0.0118 0.0108 -0.035
v -0.0118 0.0108 -0.035
v -0.0118 0.01164853 -0.03464853
v -0.01249282 0.01149282 -0.03449282
v -0.01264853 0.0108 -0.03464853
v 0.01249282 -0.001492821 -0.009507179
v 0.0118 -0.001648529 -0.009351471
v 0.0118 -0.0008000005 -0.009
v 0.01264853 -0.0008000005 -0.009351471
v 0.0118 -0.001648529 -0.009351471
v -0.0118 -0.001648529 -0.009351471
v -0.0118 -0.0008000005 -0.009
v 0.0118 -0.0008000005 -0.009
v -0.0118 -0.001648529 -0.009351471
v -0.01249282 -0.001492821 -0.009507179
v -0.01264853 -0.0008000005 -0.009351471
v -0.0118 -0.0008000005 -0.009
v 0.01264853 -0.0008000005 -0.009351471
v 0.0118 -0.0008000005 -0.009
v 0.0118 0.0108 -0.009
v 0.01264853 0.0108 -0.009351471
v 0.0118 -0.0008000005 -0.009
v -0.0118 -0.0008000005 -0.009
v -0.0118 0.0108 -0.009
v 0.0118 0.0108 -0.009
v -0.0118 -0.0008000005 -0.009
v -0.01264853 -0.0008000005 -0.009351471
v -0.01264853 0.0108 -0.009351471
v -0.0118 0.0108 -0.009
v 0.01264853 0.0108 -0.009351471
v 0.0118 0.0108 -0.009
v 0.0118 0.01164853 -0.009351471
v 0.01249282 0.01149282 -0.009507179
v 0.0118 0.0108 -0.009
v -0.0118 0.0108 -0.009
v -0.0118 0.01164853 -0.009351471
v 0.0118 0.01164853 -0.009351471
v -0.0118 0.0108 -0.009
v -0.01264853 0.0108 -0.009351471
v -0.01249282 0.01149282 -0.009507179
v -0.0118 0.01164853 -0.009351471
v 0.01484 -0.09796926 -0.06060202
v 0.014 -0.004 -0.024
v -0.014 -0.004 -0.024
v -0.01484 -0.09796926 -0.06060202
v 0.01484 -0.09796926 -0.007802011
v -0.01484 -0.09796926 -0.007802011
v -0.014 -0.004 0.024
v 0.014 -0.004 0.024
v 0.01484 -0.09796926 -0.06060202
v 0.01484 -0.09796926 -0.007802011
v 0.014 -0.004 0.024
v 0.014 -0.004 -0.024
v -0.01484 -0.09796926 -0.06060202
v -0.014 -0.004 -0.024
v -0.014 -0.004 0.024
v -0.01484 -0.09796926 -0.007802011
v 0.01484 -0.09796926 -0.06060202
v -0.01484 -0.09796926 -0.06060202
v -0.01484 -0.09796926 -0.007802011
v 0.01484 -0.09796926 -0.007802011
v 0.014 -0.004 -0.024
v 0.014 -0.004 0.024
v -0.014 -0.004 0.024
v -0.014 -0.004 -0.024
v 0.01530807 -0.1006057 -0.06282821
v 0.01542225 -0.1008064 -0.06234768
v 0.01568 -0.1001936 -0.06223963
v 0.01542225 -0.1000856 -0.06285243
v 0.01542225 -0.1000856 -0.06285243
v 0.01568 -0.1001936 -0.06223963
v 0.01568 -0.09404841 -0.06115606
v 0.01542225 -0.09394035 -0.06176887
v 0.01542225 -0.09394035 -0.06176887
v 0.01568 -0.09404841 -0.06115606
v 0.01542225 -0.09343561 -0.06104801
v 0.01530807 -0.09345983 -0.06156819
v 0.01542225 -0.1008064 -0.06234768
v 0.01542225 -0.1105029 -0.007356014
v 0.01568 -0.1098901 -0.00724796
v 0.01568 -0.1001936 -0.06223963
v 0.01568 -0.1001936 -0.06223963
v 0.01568 -0.1098901 -0.00724796
v 0.01568 -0.1037449 -0.006164396
v 0.01568 -0.09404841 -0.06115606
v 0.01568 -0.09404841 -0.06115606
v 0.01568 -0.1037449 -0.006164396
v 0.01542225 -0.1031321 -0.006056342
v 0.01542225 -0.09343561 -0.06104801
v 0.01542225 -0.1105029 -0.007356014
v 0.01530807 -0.1104787 -0.006835837
v 0.01542225 -0.1099982 -0.006635161
v 0.01568 -0.1098901 -0.00724796
v 0.01568 -0.1098901 -0.00724796
v 0.01542225 -0.1099982 -0.006635161
v 0.01542225 -0.103853 -0.005551595
v 0.01568 -0.1037449 -0.006164396
v 0.01568 -0.1037449 -0.006164396
v 0.01542225 -0.103853 -0.005551595
v 0.01530807 -0.1033328 -0.005575821
v 0.01542225 -0.1031321 -0.006056342
v -0.01530807 -0.1006057 -0.06282821
v -0.01542225 -0.1000856 -0.06285243
v -0.01568 -0.1001936 -0.06223963
v -0.01542225 -0.1008064 -0.06234768
v -0.01542225 -0.1000856 -0.06285243
v -0.01542225 -0.09394035 -0.06176887
v -0.01568 -0.09404841 -0.06115606
v -0.01568 -0.1001936 -0.06223963
v -0.01542225 -0.09394035 -0.06176887
v -0.01530807 -0.09345983 -0.06156819
v -0.01542225 -0.09343561 -0.06104801
v -0.01568 -0.09404841 -0.06115606
v -0.01542225 -0.1008064 -0.06234768
v -0.01568 -0.1001936 -0.06223963
v -0.01568 -0.1098901 -0.00724796
v -0.01542225 -0.1105029 -0.007356014
v -0.01568 -0.1001936 -0.06223963
v -0.01568 -0.09404841 -0.06115606
v -0.01568 -0.1037449 -0.006164396
v -0.01568 -0.1098901 -0.00724796
v -0.01568 -0.09404841 -0.06115606
v -0.01542225 -0.09343561 -0.06104801
v -0.01542225 -0.1031321 -0.006056342
v -0.01568 -0.1037449 -0.006164396
v -0.01542225 -0.1105029 -0.007356014
v -0.01568 -0.1098901 -0.00724796
v -0.01542225 -0.1099982 -0.006635161
v -0.01530807 -0.1104787 -0.006835837
v -0.01568 -0.1098901 -0.00724796
v -0.01568 -0.1037449 -0.006164396
v -0.01542225 -0.103853 -0.005551595
v -0.01542225 -0.1099982 -0.006635161
v -0.01568 -0.1037449 -0.006164396
v -0.01542225 -0.1031321 -0.006056342
v -0.01530807 -0.1033328 -0.005575821
v -0.01542225 -0.103853 -0.005551595
v 0.01530807 -0.1006057 -0.06282821
v 0.0148 -0.1006984 -0.06296048
v 0.0148 -0.1010602 -0.06239244
v 0.01542225 -0.1008064 -0.06234768
v 0.01542225 -0.1008064 -0.06234768
v 0.0148 -0.1010602 -0.06239244
v 0.0148 -0.1107568 -0.007400772
v 0.01542225 -0.1105029 -0.007356014
v 0.01542225 -0.1105029 -0.007356014
v 0.0148 -0.1107568 -0.007400772
v 0.0148 -0.110611 -0.006743213
v 0.01530807 -0.1104787 -0.006835837
v 0.0148 -0.1006984 -0.06296048
v -0.0148 -0.1006984 -0.06296048
v -0.0148 -0.1010602 -0.06239244
v 0.0148 -0.1010602 -0.06239244
v 0.0148 -0.1010602 -0.06239244
v -0.0148 -0.1010602 -0.06239244
v -0.0148 -0.1107568 -0.007400772
v 0.0148 -0.1107568 -0.007400772
v 0.0148 -0.1107568 -0.007400772
v -0.0148 -0.1107568 -0.007400772
v -0.0148 -0.110611 -0.006743213
v 0.0148 -0.110611 -0.006743213
v -0.0148 -0.1006984 -0.06296048
v -0.01530807 -0.1006057 -0.06282821
v -0.01542225 -0.1008064 -0.06234768
v -0.0148 -0.1010602 -0.06239244
v -0.0148 -0.1010602 -0.06239244
v -0.01542225 -0.1008064 -0.06234768
v -0.01542225 -0.1105029 -0.007356014
v -0.0148 -0.1107568 -0.007400772
v -0.0148 -0.1107568 -0.007400772
v -0.01542225 -0.1105029 -0.007356014
v -0.01530807 -0.1104787 -0.006835837
v -0.0148 -0.110611 -0.006743213
v 0.01530807 -0.09345983 -0.06156819
v 0.01542225 -0.09343561 -0.06104801
v 0.0148 -0.09318177 -0.06100325
v 0.0148 -0.09332755 -0.06166081
v 0.01542225 -0.09343561 -0.06104801
v 0.01542225 -0.1031321 -0.006056342
v 0.0148 -0.1028783 -0.006011587
v 0.0148 -0.09318177 -0.06100325
v 0.01542225 -0.1031321 -0.006056342
v 0.01530807 -0.1033328 -0.005575821
v 0.0148 -0.1032402 -0.005443543
v 0.0148 -0.1028783 -0.006011587
v 0.0148 -0.09332755 -0.06166081
v 0.0148 -0.09318177 -0.06100325
v -0.0148 -0.09318177 -0.06100325
v -0.0148 -0.09332755 -0.06166081
v 0.0148 -0.09318177 -0.06100325
v 0.0148 -0.1028783 -0.006011587
v -0.0148 -0.1028783 -0.006011587
v -0.0148 -0.09318177 -0.06100325
v 0.0148 -0.1028783 -0.006011587
v 0.0148 -0.1032402 -0.005443543
v -0.0148 -0.1032402 -0.005443543
v -0.0148 -0.1028783 -0.006011587
v -0.0148 -0.09332755 -0.06166081
v -0.0148 -0.09318177 -0.06100325
v -0.01542225 -0.09343561 -0.06104801
v -0.01530807 -0.09345983 -0.06156819
v -0.0148 -0.09318177 -0.06100325
v -0.0148 -0.1028783 -0.006011587
v -0.01542225 -0.1031321 -0.006056342
v -0.01542225 -0.09343561 -0.06104801
v -0.0148 -0.1028783 -0.006011587
v -0.0148 -0.1032402 -0.005443543
v -0.01530807 -0.1033328 -0.005575821
v -0.01542225 -0.1031321 -0.006056342
v 0.01530807 -0.1006057 -0.06282821
v 0.01542225 -0.1000856 -0.06285243
v 0.0148 -0.1000408 -0.06310626
v 0.0148 -0.1006984 -0.06296048
v 0.0148 -0.1006984 -0.06296048
v 0.0148 -0.1000408 -0.06310626
v -0.0148 -0.1000408 -0.06310626
v -0.0148 -0.1006984 -0.06296048
v -0.0148 -0.1006984 -0.06296048
v -0.0148 -0.1000408 -0.06310626
v -0.01542225 -0.1000856 -0.06285243
v -0.01530807 -0.1006057 -0.06282821
v 0.01542225 -0.1000856 -0.06285243
v 0.01542225 -0.09394035 -0.06176887
v 0.0148 -0.0938956 -0.06202269
v 0.0148 -0.1000408 -0.06310626
v 0.0148 -0.1000408 -0.06310626
v 0.0148 -0.0938956 -0.06202269
v -0.0148 -0.0938956 -0.06202269
v -0.0148 -0.1000408 -0.06310626
v -0.0148 -0.1000408 -0.06310626
v -0.0148 -0.0938956 -0.06202269
v -0.01542225 -0.09394035 -0.06176887
v -0.01542225 -0.1000856 -0.06285243
v 0.01542225 -0.09394035 -0.06176887
v 0.01530807 -0.09345983 -0.06156819
v 0.0148 -0.09332755 -0.06166081
v 0.0148 -0.0938956 -0.06202269
v 0.0148 -0.0938956 -0.06202269
v 0.0148 -0.09332755 -0.06166081
v -0.0148 -0.09332755 -0.06166081
v -0.0148 -0.0938956 -0.06202269
v -0.0148 -0.0938956 -0.06202269
v -0.0148 -0.09332755 -0.06166081
v -0.01530807 -0.09345983 -0.06156819
v -0.01542225 -0.09394035 -0.06176887
v 0.01530807 -0.1104787 -0.006835837
v 0.0148 -0.110611 -0.006743213
v 0.0148 -0.1100429 -0.006381331
v 0.01542225 -0.1099982 -0.006635161
v 0.0148 -0.110611 -0.006743213
v -0.0148 -0.110611 -0.006743213
v -0.0148 -0.1100429 -0.006381331
v 0.0148 -0.1100429 -0.006381331
v -0.0148 -0.110611 -0.006743213
v -0.01530807 -0.1104787 -0.006835837
v -0.01542225 -0.1099982 -0.006635161
v -0.0148 -0.1100429 -0.006381331
v 0.01542225 -0.1099982 -0.006635161
v 0.0148 -0.1100429 -0.006381331
v 0.0148 -0.1038977 -0.005297767
v 0.01542225 -0.103853 -0.005551595
v 0.0148 -0.1100429 -0.006381331
v -0.0148 -0.1100429 -0.006381331
v -0.0148 -0.1038977 -0.005297767
v 0.0148 -0.1038977 -0.005297767
v -0.0148 -0.1100429 -0.006381331
v -0.01542225 -0.1099982 -0.006635161
v -0.01542225 -0.103853 -0.005551595
v -0.0148 -0.1038977 -0.005297767
v 0.01542225 -0.103853 -0.005551595
v 0.0148 -0.1038977 -0.005297767
v 0.0148 -0.1032402 -0.005443543
v 0.01530807 -0.1033328 -0.005575821
v 0.0148 -0.1038977 -0.005297767
v -0.0148 -0.1038977 -0.005297767
v -0.0148 -0.1032402 -0.005443543
v 0.0148 -0.1032402 -0.005443543
v -0.0148 -0.1038977 -0.005297767
v -0.01542225 -0.103853 -0.005551595
v -0.01530807 -0.1033328 -0.005575821
v -0.0148 -0.1032402 -0.005443543
v 0.01232105 -0.04202556 0.008804413
v 0.01240669 -0.04223637 0.009133193
v 0.0126 -0.04179782 0.00929281
v 0.01240669 -0.0416382 0.008854264
v 0.01240669 -0.0416382 0.008854264
v 0.0126 -0.04179782 0.00929281
v 0.0126 -0.03740006 0.01089346
v 0.01240669 -0.03724044 0.01045492
v 0.01240669 -0.03724044 0.01045492
v 0.0126 -0.03740006 0.01089346
v 0.01240669 -0.03696151 0.01105308
v 0.01232105 -0.03691166 0.01066572
v 0.01240669 -0.04223637 0.009133193
v 0.01240669 -0.04383702 0.01353095
v 0.0126 -0.04339847 0.01369057
v 0.0126 -0.04179782 0.00929281
v 0.0126 -0.04179782 0.00929281
v 0.0126 -0.04339847 0.01369057
v 0.0126 -0.03900071 0.01529123
v 0.0126 -0.03740006 0.01089346
v 0.0126 -0.03740006 0.01089346
v 0.0126 -0.03900071 0.01529123
v 0.01240669 -0.03856216 0.01545084
v 0.01240669 -0.03696151 0.01105308
v 0.01240669 -0.04383702 0.01353095
v 0.01232105 -0.04388687 0.01391832
v 0.01240669 -0.04355809 0.01412912
v 0.0126 -0.04339847 0.01369057
v 0.0126 -0.04339847 0.01369057
v 0.01240669 -0.04355809 0.01412912
v 0.01240669 -0.03916033 0.01572977
v 0.0126 -0.03900071 0.01529123
v 0.0126 -0.03900071 0.01529123
v 0.01240669 -0.03916033 0.01572977
v 0.01232105 -0.03877297 0.01577962
v 0.01240669 -0.03856216 0.01545084
v -0.01232105 -0.04202556 0.008804413
v -0.01240669 -0.0416382 0.008854264
v -0.0126 -0.04179782 0.00929281
v -0.01240669 -0.04223637 0.009133193
v -0.01240669 -0.0416382 0.008854264
v -0.01240669 -0.03724044 0.01045492
v -0.0126 -0.03740006 0.01089346
v -0.0126 -0.04179782 0.00929281
v -0.01240669 -0.03724044 0.01045492
v -0.01232105 -0.03691166 0.01066572
v -0.01240669 -0.03696151 0.01105308
v -0.0126 -0.03740006 0.01089346
v -0.01240669 -0.04223637 0.009133193
v -0.0126 -0.04179782 0.00929281
v -0.0126 -0.04339847 0.01369057
v -0.01240669 -0.04383702 0.01353095
v -0.0126 -0.04179782 0.00929281
v -0.0126 -0.03740006 0.01089346
v -0.0126 -0.03900071 0.01529123
v -0.0126 -0.04339847 0.01369057
v -0.0126 -0.03740006 0.01089346
v -0.01240669 -0.03696151 0.01105308
v -0.01240669 -0.03856216 0.01545084
v -0.0126 -0.03900071 0.01529123
v -0.01240669 -0.04383702 0.01353095
v -0.0126 -0.04339847 0.01369057
v -0.01240669 -0.04355809 0.01412912
v -0.01232105 -0.04388687 0.01391832
v -0.0126 -0.04339847 0.01369057
v -0.0126 -0.03900071 0.01529123
v -0.01240669 -0.03916033 0.01572977
v -0.01240669 -0.04355809 0.01412912
v -0.0126 -0.03900071 0.01529123
v -0.01240669 -0.03856216 0.01545084
v -0.01232105 -0.03877297 0.01577962
v -0.01240669 -0.03916033 0.01572977
v 0.01232105 -0.04202556 0.008804413
v 0.01194 -0.04207675 0.008694647
v 0.01194 -0.04241801 0.009067077
v 0.01240669 -0.04223637 0.009133193
v 0.01240669 -0.04223637 0.009133193
v 0.01194 -0.04241801 0.009067077
v 0.01194 -0.04401867 0.01346484
v 0.01240669 -0.04383702 0.01353095
v 0.01240669 -0.04383702 0.01353095
v 0.01194 -0.04401867 0.01346484
v 0.01194 -0.04399664 0.0139695
v 0.01232105 -0.04388687 0.01391832
v 0.01194 -0.04207675 0.008694647
v -0.01194 -0.04207675 0.008694647
v -0.01194 -0.04241801 0.009067077
v 0.01194 -0.04241801 0.009067077
v 0.01194 -0.04241801 0.009067077
v -0.01194 -0.04241801 0.009067077
v -0.01194 -0.04401867 0.01346484
v 0.01194 -0.04401867 0.01346484
v 0.01194 -0.04401867 0.01346484
v -0.01194 -0.04401867 0.01346484
v -0.01194 -0.04399664 0.0139695
v 0.01194 -0.04399664 0.0139695
v -0.01194 -0.04207675 0.008694647
v -0.01232105 -0.04202556 0.008804413
v -0.01240669 -0.04223637 0.009133193
v -0.01194 -0.04241801 0.009067077
v -0.01194 -0.04241801 0.009067077
v -0.01240669 -0.04223637 0.009133193
v -0.01240669 -0.04383702 0.01353095
v -0.01194 -0.04401867 0.01346484
v -0.01194 -0.04401867 0.01346484
v -0.01240669 -0.04383702 0.01353095
v -0.01232105 -0.04388687 0.01391832
v -0.01194 -0.04399664 0.0139695
v 0.01232105 -0.03691166 0.01066572
v 0.01240669 -0.03696151 0.01105308
v 0.01194 -0.03677986 0.0111192
v 0.01194 -0.03680189 0.01061454
v 0.01240669 -0.03696151 0.01105308
v 0.01240669 -0.03856216 0.01545084
v 0.01194 -0.03838051 0.01551696
v 0.01194 -0.03677986 0.0111192
v 0.01240669 -0.03856216 0.01545084
v 0.01232105 -0.03877297 0.01577962
v 0.01194 -0.03872178 0.01588939
v 0.01194 -0.03838051 0.01551696
v 0.01194 -0.03680189 0.01061454
v 0.01194 -0.03677986 0.0111192
v -0.01194 -0.03677986 0.0111192
v -0.01194 -0.03680189 0.01061454
v 0.01194 -0.03677986 0.0111192
v 0.01194 -0.03838051 0.01551696
v -0.01194 -0.03838051 0.01551696
v -0.01194 -0.03677986 0.0111192
v 0.01194 -0.03838051 0.01551696
v 0.01194 -0.03872178 0.01588939
v -0.01194 -0.03872178 0.01588939
v -0.01194 -0.03838051 0.01551696
v -0.01194 -0.03680189 0.01061454
v -0.01194 -0.03677986 0.0111192
v -0.01240669 -0.03696151 0.01105308
v -0.01232105 -0.03691166 0.01066572
v -0.01194 -0.03677986 0.0111192
v -0.01194 -0.03838051 0.01551696
v -0.01240669 -0.03856216 0.01545084
v -0.01240669 -0.03696151 0.01105308
v -0.01194 -0.03838051 0.01551696
v -0.01194 -0.03872178 0.01588939
v -0.01232105 -0.03877297 0.01577962
v -0.01240669 -0.03856216 0.01545084
v 0.01232105 -0.04202556 0.008804413
v 0.01240669 -0.0416382 0.008854264
v 0.01194 -0.04157209 0.008672614
v 0.01194 -0.04207675 0.008694647
v 0.01194 -0.04207675 0.008694647
v 0.01194 -0.04157209 0.008672614
v -0.01194 -0.04157209 0.008672614
v -0.01194 -0.04207675 0.008694647
v -0.01194 -0.04207675 0.008694647
v -0.01194 -0.04157209 0.008672614
v -0.01240669 -0.0416382 0.008854264
v -0.01232105 -0.04202556 0.008804413
v 0.01240669 -0.0416382 0.008854264
v 0.01240669 -0.03724044 0.01045492
v 0.01194 -0.03717432 0.01027327
v 0.01194 -0.04157209 0.008672614
v 0.01194 -0.04157209 0.008672614
v 0.01194 -0.03717432 0.01027327
v -0.01194 -0.03717432 0.01027327
v -0.01194 -0.04157209 0.008672614
v -0.01194 -0.04157209 0.008672614
v -0.01194 -0.03717432 0.01027327
v -0.01240669 -0.03724044 0.01045492
v -0.01240669 -0.0416382 0.008854264
v 0.01240669 -0.03724044 0.01045492
v 0.01232105 -0.03691166 0.01066572
v 0.01194 -0.03680189 0.01061454
v 0.01194 -0.03717432 0.01027327
v 0.01194 -0.03717432 0.01027327
v 0.01194 -0.03680189 0.01061454
v -0.01194 -0.03680189 0.01061454
v -0.01194 -0.03717432 0.01027327
v -0.01194 -0.03717432 0.01027327
v -0.01194 -0.03680189 0.01061454
v -0.01232105 -0.03691166 0.01066572
v -0.01240669 -0.03724044 0.01045492
v 0.01232105 -0.04388687 0.01391832
v 0.01194 -0.04399664 0.0139695
v 0.01194 -0.04362421 0.01431077
v 0.01240669 -0.04355809 0.01412912
v 0.01194 -0.04399664 0.0139695
v -0.01194 -0.04399664 0.0139695
v -0.01194 -0.04362421 0.01431077
v 0.01194 -0.04362421 0.01431077
v -0.01194 -0.04399664 0.0139695
v -0.01232105 -0.04388687 0.01391832
v -0.01240669 -0.04355809 0.01412912
v -0.01194 -0.04362421 0.01431077
v 0.01240669 -0.04355809 0.01412912
v 0.01194 -0.04362421 0.01431077
v 0.01194 -0.03922644 0.01591142
v 0.01240669 -0.03916033 0.01572977
v 0.01194 -0.04362421 0.01431077
v -0.01194 -0.04362421 0.01431077
v -0.01194 -0.03922644 0.01591142
v 0.01194 -0.03922644 0.01591142
v -0.01194 -0.04362421 0.01431077
v -0.01240669 -0.04355809 0.01412912
v -0.01240669 -0.03916033 0.01572977
v -0.01194 -0.03922644 0.01591142
v 0.01240669 -0.03916033 0.01572977
v 0.01194 -0.03922644 0.01591142
v 0.01194 -0.03872178 0.01588939
v 0.01232105 -0.03877297 0.01577962
v 0.01194 -0.03922644 0.01591142
v -0.01194 -0.03922644 0.01591142
v -0.01194 -0.03872178 0.01588939
v 0.01194 -0.03872178 0.01588939
v -0.01194 -0.03922644 0.01591142
v -0.01240669 -0.03916033 0.01572977
v -0.01232105 -0.03877297 0.01577962
v -0.01194 -0.03872178 0.01588939
v 0.01232105 -0.07021634 -0.001456192
v 0.01240669 -0.07042714 -0.001127412
v 0.0126 -0.0699886 -0.0009677941
v 0.01240669 -0.06982898 -0.00140634
v 0.01240669 -0.06982898 -0.00140634
v 0.0126 -0.0699886 -0.0009677941
v 0.0126 -0.06559084 0.0006328601
v 0.01240669 -0.06543122 0.0001943146
v 0.01240669 -0.06543122 0.0001943146
v 0.0126 -0.06559084 0.0006328601
v 0.01240669 -0.06515229 0.0007924776
v 0.01232105 -0.06510244 0.0004051164
v 0.01240669 -0.07042714 -0.001127412
v 0.01240669 -0.0720278 0.00327035
v 0.0126 -0.07158925 0.003429967
v 0.0126 -0.0699886 -0.0009677941
v 0.0126 -0.0699886 -0.0009677941
v 0.0126 -0.07158925 0.003429967
v 0.0126 -0.06719149 0.005030622
v 0.0126 -0.06559084 0.0006328601
v 0.0126 -0.06559084 0.0006328601
v 0.0126 -0.06719149 0.005030622
v 0.01240669 -0.06675295 0.005190239
v 0.01240669 -0.06515229 0.0007924776
v 0.01240669 -0.0720278 0.00327035
v 0.01232105 -0.07207765 0.003657711
v 0.01240669 -0.07174887 0.003868513
v 0.0126 -0.07158925 0.003429967
v 0.0126 -0.07158925 0.003429967
v 0.01240669 -0.07174887 0.003868513
v 0.01240669 -0.06735111 0.005469168
v 0.0126 -0.06719149 0.005030622
v 0.0126 -0.06719149 0.005030622
v 0.01240669 -0.06735111 0.005469168
v 0.01232105 -0.06696375 0.00551902
v 0.01240669 -0.06675295 0.005190239
v -0.01232105 -0.07021634 -0.001456192
v -0.01240669 -0.06982898 -0.00140634
v -0.0126 -0.0699886 -0.0009677941
v -0.01240669 -0.07042714 -0.001127412
v -0.01240669 -0.06982898 -0.00140634
v -0.01240669 -0.06543122 0.0001943146
v -0.0126 -0.06559084 0.0006328601
v -0.0126 -0.0699886 -0.0009677941
v -0.01240669 -0.06543122 0.0001943146
v -0.01232105 -0.06510244 0.0004051164
v -0.01240669 -0.06515229 0.0007924776
v -0.0126 -0.06559084 0.0006328601
v -0.01240669 -0.07042714 -0.001127412
v -0.0126 -0.0699886 -0.0009677941
v -0.0126 -0.07158925 0.003429967
v -0.01240669 -0.0720278 0.00327035
v -0.0126 -0.0699886 -0.0009677941
v -0.0126 -0.06559084 0.0006328601
v -0.0126 -0.06719149 0.005030622
v -0.0126 -0.07158925 0.003429967
v -0.0126 -0.06559084 0.0006328601
v -0.01240669 -0.06515229 0.0007924776
v -0.01240669 -0.06675295 0.005190239
v -0.0126 -0.06719149 0.005030622
v -0.01240669 -0.0720278 0.00327035
v -0.0126 -0.07158925 0.003429967
v -0.01240669 -0.07174887 0.003868513
v -0.01232105 -0.07207765 0.003657711
v -0.0126 -0.07158925 0.003429967
v -0.0126 -0.06719149 0.005030622
v -0.01240669 -0.06735111 0.005469168
v -0.01240669 -0.07174887 0.003868513
v -0.0126 -0.06719149 0.005030622
v -0.01240669 -0.06675295 0.005190239
v -0.01232105 -0.06696375 0.00551902
v -0.01240669 -0.06735111 0.005469168
v 0.01232105 -0.07021634 -0.001456192
v 0.01194 -0.07026753 -0.001565957
v 0.01194 -0.07060879 -0.001193527
v 0.01240669 -0.07042714 -0.001127412
v 0.01240669 -0.07042714 -0.001127412
v 0.01194 -0.07060879 -0.001193527
v 0.01194 -0.07220945 0.003204234
v 0.01240669 -0.0720278 0.00327035
v 0.01240669 -0.0720278 0.00327035
v 0.01194 -0.07220945 0.003204234
v 0.01194 -0.07218742 0.003708896
v 0.01232105 -0.07207765 0.003657711
v 0.01194 -0.07026753 -0.001565957
v -0.01194 -0.07026753 -0.001565957
v -0.01194 -0.07060879 -0.001193527
v 0.01194 -0.07060879 -0.001193527
v 0.01194 -0.07060879 -0.001193527
v -0.01194 -0.07060879 -0.001193527
v -0.01194 -0.07220945 0.003204234
v 0.01194 -0.07220945 0.003204234
v 0.01194 -0.07220945 0.003204234
v -0.01194 -0.07220945 0.003204234
v -0.01194 -0.07218742 0.003708896
v 0.01194 -0.07218742 0.003708896
v -0.01194 -0.07026753 -0.001565957
v -0.01232105 -0.07021634 -0.001456192
v -0.01240669 -0.07042714 -0.001127412
v -0.01194 -0.07060879 -0.001193527
v -0.01194 -0.07060879 -0.001193527
v -0.01240669 -0.07042714 -0.001127412
v -0.01240669 -0.0720278 0.00327035
v -0.01194 -0.07220945 0.003204234
v -0.01194 -0.07220945 0.003204234
v -0.01240669 -0.0720278 0.00327035
v -0.01232105 -0.07207765 0.003657711
v -0.01194 -0.07218742 0.003708896
v 0.01232105 -0.06510244 0.0004051164
v 0.01240669 -0.06515229 0.0007924776
v 0.01194 -0.06497064 0.0008585934
v 0.01194 -0.06499267 0.0003539321
v 0.01240669 -0.06515229 0.0007924776
v 0.01240669 -0.06675295 0.005190239
v 0.01194 -0.0665713 0.005256355
v 0.01194 -0.06497064 0.0008585934
v 0.01240669 -0.06675295 0.005190239
v 0.01232105 -0.06696375 0.00551902
v 0.01194 -0.06691256 0.005628785
v 0.01194 -0.0665713 0.005256355
v 0.01194 -0.06499267 0.0003539321
v 0.01194 -0.06497064 0.0008585934
v -0.01194 -0.06497064 0.0008585934
v -0.01194 -0.06499267 0.0003539321
v 0.01194 -0.06497064 0.0008585934
v 0.01194 -0.0665713 0.005256355
v -0.01194 -0.0665713 0.005256355
v -0.01194 -0.06497064 0.0008585934
v 0.01194 -0.0665713 0.005256355
v 0.01194 -0.06691256 0.005628785
v -0.01194 -0.06691256 0.005628785
v -0.01194 -0.0665713 0.005256355
v -0.01194 -0.06499267 0.0003539321
v -0.01194 -0.06497064 0.0008585934
v -0.01240669 -0.06515229 0.0007924776
v -0.01232105 -0.06510244 0.0004051164
v -0.01194 -0.06497064 0.0008585934
v -0.01194 -0.0665713 0.005256355
v -0.01240669 -0.06675295 0.005190239
v -0.01240669 -0.06515229 0.0007924776
v -0.01194 -0.0665713 0.005256355
v -0.01194 -0.06691256 0.005628785
v -0.01232105 -0.06696375 0.00551902
v -0.01240669 -0.06675295 0.005190239
v 0.01232105 -0.07021634 -0.001456192
v 0.01240669 -0.06982898 -0.00140634
v 0.01194 -0.06976286 -0.001587991
v 0.01194 -0.07026753 -0.001565957
v 0.01194 -0.07026753 -0.001565957
v 0.01194 -0.06976286 -0.001587991
v -0.01194 -0.06976286 -0.001587991
v -0.01194 -0.07026753 -0.001565957
v -0.01194 -0.07026753 -0.001565957
v -0.01194 -0.06976286 -0.001587991
v -0.01240669 -0.06982898 -0.00140634
v -0.01232105 -0.07021634 -0.001456192
v 0.01240669 -0.06982898 -0.00140634
v 0.01240669 -0.06543122 0.0001943146
v 0.01194 -0.06536511 1.266319E-05
v 0.01194 -0.06976286 -0.001587991
v 0.01194 -0.06976286 -0.001587991
v 0.01194 -0.06536511 1.266319E-05
v -0.01194 -0.06536511 1.266319E-05
v -0.01194 -0.06976286 -0.001587991
v -0.01194 -0.06976286 -0.001587991
v -0.01194 -0.06536511 1.266319E-05
v -0.01240669 -0.06543122 0.0001943146
v -0.01240669 -0.06982898 -0.00140634
v 0.01240669 -0.06543122 0.0001943146
v 0.01232105 -0.06510244 0.0004051164
v 0.01194 -0.06499267 0.0003539321
v 0.01194 -0.06536511 1.266319E-05
v 0.01194 -0.06536511 1.266319E-05
v 0.01194 -0.06499267 0.0003539321
v -0.01194 -0.06499267 0.0003539321
v -0.01194 -0.06536511 1.266319E-05
v -0.01194 -0.06536511 1.266319E-05
v -0.01194 -0.06499267 0.0003539321
v -0.01232105 -0.06510244 0.0004051164
v -0.01240669 -0.06543122 0.0001943146
v 0.01232105 -0.07207765 0.003657711
v 0.01194 -0.07218742 0.003708896
v 0.01194 -0.07181498 0.004050164
v 0.01240669 -0.07174887 0.003868513
v 0.01194 -0.07218742 0.003708896
v -0.01194 -0.07218742 0.003708896
v -0.01194 -0.07181498 0.004050164
v 0.01194 -0.07181498 0.004050164
v -0.01194 -0.07218742 0.003708896
v -0.01232105 -0.07207765 0.003657711
v -0.01240669 -0.07174887 0.003868513
v -0.01194 -0.07181498 0.004050164
v 0.01240669 -0.07174887 0.003868513
v 0.01194 -0.07181498 0.004050164
v 0.01194 -0.06741723 0.005650819
v 0.01240669 -0.06735111 0.005469168
v 0.01194 -0.07181498 0.004050164
v -0.01194 -0.07181498 0.004050164
v -0.01194 -0.06741723 0.005650819
v 0.01194 -0.06741723 0.005650819
v -0.01194 -0.07181498 0.004050164
v -0.01240669 -0.07174887 0.003868513
v -0.01240669 -0.06735111 0.005469168
v -0.01194 -0.06741723 0.005650819
v 0.01240669 -0.06735111 0.005469168
v 0.01194 -0.06741723 0.005650819
v 0.01194 -0.06691256 0.005628785
v 0.01232105 -0.06696375 0.00551902
v 0.01194 -0.06741723 0.005650819
v -0.01194 -0.06741723 0.005650819
v -0.01194 -0.06691256 0.005628785
v 0.01194 -0.06691256 0.005628785
v -0.01194 -0.06741723 0.005650819
v -0.01240669 -0.06735111 0.005469168
v -0.01232105 -0.06696375 0.00551902
v -0.01194 -0.06691256 0.005628785
v 0.005267543 -0.03226754 0.01223246
v 0.005338909 -0.03233891 0.01255
v 0.0055 -0.03195 0.01255
v 0.005338909 -0.03195 0.01216109
v 0.005338909 -0.03195 0.01216109
v 0.0055 -0.03195 0.01255
v 0.0055 -0.02805 0.01255
v 0.005338909 -0.02805 0.01216109
v 0.005338909 -0.02805 0.01216109
v 0.0055 -0.02805 0.01255
v 0.005338909 -0.02766109 0.01255
v 0.005267543 -0.02773246 0.01223246
v 0.005338909 -0.03233891 0.01255
v 0.005338909 -0.03233891 0.06945
v 0.0055 -0.03195 0.06945
v 0.0055 -0.03195 0.01255
v 0.0055 -0.03195 0.01255
v 0.0055 -0.03195 0.06945
v 0.0055 -0.02805 0.06945
v 0.0055 -0.02805 0.01255
v 0.0055 -0.02805 0.01255
v 0.0055 -0.02805 0.06945
v 0.005338909 -0.02766109 0.06945
v 0.005338909 -0.02766109 0.01255
v 0.005338909 -0.03233891 0.06945
v 0.005267543 -0.03226754 0.06976754
v 0.005338909 -0.03195 0.06983891
v 0.0055 -0.03195 0.06945
v 0.0055 -0.03195 0.06945
v 0.005338909 -0.03195 0.06983891
v 0.005338909 -0.02805 0.06983891
v 0.0055 -0.02805 0.06945
v 0.0055 -0.02805 0.06945
v 0.005338909 -0.02805 0.06983891
v 0.005267543 -0.02773246 0.06976754
v 0.005338909 -0.02766109 0.06945
v -0.005267543 -0.03226754 0.01223246
v -0.005338909 -0.03195 0.01216109
v -0.0055 -0.03195 0.01255
v -0.005338909 -0.03233891 0.01255
v -0.005338909 -0.03195 0.01216109
v -0.005338909 -0.02805 0.01216109
v -0.0055 -0.02805 0.01255
v -0.0055 -0.03195 0.01255
v -0.005338909 -0.02805 0.01216109
v -0.005267543 -0.02773246 0.01223246
v -0.005338909 -0.02766109 0.01255
v -0.0055 -0.02805 0.01255
v -0.005338909 -0.03233891 0.01255
v -0.0055 -0.03195 0.01255
v -0.0055 -0.03195 0.06945
v -0.005338909 -0.03233891 0.06945
v -0.0055 -0.03195 0.01255
v -0.0055 -0.02805 0.01255
v -0.0055 -0.02805 0.06945
v -0.0055 -0.03195 0.06945
v -0.0055 -0.02805 0.01255
v -0.005338909 -0.02766109 0.01255
v -0.005338909 -0.02766109 0.06945
v -0.0055 -0.02805 0.06945
v -0.005338909 -0.03233891 0.06945
v -0.0055 -0.03195 0.06945
v -0.005338909 -0.03195 0.06983891
v -0.005267543 -0.03226754 0.06976754
v -0.0055 -0.03195 0.06945
v -0.0055 -0.02805 0.06945
v -0.005338909 -0.02805 0.06983891
v -0.005338909 -0.03195 0.06983891
v -0.0055 -0.02805 0.06945
v -0.005338909 -0.02766109 0.06945
v -0.005267543 -0.02773246 0.06976754
v -0.005338909 -0.02805 0.06983891
v 0.005267543 -0.03226754 0.01223246
v 0.00495 -0.03233891 0.01216109
v 0.00495 -0.0325 0.01255
v 0.005338909 -0.03233891 0.01255
v 0.005338909 -0.03233891 0.01255
v 0.00495 -0.0325 0.01255
v 0.00495 -0.0325 0.06945
v 0.005338909 -0.03233891 0.06945
v 0.005338909 -0.03233891 0.06945
v 0.00495 -0.0325 0.06945
v 0.00495 -0.03233891 0.06983891
v 0.005267543 -0.03226754 0.06976754
v 0.00495 -0.03233891 0.01216109
v -0.00495 -0.03233891 0.01216109
v -0.00495 -0.0325 0.01255
v 0.00495 -0.0325 0.01255
v 0.00495 -0.0325 0.01255
v -0.00495 -0.0325 0.01255
v -0.00495 -0.0325 0.06945
v 0.00495 -0.0325 0.06945
v 0.00495 -0.0325 0.06945
v -0.00495 -0.0325 0.06945
v -0.00495 -0.03233891 0.06983891
v 0.00495 -0.03233891 0.06983891
v -0.00495 -0.03233891 0.01216109
v -0.005267543 -0.03226754 0.01223246
v -0.005338909 -0.03233891 0.01255
v -0.00495 -0.0325 0.01255
v -0.00495 -0.0325 0.01255
v -0.005338909 -0.03233891 0.01255
v -0.005338909 -0.03233891 0.06945
v -0.00495 -0.0325 0.06945
v -0.00495 -0.0325 0.06945
v -0.005338909 -0.03233891 0.06945
v -0.005267543 -0.03226754 0.06976754
v -0.00495 -0.03233891 0.06983891
v 0.005267543 -0.02773246 0.01223246
v 0.005338909 -0.02766109 0.01255
v 0.00495 -0.0275 0.01255
v 0.00495 -0.02766109 0.01216109
v 0.005338909 -0.02766109 0.01255
v 0.005338909 -0.02766109 0.06945
v 0.00495 -0.0275 0.06945
v 0.00495 -0.0275 0.01255
v 0.005338909 -0.02766109 0.06945
v 0.005267543 -0.02773246 0.06976754
v 0.00495 -0.02766109 0.06983891
v 0.00495 -0.0275 0.06945
v 0.00495 -0.02766109 0.01216109
v 0.00495 -0.0275 0.01255
v -0.00495 -0.0275 0.01255
v -0.00495 -0.02766109 0.01216109
v 0.00495 -0.0275 0.01255
v 0.00495 -0.0275 0.06945
v -0.00495 -0.0275 0.06945
v -0.00495 -0.0275 0.01255
v 0.00495 -0.0275 0.06945
v 0.00495 -0.02766109 0.06983891
v -0.00495 -0.02766109 0.06983891
v -0.00495 -0.0275 0.06945
v -0.00495 -0.02766109 0.01216109
v -0.00495 -0.0275 0.01255
v -0.005338909 -0.02766109 0.01255
v -0.005267543 -0.02773246 0.01223246
v -0.00495 -0.0275 0.01255
v -0.00495 -0.0275 0.06945
v -0.005338909 -0.02766109 0.06945
v -0.005338909 -0.02766109 0.01255
v -0.00495 -0.0275 0.06945
v -0.00495 -0.02766109 0.06983891
v -0.005267543 -0.02773246 0.06976754
v -0.005338909 -0.02766109 0.06945
v 0.005267543 -0.03226754 0.01223246
v 0.005338909 -0.03195 0.01216109
v 0.00495 -0.03195 0.012
v 0.00495 -0.03233891 0.01216109
v 0.00495 -0.03233891 0.01216109
v 0.00495 -0.03195 0.012
v -0.00495 -0.03195 0.012
v -0.00495 -0.03233891 0.01216109
v -0.00495 -0.03233891 0.01216109
v -0.00495 -0.03195 0.012
v -0.005338909 -0.03195 0.01216109
v -0.005267543 -0.03226754 0.01223246
v 0.005338909 -0.03195 0.01216109
v 0.005338909 -0.02805 0.01216109
v 0.00495 -0.02805 0.012
v 0.00495 -0.03195 0.012
v 0.00495 -0.03195 0.012
v 0.00495 -0.02805 0.012
v -0.00495 -0.02805 0.012
v -0.00495 -0.03195 0.012
v -0.00495 -0.03195 0.012
v -0.00495 -0.02805 0.012
v -0.005338909 -0.02805 0.01216109
v -0.005338909 -0.03195 0.01216109
v 0.005338909 -0.02805 0.01216109
v 0.005267543 -0.02773246 0.01223246
v 0.00495 -0.02766109 0.01216109
v 0.00495 -0.02805 0.012
v 0.00495 -0.02805 0.012
v 0.00495 -0.02766109 0.01216109
v -0.00495 -0.02766109 0.01216109
v -0.00495 -0.02805 0.012
v -0.00495 -0.02805 0.012
v -0.00495 -0.02766109 0.01216109
v -0.005267543 -0.02773246 0.01223246
v -0.005338909 -0.02805 0.01216109
v 0.005267543 -0.03226754 0.06976754
v 0.00495 -0.03233891 0.06983891
v 0.00495 -0.03195 0.07
v 0.005338909 -0.03195 0.06983891
v 0.00495 -0.03233891 0.06983891
v -0.00495 -0.03233891 0.06983891
v -0.00495 -0.03195 0.07
v 0.00495 -0.03195 0.07
v -0.00495 -0.03233891 0.06983891
v -0.005267543 -0.03226754 0.06976754
v -0.005338909 -0.03195 0.06983891
v -0.00495 -0.03195 0.07
v 0.005338909 -0.03195 0.06983891
v 0.00495 -0.03195 0.07
v 0.00495 -0.02805 0.07
v 0.005338909 -0.02805 0.06983891
v 0.00495 -0.03195 0.07
v -0.00495 -0.03195 0.07
v -0.00495 -0.02805 0.07
v 0.00495 -0.02805 0.07
v -0.00495 -0.03195 0.07
v -0.005338909 -0.03195 0.06983891
v -0.005338909 -0.02805 0.06983891
v -0.00495 -0.02805 0.07
v 0.005338909 -0.02805 0.06983891
v 0.00495 -0.02805 0.07
v 0.00495 -0.02766109 0.06983891
v 0.005267543 -0.02773246 0.06976754
v 0.00495 -0.02805 0.07
v -0.00495 -0.02805 0.07
v -0.00495 -0.02766109 0.06983891
v 0.00495 -0.02766109 0.06983891
v -0.00495 -0.02805 0.07
v -0.005338909 -0.02805 0.06983891
v -0.005267543 -0.02773246 0.06976754
v -0.00495 -0.02766109 0.06983891
v 0.005221051 -0.02972105 0.06727895
v 0.00530669 -0.02980669 0.06766
v 0.0055 -0.02934 0.06766
v 0.00530669 -0.02934 0.06719331
v 0.00530669 -0.02934 0.06719331
v 0.0055 -0.02934 0.06766
v 0.0055 -0.006659999 0.06766
v 0.00530669 -0.006659999 0.06719331
v 0.00530669 -0.006659999 0.06719331
v 0.0055 -0.006659999 0.06766
v 0.00530669 -0.006193309 0.06766
v 0.005221051 -0.006278948 0.06727895
v 0.00530669 -0.02980669 0.06766
v 0.00530669 -0.02980669 0.07234
v 0.0055 -0.02934 0.07234
v 0.0055 -0.02934 0.06766
v 0.0055 -0.02934 0.06766
v 0.0055 -0.02934 0.07234
v 0.0055 -0.006659999 0.07234
v 0.0055 -0.006659999 0.06766
v 0.0055 -0.006659999 0.06766
v 0.0055 -0.006659999 0.07234
v 0.00530669 -0.006193309 0.07234
v 0.00530669 -0.006193309 0.06766
v 0.00530669 -0.02980669 0.07234
v 0.005221051 -0.02972105 0.07272105
v 0.00530669 -0.02934 0.07280669
v 0.0055 -0.02934 0.07234
v 0.0055 -0.02934 0.07234
v 0.00530669 -0.02934 0.07280669
v 0.00530669 -0.006659999 0.07280669
v 0.0055 -0.006659999 0.07234
v 0.0055 -0.006659999 0.07234
v 0.00530669 -0.006659999 0.07280669
v 0.005221051 -0.006278948 0.07272105
v 0.00530669 -0.006193309 0.07234
v -0.005221051 -0.02972105 0.06727895
v -0.00530669 -0.02934 0.06719331
v -0.0055 -0.02934 0.06766
v -0.00530669 -0.02980669 0.06766
v -0.00530669 -0.02934 0.06719331
v -0.00530669 -0.006659999 0.06719331
v -0.0055 -0.006659999 0.06766
v -0.0055 -0.02934 0.06766
v -0.00530669 -0.006659999 0.06719331
v -0.005221051 -0.006278948 0.06727895
v -0.00530669 -0.006193309 0.06766
v -0.0055 -0.006659999 0.06766
v -0.00530669 -0.02980669 0.06766
v -0.0055 -0.02934 0.06766
v -0.0055 -0.02934 0.07234
v -0.00530669 -0.02980669 0.07234
v -0.0055 -0.02934 0.06766
v -0.0055 -0.006659999 0.06766
v -0.0055 -0.006659999 0.07234
v -0.0055 -0.02934 0.07234
v -0.0055 -0.006659999 0.06766
v -0.00530669 -0.006193309 0.06766
v -0.00530669 -0.006193309 0.07234
v -0.0055 -0.006659999 0.07234
v -0.00530669 -0.02980669 0.07234
v -0.0055 -0.02934 0.07234
v -0.00530669 -0.02934 0.07280669
v -0.005221051 -0.02972105 0.07272105
v -0.0055 -0.02934 0.07234
v -0.0055 -0.006659999 0.07234
v -0.00530669 -0.006659999 0.07280669
v -0.00530669 -0.02934 0.07280669
v -0.0055 -0.006659999 0.07234
v -0.00530669 -0.006193309 0.07234
v -0.005221051 -0.006278948 0.07272105
v -0.00530669 -0.006659999 0.07280669
v 0.005221051 -0.02972105 0.06727895
v 0.00484 -0.02980669 0.06719331
v 0.00484 -0.03 0.06766
v 0.00530669 -0.02980669 0.06766
v 0.00530669 -0.02980669 0.06766
v 0.00484 -0.03 0.06766
v 0.00484 -0.03 0.07234
v 0.00530669 -0.02980669 0.07234
v 0.00530669 -0.02980669 0.07234
v 0.00484 -0.03 0.07234
v 0.00484 -0.02980669 0.07280669
v 0.005221051 -0.02972105 0.07272105
v 0.00484 -0.02980669 0.06719331
v -0.00484 -0.02980669 0.06719331
v -0.00484 -0.03 0.06766
v 0.00484 -0.03 0.06766
v 0.00484 -0.03 0.06766
v -0.00484 -0.03 0.06766
v -0.00484 -0.03 0.07234
v 0.00484 -0.03 0.07234
v 0.00484 -0.03 0.07234
v -0.00484 -0.03 0.07234
v -0.00484 -0.02980669 0.07280669
v 0.00484 -0.02980669 0.07280669
v -0.00484 -0.02980669 0.06719331
v -0.005221051 -0.02972105 0.06727895
v -0.00530669 -0.02980669 0.06766
v -0.00484 -0.03 0.06766
v -0.00484 -0.03 0.06766
v -0.00530669 -0.02980669 0.06766
v -0.00530669 -0.02980669 0.07234
v -0.00484 -0.03 0.07234
v -0.00484 -0.03 0.07234
v -0.00530669 -0.02980669 0.07234
v -0.005221051 -0.02972105 0.07272105
v -0.00484 -0.02980669 0.07280669
v 0.005221051 -0.006278948 0.06727895
v 0.00530669 -0.006193309 0.06766
v 0.00484 -0.005999999 0.06766
v 0.00484 -0.006193309 0.06719331
v 0.00530669 -0.006193309 0.06766
v 0.00530669 -0.006193309 0.07234
v 0.00484 -0.005999999 0.07234
v 0.00484 -0.005999999 0.06766
v 0.00530669 -0.006193309 0.07234
v 0.005221051 -0.006278948 0.07272105
v 0.00484 -0.006193309 0.07280669
v 0.00484 -0.005999999 0.07234
v 0.00484 -0.006193309 0.06719331
v 0.00484 -0.005999999 0.06766
v -0.00484 -0.005999999 0.06766
v -0.00484 -0.006193309 0.06719331
v 0.00484 -0.005999999 0.06766
v 0.00484 -0.005999999 0.07234
v -0.00484 -0.005999999 0.07234
v -0.00484 -0.005999999 0.06766
v 0.00484 -0.005999999 0.07234
v 0.00484 -0.006193309 0.07280669
v -0.00484 -0.006193309 0.07280669
v -0.00484 -0.005999999 0.07234
v -0.00484 -0.006193309 0.06719331
v -0.00484 -0.005999999 0.06766
v -0.00530669 -0.006193309 0.06766
v -0.005221051 -0.006278948 0.06727895
v -0.00484 -0.005999999 0.06766
v -0.00484 -0.005999999 0.07234
v -0.00530669 -0.006193309 0.07234
v -0.00530669 -0.006193309 0.06766
v -0.00484 -0.005999999 0.07234
v -0.00484 -0.006193309 0.07280669
v -0.005221051 -0.006278948 0.07272105
v -0.00530669 -0.006193309 0.07234
v 0.005221051 -0.02972105 0.06727895
v 0.00530669 -0.02934 0.06719331
v 0.00484 -0.02934 0.067
v 0.00484 -0.02980669 0.06719331
v 0.00484 -0.02980669 0.06719331
v 0.00484 -0.02934 0.067
v -0.00484 -0.02934 0.067
v -0.00484 -0.02980669 0.06719331
v -0.00484 -0.02980669 0.06719331
v -0.00484 -0.02934 0.067
v -0.00530669 -0.02934 0.06719331
v -0.005221051 -0.02972105 0.06727895
v 0.00530669 -0.02934 0.06719331
v 0.00530669 -0.006659999 0.06719331
v 0.00484 -0.006659999 0.067
v 0.00484 -0.02934 0.067
v 0.00484 -0.02934 0.067
v 0.00484 -0.006659999 0.067
v -0.00484 -0.006659999 0.067
v -0.00484 -0.02934 0.067
v -0.00484 -0.02934 0.067
v -0.00484 -0.006659999 0.067
v -0.00530669 -0.006659999 0.06719331
v -0.00530669 -0.02934 0.06719331
v 0.00530669 -0.006659999 0.06719331
v 0.005221051 -0.006278948 0.06727895
v 0.00484 -0.006193309 0.06719331
v 0.00484 -0.006659999 0.067
v 0.00484 -0.006659999 0.067
v 0.00484 -0.006193309 0.06719331
v -0.00484 -0.006193309 0.06719331
v -0.00484 -0.006659999 0.067
v -0.00484 -0.006659999 0.067
v -0.00484 -0.006193309 0.06719331
v -0.005221051 -0.006278948 0.06727895
v -0.00530669 -0.006659999 0.06719331
v 0.005221051 -0.02972105 0.07272105
v 0.00484 -0.02980669 0.07280669
v 0.00484 -0.02934 0.073
v 0.00530669 -0.02934 0.07280669
v 0.00484 -0.02980669 0.07280669
v -0.00484 -0.02980669 0.07280669
v -0.00484 -0.02934 0.073
v 0.00484 -0.02934 0.073
v -0.00484 -0.02980669 0.07280669
v -0.005221051 -0.02972105 0.07272105
v -0.00530669 -0.02934 0.07280669
v -0.00484 -0.02934 0.073
v 0.00530669 -0.02934 0.07280669
v 0.00484 -0.02934 0.073
v 0.00484 -0.006659999 0.073
v 0.00530669 -0.006659999 0.07280669
v 0.00484 -0.02934 0.073
v -0.00484 -0.02934 0.073
v -0.00484 -0.006659999 0.073
v 0.00484 -0.006659999 0.073
v -0.00484 -0.02934 0.073
v -0.00530669 -0.02934 0.07280669
v -0.00530669 -0.006659999 0.07280669
v -0.00484 -0.006659999 0.073
v 0.00530669 -0.006659999 0.07280669
v 0.00484 -0.006659999 0.073
v 0.00484 -0.006193309 0.07280669
v 0.005221051 -0.006278948 0.07272105
v 0.00484 -0.006659999 0.073
v -0.00484 -0.006659999 0.073
v -0.00484 -0.006193309 0.07280669
v 0.00484 -0.006193309 0.07280669
v -0.00484 -0.006659999 0.073
v -0.00530669 -0.006659999 0.07280669
v -0.005221051 -0.006278948 0.07272105
v -0.00484 -0.006193309 0.07280669
v 0.002267543 -0.01897131 0.02751482
v 0.002338909 -0.01913731 0.02779477
v 0.0025 -0.01876743 0.02791495
v 0.002338909 -0.01864725 0.02754507
v 0.002338909 -0.01864725 0.02754507
v 0.0025 -0.01876743 0.02791495
v 0.0025 -0.006118382 0.03202488
v 0.002338909 -0.005998203 0.031655
v 0.002338909 -0.005998203 0.031655
v 0.0025 -0.006118382 0.03202488
v 0.002338909 -0.005748508 0.03214505
v 0.002267543 -0.005718255 0.031821
v 0.002338909 -0.01913731 0.02779477
v 0.002338909 -0.02065149 0.03245495
v 0.0025 -0.02028162 0.03257512
v 0.0025 -0.01876743 0.02791495
v 0.0025 -0.01876743 0.02791495
v 0.0025 -0.02028162 0.03257512
v 0.0025 -0.007632566 0.03668505
v 0.0025 -0.006118382 0.03202488
v 0.0025 -0.006118382 0.03202488
v 0.0025 -0.007632566 0.03668505
v 0.002338909 -0.007262692 0.03680523
v 0.002338909 -0.005748508 0.03214505
v 0.002338909 -0.02065149 0.03245495
v 0.002267543 -0.02068174 0.032779
v 0.002338909 -0.0204018 0.032945
v 0.0025 -0.02028162 0.03257512
v 0.0025 -0.02028162 0.03257512
v 0.002338909 -0.0204018 0.032945
v 0.002338909 -0.007752745 0.03705493
v 0.0025 -0.007632566 0.03668505
v 0.0025 -0.007632566 0.03668505
v 0.002338909 -0.007752745 0.03705493
v 0.002267543 -0.007428691 0.03708518
v 0.002338909 -0.007262692 0.03680523
v -0.002267543 -0.01897131 0.02751482
v -0.002338909 -0.01864725 0.02754507
v -0.0025 -0.01876743 0.02791495
v -0.002338909 -0.01913731 0.02779477
v -0.002338909 -0.01864725 0.02754507
v -0.002338909 -0.005998203 0.031655
v -0.0025 -0.006118382 0.03202488
v -0.0025 -0.01876743 0.02791495
v -0.002338909 -0.005998203 0.031655
v -0.002267543 -0.005718255 0.031821
v -0.002338909 -0.005748508 0.03214505
v -0.0025 -0.006118382 0.03202488
v -0.002338909 -0.01913731 0.02779477
v -0.0025 -0.01876743 0.02791495
v -0.0025 -0.02028162 0.03257512
v -0.002338909 -0.02065149 0.03245495
v -0.0025 -0.01876743 0.02791495
v -0.0025 -0.006118382 0.03202488
v -0.0025 -0.007632566 0.03668505
v -0.0025 -0.02028162 0.03257512
v -0.0025 -0.006118382 0.03202488
v -0.002338909 -0.005748508 0.03214505
v -0.002338909 -0.007262692 0.03680523
v -0.0025 -0.007632566 0.03668505
v -0.002338909 -0.02065149 0.03245495
v -0.0025 -0.02028162 0.03257512
v -0.002338909 -0.0204018 0.032945
v -0.002267543 -0.02068174 0.032779
v -0.0025 -0.02028162 0.03257512
v -0.0025 -0.007632566 0.03668505
v -0.002338909 -0.007752745 0.03705493
v -0.002338909 -0.0204018 0.032945
v -0.0025 -0.007632566 0.03668505
v -0.002338909 -0.007262692 0.03680523
v -0.002267543 -0.007428691 0.03708518
v -0.002338909 -0.007752745 0.03705493
v 0.002267543 -0.01897131 0.02751482
v 0.00195 -0.01901713 0.02742489
v 0.00195 -0.01929051 0.02774499
v 0.002338909 -0.01913731 0.02779477
v 0.002338909 -0.01913731 0.02779477
v 0.00195 -0.01929051 0.02774499
v 0.00195 -0.0208047 0.03240516
v 0.002338909 -0.02065149 0.03245495
v 0.002338909 -0.02065149 0.03245495
v 0.00195 -0.0208047 0.03240516
v 0.00195 -0.02077167 0.03282482
v 0.002267543 -0.02068174 0.032779
v 0.00195 -0.01901713 0.02742489
v -0.00195 -0.01901713 0.02742489
v -0.00195 -0.01929051 0.02774499
v 0.00195 -0.01929051 0.02774499
v 0.00195 -0.01929051 0.02774499
v -0.00195 -0.01929051 0.02774499
v -0.00195 -0.0208047 0.03240516
v 0.00195 -0.0208047 0.03240516
v 0.00195 -0.0208047 0.03240516
v -0.00195 -0.0208047 0.03240516
v -0.00195 -0.02077167 0.03282482
v 0.00195 -0.02077167 0.03282482
v -0.00195 -0.01901713 0.02742489
v -0.002267543 -0.01897131 0.02751482
v -0.002338909 -0.01913731 0.02779477
v -0.00195 -0.01929051 0.02774499
v -0.00195 -0.01929051 0.02774499
v -0.002338909 -0.01913731 0.02779477
v -0.002338909 -0.02065149 0.03245495
v -0.00195 -0.0208047 0.03240516
v -0.00195 -0.0208047 0.03240516
v -0.002338909 -0.02065149 0.03245495
v -0.002267543 -0.02068174 0.032779
v -0.00195 -0.02077167 0.03282482
v 0.002267543 -0.005718255 0.031821
v 0.002338909 -0.005748508 0.03214505
v 0.00195 -0.005595301 0.03219483
v 0.00195 -0.005628329 0.03177518
v 0.002338909 -0.005748508 0.03214505
v 0.002338909 -0.007262692 0.03680523
v 0.00195 -0.007109485 0.03685501
v 0.00195 -0.005595301 0.03219483
v 0.002338909 -0.007262692 0.03680523
v 0.002267543 -0.007428691 0.03708518
v 0.00195 -0.007382871 0.0371751
v 0.00195 -0.007109485 0.03685501
v 0.00195 -0.005628329 0.03177518
v 0.00195 -0.005595301 0.03219483
v -0.00195 -0.005595301 0.03219483
v -0.00195 -0.005628329 0.03177518
v 0.00195 -0.005595301 0.03219483
v 0.00195 -0.007109485 0.03685501
v -0.00195 -0.007109485 0.03685501
v -0.00195 -0.005595301 0.03219483
v 0.00195 -0.007109485 0.03685501
v 0.00195 -0.007382871 0.0371751
v -0.00195 -0.007382871 0.0371751
v -0.00195 -0.007109485 0.03685501
v -0.00195 -0.005628329 0.03177518
v -0.00195 -0.005595301 0.03219483
v -0.002338909 -0.005748508 0.03214505
v -0.002267543 -0.005718255 0.031821
v -0.00195 -0.005595301 0.03219483
v -0.00195 -0.007109485 0.03685501
v -0.002338909 -0.007262692 0.03680523
v -0.002338909 -0.005748508 0.03214505
v -0.00195 -0.007109485 0.03685501
v -0.00195 -0.007382871 0.0371751
v -0.002267543 -0.007428691 0.03708518
v -0.002338909 -0.007262692 0.03680523
v 0.002267543 -0.01897131 0.02751482
v 0.002338909 -0.01864725 0.02754507
v 0.00195 -0.01859747 0.02739187
v 0.00195 -0.01901713 0.02742489
v 0.00195 -0.01901713 0.02742489
v 0.00195 -0.01859747 0.02739187
v -0.00195 -0.01859747 0.02739187
v -0.00195 -0.01901713 0.02742489
v -0.00195 -0.01901713 0.02742489
v -0.00195 -0.01859747 0.02739187
v -0.002338909 -0.01864725 0.02754507
v -0.002267543 -0.01897131 0.02751482
v 0.002338909 -0.01864725 0.02754507
v 0.002338909 -0.005998203 0.031655
v 0.00195 -0.005948423 0.03150179
v 0.00195 -0.01859747 0.02739187
v 0.00195 -0.01859747 0.02739187
v 0.00195 -0.005948423 0.03150179
v -0.00195 -0.005948423 0.03150179
v -0.00195 -0.01859747 0.02739187
v -0.00195 -0.01859747 0.02739187
v -0.00195 -0.005948423 0.03150179
v -0.002338909 -0.005998203 0.031655
v -0.002338909 -0.01864725 0.02754507
v 0.002338909 -0.005998203 0.031655
v 0.002267543 -0.005718255 0.031821
v 0.00195 -0.005628329 0.03177518
v 0.00195 -0.005948423 0.03150179
v 0.00195 -0.005948423 0.03150179
v 0.00195 -0.005628329 0.03177518
v -0.00195 -0.005628329 0.03177518
v -0.00195 -0.005948423 0.03150179
v -0.00195 -0.005948423 0.03150179
v -0.00195 -0.005628329 0.03177518
v -0.002267543 -0.005718255 0.031821
v -0.002338909 -0.005998203 0.031655
v 0.002267543 -0.02068174 0.032779
v 0.00195 -0.02077167 0.03282482
v 0.00195 -0.02045158 0.03309821
v 0.002338909 -0.0204018 0.032945
v 0.00195 -0.02077167 0.03282482
v -0.00195 -0.02077167 0.03282482
v -0.00195 -0.02045158 0.03309821
v 0.00195 -0.02045158 0.03309821
v -0.00195 -0.02077167 0.03282482
v -0.002267543 -0.02068174 0.032779
v -0.002338909 -0.0204018 0.032945
v -0.00195 -0.02045158 0.03309821
v 0.002338909 -0.0204018 0.032945
v 0.00195 -0.02045158 0.03309821
v 0.00195 -0.007802526 0.03720813
v 0.002338909 -0.007752745 0.03705493
v 0.00195 -0.02045158 0.03309821
v -0.00195 -0.02045158 0.03309821
v -0.00195 -0.007802526 0.03720813
v 0.00195 -0.007802526 0.03720813
v -0.00195 -0.02045158 0.03309821
v -0.002338909 -0.0204018 0.032945
v -0.002338909 -0.007752745 0.03705493
v -0.00195 -0.007802526 0.03720813
v 0.002338909 -0.007752745 0.03705493
v 0.00195 -0.007802526 0.03720813
v 0.00195 -0.007382871 0.0371751
v 0.002267543 -0.007428691 0.03708518
v 0.00195 -0.007802526 0.03720813
v -0.00195 -0.007802526 0.03720813
v -0.00195 -0.007382871 0.0371751
v 0.00195 -0.007382871 0.0371751
v -0.00195 -0.007802526 0.03720813
v -0.002338909 -0.007752745 0.03705493
v -0.002267543 -0.007428691 0.03708518
v -0.00195 -0.007382871 0.0371751
v -0.01256444 0.005220001 0.02406444
v -0.0125 0.005220001 0.02422
v -0.0125 0.01078 0.02422
v -0.01256444 0.01078 0.02406444
v -0.01256444 0.005064437 0.02422
v -0.01256444 0.005064437 0.03578
v -0.0125 0.005220001 0.03578
v -0.0125 0.005220001 0.02422
v -0.0125 0.005220001 0.02422
v -0.0125 0.005220001 0.03578
v -0.0125 0.01078 0.03578
v -0.0125 0.01078 0.02422
v -0.0125 0.01078 0.02422
v -0.0125 0.01078 0.03578
v -0.01256444 0.01093556 0.03578
v -0.01256444 0.01093556 0.02422
v -0.0125 0.005220001 0.03578
v -0.01256444 0.005220001 0.03593556
v -0.01256444 0.01078 0.03593556
v -0.0125 0.01078 0.03578
v -0.01443556 0.005220001 0.02406444
v -0.01443556 0.01078 0.02406444
v -0.0145 0.01078 0.02422
v -0.0145 0.005220001 0.02422
v -0.01443556 0.005064437 0.02422
v -0.0145 0.005220001 0.02422
v -0.0145 0.005220001 0.03578
v -0.01443556 0.005064437 0.03578
v -0.0145 0.005220001 0.02422
v -0.0145 0.01078 0.02422
v -0.0145 0.01078 0.03578
v -0.0145 0.005220001 0.03578
v -0.0145 0.01078 0.02422
v -0.01443556 0.01093556 0.02422
v -0.01443556 0.01093556 0.03578
v -0.0145 0.01078 0.03578
v -0.0145 0.005220001 0.03578
v -0.0145 0.01078 0.03578
v -0.01443556 0.01078 0.03593556
v -0.01443556 0.005220001 0.03593556
v -0.01256444 0.005064437 0.02422
v -0.01272 0.005 0.02422
v -0.01272 0.005 0.03578
v -0.01256444 0.005064437 0.03578
v -0.01272 0.005064437 0.02406444
v -0.01428 0.005064437 0.02406444
v -0.01428 0.005 0.02422
v -0.01272 0.005 0.02422
v -0.01272 0.005 0.02422
v -0.01428 0.005 0.02422
v -0.01428 0.005 0.03578
v -0.01272 0.005 0.03578
v -0.01272 0.005 0.03578
v -0.01428 0.005 0.03578
v -0.01428 0.005064437 0.03593556
v -0.01272 0.005064437 0.03593556
v -0.01428 0.005 0.02422
v -0.01443556 0.005064437 0.02422
v -0.01443556 0.005064437 0.03578
v -0.01428 0.005 0.03578
v -0.01256444 0.01093556 0.02422
v -0.01256444 0.01093556 0.03578
v -0.01272 0.011 0.03578
v -0.01272 0.011 0.02422
v -0.01272 0.01093556 0.02406444
v -0.01272 0.011 0.02422
v -0.01428 0.011 0.02422
v -0.01428 0.01093556 0.02406444
v -0.01272 0.011 0.02422
v -0.01272 0.011 0.03578
v -0.01428 0.011 0.03578
v -0.01428 0.011 0.02422
v -0.01272 0.011 0.03578
v -0.01272 0.01093556 0.03593556
v -0.01428 0.01093556 0.03593556
v -0.01428 0.011 0.03578
v -0.01428 0.011 0.02422
v -0.01428 0.011 0.03578
v -0.01443556 0.01093556 0.03578
v -0.01443556 0.01093556 0.02422
v -0.01272 0.005064437 0.02406444
v -0.01272 0.005220001 0.024
v -0.01428 0.005220001 0.024
v -0.01428 0.005064437 0.02406444
v -0.01256444 0.005220001 0.02406444
v -0.01256444 0.01078 0.02406444
v -0.01272 0.01078 0.024
v -0.01272 0.005220001 0.024
v -0.01272 0.005220001 0.024
v -0.01272 0.01078 0.024
v -0.01428 0.01078 0.024
v -0.01428 0.005220001 0.024
v -0.01428 0.005220001 0.024
v -0.01428 0.01078 0.024
v -0.01443556 0.01078 0.02406444
v -0.01443556 0.005220001 0.02406444
v -0.01272 0.01078 0.024
v -0.01272 0.01093556 0.02406444
v -0.01428 0.01093556 0.02406444
v -0.01428 0.01078 0.024
v -0.01272 0.005064437 0.03593556
v -0.01428 0.005064437 0.03593556
v -0.01428 0.005220001 0.036
v -0.01272 0.005220001 0.036
v -0.01256444 0.005220001 0.03593556
v -0.01272 0.005220001 0.036
v -0.01272 0.01078 0.036
v -0.01256444 0.01078 0.03593556
v -0.01272 0.005220001 0.036
v -0.01428 0.005220001 0.036
v -0.01428 0.01078 0.036
v -0.01272 0.01078 0.036
v -0.01428 0.005220001 0.036
v -0.01443556 0.005220001 0.03593556
v -0.01443556 0.01078 0.03593556
v -0.01428 0.01078 0.036
v -0.01272 0.01078 0.036
v -0.01428 0.01078 0.036
v -0.01428 0.01093556 0.03593556
v -0.01272 0.01093556 0.03593556
v 0.009814034 -0.01231403 0.100186
v 0.009871127 -0.01237113 0.10044
v 0.01 -0.01206 0.10044
v 0.009871127 -0.01206 0.1001289
v 0.009871127 -0.01206 0.1001289
v 0.01 -0.01206 0.10044
v 0.01 -0.00894 0.10044
v 0.009871127 -0.00894 0.1001289
v 0.009871127 -0.00894 0.1001289
v 0.01 -0.00894 0.10044
v 0.009871127 -0.008628873 0.10044
v 0.009814034 -0.008685965 0.100186
v 0.009871127 -0.01237113 0.10044
v 0.009871127 -0.01237113 0.14956
v 0.01 -0.01206 0.14956
v 0.01 -0.01206 0.10044
v 0.01 -0.01206 0.10044
v 0.01 -0.01206 0.14956
v 0.01 -0.00894 0.14956
v 0.01 -0.00894 0.10044
v 0.01 -0.00894 0.10044
v 0.01 -0.00894 0.14956
v 0.009871127 -0.008628873 0.14956
v 0.009871127 -0.008628873 0.10044
v 0.009871127 -0.01237113 0.14956
v 0.009814034 -0.01231403 0.149814
v 0.009871127 -0.01206 0.1498711
v 0.01 -0.01206 0.14956
v 0.01 -0.01206 0.14956
v 0.009871127 -0.01206 0.1498711
v 0.009871127 -0.00894 0.1498711
v 0.01 -0.00894 0.14956
v 0.01 -0.00894 0.14956
v 0.009871127 -0.00894 0.1498711
v 0.009814034 -0.008685965 0.149814
v 0.009871127 -0.008628873 0.14956
v -0.009814034 -0.01231403 0.100186
v -0.009871127 -0.01206 0.1001289
v -0.01 -0.01206 0.10044
v -0.009871127 -0.01237113 0.10044
v -0.009871127 -0.01206 0.1001289
v -0.009871127 -0.00894 0.1001289
v -0.01 -0.00894 0.10044
v -0.01 -0.01206 0.10044
v -0.009871127 -0.00894 0.1001289
v -0.009814034 -0.008685965 0.100186
v -0.009871127 -0.008628873 0.10044
v -0.01 -0.00894 0.10044
v -0.009871127 -0.01237113 0.10044
v -0.01 -0.01206 0.10044
v -0.01 -0.01206 0.14956
v -0.009871127 -0.01237113 0.14956
v -0.01 -0.01206 0.10044
v -0.01 -0.00894 0.10044
v -0.01 -0.00894 0.14956
v -0.01 -0.01206 0.14956
v -0.01 -0.00894 0.10044
v -0.009871127 -0.008628873 0.10044
v -0.009871127 -0.008628873 0.14956
v -0.01 -0.00894 0.14956
v -0.009871127 -0.01237113 0.14956
v -0.01 -0.01206 0.14956
v -0.009871127 -0.01206 0.1498711
v -0.009814034 -0.01231403 0.149814
v -0.01 -0.01206 0.14956
v -0.01 -0.00894 0.14956
v -0.009871127 -0.00894 0.1498711
v -0.009871127 -0.01206 0.1498711
v -0.01 -0.00894 0.14956
v -0.009871127 -0.008628873 0.14956
v -0.009814034 -0.008685965 0.149814
v -0.009871127 -0.00894 0.1498711
v 0.009814034 -0.01231403 0.100186
v 0.00956 -0.01237113 0.1001289
v 0.00956 -0.0125 0.10044
v 0.009871127 -0.01237113 0.10044
v 0.009871127 -0.01237113 0.10044
v 0.00956 -0.0125 0.10044
v 0.00956 -0.0125 0.14956
v 0.009871127 -0.01237113 0.14956
v 0.009871127 -0.01237113 0.14956
v 0.00956 -0.0125 0.14956
v 0.00956 -0.01237113 0.1498711
v 0.009814034 -0.01231403 0.149814
v 0.00956 -0.01237113 0.1001289
v -0.00956 -0.01237113 0.1001289
v -0.00956 -0.0125 0.10044
v 0.00956 -0.0125 0.10044
v 0.00956 -0.0125 0.10044
v -0.00956 -0.0125 0.10044
v -0.00956 -0.0125 0.14956
v 0.00956 -0.0125 0.14956
v 0.00956 -0.0125 0.14956
v -0.00956 -0.0125 0.14956
v -0.00956 -0.01237113 0.1498711
v 0.00956 -0.01237113 0.1498711
v -0.00956 -0.01237113 0.1001289
v -0.009814034 -0.01231403 0.100186
v -0.009871127 -0.01237113 0.10044
v -0.00956 -0.0125 0.10044
v -0.00956 -0.0125 0.10044
v -0.009871127 -0.01237113 0.10044
v -0.009871127 -0.01237113 0.14956
v -0.00956 -0.0125 0.14956
v -0.00956 -0.0125 0.14956
v -0.009871127 -0.01237113 0.14956
v -0.009814034 -0.01231403 0.149814
v -0.00956 -0.01237113 0.1498711
v 0.009814034 -0.008685965 0.100186
v 0.009871127 -0.008628873 0.10044
v 0.00956 -0.0085 0.10044
v 0.00956 -0.008628873 0.1001289
v 0.009871127 -0.008628873 0.10044
v 0.009871127 -0.008628873 0.14956
v 0.00956 -0.0085 0.14956
v 0.00956 -0.0085 0.10044
v 0.009871127 -0.008628873 0.14956
v 0.009814034 -0.008685965 0.149814
v 0.00956 -0.008628873 0.1498711
v 0.00956 -0.0085 0.14956
v 0.00956 -0.008628873 0.1001289
v 0.00956 -0.0085 0.10044
v -0.00956 -0.0085 0.10044
v -0.00956 -0.008628873 0.1001289
v 0.00956 -0.0085 0.10044
v 0.00956 -0.0085 0.14956
v -0.00956 -0.0085 0.14956
v -0.00956 -0.0085 0.10044
v 0.00956 -0.0085 0.14956
v 0.00956 -0.008628873 0.1498711
v -0.00956 -0.008628873 0.1498711
v -0.00956 -0.0085 0.14956
v -0.00956 -0.008628873 0.1001289
v -0.00956 -0.0085 0.10044
v -0.009871127 -0.008628873 0.10044
v -0.009814034 -0.008685965 0.100186
v -0.00956 -0.0085 0.10044
v -0.00956 -0.0085 0.14956
v -0.009871127 -0.008628873 0.14956
v -0.009871127 -0.008628873 0.10044
v -0.00956 -0.0085 0.14956
v -0.00956 -0.008628873 0.1498711
v -0.009814034 -0.008685965 0.149814
v -0.009871127 -0.008628873 0.14956
v 0.009814034 -0.01231403 0.100186
v 0.009871127 -0.01206 0.1001289
v 0.00956 -0.01206 0.1
v 0.00956 -0.01237113 0.1001289
v 0.00956 -0.01237113 0.1001289
v 0.00956 -0.01206 0.1
v -0.00956 -0.01206 0.1
v -0.00956 -0.01237113 0.1001289
v -0.00956 -0.01237113 0.1001289
v -0.00956 -0.01206 0.1
v -0.009871127 -0.01206 0.1001289
v -0.009814034 -0.01231403 0.100186
v 0.009871127 -0.01206 0.1001289
v 0.009871127 -0.00894 0.1001289
v 0.00956 -0.00894 0.1
v 0.00956 -0.01206 0.1
v 0.00956 -0.01206 0.1
v 0.00956 -0.00894 0.1
v -0.00956 -0.00894 0.1
v -0.00956 -0.01206 0.1
v -0.00956 -0.01206 0.1
v -0.00956 -0.00894 0.1
v -0.009871127 -0.00894 0.1001289
v -0.009871127 -0.01206 0.1001289
v 0.009871127 -0.00894 0.1001289
v 0.009814034 -0.008685965 0.100186
v 0.00956 -0.008628873 0.1001289
v 0.00956 -0.00894 0.1
v 0.00956 -0.00894 0.1
v 0.00956 -0.008628873 0.1001289
v -0.00956 -0.008628873 0.1001289
v -0.00956 -0.00894 0.1
v -0.00956 -0.00894 0.1
v -0.00956 -0.008628873 0.1001289
v -0.009814034 -0.008685965 0.100186
v -0.009871127 -0.00894 0.1001289
v 0.009814034 -0.01231403 0.149814
v 0.00956 -0.01237113 0.1498711
v 0.00956 -0.01206 0.15
v 0.009871127 -0.01206 0.1498711
v 0.00956 -0.01237113 0.1498711
v -0.00956 -0.01237113 0.1498711
v -0.00956 -0.01206 0.15
v 0.00956 -0.01206 0.15
v -0.00956 -0.01237113 0.1498711
v -0.009814034 -0.01231403 0.149814
v -0.009871127 -0.01206 0.1498711
v -0.00956 -0.01206 0.15
v 0.009871127 -0.01206 0.1498711
v 0.00956 -0.01206 0.15
v 0.00956 -0.00894 0.15
v 0.009871127 -0.00894 0.1498711
v 0.00956 -0.01206 0.15
v -0.00956 -0.01206 0.15
v -0.00956 -0.00894 0.15
v 0.00956 -0.00894 0.15
v -0.00956 -0.01206 0.15
v -0.009871127 -0.01206 0.1498711
v -0.009871127 -0.00894 0.1498711
v -0.00956 -0.00894 0.15
v 0.009871127 -0.00894 0.1498711
v 0.00956 -0.00894 0.15
v 0.00956 -0.008628873 0.1498711
v 0.009814034 -0.008685965 0.149814
v 0.00956 -0.00894 0.15
v -0.00956 -0.00894 0.15
v -0.00956 -0.008628873 0.1498711
v 0.00956 -0.008628873 0.1498711
v -0.00956 -0.00894 0.15
v -0.009871127 -0.00894 0.1498711
v -0.009814034 -0.008685965 0.149814
v -0.00956 -0.008628873 0.1498711
v 0.01349282 -0.0009928206 -0.00549282
v 0.01364853 -0.001148528 -0.0048
v 0.014 -0.0003000004 -0.0048
v 0.01364853 -0.0003000004 -0.005648528
v 0.01364853 -0.0003000004 -0.005648528
v 0.014 -0.0003000004 -0.0048
v 0.014 0.0093 -0.0048
v 0.01364853 0.0093 -0.005648528
v 0.01364853 0.0093 -0.005648528
v 0.014 0.0093 -0.0048
v 0.01364853 0.01014853 -0.0048
v 0.01349282 0.00999282 -0.00549282
v 0.01364853 -0.001148528 -0.0048
v 0.01364853 -0.001148528 0.0048
v 0.014 -0.0003000004 0.0048
v 0.014 -0.0003000004 -0.0048
v 0.014 -0.0003000004 -0.0048
v 0.014 -0.0003000004 0.0048
v 0.014 0.0093 0.0048
v 0.014 0.0093 -0.0048
v 0.014 0.0093 -0.0048
v 0.014 0.0093 0.0048
v 0.01364853 0.01014853 0.0048
v 0.01364853 0.01014853 -0.0048
v 0.01364853 -0.001148528 0.0048
v 0.01349282 -0.0009928206 0.00549282
v 0.01364853 -0.0003000004 0.005648528
v 0.014 -0.0003000004 0.0048
v 0.014 -0.0003000004 0.0048
v 0.01364853 -0.0003000004 0.005648528
v 0.01364853 0.0093 0.005648528
v 0.014 0.0093 0.0048
v 0.014 0.0093 0.0048
v 0.01364853 0.0093 0.005648528
v 0.01349282 0.00999282 0.00549282
v 0.01364853 0.01014853 0.0048
v -0.01349282 -0.0009928206 -0.00549282
v -0.01364853 -0.0003000004 -0.005648528
v -0.014 -0.0003000004 -0.0048
v -0.01364853 -0.001148528 -0.0048
v -0.01364853 -0.0003000004 -0.005648528
v -0.01364853 0.0093 -0.005648528
v -0.014 0.0093 -0.0048
v -0.014 -0.0003000004 -0.0048
v -0.01364853 0.0093 -0.005648528
v -0.01349282 0.00999282 -0.00549282
v -0.01364853 0.01014853 -0.0048
v -0.014 0.0093 -0.0048
v -0.01364853 -0.001148528 -0.0048
v -0.014 -0.0003000004 -0.0048
v -0.014 -0.0003000004 0.0048
v -0.01364853 -0.001148528 0.0048
v -0.014 -0.0003000004 -0.0048
v -0.014 0.0093 -0.0048
v -0.014 0.0093 0.0048
v -0.014 -0.0003000004 0.0048
v -0.014 0.0093 -0.0048
v -0.01364853 0.01014853 -0.0048
v -0.01364853 0.01014853 0.0048
v -0.014 0.0093 0.0048
v -0.01364853 -0.001148528 0.0048
v -0.014 -0.0003000004 0.0048
v -0.01364853 -0.0003000004 0.005648528
v -0.01349282 -0.0009928206 0.00549282
v -0.014 -0.0003000004 0.0048
v -0.014 0.0093 0.0048
v -0.01364853 0.0093 0.005648528
v -0.01364853 -0.0003000004 0.005648528
v -0.014 0.0093 0.0048
v -0.01364853 0.01014853 0.0048
v -0.01349282 0.00999282 0.00549282
v -0.01364853 0.0093 0.005648528
v 0.01349282 -0.0009928206 -0.00549282
v 0.0128 -0.001148528 -0.005648528
v 0.0128 -0.0015 -0.0048
v 0.01364853 -0.001148528 -0.0048
v 0.01364853 -0.001148528 -0.0048
v 0.0128 -0.0015 -0.0048
v 0.0128 -0.0015 0.0048
v 0.01364853 -0.001148528 0.0048
v 0.01364853 -0.001148528 0.0048
v 0.0128 -0.0015 0.0048
v 0.0128 -0.001148528 0.005648528
v 0.01349282 -0.0009928206 0.00549282
v 0.0128 -0.001148528 -0.005648528
v -0.0128 -0.001148528 -0.005648528
v -0.0128 -0.0015 -0.0048
v 0.0128 -0.0015 -0.0048
v 0.0128 -0.0015 -0.0048
v -0.0128 -0.0015 -0.0048
v -0.0128 -0.0015 0.0048
v 0.0128 -0.0015 0.0048
v 0.0128 -0.0015 0.0048
v -0.0128 -0.0015 0.0048
v -0.0128 -0.001148528 0.005648528
v 0.0128 -0.001148528 0.005648528
v -0.0128 -0.001148528 -0.005648528
v -0.01349282 -0.0009928206 -0.00549282
v -0.01364853 -0.001148528 -0.0048
v -0.0128 -0.0015 -0.0048
v -0.0128 -0.0015 -0.0048
v -0.01364853 -0.001148528 -0.0048
v -0.01364853 -0.001148528 0.0048
v -0.0128 -0.0015 0.0048
v -0.0128 -0.0015 0.0048
v -0.01364853 -0.001148528 0.0048
v -0.01349282 -0.0009928206 0.00549282
v -0.0128 -0.001148528 0.005648528
v 0.01349282 0.00999282 -0.00549282
v 0.01364853 0.01014853 -0.0048
v 0.0128 0.0105 -0.0048
v 0.0128 0.01014853 -0.005648528
v 0.01364853 0.01014853 -0.0048
v 0.01364853 0.01014853 0.0048
v 0.0128 0.0105 0.0048
v 0.0128 0.0105 -0.0048
v 0.01364853 0.01014853 0.0048
v 0.01349282 0.00999282 0.00549282
v 0.0128 0.01014853 0.005648528
v 0.0128 0.0105 0.0048
v 0.0128 0.01014853 -0.005648528
v 0.0128 0.0105 -0.0048
v -0.0128 0.0105 -0.0048
v -0.0128 0.01014853 -0.005648528
v 0.0128 0.0105 -0.0048
v 0.0128 0.0105 0.0048
v -0.0128 0.0105 0.0048
v -0.0128 0.0105 -0.0048
v 0.0128 0.0105 0.0048
v 0.0128 0.01014853 0.005648528
v -0.0128 0.01014853 0.005648528
v -0.0128 0.0105 0.0048
v -0.0128 0.01014853 -0.005648528
v -0.0128 0.0105 -0.0048
v -0.01364853 0.01014853 -0.0048
v -0.01349282 0.00999282 -0.00549282
v -0.0128 0.0105 -0.0048
v -0.0128 0.0105 0.0048
v -0.01364853 0.01014853 0.0048
v -0.01364853 0.01014853 -0.0048
v -0.0128 0.0105 0.0048
v -0.0128 0.01014853 0.005648528
v -0.01349282 0.00999282 0.00549282
v -0.01364853 0.01014853 0.0048
v 0.01349282 -0.0009928206 -0.00549282
v 0.01364853 -0.0003000004 -0.005648528
v 0.0128 -0.0003000004 -0.006
v 0.0128 -0.001148528 -0.005648528
v 0.0128 -0.001148528 -0.005648528
v 0.0128 -0.0003000004 -0.006
v -0.0128 -0.0003000004 -0.006
v -0.0128 -0.001148528 -0.005648528
v -0.0128 -0.001148528 -0.005648528
v -0.0128 -0.0003000004 -0.006
v -0.01364853 -0.0003000004 -0.005648528
v -0.01349282 -0.0009928206 -0.00549282
v 0.01364853 -0.0003000004 -0.005648528
v 0.01364853 0.0093 -0.005648528
v 0.0128 0.0093 -0.006
v 0.0128 -0.0003000004 -0.006
v 0.0128 -0.0003000004 -0.006
v 0.0128 0.0093 -0.006
v -0.0128 0.0093 -0.006
v -0.0128 -0.0003000004 -0.006
v -0.0128 -0.0003000004 -0.006
v -0.0128 0.0093 -0.006
v -0.01364853 0.0093 -0.005648528
v -0.01364853 -0.0003000004 -0.005648528
v 0.01364853 0.0093 -0.005648528
v 0.01349282 0.00999282 -0.00549282
v 0.0128 0.01014853 -0.005648528
v 0.0128 0.0093 -0.006
v 0.0128 0.0093 -0.006
v 0.0128 0.01014853 -0.005648528
v -0.0128 0.01014853 -0.005648528
v -0.0128 0.0093 -0.006
v -0.0128 0.0093 -0.006
v -0.0128 0.01014853 -0.005648528
v -0.01349282 0.00999282 -0.00549282
v -0.01364853 0.0093 -0.005648528
v 0.01349282 -0.0009928206 0.00549282
v 0.0128 -0.001148528 0.005648528
v 0.0128 -0.0003000004 0.006
v 0.01364853 -0.0003000004 0.005648528
v 0.0128 -0.001148528 0.005648528
v -0.0128 -0.001148528 0.005648528
v -0.0128 -0.0003000004 0.006
v 0.0128 -0.0003000004 0.006
v -0.0128 -0.001148528 0.005648528
v -0.01349282 -0.0009928206 0.00549282
v -0.01364853 -0.0003000004 0.005648528
v -0.0128 -0.0003000004 0.006
v 0.01364853 -0.0003000004 0.005648528
v 0.0128 -0.0003000004 0.006
v 0.0128 0.0093 0.006
v 0.01364853 0.0093 0.005648528
v 0.0128 -0.0003000004 0.006
v -0.0128 -0.0003000004 0.006
v -0.0128 0.0093 0.006
v 0.0128 0.0093 0.006
v -0.0128 -0.0003000004 0.006
v -0.01364853 -0.0003000004 0.005648528
v -0.01364853 0.0093 0.005648528
v -0.0128 0.0093 0.006
v 0.01364853 0.0093 0.005648528
v 0.0128 0.0093 0.006
v 0.0128 0.01014853 0.005648528
v 0.01349282 0.00999282 0.00549282
v 0.0128 0.0093 0.006
v -0.0128 0.0093 0.006
v -0.0128 0.01014853 0.005648528
v 0.0128 0.01014853 0.005648528
v -0.0128 0.0093 0.006
v -0.01364853 0.0093 0.005648528
v -0.01349282 0.00999282 0.00549282
v -0.0128 0.01014853 0.005648528
v 0.01169845 -0.004224 0.08630155
v 0.01175 -0.004224 0.086426
v 0.01175 -0.002976 0.086426
v 0.01169845 -0.002976 0.08630155
v 0.01169845 -0.00434845 0.086426
v 0.01169845 -0.00434845 0.089574
v 0.01175 -0.004224 0.089574
v 0.01175 -0.004224 0.086426
v 0.01175 -0.004224 0.086426
v 0.01175 -0.004224 0.089574
v 0.01175 -0.002976 0.089574
v 0.01175 -0.002976 0.086426
v 0.01175 -0.002976 0.086426
v 0.01175 -0.002976 0.089574
v 0.01169845 -0.002851549 0.089574
v 0.01169845 -0.002851549 0.086426
v 0.01175 -0.004224 0.089574
v 0.01169845 -0.004224 0.08969845
v 0.01169845 -0.002976 0.08969845
v 0.01175 -0.002976 0.089574
v -0.01169845 -0.004224 0.08630155
v -0.01169845 -0.002976 0.08630155
v -0.01175 -0.002976 0.086426
v -0.01175 -0.004224 0.086426
v -0.01169845 -0.00434845 0.086426
v -0.01175 -0.004224 0.086426
v -0.01175 -0.004224 0.089574
v -0.01169845 -0.00434845 0.089574
v -0.01175 -0.004224 0.086426
v -0.01175 -0.002976 0.086426
v -0.01175 -0.002976 0.089574
v -0.01175 -0.004224 0.089574
v -0.01175 -0.002976 0.086426
v -0.01169845 -0.002851549 0.086426
v -0.01169845 -0.002851549 0.089574
v -0.01175 -0.002976 0.089574
v -0.01175 -0.004224 0.089574
v -0.01175 -0.002976 0.089574
v -0.01169845 -0.002976 0.08969845
v -0.01169845 -0.004224 0.08969845
v 0.01169845 -0.00434845 0.086426
v 0.011574 -0.0044 0.086426
v 0.011574 -0.0044 0.089574
v 0.01169845 -0.00434845 0.089574
v 0.011574 -0.004348451 0.08630155
v -0.011574 -0.004348451 0.08630155
v -0.011574 -0.0044 0.086426
v 0.011574 -0.0044 0.086426
v 0.011574 -0.0044 0.086426
v -0.011574 -0.0044 0.086426
v -0.011574 -0.0044 0.089574
v 0.011574 -0.0044 0.089574
v 0.011574 -0.0044 0.089574
v -0.011574 -0.0044 0.089574
v -0.011574 -0.004348451 0.08969845
v 0.011574 -0.004348451 0.08969845
v -0.011574 -0.0044 0.086426
v -0.01169845 -0.00434845 0.086426
v -0.01169845 -0.00434845 0.089574
v -0.011574 -0.0044 0.089574
v 0.01169845 -0.002851549 0.086426
v 0.01169845 -0.002851549 0.089574
v 0.011574 -0.0028 0.089574
v 0.011574 -0.0028 0.086426
v 0.011574 -0.002851549 0.08630155
v 0.011574 -0.0028 0.086426
v -0.011574 -0.0028 0.086426
v -0.011574 -0.002851549 0.08630155
v 0.011574 -0.0028 0.086426
v 0.011574 -0.0028 0.089574
v -0.011574 -0.0028 0.089574
v -0.011574 -0.0028 0.086426
v 0.011574 -0.0028 0.089574
v 0.011574 -0.002851549 0.08969845
v -0.011574 -0.002851549 0.08969845
v -0.011574 -0.0028 0.089574
v -0.011574 -0.0028 0.086426
v -0.011574 -0.0028 0.089574
v -0.01169845 -0.002851549 0.089574
v -0.01169845 -0.002851549 0.086426
v 0.011574 -0.004348451 0.08630155
v 0.011574 -0.004224 0.08625
v -0.011574 -0.004224 0.08625
v -0.011574 -0.004348451 0.08630155
v 0.01169845 -0.004224 0.08630155
v 0.01169845 -0.002976 0.08630155
v 0.011574 -0.002976 0.08625
v 0.011574 -0.004224 0.08625
v 0.011574 -0.004224 0.08625
v 0.011574 -0.002976 0.08625
v -0.011574 -0.002976 0.08625
v -0.011574 -0.004224 0.08625
v -0.011574 -0.004224 0.08625
v -0.011574 -0.002976 0.08625
v -0.01169845 -0.002976 0.08630155
v -0.01169845 -0.004224 0.08630155
v 0.011574 -0.002976 0.08625
v 0.011574 -0.002851549 0.08630155
v -0.011574 -0.002851549 0.08630155
v -0.011574 -0.002976 0.08625
v 0.011574 -0.004348451 0.08969845
v -0.011574 -0.004348451 0.08969845
v -0.011574 -0.004224 0.08975
v 0.011574 -0.004224 0.08975
v 0.01169845 -0.004224 0.08969845
v 0.011574 -0.004224 0.08975
v 0.011574 -0.002976 0.08975
v 0.01169845 -0.002976 0.08969845
v 0.011574 -0.004224 0.08975
v -0.011574 -0.004224 0.08975
v -0.011574 -0.002976 0.08975
v 0.011574 -0.002976 0.08975
v -0.011574 -0.004224 0.08975
v -0.01169845 -0.004224 0.08969845
v -0.01169845 -0.002976 0.08969845
v -0.011574 -0.002976 0.08975
v 0.011574 -0.002976 0.08975
v -0.011574 -0.002976 0.08975
v -0.011574 -0.002851549 0.08969845
v 0.011574 -0.002851549 0.08969845
v 0.01169845 -0.004224 0.09480155
v 0.01175 -0.004224 0.094926
v 0.01175 -0.002976 0.094926
v 0.01169845 -0.002976 0.09480155
v 0.01169845 -0.00434845 0.094926
v 0.01169845 -0.00434845 0.098074
v 0.01175 -0.004224 0.098074
v 0.01175 -0.004224 0.094926
v 0.01175 -0.004224 0.094926
v 0.01175 -0.004224 0.098074
v 0.01175 -0.002976 0.098074
v 0.01175 -0.002976 0.094926
v 0.01175 -0.002976 0.094926
v 0.01175 -0.002976 0.098074
v 0.01169845 -0.002851549 0.098074
v 0.01169845 -0.002851549 0.094926
v 0.01175 -0.004224 0.098074
v 0.01169845 -0.004224 0.09819845
v 0.01169845 -0.002976 0.09819845
v 0.01175 -0.002976 0.098074
v -0.01169845 -0.004224 0.09480155
v -0.01169845 -0.002976 0.09480155
v -0.01175 -0.002976 0.094926
v -0.01175 -0.004224 0.094926
v -0.01169845 -0.00434845 0.094926
v -0.01175 -0.004224 0.094926
v -0.01175 -0.004224 0.098074
v -0.01169845 -0.00434845 0.098074
v -0.01175 -0.004224 0.094926
v -0.01175 -0.002976 0.094926
v -0.01175 -0.002976 0.098074
v -0.01175 -0.004224 0.098074
v -0.01175 -0.002976 0.094926
v -0.01169845 -0.002851549 0.094926
v -0.01169845 -0.002851549 0.098074
v -0.01175 -0.002976 0.098074
v -0.01175 -0.004224 0.098074
v -0.01175 -0.002976 0.098074
v -0.01169845 -0.002976 0.09819845
v -0.01169845 -0.004224 0.09819845
v 0.01169845 -0.00434845 0.094926
v 0.011574 -0.0044 0.094926
v 0.011574 -0.0044 0.098074
v 0.01169845 -0.00434845 0.098074
v 0.011574 -0.004348451 0.09480155
v -0.011574 -0.004348451 0.09480155
v -0.011574 -0.0044 0.094926
v 0.011574 -0.0044 0.094926
v 0.011574 -0.0044 0.094926
v -0.011574 -0.0044 0.094926
v -0.011574 -0.0044 0.098074
v 0.011574 -0.0044 0.098074
v 0.011574 -0.0044 0.098074
v -0.011574 -0.0044 0.098074
v -0.011574 -0.004348451 0.09819845
v 0.011574 -0.004348451 0.09819845
v -0.011574 -0.0044 0.094926
v -0.01169845 -0.00434845 0.094926
v -0.01169845 -0.00434845 0.098074
v -0.011574 -0.0044 0.098074
v 0.01169845 -0.002851549 0.094926
v 0.01169845 -0.002851549 0.098074
v 0.011574 -0.0028 0.098074
v 0.011574 -0.0028 0.094926
v 0.011574 -0.002851549 0.09480155
v 0.011574 -0.0028 0.094926
v -0.011574 -0.0028 0.094926
v -0.011574 -0.002851549 0.09480155
v 0.011574 -0.0028 0.094926
v 0.011574 -0.0028 0.098074
v -0.011574 -0.0028 0.098074
v -0.011574 -0.0028 0.094926
v 0.011574 -0.0028 0.098074
v 0.011574 -0.002851549 0.09819845
v -0.011574 -0.002851549 0.09819845
v -0.011574 -0.0028 0.098074
v -0.011574 -0.0028 0.094926
v -0.011574 -0.0028 0.098074
v -0.01169845 -0.002851549 0.098074
v -0.01169845 -0.002851549 0.094926
v 0.011574 -0.004348451 0.09480155
v 0.011574 -0.004224 0.09475
v -0.011574 -0.004224 0.09475
v -0.011574 -0.004348451 0.09480155
v 0.01169845 -0.004224 0.09480155
v 0.01169845 -0.002976 0.09480155
v 0.011574 -0.002976 0.09475
v 0.011574 -0.004224 0.09475
v 0.011574 -0.004224 0.09475
v 0.011574 -0.002976 0.09475
v -0.011574 -0.002976 0.09475
v -0.011574 -0.004224 0.09475
v -0.011574 -0.004224 0.09475
v -0.011574 -0.002976 0.09475
v -0.01169845 -0.002976 0.09480155
v -0.01169845 -0.004224 0.09480155
v 0.011574 -0.002976 0.09475
v 0.011574 -0.002851549 0.09480155
v -0.011574 -0.002851549 0.09480155
v -0.011574 -0.002976 0.09475
v 0.011574 -0.004348451 0.09819845
v -0.011574 -0.004348451 0.09819845
v -0.011574 -0.004224 0.09825
v 0.011574 -0.004224 0.09825
v 0.01169845 -0.004224 0.09819845
v 0.011574 -0.004224 0.09825
v 0.011574 -0.002976 0.09825
v 0.01169845 -0.002976 0.09819845
v 0.011574 -0.004224 0.09825
v -0.011574 -0.004224 0.09825
v -0.011574 -0.002976 0.09825
v 0.011574 -0.002976 0.09825
v -0.011574 -0.004224 0.09825
v -0.01169845 -0.004224 0.09819845
v -0.01169845 -0.002976 0.09819845
v -0.011574 -0.002976 0.09825
v 0.011574 -0.002976 0.09825
v -0.011574 -0.002976 0.09825
v -0.011574 -0.002851549 0.09819845
v 0.011574 -0.002851549 0.09819845
v 0.01169845 -0.004224 0.1033016
v 0.01175 -0.004224 0.103426
v 0.01175 -0.002976 0.103426
v 0.01169845 -0.002976 0.1033016
v 0.01169845 -0.00434845 0.103426
v 0.01169845 -0.00434845 0.106574
v 0.01175 -0.004224 0.106574
v 0.01175 -0.004224 0.103426
v 0.01175 -0.004224 0.103426
v 0.01175 -0.004224 0.106574
v 0.01175 -0.002976 0.106574
v 0.01175 -0.002976 0.103426
v 0.01175 -0.002976 0.103426
v 0.01175 -0.002976 0.106574
v 0.01169845 -0.002851549 0.106574
v 0.01169845 -0.002851549 0.103426
v 0.01175 -0.004224 0.106574
v 0.01169845 -0.004224 0.1066985
v 0.01169845 -0.002976 0.1066985
v 0.01175 -0.002976 0.106574
v -0.01169845 -0.004224 0.1033016
v -0.01169845 -0.002976 0.1033016
v -0.01175 -0.002976 0.103426
v -0.01175 -0.004224 0.103426
v -0.01169845 -0.00434845 0.103426
v -0.01175 -0.004224 0.103426
v -0.01175 -0.004224 0.106574
v -0.01169845 -0.00434845 0.106574
v -0.01175 -0.004224 0.103426
v -0.01175 -0.002976 0.103426
v -0.01175 -0.002976 0.106574
v -0.01175 -0.004224 0.106574
v -0.01175 -0.002976 0.103426
v -0.01169845 -0.002851549 0.103426
v -0.01169845 -0.002851549 0.106574
v -0.01175 -0.002976 0.106574
v -0.01175 -0.004224 0.106574
v -0.01175 -0.002976 0.106574
v -0.01169845 -0.002976 0.1066985
v -0.01169845 -0.004224 0.1066985
v 0.01169845 -0.00434845 0.103426
v 0.011574 -0.0044 0.103426
v 0.011574 -0.0044 0.106574
v 0.01169845 -0.00434845 0.106574
v 0.011574 -0.004348451 0.1033016
v -0.011574 -0.004348451 0.1033016
v -0.011574 -0.0044 0.103426
v 0.011574 -0.0044 0.103426
v 0.011574 -0.0044 0.103426
v -0.011574 -0.0044 0.103426
v -0.011574 -0.0044 0.106574
v 0.011574 -0.0044 0.106574
v 0.011574 -0.0044 0.106574
v -0.011574 -0.0044 0.106574
v -0.011574 -0.004348451 0.1066985
v 0.011574 -0.004348451 0.1066985
v -0.011574 -0.0044 0.103426
v -0.01169845 -0.00434845 0.103426
v -0.01169845 -0.00434845 0.106574
v -0.011574 -0.0044 0.106574
v 0.01169845 -0.002851549 0.103426
v 0.01169845 -0.002851549 0.106574
v 0.011574 -0.0028 0.106574
v 0.011574 -0.0028 0.103426
v 0.011574 -0.002851549 0.1033016
v 0.011574 -0.0028 0.103426
v -0.011574 -0.0028 0.103426
v -0.011574 -0.002851549 0.1033016
v 0.011574 -0.0028 0.103426
v 0.011574 -0.0028 0.106574
v -0.011574 -0.0028 0.106574
v -0.011574 -0.0028 0.103426
v 0.011574 -0.0028 0.106574
v 0.011574 -0.002851549 0.1066985
v -0.011574 -0.002851549 0.1066985
v -0.011574 -0.0028 0.106574
v -0.011574 -0.0028 0.103426
v -0.011574 -0.0028 0.106574
v -0.01169845 -0.002851549 0.106574
v -0.01169845 -0.002851549 0.103426
v 0.011574 -0.004348451 0.1033016
v 0.011574 -0.004224 0.10325
v -0.011574 -0.004224 0.10325
v -0.011574 -0.004348451 0.1033016
v 0.01169845 -0.004224 0.1033016
v 0.01169845 -0.002976 0.1033016
v 0.011574 -0.002976 0.10325
v 0.011574 -0.004224 0.10325
v 0.011574 -0.004224 0.10325
v 0.011574 -0.002976 0.10325
v -0.011574 -0.002976 0.10325
v -0.011574 -0.004224 0.10325
v -0.011574 -0.004224 0.10325
v -0.011574 -0.002976 0.10325
v -0.01169845 -0.002976 0.1033016
v -0.01169845 -0.004224 0.1033016
v 0.011574 -0.002976 0.10325
v 0.011574 -0.002851549 0.1033016
v -0.011574 -0.002851549 0.1033016
v -0.011574 -0.002976 0.10325
v 0.011574 -0.004348451 0.1066985
v -0.011574 -0.004348451 0.1066985
v -0.011574 -0.004224 0.10675
v 0.011574 -0.004224 0.10675
v 0.01169845 -0.004224 0.1066985
v 0.011574 -0.004224 0.10675
v 0.011574 -0.002976 0.10675
v 0.01169845 -0.002976 0.1066985
v 0.011574 -0.004224 0.10675
v -0.011574 -0.004224 0.10675
v -0.011574 -0.002976 0.10675
v 0.011574 -0.002976 0.10675
v -0.011574 -0.004224 0.10675
v -0.01169845 -0.004224 0.1066985
v -0.01169845 -0.002976 0.1066985
v -0.011574 -0.002976 0.10675
v 0.011574 -0.002976 0.10675
v -0.011574 -0.002976 0.10675
v -0.011574 -0.002851549 0.1066985
v 0.011574 -0.002851549 0.1066985
v -0.0145 0.0024 0.03577128
v -0.0145 0.0008000003 0.033
v -0.0155 0.0008000003 0.033
v -0.0155 0.0024 0.03577128
v -0.0145 0.0008000003 0.033
v -0.0145 0.0024 0.03022872
v -0.0155 0.0024 0.03022872
v -0.0155 0.0008000003 0.033
v -0.0145 0.0024 0.03022872
v -0.0145 0.005600001 0.03022872
v -0.0155 0.005600001 0.03022872
v -0.0155 0.0024 0.03022872
v -0.0145 0.005600001 0.03022872
v -0.0145 0.0072 0.033
v -0.0155 0.0072 0.033
v -0.0155 0.005600001 0.03022872
v -0.0145 0.0072 0.033
v -0.0145 0.005599999 0.03577128
v -0.0155 0.005599999 0.03577128
v -0.0155 0.0072 0.033
v -0.0145 0.005599999 0.03577128
v -0.0145 0.0024 0.03577128
v -0.0155 0.0024 0.03577128
v -0.0155 0.005599999 0.03577128
v -0.0145 0.004 0.033
v -0.0145 0.0008000003 0.033
v -0.0145 0.0024 0.03577128
v -0.0145 0.004 0.033
v -0.0145 0.0024 0.03022872
v -0.0145 0.0008000003 0.033
v -0.0145 0.004 0.033
v -0.0145 0.005600001 0.03022872
v -0.0145 0.0024 0.03022872
v -0.0145 0.004 0.033
v -0.0145 0.0072 0.033
v -0.0145 0.005600001 0.03022872
v -0.0145 0.004 0.033
v -0.0145 0.005599999 0.03577128
v -0.0145 0.0072 0.033
v -0.0145 0.004 0.033
v -0.0145 0.0024 0.03577128
v -0.0145 0.005599999 0.03577128
v -0.0155 0.004 0.033
v -0.0155 0.0024 0.03577128
v -0.0155 0.0008000003 0.033
v -0.0155 0.004 0.033
v -0.0155 0.0008000003 0.033
v -0.0155 0.0024 0.03022872
v -0.0155 0.004 0.033
v -0.0155 0.0024 0.03022872
v -0.0155 0.005600001 0.03022872
v -0.0155 0.004 0.033
v -0.0155 0.005600001 0.03022872
v -0.0155 0.0072 0.033
v -0.0155 0.004 0.033
v -0.0155 0.0072 0.033
v -0.0155 0.005599999 0.03577128
v -0.0155 0.004 0.033
v -0.0155 0.005599999 0.03577128
v -0.0155 0.0024 0.03577128
vt -0.04746411 -0.0274641
vt -0.044 -0.02824264
vt -0.044 -0.024
vt -0.04824262 -0.024
vt -0.04824262 -0.024
vt -0.044 -0.024
vt -0.044 0.064
vt -0.04824262 0.064
vt -0.04824262 0.064
vt -0.044 0.064
vt -0.044 0.06824264
vt -0.04746411 0.06746411
vt -0.044 -0.02824264
vt 0.594 -0.02824264
vt 0.594 -0.024
vt -0.044 -0.024
vt -0.044 -0.024
vt 0.594 -0.024
vt 0.594 0.064
vt -0.044 0.064
vt -0.044 0.064
vt 0.594 0.064
vt 0.594 0.06824264
vt -0.044 0.06824264
vt 0.594 -0.02824264
vt 0.5974641 -0.0274641
vt 0.5982426 -0.024
vt 0.594 -0.024
vt 0.594 -0.024
vt 0.5982426 -0.024
vt 0.5982426 0.064
vt 0.594 0.064
vt 0.594 0.064
vt 0.5982426 0.064
vt 0.5974641 0.06746411
vt 0.594 0.06824264
vt -0.04746411 -0.0274641
vt -0.04824262 -0.024
vt -0.044 -0.024
vt -0.044 -0.02824264
vt -0.04824262 -0.024
vt -0.04824262 0.064
vt -0.044 0.064
vt -0.044 -0.024
vt -0.04824262 0.064
vt -0.04746411 0.06746411
vt -0.044 0.06824264
vt -0.044 0.064
vt -0.044 -0.02824264
vt -0.044 -0.024
vt 0.594 -0.024
vt 0.594 -0.02824264
vt -0.044 -0.024
vt -0.044 0.064
vt 0.594 0.064
vt 0.594 -0.024
vt -0.044 0.064
vt -0.044 0.06824264
vt 0.594 0.06824264
vt 0.594 0.064
vt 0.594 -0.02824264
vt 0.594 -0.024
vt 0.5982426 -0.024
vt 0.5974641 -0.0274641
vt 0.594 -0.024
vt 0.594 0.064
vt 0.5982426 0.064
vt 0.5982426 -0.024
vt 0.594 0.064
vt 0.594 0.06824264
vt 0.5974641 0.06746411
vt 0.5982426 0.064
vt -0.06246411 -0.04746411
vt -0.059 -0.04824262
vt -0.059 -0.044
vt -0.06324264 -0.044
vt -0.06324264 -0.044
vt -0.059 -0.044
vt -0.059 0.594
vt -0.06324264 0.594
vt -0.06324264 0.594
vt -0.059 0.594
vt -0.059 0.5982426
vt -0.06246411 0.5974641
vt -0.059 -0.04824262
vt 0.059 -0.04824262
vt 0.059 -0.044
vt -0.059 -0.044
vt -0.059 -0.044
vt 0.059 -0.044
vt 0.059 0.594
vt -0.059 0.594
vt -0.059 0.594
vt 0.059 0.594
vt 0.059 0.5982426
vt -0.059 0.5982426
vt 0.059 -0.04824262
vt 0.06246411 -0.04746411
vt 0.06324264 -0.044
vt 0.059 -0.044
vt 0.059 -0.044
vt 0.06324264 -0.044
vt 0.06324264 0.594
vt 0.059 0.594
vt 0.059 0.594
vt 0.06324264 0.594
vt 0.06246411 0.5974641
vt 0.059 0.5982426
vt -0.06246411 -0.04746411
vt -0.06324264 -0.044
vt -0.059 -0.044
vt -0.059 -0.04824262
vt -0.06324264 -0.044
vt -0.06324264 0.594
vt -0.059 0.594
vt -0.059 -0.044
vt -0.06324264 0.594
vt -0.06246411 0.5974641
vt -0.059 0.5982426
vt -0.059 0.594
vt -0.059 -0.04824262
vt -0.059 -0.044
vt 0.059 -0.044
vt 0.059 -0.04824262
vt -0.059 -0.044
vt -0.059 0.594
vt 0.059 0.594
vt 0.059 -0.044
vt -0.059 0.594
vt -0.059 0.5982426
vt 0.059 0.5982426
vt 0.059 0.594
vt 0.059 -0.04824262
vt 0.059 -0.044
vt 0.06324264 -0.044
vt 0.06246411 -0.04746411
vt 0.059 -0.044
vt 0.059 0.594
vt 0.06324264 0.594
vt 0.06324264 -0.044
vt 0.059 0.594
vt 0.059 0.5982426
vt 0.06246411 0.5974641
vt 0.06324264 0.594
vt -0.06246411 -0.0274641
vt -0.06324264 -0.024
vt -0.059 -0.024
vt -0.059 -0.02824264
vt -0.059 -0.02824264
vt -0.059 -0.024
vt 0.059 -0.024
vt 0.059 -0.02824264
vt 0.059 -0.02824264
vt 0.059 -0.024
vt 0.06324264 -0.024
vt 0.06246411 -0.0274641
vt -0.06324264 -0.024
vt -0.06324264 0.064
vt -0.059 0.064
vt -0.059 -0.024
vt -0.059 -0.024
vt -0.059 0.064
vt 0.059 0.064
vt 0.059 -0.024
vt 0.059 -0.024
vt 0.059 0.064
vt 0.06324264 0.064
vt 0.06324264 -0.024
vt -0.06324264 0.064
vt -0.06246411 0.06746411
vt -0.059 0.06824264
vt -0.059 0.064
vt -0.059 0.064
vt -0.059 0.06824264
vt 0.059 0.06824264
vt 0.059 0.064
vt 0.059 0.064
vt 0.059 0.06824264
vt 0.06246411 0.06746411
vt 0.06324264 0.064
vt -0.06246411 -0.0274641
vt -0.059 -0.02824264
vt -0.059 -0.024
vt -0.06324264 -0.024
vt -0.059 -0.02824264
vt 0.059 -0.02824264
vt 0.059 -0.024
vt -0.059 -0.024
vt 0.059 -0.02824264
vt 0.06246411 -0.0274641
vt 0.06324264 -0.024
vt 0.059 -0.024
vt -0.06324264 -0.024
vt -0.059 -0.024
vt -0.059 0.064
vt -0.06324264 0.064
vt -0.059 -0.024
vt 0.059 -0.024
vt 0.059 0.064
vt -0.059 0.064
vt 0.059 -0.024
vt 0.06324264 -0.024
vt 0.06324264 0.064
vt 0.059 0.064
vt -0.06324264 0.064
vt -0.059 0.064
vt -0.059 0.06824264
vt -0.06246411 0.06746411
vt -0.059 0.064
vt 0.059 0.064
vt 0.059 0.06824264
vt -0.059 0.06824264
vt 0.059 0.064
vt 0.06324264 0.064
vt 0.06246411 0.06746411
vt 0.059 0.06824264
vt 0.4018596 -0.06314034
vt 0.4044 -0.06371126
vt 0.4044 -0.0606
vt 0.4012887 -0.0606
vt 0.4012887 -0.0606
vt 0.4044 -0.0606
vt 0.4044 -0.0294
vt 0.4012887 -0.0294
vt 0.4012887 -0.0294
vt 0.4044 -0.0294
vt 0.4044 -0.02628873
vt 0.4018596 -0.02685966
vt 0.4044 -0.06371126
vt 0.5956 -0.06371126
vt 0.5956 -0.0606
vt 0.4044 -0.0606
vt 0.4044 -0.0606
vt 0.5956 -0.0606
vt 0.5956 -0.0294
vt 0.4044 -0.0294
vt 0.4044 -0.0294
vt 0.5956 -0.0294
vt 0.5956 -0.02628873
vt 0.4044 -0.02628873
vt 0.5956 -0.06371126
vt 0.5981404 -0.06314034
vt 0.5987113 -0.0606
vt 0.5956 -0.0606
vt 0.5956 -0.0606
vt 0.5987113 -0.0606
vt 0.5987113 -0.0294
vt 0.5956 -0.0294
vt 0.5956 -0.0294
vt 0.5987113 -0.0294
vt 0.5981404 -0.02685966
vt 0.5956 -0.02628873
vt 0.4018596 -0.06314034
vt 0.4012887 -0.0606
vt 0.4044 -0.0606
vt 0.4044 -0.06371126
vt 0.4012887 -0.0606
vt 0.4012887 -0.0294
vt 0.4044 -0.0294
vt 0.4044 -0.0606
vt 0.4012887 -0.0294
vt 0.4018596 -0.02685966
vt 0.4044 -0.02628873
vt 0.4044 -0.0294
vt 0.4044 -0.06371126
vt 0.4044 -0.0606
vt 0.5956 -0.0606
vt 0.5956 -0.06371126
vt 0.4044 -0.0606
vt 0.4044 -0.0294
vt 0.5956 -0.0294
vt 0.5956 -0.0606
vt 0.4044 -0.0294
vt 0.4044 -0.02628873
vt 0.5956 -0.02628873
vt 0.5956 -0.0294
vt 0.5956 -0.06371126
vt 0.5956 -0.0606
vt 0.5987113 -0.0606
vt 0.5981404 -0.06314034
vt 0.5956 -0.0606
vt 0.5956 -0.0294
vt 0.5987113 -0.0294
vt 0.5987113 -0.0606
vt 0.5956 -0.0294
vt 0.5956 -0.02628873
vt 0.5981404 -0.02685966
vt 0.5987113 -0.0294
vt -0.05314034 0.4018596
vt -0.0506 0.4012887
vt -0.0506 0.4044
vt -0.05371127 0.4044
vt -0.05371127 0.4044
vt -0.0506 0.4044
vt -0.0506 0.5956
vt -0.05371127 0.5956
vt -0.05371127 0.5956
vt -0.0506 0.5956
vt -0.0506 0.5987113
vt -0.05314034 0.5981404
vt -0.0506 0.4012887
vt 0.0506 0.4012887
vt 0.0506 0.4044
vt -0.0506 0.4044
vt -0.0506 0.4044
vt 0.0506 0.4044
vt 0.0506 0.5956
vt -0.0506 0.5956
vt -0.0506 0.5956
vt 0.0506 0.5956
vt 0.0506 0.5987113
vt -0.0506 0.5987113
vt 0.0506 0.4012887
vt 0.05314034 0.4018596
vt 0.05371127 0.4044
vt 0.0506 0.4044
vt 0.0506 0.4044
vt 0.05371127 0.4044
vt 0.05371127 0.5956
vt 0.0506 0.5956
vt 0.0506 0.5956
vt 0.05371127 0.5956
vt 0.05314034 0.5981404
vt 0.0506 0.5987113
vt -0.05314034 0.4018596
vt -0.05371127 0.4044
vt -0.0506 0.4044
vt -0.0506 0.4012887
vt -0.05371127 0.4044
vt -0.05371127 0.5956
vt -0.0506 0.5956
vt -0.0506 0.4044
vt -0.05371127 0.5956
vt -0.05314034 0.5981404
vt -0.0506 0.5987113
vt -0.0506 0.5956
vt -0.0506 0.4012887
vt -0.0506 0.4044
vt 0.0506 0.4044
vt 0.0506 0.4012887
vt -0.0506 0.4044
vt -0.0506 0.5956
vt 0.0506 0.5956
vt 0.0506 0.4044
vt -0.0506 0.5956
vt -0.0506 0.5987113
vt 0.0506 0.5987113
vt 0.0506 0.5956
vt 0.0506 0.4012887
vt 0.0506 0.4044
vt 0.05371127 0.4044
vt 0.05314034 0.4018596
vt 0.0506 0.4044
vt 0.0506 0.5956
vt 0.05371127 0.5956
vt 0.05371127 0.4044
vt 0.0506 0.5956
vt 0.0506 0.5987113
vt 0.05314034 0.5981404
vt 0.05371127 0.5956
vt -0.05314034 -0.06314034
vt -0.05371127 -0.0606
vt -0.0506 -0.0606
vt -0.0506 -0.06371127
vt -0.0506 -0.06371127
vt -0.0506 -0.0606
vt 0.0506 -0.0606
vt 0.0506 -0.06371127
vt 0.0506 -0.06371127
vt 0.0506 -0.0606
vt 0.05371127 -0.0606
vt 0.05314034 -0.06314034
vt -0.05371127 -0.0606
vt -0.05371127 -0.0294
vt -0.0506 -0.0294
vt -0.0506 -0.0606
vt -0.0506 -0.0606
vt -0.0506 -0.0294
vt 0.0506 -0.0294
vt 0.0506 -0.0606
vt 0.0506 -0.0606
vt 0.0506 -0.0294
vt 0.05371127 -0.0294
vt 0.05371127 -0.0606
vt -0.05371127 -0.0294
vt -0.05314034 -0.02685966
vt -0.0506 -0.02628873
vt -0.0506 -0.0294
vt -0.0506 -0.0294
vt -0.0506 -0.02628873
vt 0.0506 -0.02628873
vt 0.0506 -0.0294
vt 0.0506 -0.0294
vt 0.0506 -0.02628873
vt 0.05314034 -0.02685966
vt 0.05371127 -0.0294
vt -0.05314034 -0.06314034
vt -0.0506 -0.06371127
vt -0.0506 -0.0606
vt -0.05371127 -0.0606
vt -0.0506 -0.06371127
vt 0.0506 -0.06371127
vt 0.0506 -0.0606
vt -0.0506 -0.0606
vt 0.0506 -0.06371127
vt 0.05314034 -0.06314034
vt 0.05371127 -0.0606
vt 0.0506 -0.0606
vt -0.05371127 -0.0606
vt -0.0506 -0.0606
vt -0.0506 -0.0294
vt -0.05371127 -0.0294
vt -0.0506 -0.0606
vt 0.0506 -0.0606
vt 0.0506 -0.0294
vt -0.0506 -0.0294
vt 0.0506 -0.0606
vt 0.05371127 -0.0606
vt 0.05371127 -0.0294
vt 0.0506 -0.0294
vt -0.05371127 -0.0294
vt -0.0506 -0.0294
vt -0.0506 -0.02628873
vt -0.05314034 -0.02685966
vt -0.0506 -0.0294
vt 0.0506 -0.0294
vt 0.0506 -0.02628873
vt -0.0506 -0.02628873
vt 0.0506 -0.0294
vt 0.05371127 -0.0294
vt 0.05314034 -0.02685966
vt 0.0506 -0.02628873
vt -0.1724641 -0.007464103
vt -0.169 -0.008242643
vt -0.169 -0.004000003
vt -0.1732427 -0.004000003
vt -0.1732427 -0.004000003
vt -0.169 -0.004000003
vt -0.169 0.054
vt -0.1732427 0.054
vt -0.1732427 0.054
vt -0.169 0.054
vt -0.169 0.05824264
vt -0.1724641 0.0574641
vt -0.169 -0.008242643
vt -0.051 -0.008242643
vt -0.051 -0.004000003
vt -0.169 -0.004000003
vt -0.169 -0.004000003
vt -0.051 -0.004000003
vt -0.051 0.054
vt -0.169 0.054
vt -0.169 0.054
vt -0.051 0.054
vt -0.051 0.05824264
vt -0.169 0.05824264
vt -0.051 -0.008242643
vt -0.0475359 -0.007464103
vt -0.04675736 -0.004000003
vt -0.051 -0.004000003
vt -0.051 -0.004000003
vt -0.04675736 -0.004000003
vt -0.04675736 0.054
vt -0.051 0.054
vt -0.051 0.054
vt -0.04675736 0.054
vt -0.0475359 0.0574641
vt -0.051 0.05824264
vt -0.1724641 -0.007464103
vt -0.1732427 -0.004000003
vt -0.169 -0.004000003
vt -0.169 -0.008242643
vt -0.1732427 -0.004000003
vt -0.1732427 0.054
vt -0.169 0.054
vt -0.169 -0.004000003
vt -0.1732427 0.054
vt -0.1724641 0.0574641
vt -0.169 0.05824264
vt -0.169 0.054
vt -0.169 -0.008242643
vt -0.169 -0.004000003
vt -0.051 -0.004000003
vt -0.051 -0.008242643
vt -0.169 -0.004000003
vt -0.169 0.054
vt -0.051 0.054
vt -0.051 -0.004000003
vt -0.169 0.054
vt -0.169 0.05824264
vt -0.051 0.05824264
vt -0.051 0.054
vt -0.051 -0.008242643
vt -0.051 -0.004000003
vt -0.04675736 -0.004000003
vt -0.0475359 -0.007464103
vt -0.051 -0.004000003
vt -0.051 0.054
vt -0.04675736 0.054
vt -0.04675736 -0.004000003
vt -0.051 0.054
vt -0.051 0.05824264
vt -0.0475359 0.0574641
vt -0.04675736 0.054
vt -0.0624641 -0.1724641
vt -0.059 -0.1732427
vt -0.059 -0.169
vt -0.06324264 -0.169
vt -0.06324264 -0.169
vt -0.059 -0.169
vt -0.059 -0.051
vt -0.06324264 -0.051
vt -0.06324264 -0.051
vt -0.059 -0.051
vt -0.059 -0.04675736
vt -0.0624641 -0.0475359
vt -0.059 -0.1732427
vt 0.059 -0.1732427
vt 0.059 -0.169
vt -0.059 -0.169
vt -0.059 -0.169
vt 0.059 -0.169
vt 0.059 -0.051
vt -0.059 -0.051
vt -0.059 -0.051
vt 0.059 -0.051
vt 0.059 -0.04675736
vt -0.059 -0.04675736
vt 0.059 -0.1732427
vt 0.0624641 -0.1724641
vt 0.06324264 -0.169
vt 0.059 -0.169
vt 0.059 -0.169
vt 0.06324264 -0.169
vt 0.06324264 -0.051
vt 0.059 -0.051
vt 0.059 -0.051
vt 0.06324264 -0.051
vt 0.0624641 -0.0475359
vt 0.059 -0.04675736
vt -0.0624641 -0.1724641
vt -0.06324264 -0.169
vt -0.059 -0.169
vt -0.059 -0.1732427
vt -0.06324264 -0.169
vt -0.06324264 -0.051
vt -0.059 -0.051
vt -0.059 -0.169
vt -0.06324264 -0.051
vt -0.0624641 -0.0475359
vt -0.059 -0.04675736
vt -0.059 -0.051
vt -0.059 -0.1732427
vt -0.059 -0.169
vt 0.059 -0.169
vt 0.059 -0.1732427
vt -0.059 -0.169
vt -0.059 -0.051
vt 0.059 -0.051
vt 0.059 -0.169
vt -0.059 -0.051
vt -0.059 -0.04675736
vt 0.059 -0.04675736
vt 0.059 -0.051
vt 0.059 -0.1732427
vt 0.059 -0.169
vt 0.06324264 -0.169
vt 0.0624641 -0.1724641
vt 0.059 -0.169
vt 0.059 -0.051
vt 0.06324264 -0.051
vt 0.06324264 -0.169
vt 0.059 -0.051
vt 0.059 -0.04675736
vt 0.0624641 -0.0475359
vt 0.06324264 -0.051
vt -0.0624641 -0.007464103
vt -0.06324264 -0.004000003
vt -0.059 -0.004000003
vt -0.059 -0.008242643
vt -0.059 -0.008242643
vt -0.059 -0.004000003
vt 0.059 -0.004000003
vt 0.059 -0.008242643
vt 0.059 -0.008242643
vt 0.059 -0.004000003
vt 0.06324264 -0.004000003
vt 0.0624641 -0.007464103
vt -0.06324264 -0.004000003
vt -0.06324264 0.054
vt -0.059 0.054
vt -0.059 -0.004000003
vt -0.059 -0.004000003
vt -0.059 0.054
vt 0.059 0.054
vt 0.059 -0.004000003
vt 0.059 -0.004000003
vt 0.059 0.054
vt 0.06324264 0.054
vt 0.06324264 -0.004000003
vt -0.06324264 0.054
vt -0.0624641 0.0574641
vt -0.059 0.05824264
vt -0.059 0.054
vt -0.059 0.054
vt -0.059 0.05824264
vt 0.059 0.05824264
vt 0.059 0.054
vt 0.059 0.054
vt 0.059 0.05824264
vt 0.0624641 0.0574641
vt 0.06324264 0.054
vt -0.0624641 -0.007464103
vt -0.059 -0.008242643
vt -0.059 -0.004000003
vt -0.06324264 -0.004000003
vt -0.059 -0.008242643
vt 0.059 -0.008242643
vt 0.059 -0.004000003
vt -0.059 -0.004000003
vt 0.059 -0.008242643
vt 0.0624641 -0.007464103
vt 0.06324264 -0.004000003
vt 0.059 -0.004000003
vt -0.06324264 -0.004000003
vt -0.059 -0.004000003
vt -0.059 0.054
vt -0.06324264 0.054
vt -0.059 -0.004000003
vt 0.059 -0.004000003
vt 0.059 0.054
vt -0.059 0.054
vt 0.059 -0.004000003
vt 0.06324264 -0.004000003
vt 0.06324264 0.054
vt 0.059 0.054
vt -0.06324264 0.054
vt -0.059 0.054
vt -0.059 0.05824264
vt -0.0624641 0.0574641
vt -0.059 0.054
vt 0.059 0.054
vt 0.059 0.05824264
vt -0.059 0.05824264
vt 0.059 0.054
vt 0.06324264 0.054
vt 0.0624641 0.0574641
vt 0.059 0.05824264
vt -0.0742 -0.4898463
vt -0.07 -0.02
vt 0.07 -0.02
vt 0.0742 -0.4898463
vt -0.0742 -0.4898463
vt 0.0742 -0.4898463
vt 0.07 -0.02
vt -0.07 -0.02
vt -0.3030101 -0.4898463
vt -0.03901006 -0.4898463
vt 0.12 -0.02
vt -0.12 -0.02
vt -0.3030101 -0.4898463
vt -0.12 -0.02
vt 0.12 -0.02
vt -0.03901006 -0.4898463
vt -0.0742 -0.3030101
vt 0.0742 -0.3030101
vt 0.0742 -0.03901006
vt -0.0742 -0.03901006
vt -0.07 -0.12
vt -0.07 0.12
vt 0.07 0.12
vt 0.07 -0.12
vt -0.314141 -0.5030287
vt -0.3117384 -0.504032
vt -0.3111982 -0.500968
vt -0.3142622 -0.5004278
vt -0.3142622 -0.5004278
vt -0.3111982 -0.500968
vt -0.3057803 -0.4702421
vt -0.3088443 -0.4697018
vt -0.3088443 -0.4697018
vt -0.3057803 -0.4702421
vt -0.3052401 -0.467178
vt -0.3078409 -0.4672992
vt -0.3117384 -0.504032
vt -0.03678007 -0.5525146
vt -0.0362398 -0.5494506
vt -0.3111982 -0.500968
vt -0.3111982 -0.500968
vt -0.0362398 -0.5494506
vt -0.03082198 -0.5187246
vt -0.3057803 -0.4702421
vt -0.3057803 -0.4702421
vt -0.03082198 -0.5187246
vt -0.03028171 -0.5156606
vt -0.3052401 -0.467178
vt -0.03678007 -0.5525146
vt -0.03417918 -0.5523935
vt -0.0331758 -0.5499909
vt -0.0362398 -0.5494506
vt -0.0362398 -0.5494506
vt -0.0331758 -0.5499909
vt -0.02775798 -0.5192649
vt -0.03082198 -0.5187246
vt -0.03082198 -0.5187246
vt -0.02775798 -0.5192649
vt -0.0278791 -0.516664
vt -0.03028171 -0.5156606
vt -0.314141 -0.5030287
vt -0.3142622 -0.5004278
vt -0.3111982 -0.500968
vt -0.3117384 -0.504032
vt -0.3142622 -0.5004278
vt -0.3088443 -0.4697018
vt -0.3057803 -0.4702421
vt -0.3111982 -0.500968
vt -0.3088443 -0.4697018
vt -0.3078409 -0.4672992
vt -0.3052401 -0.467178
vt -0.3057803 -0.4702421
vt -0.3117384 -0.504032
vt -0.3111982 -0.500968
vt -0.0362398 -0.5494506
vt -0.03678007 -0.5525146
vt -0.3111982 -0.500968
vt -0.3057803 -0.4702421
vt -0.03082198 -0.5187246
vt -0.0362398 -0.5494506
vt -0.3057803 -0.4702421
vt -0.3052401 -0.467178
vt -0.03028171 -0.5156606
vt -0.03082198 -0.5187246
vt -0.03678007 -0.5525146
vt -0.0362398 -0.5494506
vt -0.0331758 -0.5499909
vt -0.03417918 -0.5523935
vt -0.0362398 -0.5494506
vt -0.03082198 -0.5187246
vt -0.02775798 -0.5192649
vt -0.0331758 -0.5499909
vt -0.03082198 -0.5187246
vt -0.03028171 -0.5156606
vt -0.0278791 -0.516664
vt -0.02775798 -0.5192649
vt -0.07654034 -0.314141
vt -0.074 -0.3148024
vt -0.074 -0.3119622
vt -0.07711127 -0.3117384
vt -0.07711127 -0.3117384
vt -0.074 -0.3119622
vt -0.074 -0.03700386
vt -0.07711127 -0.03678007
vt -0.07711127 -0.03678007
vt -0.074 -0.03700386
vt -0.074 -0.03371607
vt -0.07654034 -0.03417918
vt -0.074 -0.3148024
vt 0.074 -0.3148024
vt 0.074 -0.3119622
vt -0.074 -0.3119622
vt -0.074 -0.3119622
vt 0.074 -0.3119622
vt 0.074 -0.03700386
vt -0.074 -0.03700386
vt -0.074 -0.03700386
vt 0.074 -0.03700386
vt 0.074 -0.03371607
vt -0.074 -0.03371607
vt 0.074 -0.3148024
vt 0.07654034 -0.314141
vt 0.07711127 -0.3117384
vt 0.074 -0.3119622
vt 0.074 -0.3119622
vt 0.07711127 -0.3117384
vt 0.07711127 -0.03678007
vt 0.074 -0.03700386
vt 0.074 -0.03700386
vt 0.07711127 -0.03678007
vt 0.07654034 -0.03417918
vt 0.074 -0.03371607
vt -0.07654034 -0.3078409
vt -0.07711127 -0.3052401
vt -0.074 -0.3050163
vt -0.074 -0.3083041
vt -0.07711127 -0.3052401
vt -0.07711127 -0.03028171
vt -0.074 -0.03005793
vt -0.074 -0.3050163
vt -0.07711127 -0.03028171
vt -0.07654034 -0.0278791
vt -0.074 -0.02721772
vt -0.074 -0.03005793
vt -0.074 -0.3083041
vt -0.074 -0.3050163
vt 0.074 -0.3050163
vt 0.074 -0.3083041
vt -0.074 -0.3050163
vt -0.074 -0.03005793
vt 0.074 -0.03005793
vt 0.074 -0.3050163
vt -0.074 -0.03005793
vt -0.074 -0.02721772
vt 0.074 -0.02721772
vt 0.074 -0.03005793
vt 0.074 -0.3083041
vt 0.074 -0.3050163
vt 0.07711127 -0.3052401
vt 0.07654034 -0.3078409
vt 0.074 -0.3050163
vt 0.074 -0.03005793
vt 0.07711127 -0.03028171
vt 0.07711127 -0.3052401
vt 0.074 -0.03005793
vt 0.074 -0.02721772
vt 0.07654034 -0.0278791
vt 0.07711127 -0.03028171
vt -0.07654034 -0.5030287
vt -0.07711127 -0.5004278
vt -0.074 -0.500204
vt -0.074 -0.5034918
vt -0.074 -0.5034918
vt -0.074 -0.500204
vt 0.074 -0.500204
vt 0.074 -0.5034918
vt 0.074 -0.5034918
vt 0.074 -0.500204
vt 0.07711127 -0.5004278
vt 0.07654034 -0.5030287
vt -0.07711127 -0.5004278
vt -0.07711127 -0.4697018
vt -0.074 -0.469478
vt -0.074 -0.500204
vt -0.074 -0.500204
vt -0.074 -0.469478
vt 0.074 -0.469478
vt 0.074 -0.500204
vt 0.074 -0.500204
vt 0.074 -0.469478
vt 0.07711127 -0.4697018
vt 0.07711127 -0.5004278
vt -0.07711127 -0.4697018
vt -0.07654034 -0.4672992
vt -0.074 -0.4666378
vt -0.074 -0.469478
vt -0.074 -0.469478
vt -0.074 -0.4666378
vt 0.074 -0.4666378
vt 0.074 -0.469478
vt 0.074 -0.469478
vt 0.074 -0.4666378
vt 0.07654034 -0.4672992
vt 0.07711127 -0.4697018
vt -0.07654034 -0.5523935
vt -0.074 -0.5530549
vt -0.074 -0.5502146
vt -0.07711127 -0.5499909
vt -0.074 -0.5530549
vt 0.074 -0.5530549
vt 0.074 -0.5502146
vt -0.074 -0.5502146
vt 0.074 -0.5530549
vt 0.07654034 -0.5523935
vt 0.07711127 -0.5499909
vt 0.074 -0.5502146
vt -0.07711127 -0.5499909
vt -0.074 -0.5502146
vt -0.074 -0.5194886
vt -0.07711127 -0.5192649
vt -0.074 -0.5502146
vt 0.074 -0.5502146
vt 0.074 -0.5194886
vt -0.074 -0.5194886
vt 0.074 -0.5502146
vt 0.07711127 -0.5499909
vt 0.07711127 -0.5192649
vt 0.074 -0.5194886
vt -0.07711127 -0.5192649
vt -0.074 -0.5194886
vt -0.074 -0.5162009
vt -0.07654034 -0.516664
vt -0.074 -0.5194886
vt 0.074 -0.5194886
vt 0.074 -0.5162009
vt -0.074 -0.5162009
vt 0.074 -0.5194886
vt 0.07711127 -0.5192649
vt 0.07654034 -0.516664
vt 0.074 -0.5162009
vt 0.04402206 -0.2101278
vt 0.04566596 -0.2111818
vt 0.04646405 -0.2089891
vt 0.04427132 -0.208191
vt 0.04427132 -0.208191
vt 0.04646405 -0.2089891
vt 0.05446732 -0.1870003
vt 0.0522746 -0.1862022
vt 0.0522746 -0.1862022
vt 0.05446732 -0.1870003
vt 0.05526541 -0.1848076
vt 0.0533286 -0.1845583
vt 0.04566596 -0.2111818
vt 0.06765477 -0.2191851
vt 0.06845286 -0.2169924
vt 0.04646405 -0.2089891
vt 0.04646405 -0.2089891
vt 0.06845286 -0.2169924
vt 0.07645613 -0.1950036
vt 0.05446732 -0.1870003
vt 0.05446732 -0.1870003
vt 0.07645613 -0.1950036
vt 0.07725422 -0.1928108
vt 0.05526541 -0.1848076
vt 0.06765477 -0.2191851
vt 0.06959158 -0.2194344
vt 0.07064559 -0.2177905
vt 0.06845286 -0.2169924
vt 0.06845286 -0.2169924
vt 0.07064559 -0.2177905
vt 0.07864886 -0.1958016
vt 0.07645613 -0.1950036
vt 0.07645613 -0.1950036
vt 0.07864886 -0.1958016
vt 0.07889812 -0.1938648
vt 0.07725422 -0.1928108
vt 0.04402206 -0.2101278
vt 0.04427132 -0.208191
vt 0.04646405 -0.2089891
vt 0.04566596 -0.2111818
vt 0.04427132 -0.208191
vt 0.0522746 -0.1862022
vt 0.05446732 -0.1870003
vt 0.04646405 -0.2089891
vt 0.0522746 -0.1862022
vt 0.0533286 -0.1845583
vt 0.05526541 -0.1848076
vt 0.05446732 -0.1870003
vt 0.04566596 -0.2111818
vt 0.04646405 -0.2089891
vt 0.06845286 -0.2169924
vt 0.06765477 -0.2191851
vt 0.04646405 -0.2089891
vt 0.05446732 -0.1870003
vt 0.07645613 -0.1950036
vt 0.06845286 -0.2169924
vt 0.05446732 -0.1870003
vt 0.05526541 -0.1848076
vt 0.07725422 -0.1928108
vt 0.07645613 -0.1950036
vt 0.06765477 -0.2191851
vt 0.06845286 -0.2169924
vt 0.07064559 -0.2177905
vt 0.06959158 -0.2194344
vt 0.06845286 -0.2169924
vt 0.07645613 -0.1950036
vt 0.07864886 -0.1958016
vt 0.07064559 -0.2177905
vt 0.07645613 -0.1950036
vt 0.07725422 -0.1928108
vt 0.07889812 -0.1938648
vt 0.07864886 -0.1958016
vt -0.06160526 0.04402206
vt -0.0597 0.04347324
vt -0.0597 0.04533539
vt -0.06203345 0.04566596
vt -0.06203345 0.04566596
vt -0.0597 0.04533539
vt -0.0597 0.06732419
vt -0.06203345 0.06765477
vt -0.06203345 0.06765477
vt -0.0597 0.06732419
vt -0.0597 0.06984749
vt -0.06160526 0.06959158
vt -0.0597 0.04347324
vt 0.0597 0.04347324
vt 0.0597 0.04533539
vt -0.0597 0.04533539
vt -0.0597 0.04533539
vt 0.0597 0.04533539
vt 0.0597 0.06732419
vt -0.0597 0.06732419
vt -0.0597 0.06732419
vt 0.0597 0.06732419
vt 0.0597 0.06984749
vt -0.0597 0.06984749
vt 0.0597 0.04347324
vt 0.06160526 0.04402206
vt 0.06203345 0.04566596
vt 0.0597 0.04533539
vt 0.0597 0.04533539
vt 0.06203345 0.04566596
vt 0.06203345 0.06765477
vt 0.0597 0.06732419
vt 0.0597 0.06732419
vt 0.06203345 0.06765477
vt 0.06160526 0.06959158
vt 0.0597 0.06984749
vt -0.06160526 0.0533286
vt -0.06203345 0.05526541
vt -0.0597 0.05559599
vt -0.0597 0.05307268
vt -0.06203345 0.05526541
vt -0.06203345 0.07725422
vt -0.0597 0.0775848
vt -0.0597 0.05559599
vt -0.06203345 0.07725422
vt -0.06160526 0.07889812
vt -0.0597 0.07944695
vt -0.0597 0.0775848
vt -0.0597 0.05307268
vt -0.0597 0.05559599
vt 0.0597 0.05559599
vt 0.0597 0.05307268
vt -0.0597 0.05559599
vt -0.0597 0.0775848
vt 0.0597 0.0775848
vt 0.0597 0.05559599
vt -0.0597 0.0775848
vt -0.0597 0.07944695
vt 0.0597 0.07944695
vt 0.0597 0.0775848
vt 0.0597 0.05307268
vt 0.0597 0.05559599
vt 0.06203345 0.05526541
vt 0.06160526 0.0533286
vt 0.0597 0.05559599
vt 0.0597 0.0775848
vt 0.06203345 0.07725422
vt 0.06203345 0.05526541
vt 0.0597 0.0775848
vt 0.0597 0.07944695
vt 0.06160526 0.07889812
vt 0.06203345 0.07725422
vt -0.06160526 -0.2101278
vt -0.06203345 -0.208191
vt -0.0597 -0.2078604
vt -0.0597 -0.2103837
vt -0.0597 -0.2103837
vt -0.0597 -0.2078604
vt 0.0597 -0.2078604
vt 0.0597 -0.2103837
vt 0.0597 -0.2103837
vt 0.0597 -0.2078604
vt 0.06203345 -0.208191
vt 0.06160526 -0.2101278
vt -0.06203345 -0.208191
vt -0.06203345 -0.1862022
vt -0.0597 -0.1858716
vt -0.0597 -0.2078604
vt -0.0597 -0.2078604
vt -0.0597 -0.1858716
vt 0.0597 -0.1858716
vt 0.0597 -0.2078604
vt 0.0597 -0.2078604
vt 0.0597 -0.1858716
vt 0.06203345 -0.1862022
vt 0.06203345 -0.208191
vt -0.06203345 -0.1862022
vt -0.06160526 -0.1845583
vt -0.0597 -0.1840095
vt -0.0597 -0.1858716
vt -0.0597 -0.1858716
vt -0.0597 -0.1840095
vt 0.0597 -0.1840095
vt 0.0597 -0.1858716
vt 0.0597 -0.1858716
vt 0.0597 -0.1840095
vt 0.06160526 -0.1845583
vt 0.06203345 -0.1862022
vt -0.06160526 -0.2194344
vt -0.0597 -0.2199832
vt -0.0597 -0.218121
vt -0.06203345 -0.2177905
vt -0.0597 -0.2199832
vt 0.0597 -0.2199832
vt 0.0597 -0.218121
vt -0.0597 -0.218121
vt 0.0597 -0.2199832
vt 0.06160526 -0.2194344
vt 0.06203345 -0.2177905
vt 0.0597 -0.218121
vt -0.06203345 -0.2177905
vt -0.0597 -0.218121
vt -0.0597 -0.1961322
vt -0.06203345 -0.1958016
vt -0.0597 -0.218121
vt 0.0597 -0.218121
vt 0.0597 -0.1961322
vt -0.0597 -0.1961322
vt 0.0597 -0.218121
vt 0.06203345 -0.2177905
vt 0.06203345 -0.1958016
vt 0.0597 -0.1961322
vt -0.06203345 -0.1958016
vt -0.0597 -0.1961322
vt -0.0597 -0.1936089
vt -0.06160526 -0.1938648
vt -0.0597 -0.1961322
vt 0.0597 -0.1961322
vt 0.0597 -0.1936089
vt -0.0597 -0.1936089
vt 0.0597 -0.1961322
vt 0.06203345 -0.1958016
vt 0.06160526 -0.1938648
vt 0.0597 -0.1936089
vt -0.007280961 -0.3510817
vt -0.005637058 -0.3521357
vt -0.00483897 -0.349943
vt -0.007031699 -0.3491449
vt -0.007031699 -0.3491449
vt -0.00483897 -0.349943
vt 0.003164301 -0.3279542
vt 0.0009715732 -0.3271561
vt 0.0009715732 -0.3271561
vt 0.003164301 -0.3279542
vt 0.003962388 -0.3257615
vt 0.002025582 -0.3255122
vt -0.005637058 -0.3521357
vt 0.01635175 -0.360139
vt 0.01714984 -0.3579463
vt -0.00483897 -0.349943
vt -0.00483897 -0.349943
vt 0.01714984 -0.3579463
vt 0.02515311 -0.3359574
vt 0.003164301 -0.3279542
vt 0.003164301 -0.3279542
vt 0.02515311 -0.3359574
vt 0.0259512 -0.3337647
vt 0.003962388 -0.3257615
vt 0.01635175 -0.360139
vt 0.01828856 -0.3603883
vt 0.01934257 -0.3587443
vt 0.01714984 -0.3579463
vt 0.01714984 -0.3579463
vt 0.01934257 -0.3587443
vt 0.02734584 -0.3367555
vt 0.02515311 -0.3359574
vt 0.02515311 -0.3359574
vt 0.02734584 -0.3367555
vt 0.0275951 -0.3348187
vt 0.0259512 -0.3337647
vt -0.007280961 -0.3510817
vt -0.007031699 -0.3491449
vt -0.00483897 -0.349943
vt -0.005637058 -0.3521357
vt -0.007031699 -0.3491449
vt 0.0009715732 -0.3271561
vt 0.003164301 -0.3279542
vt -0.00483897 -0.349943
vt 0.0009715732 -0.3271561
vt 0.002025582 -0.3255122
vt 0.003962388 -0.3257615
vt 0.003164301 -0.3279542
vt -0.005637058 -0.3521357
vt -0.00483897 -0.349943
vt 0.01714984 -0.3579463
vt 0.01635175 -0.360139
vt -0.00483897 -0.349943
vt 0.003164301 -0.3279542
vt 0.02515311 -0.3359574
vt 0.01714984 -0.3579463
vt 0.003164301 -0.3279542
vt 0.003962388 -0.3257615
vt 0.0259512 -0.3337647
vt 0.02515311 -0.3359574
vt 0.01635175 -0.360139
vt 0.01714984 -0.3579463
vt 0.01934257 -0.3587443
vt 0.01828856 -0.3603883
vt 0.01714984 -0.3579463
vt 0.02515311 -0.3359574
vt 0.02734584 -0.3367555
vt 0.01934257 -0.3587443
vt 0.02515311 -0.3359574
vt 0.0259512 -0.3337647
vt 0.0275951 -0.3348187
vt 0.02734584 -0.3367555
vt -0.06160526 -0.007280961
vt -0.0597 -0.007829786
vt -0.0597 -0.005967637
vt -0.06203345 -0.005637058
vt -0.06203345 -0.005637058
vt -0.0597 -0.005967637
vt -0.0597 0.01602117
vt -0.06203345 0.01635175
vt -0.06203345 0.01635175
vt -0.0597 0.01602117
vt -0.0597 0.01854448
vt -0.06160526 0.01828856
vt -0.0597 -0.007829786
vt 0.0597 -0.007829786
vt 0.0597 -0.005967637
vt -0.0597 -0.005967637
vt -0.0597 -0.005967637
vt 0.0597 -0.005967637
vt 0.0597 0.01602117
vt -0.0597 0.01602117
vt -0.0597 0.01602117
vt 0.0597 0.01602117
vt 0.0597 0.01854448
vt -0.0597 0.01854448
vt 0.0597 -0.007829786
vt 0.06160526 -0.007280961
vt 0.06203345 -0.005637058
vt 0.0597 -0.005967637
vt 0.0597 -0.005967637
vt 0.06203345 -0.005637058
vt 0.06203345 0.01635175
vt 0.0597 0.01602117
vt 0.0597 0.01602117
vt 0.06203345 0.01635175
vt 0.06160526 0.01828856
vt 0.0597 0.01854448
vt -0.06160526 0.002025582
vt -0.06203345 0.003962388
vt -0.0597 0.004292967
vt -0.0597 0.001769661
vt -0.06203345 0.003962388
vt -0.06203345 0.0259512
vt -0.0597 0.02628177
vt -0.0597 0.004292967
vt -0.06203345 0.0259512
vt -0.06160526 0.0275951
vt -0.0597 0.02814393
vt -0.0597 0.02628177
vt -0.0597 0.001769661
vt -0.0597 0.004292967
vt 0.0597 0.004292967
vt 0.0597 0.001769661
vt -0.0597 0.004292967
vt -0.0597 0.02628177
vt 0.0597 0.02628177
vt 0.0597 0.004292967
vt -0.0597 0.02628177
vt -0.0597 0.02814393
vt 0.0597 0.02814393
vt 0.0597 0.02628177
vt 0.0597 0.001769661
vt 0.0597 0.004292967
vt 0.06203345 0.003962388
vt 0.06160526 0.002025582
vt 0.0597 0.004292967
vt 0.0597 0.02628177
vt 0.06203345 0.0259512
vt 0.06203345 0.003962388
vt 0.0597 0.02628177
vt 0.0597 0.02814393
vt 0.06160526 0.0275951
vt 0.06203345 0.0259512
vt -0.06160526 -0.3510817
vt -0.06203345 -0.3491449
vt -0.0597 -0.3488143
vt -0.0597 -0.3513376
vt -0.0597 -0.3513376
vt -0.0597 -0.3488143
vt 0.0597 -0.3488143
vt 0.0597 -0.3513376
vt 0.0597 -0.3513376
vt 0.0597 -0.3488143
vt 0.06203345 -0.3491449
vt 0.06160526 -0.3510817
vt -0.06203345 -0.3491449
vt -0.06203345 -0.3271561
vt -0.0597 -0.3268255
vt -0.0597 -0.3488143
vt -0.0597 -0.3488143
vt -0.0597 -0.3268255
vt 0.0597 -0.3268255
vt 0.0597 -0.3488143
vt 0.0597 -0.3488143
vt 0.0597 -0.3268255
vt 0.06203345 -0.3271561
vt 0.06203345 -0.3491449
vt -0.06203345 -0.3271561
vt -0.06160526 -0.3255122
vt -0.0597 -0.3249634
vt -0.0597 -0.3268255
vt -0.0597 -0.3268255
vt -0.0597 -0.3249634
vt 0.0597 -0.3249634
vt 0.0597 -0.3268255
vt 0.0597 -0.3268255
vt 0.0597 -0.3249634
vt 0.06160526 -0.3255122
vt 0.06203345 -0.3271561
vt -0.06160526 -0.3603883
vt -0.0597 -0.3609371
vt -0.0597 -0.3590749
vt -0.06203345 -0.3587443
vt -0.0597 -0.3609371
vt 0.0597 -0.3609371
vt 0.0597 -0.3590749
vt -0.0597 -0.3590749
vt 0.0597 -0.3609371
vt 0.06160526 -0.3603883
vt 0.06203345 -0.3587443
vt 0.0597 -0.3590749
vt -0.06203345 -0.3587443
vt -0.0597 -0.3590749
vt -0.0597 -0.3370861
vt -0.06203345 -0.3367555
vt -0.0597 -0.3590749
vt 0.0597 -0.3590749
vt 0.0597 -0.3370861
vt -0.0597 -0.3370861
vt 0.0597 -0.3590749
vt 0.06203345 -0.3587443
vt 0.06203345 -0.3367555
vt 0.0597 -0.3370861
vt -0.06203345 -0.3367555
vt -0.0597 -0.3370861
vt -0.0597 -0.3345628
vt -0.06160526 -0.3348187
vt -0.0597 -0.3370861
vt 0.0597 -0.3370861
vt 0.0597 -0.3345628
vt -0.0597 -0.3345628
vt 0.0597 -0.3370861
vt 0.06203345 -0.3367555
vt 0.06160526 -0.3348187
vt 0.0597 -0.3345628
vt 0.0611623 -0.1613377
vt 0.06275001 -0.1616946
vt 0.06275001 -0.15975
vt 0.06080546 -0.15975
vt 0.06080546 -0.15975
vt 0.06275001 -0.15975
vt 0.06275001 -0.14025
vt 0.06080546 -0.14025
vt 0.06080546 -0.14025
vt 0.06275001 -0.14025
vt 0.06275001 -0.1383055
vt 0.0611623 -0.1386623
vt 0.06275001 -0.1616946
vt 0.34725 -0.1616946
vt 0.34725 -0.15975
vt 0.06275001 -0.15975
vt 0.06275001 -0.15975
vt 0.34725 -0.15975
vt 0.34725 -0.14025
vt 0.06275001 -0.14025
vt 0.06275001 -0.14025
vt 0.34725 -0.14025
vt 0.34725 -0.1383055
vt 0.06275001 -0.1383055
vt 0.34725 -0.1616946
vt 0.3488377 -0.1613377
vt 0.3491946 -0.15975
vt 0.34725 -0.15975
vt 0.34725 -0.15975
vt 0.3491946 -0.15975
vt 0.3491946 -0.14025
vt 0.34725 -0.14025
vt 0.34725 -0.14025
vt 0.3491946 -0.14025
vt 0.3488377 -0.1386623
vt 0.34725 -0.1383055
vt 0.0611623 -0.1613377
vt 0.06080546 -0.15975
vt 0.06275001 -0.15975
vt 0.06275001 -0.1616946
vt 0.06080546 -0.15975
vt 0.06080546 -0.14025
vt 0.06275001 -0.14025
vt 0.06275001 -0.15975
vt 0.06080546 -0.14025
vt 0.0611623 -0.1386623
vt 0.06275001 -0.1383055
vt 0.06275001 -0.14025
vt 0.06275001 -0.1616946
vt 0.06275001 -0.15975
vt 0.34725 -0.15975
vt 0.34725 -0.1616946
vt 0.06275001 -0.15975
vt 0.06275001 -0.14025
vt 0.34725 -0.14025
vt 0.34725 -0.15975
vt 0.06275001 -0.14025
vt 0.06275001 -0.1383055
vt 0.34725 -0.1383055
vt 0.34725 -0.14025
vt 0.34725 -0.1616946
vt 0.34725 -0.15975
vt 0.3491946 -0.15975
vt 0.3488377 -0.1613377
vt 0.34725 -0.15975
vt 0.34725 -0.14025
vt 0.3491946 -0.14025
vt 0.3491946 -0.15975
vt 0.34725 -0.14025
vt 0.34725 -0.1383055
vt 0.3488377 -0.1386623
vt 0.3491946 -0.14025
vt -0.02633771 0.0611623
vt -0.02475 0.06080546
vt -0.02475 0.06275001
vt -0.02669454 0.06275001
vt -0.02669454 0.06275001
vt -0.02475 0.06275001
vt -0.02475 0.34725
vt -0.02669454 0.34725
vt -0.02669454 0.34725
vt -0.02475 0.34725
vt -0.02475 0.3491946
vt -0.02633771 0.3488377
vt -0.02475 0.06080546
vt 0.02475 0.06080546
vt 0.02475 0.06275001
vt -0.02475 0.06275001
vt -0.02475 0.06275001
vt 0.02475 0.06275001
vt 0.02475 0.34725
vt -0.02475 0.34725
vt -0.02475 0.34725
vt 0.02475 0.34725
vt 0.02475 0.3491946
vt -0.02475 0.3491946
vt 0.02475 0.06080546
vt 0.02633771 0.0611623
vt 0.02669454 0.06275001
vt 0.02475 0.06275001
vt 0.02475 0.06275001
vt 0.02669454 0.06275001
vt 0.02669454 0.34725
vt 0.02475 0.34725
vt 0.02475 0.34725
vt 0.02669454 0.34725
vt 0.02633771 0.3488377
vt 0.02475 0.3491946
vt -0.02633771 0.0611623
vt -0.02669454 0.06275001
vt -0.02475 0.06275001
vt -0.02475 0.06080546
vt -0.02669454 0.06275001
vt -0.02669454 0.34725
vt -0.02475 0.34725
vt -0.02475 0.06275001
vt -0.02669454 0.34725
vt -0.02633771 0.3488377
vt -0.02475 0.3491946
vt -0.02475 0.34725
vt -0.02475 0.06080546
vt -0.02475 0.06275001
vt 0.02475 0.06275001
vt 0.02475 0.06080546
vt -0.02475 0.06275001
vt -0.02475 0.34725
vt 0.02475 0.34725
vt 0.02475 0.06275001
vt -0.02475 0.34725
vt -0.02475 0.3491946
vt 0.02475 0.3491946
vt 0.02475 0.34725
vt 0.02475 0.06080546
vt 0.02475 0.06275001
vt 0.02669454 0.06275001
vt 0.02633771 0.0611623
vt 0.02475 0.06275001
vt 0.02475 0.34725
vt 0.02669454 0.34725
vt 0.02669454 0.06275001
vt 0.02475 0.34725
vt 0.02475 0.3491946
vt 0.02633771 0.3488377
vt 0.02669454 0.34725
vt -0.02633771 -0.1613377
vt -0.02669454 -0.15975
vt -0.02475 -0.15975
vt -0.02475 -0.1616946
vt -0.02475 -0.1616946
vt -0.02475 -0.15975
vt 0.02475 -0.15975
vt 0.02475 -0.1616946
vt 0.02475 -0.1616946
vt 0.02475 -0.15975
vt 0.02669454 -0.15975
vt 0.02633771 -0.1613377
vt -0.02669454 -0.15975
vt -0.02669454 -0.14025
vt -0.02475 -0.14025
vt -0.02475 -0.15975
vt -0.02475 -0.15975
vt -0.02475 -0.14025
vt 0.02475 -0.14025
vt 0.02475 -0.15975
vt 0.02475 -0.15975
vt 0.02475 -0.14025
vt 0.02669454 -0.14025
vt 0.02669454 -0.15975
vt -0.02669454 -0.14025
vt -0.02633771 -0.1386623
vt -0.02475 -0.1383055
vt -0.02475 -0.14025
vt -0.02475 -0.14025
vt -0.02475 -0.1383055
vt 0.02475 -0.1383055
vt 0.02475 -0.14025
vt 0.02475 -0.14025
vt 0.02475 -0.1383055
vt 0.02633771 -0.1386623
vt 0.02669454 -0.14025
vt -0.02633771 -0.1613377
vt -0.02475 -0.1616946
vt -0.02475 -0.15975
vt -0.02669454 -0.15975
vt -0.02475 -0.1616946
vt 0.02475 -0.1616946
vt 0.02475 -0.15975
vt -0.02475 -0.15975
vt 0.02475 -0.1616946
vt 0.02633771 -0.1613377
vt 0.02669454 -0.15975
vt 0.02475 -0.15975
vt -0.02669454 -0.15975
vt -0.02475 -0.15975
vt -0.02475 -0.14025
vt -0.02669454 -0.14025
vt -0.02475 -0.15975
vt 0.02475 -0.15975
vt 0.02475 -0.14025
vt -0.02475 -0.14025
vt 0.02475 -0.15975
vt 0.02669454 -0.15975
vt 0.02669454 -0.14025
vt 0.02475 -0.14025
vt -0.02669454 -0.14025
vt -0.02475 -0.14025
vt -0.02475 -0.1383055
vt -0.02633771 -0.1386623
vt -0.02475 -0.14025
vt 0.02475 -0.14025
vt 0.02475 -0.1383055
vt -0.02475 -0.1383055
vt 0.02475 -0.14025
vt 0.02669454 -0.14025
vt 0.02633771 -0.1386623
vt 0.02475 -0.1383055
vt 0.3363948 -0.1486053
vt 0.3383 -0.1490334
vt 0.3383 -0.1467
vt 0.3359665 -0.1467
vt 0.3359665 -0.1467
vt 0.3383 -0.1467
vt 0.3383 -0.0333
vt 0.3359665 -0.0333
vt 0.3359665 -0.0333
vt 0.3383 -0.0333
vt 0.3383 -0.03096655
vt 0.3363948 -0.03139474
vt 0.3383 -0.1490334
vt 0.3617 -0.1490334
vt 0.3617 -0.1467
vt 0.3383 -0.1467
vt 0.3383 -0.1467
vt 0.3617 -0.1467
vt 0.3617 -0.0333
vt 0.3383 -0.0333
vt 0.3383 -0.0333
vt 0.3617 -0.0333
vt 0.3617 -0.03096655
vt 0.3383 -0.03096655
vt 0.3617 -0.1490334
vt 0.3636053 -0.1486053
vt 0.3640335 -0.1467
vt 0.3617 -0.1467
vt 0.3617 -0.1467
vt 0.3640335 -0.1467
vt 0.3640335 -0.0333
vt 0.3617 -0.0333
vt 0.3617 -0.0333
vt 0.3640335 -0.0333
vt 0.3636053 -0.03139474
vt 0.3617 -0.03096655
vt 0.3363948 -0.1486053
vt 0.3359665 -0.1467
vt 0.3383 -0.1467
vt 0.3383 -0.1490334
vt 0.3359665 -0.1467
vt 0.3359665 -0.0333
vt 0.3383 -0.0333
vt 0.3383 -0.1467
vt 0.3359665 -0.0333
vt 0.3363948 -0.03139474
vt 0.3383 -0.03096655
vt 0.3383 -0.0333
vt 0.3383 -0.1490334
vt 0.3383 -0.1467
vt 0.3617 -0.1467
vt 0.3617 -0.1490334
vt 0.3383 -0.1467
vt 0.3383 -0.0333
vt 0.3617 -0.0333
vt 0.3617 -0.1467
vt 0.3383 -0.0333
vt 0.3383 -0.03096655
vt 0.3617 -0.03096655
vt 0.3617 -0.0333
vt 0.3617 -0.1490334
vt 0.3617 -0.1467
vt 0.3640335 -0.1467
vt 0.3636053 -0.1486053
vt 0.3617 -0.1467
vt 0.3617 -0.0333
vt 0.3640335 -0.0333
vt 0.3640335 -0.1467
vt 0.3617 -0.0333
vt 0.3617 -0.03096655
vt 0.3636053 -0.03139474
vt 0.3640335 -0.0333
vt -0.02610525 0.3363948
vt -0.0242 0.3359665
vt -0.0242 0.3383
vt -0.02653345 0.3383
vt -0.02653345 0.3383
vt -0.0242 0.3383
vt -0.0242 0.3617
vt -0.02653345 0.3617
vt -0.02653345 0.3617
vt -0.0242 0.3617
vt -0.0242 0.3640335
vt -0.02610525 0.3636053
vt -0.0242 0.3359665
vt 0.0242 0.3359665
vt 0.0242 0.3383
vt -0.0242 0.3383
vt -0.0242 0.3383
vt 0.0242 0.3383
vt 0.0242 0.3617
vt -0.0242 0.3617
vt -0.0242 0.3617
vt 0.0242 0.3617
vt 0.0242 0.3640335
vt -0.0242 0.3640335
vt 0.0242 0.3359665
vt 0.02610525 0.3363948
vt 0.02653345 0.3383
vt 0.0242 0.3383
vt 0.0242 0.3383
vt 0.02653345 0.3383
vt 0.02653345 0.3617
vt 0.0242 0.3617
vt 0.0242 0.3617
vt 0.02653345 0.3617
vt 0.02610525 0.3636053
vt 0.0242 0.3640335
vt -0.02610525 0.3363948
vt -0.02653345 0.3383
vt -0.0242 0.3383
vt -0.0242 0.3359665
vt -0.02653345 0.3383
vt -0.02653345 0.3617
vt -0.0242 0.3617
vt -0.0242 0.3383
vt -0.02653345 0.3617
vt -0.02610525 0.3636053
vt -0.0242 0.3640335
vt -0.0242 0.3617
vt -0.0242 0.3359665
vt -0.0242 0.3383
vt 0.0242 0.3383
vt 0.0242 0.3359665
vt -0.0242 0.3383
vt -0.0242 0.3617
vt 0.0242 0.3617
vt 0.0242 0.3383
vt -0.0242 0.3617
vt -0.0242 0.3640335
vt 0.0242 0.3640335
vt 0.0242 0.3617
vt 0.0242 0.3359665
vt 0.0242 0.3383
vt 0.02653345 0.3383
vt 0.02610525 0.3363948
vt 0.0242 0.3383
vt 0.0242 0.3617
vt 0.02653345 0.3617
vt 0.02653345 0.3383
vt 0.0242 0.3617
vt 0.0242 0.3640335
vt 0.02610525 0.3636053
vt 0.02653345 0.3617
vt -0.02610525 -0.1486053
vt -0.02653345 -0.1467
vt -0.0242 -0.1467
vt -0.0242 -0.1490334
vt -0.0242 -0.1490334
vt -0.0242 -0.1467
vt 0.0242 -0.1467
vt 0.0242 -0.1490334
vt 0.0242 -0.1490334
vt 0.0242 -0.1467
vt 0.02653345 -0.1467
vt 0.02610525 -0.1486053
vt -0.02653345 -0.1467
vt -0.02653345 -0.0333
vt -0.0242 -0.0333
vt -0.0242 -0.1467
vt -0.0242 -0.1467
vt -0.0242 -0.0333
vt 0.0242 -0.0333
vt 0.0242 -0.1467
vt 0.0242 -0.1467
vt 0.0242 -0.0333
vt 0.02653345 -0.0333
vt 0.02653345 -0.1467
vt -0.02653345 -0.0333
vt -0.02610525 -0.03139474
vt -0.0242 -0.03096655
vt -0.0242 -0.0333
vt -0.0242 -0.0333
vt -0.0242 -0.03096655
vt 0.0242 -0.03096655
vt 0.0242 -0.0333
vt 0.0242 -0.0333
vt 0.0242 -0.03096655
vt 0.02610525 -0.03139474
vt 0.02653345 -0.0333
vt -0.02610525 -0.1486053
vt -0.0242 -0.1490334
vt -0.0242 -0.1467
vt -0.02653345 -0.1467
vt -0.0242 -0.1490334
vt 0.0242 -0.1490334
vt 0.0242 -0.1467
vt -0.0242 -0.1467
vt 0.0242 -0.1490334
vt 0.02610525 -0.1486053
vt 0.02653345 -0.1467
vt 0.0242 -0.1467
vt -0.02653345 -0.1467
vt -0.0242 -0.1467
vt -0.0242 -0.0333
vt -0.02653345 -0.0333
vt -0.0242 -0.1467
vt 0.0242 -0.1467
vt 0.0242 -0.0333
vt -0.0242 -0.0333
vt 0.0242 -0.1467
vt 0.02653345 -0.1467
vt 0.02653345 -0.0333
vt 0.0242 -0.0333
vt -0.02653345 -0.0333
vt -0.0242 -0.0333
vt -0.0242 -0.03096655
vt -0.02610525 -0.03139474
vt -0.0242 -0.0333
vt 0.0242 -0.0333
vt 0.0242 -0.03096655
vt -0.0242 -0.03096655
vt 0.0242 -0.0333
vt 0.02653345 -0.0333
vt 0.02610525 -0.03139474
vt 0.0242 -0.03096655
vt 0.1375741 -0.09485655
vt 0.1389738 -0.09568654
vt 0.1395747 -0.09383716
vt 0.1377254 -0.09323627
vt 0.1377254 -0.09323627
vt 0.1395747 -0.09383716
vt 0.1601244 -0.03059191
vt 0.158275 -0.02999102
vt 0.158275 -0.02999102
vt 0.1601244 -0.03059191
vt 0.1607253 -0.02874254
vt 0.159105 -0.02859128
vt 0.1389738 -0.09568654
vt 0.1622747 -0.1032575
vt 0.1628756 -0.1014081
vt 0.1395747 -0.09383716
vt 0.1395747 -0.09383716
vt 0.1628756 -0.1014081
vt 0.1834252 -0.03816283
vt 0.1601244 -0.03059191
vt 0.1601244 -0.03059191
vt 0.1834252 -0.03816283
vt 0.1840262 -0.03631346
vt 0.1607253 -0.02874254
vt 0.1622747 -0.1032575
vt 0.163895 -0.1034087
vt 0.164725 -0.102009
vt 0.1628756 -0.1014081
vt 0.1628756 -0.1014081
vt 0.164725 -0.102009
vt 0.1852746 -0.03876373
vt 0.1834252 -0.03816283
vt 0.1834252 -0.03816283
vt 0.1852746 -0.03876373
vt 0.1854259 -0.03714345
vt 0.1840262 -0.03631346
vt 0.1375741 -0.09485655
vt 0.1377254 -0.09323627
vt 0.1395747 -0.09383716
vt 0.1389738 -0.09568654
vt 0.1377254 -0.09323627
vt 0.158275 -0.02999102
vt 0.1601244 -0.03059191
vt 0.1395747 -0.09383716
vt 0.158275 -0.02999102
vt 0.159105 -0.02859128
vt 0.1607253 -0.02874254
vt 0.1601244 -0.03059191
vt 0.1389738 -0.09568654
vt 0.1395747 -0.09383716
vt 0.1628756 -0.1014081
vt 0.1622747 -0.1032575
vt 0.1395747 -0.09383716
vt 0.1601244 -0.03059191
vt 0.1834252 -0.03816283
vt 0.1628756 -0.1014081
vt 0.1601244 -0.03059191
vt 0.1607253 -0.02874254
vt 0.1840262 -0.03631346
vt 0.1834252 -0.03816283
vt 0.1622747 -0.1032575
vt 0.1628756 -0.1014081
vt 0.164725 -0.102009
vt 0.163895 -0.1034087
vt 0.1628756 -0.1014081
vt 0.1834252 -0.03816283
vt 0.1852746 -0.03876373
vt 0.164725 -0.102009
vt 0.1834252 -0.03816283
vt 0.1840262 -0.03631346
vt 0.1854259 -0.03714345
vt 0.1852746 -0.03876373
vt -0.01133771 0.1375741
vt -0.009749999 0.1371245
vt -0.009749999 0.1387249
vt -0.01169454 0.1389738
vt -0.01169454 0.1389738
vt -0.009749999 0.1387249
vt -0.009749999 0.1620258
vt -0.01169454 0.1622747
vt -0.01169454 0.1622747
vt -0.009749999 0.1620258
vt -0.009749999 0.1641241
vt -0.01133771 0.163895
vt -0.009749999 0.1371245
vt 0.009749999 0.1371245
vt 0.009749999 0.1387249
vt -0.009749999 0.1387249
vt -0.009749999 0.1387249
vt 0.009749999 0.1387249
vt 0.009749999 0.1620258
vt -0.009749999 0.1620258
vt -0.009749999 0.1620258
vt 0.009749999 0.1620258
vt 0.009749999 0.1641241
vt -0.009749999 0.1641241
vt 0.009749999 0.1371245
vt 0.01133771 0.1375741
vt 0.01169454 0.1389738
vt 0.009749999 0.1387249
vt 0.009749999 0.1387249
vt 0.01169454 0.1389738
vt 0.01169454 0.1622747
vt 0.009749999 0.1620258
vt 0.009749999 0.1620258
vt 0.01169454 0.1622747
vt 0.01133771 0.163895
vt 0.009749999 0.1641241
vt -0.01133771 0.159105
vt -0.01169454 0.1607253
vt -0.009749999 0.1609742
vt -0.009749999 0.1588759
vt -0.01169454 0.1607253
vt -0.01169454 0.1840262
vt -0.009749999 0.1842751
vt -0.009749999 0.1609742
vt -0.01169454 0.1840262
vt -0.01133771 0.1854259
vt -0.009749999 0.1858755
vt -0.009749999 0.1842751
vt -0.009749999 0.1588759
vt -0.009749999 0.1609742
vt 0.009749999 0.1609742
vt 0.009749999 0.1588759
vt -0.009749999 0.1609742
vt -0.009749999 0.1842751
vt 0.009749999 0.1842751
vt 0.009749999 0.1609742
vt -0.009749999 0.1842751
vt -0.009749999 0.1858755
vt 0.009749999 0.1858755
vt 0.009749999 0.1842751
vt 0.009749999 0.1588759
vt 0.009749999 0.1609742
vt 0.01169454 0.1607253
vt 0.01133771 0.159105
vt 0.009749999 0.1609742
vt 0.009749999 0.1842751
vt 0.01169454 0.1840262
vt 0.01169454 0.1607253
vt 0.009749999 0.1842751
vt 0.009749999 0.1858755
vt 0.01133771 0.1854259
vt 0.01169454 0.1840262
vt -0.01133771 -0.09485655
vt -0.01169454 -0.09323627
vt -0.009749999 -0.09298737
vt -0.009749999 -0.09508564
vt -0.009749999 -0.09508564
vt -0.009749999 -0.09298737
vt 0.009749999 -0.09298737
vt 0.009749999 -0.09508564
vt 0.009749999 -0.09508564
vt 0.009749999 -0.09298737
vt 0.01169454 -0.09323627
vt 0.01133771 -0.09485655
vt -0.01169454 -0.09323627
vt -0.01169454 -0.02999102
vt -0.009749999 -0.02974211
vt -0.009749999 -0.09298737
vt -0.009749999 -0.09298737
vt -0.009749999 -0.02974211
vt 0.009749999 -0.02974211
vt 0.009749999 -0.09298737
vt 0.009749999 -0.09298737
vt 0.009749999 -0.02974211
vt 0.01169454 -0.02999102
vt 0.01169454 -0.09323627
vt -0.01169454 -0.02999102
vt -0.01133771 -0.02859128
vt -0.009749999 -0.02814164
vt -0.009749999 -0.02974211
vt -0.009749999 -0.02974211
vt -0.009749999 -0.02814164
vt 0.009749999 -0.02814164
vt 0.009749999 -0.02974211
vt 0.009749999 -0.02974211
vt 0.009749999 -0.02814164
vt 0.01133771 -0.02859128
vt 0.01169454 -0.02999102
vt -0.01133771 -0.1034087
vt -0.009749999 -0.1038584
vt -0.009749999 -0.1022579
vt -0.01169454 -0.102009
vt -0.009749999 -0.1038584
vt 0.009749999 -0.1038584
vt 0.009749999 -0.1022579
vt -0.009749999 -0.1022579
vt 0.009749999 -0.1038584
vt 0.01133771 -0.1034087
vt 0.01169454 -0.102009
vt 0.009749999 -0.1022579
vt -0.01169454 -0.102009
vt -0.009749999 -0.1022579
vt -0.009749999 -0.03901263
vt -0.01169454 -0.03876373
vt -0.009749999 -0.1022579
vt 0.009749999 -0.1022579
vt 0.009749999 -0.03901263
vt -0.009749999 -0.03901263
vt 0.009749999 -0.1022579
vt 0.01169454 -0.102009
vt 0.01169454 -0.03876373
vt 0.009749999 -0.03901263
vt -0.01169454 -0.03876373
vt -0.009749999 -0.03901263
vt -0.009749999 -0.03691436
vt -0.01133771 -0.03714345
vt -0.009749999 -0.03901263
vt 0.009749999 -0.03901263
vt 0.009749999 -0.03691436
vt -0.009749999 -0.03691436
vt 0.009749999 -0.03901263
vt 0.01169454 -0.03876373
vt 0.01133771 -0.03714345
vt 0.009749999 -0.03691436
vt 0.1203222 0.0261
vt 0.1211 0.0261
vt 0.1211 0.0539
vt 0.1203222 0.0539
vt 0.1211 0.02532219
vt 0.1789 0.02532219
vt 0.1789 0.0261
vt 0.1211 0.0261
vt 0.1211 0.0261
vt 0.1789 0.0261
vt 0.1789 0.0539
vt 0.1211 0.0539
vt 0.1211 0.0539
vt 0.1789 0.0539
vt 0.1789 0.05467782
vt 0.1211 0.05467782
vt 0.1789 0.0261
vt 0.1796778 0.0261
vt 0.1796778 0.0539
vt 0.1789 0.0539
vt 0.1203222 0.0261
vt 0.1203222 0.0539
vt 0.1211 0.0539
vt 0.1211 0.0261
vt 0.1211 0.02532219
vt 0.1211 0.0261
vt 0.1789 0.0261
vt 0.1789 0.02532219
vt 0.1211 0.0261
vt 0.1211 0.0539
vt 0.1789 0.0539
vt 0.1789 0.0261
vt 0.1211 0.0539
vt 0.1211 0.05467782
vt 0.1789 0.05467782
vt 0.1789 0.0539
vt 0.1789 0.0261
vt 0.1789 0.0539
vt 0.1796778 0.0539
vt 0.1796778 0.0261
vt 0.06282219 0.1211
vt 0.0636 0.1211
vt 0.0636 0.1789
vt 0.06282219 0.1789
vt 0.0636 0.1203222
vt 0.0714 0.1203222
vt 0.0714 0.1211
vt 0.0636 0.1211
vt 0.0636 0.1211
vt 0.0714 0.1211
vt 0.0714 0.1789
vt 0.0636 0.1789
vt 0.0636 0.1789
vt 0.0714 0.1789
vt 0.0714 0.1796778
vt 0.0636 0.1796778
vt 0.0714 0.1211
vt 0.07217782 0.1211
vt 0.07217782 0.1789
vt 0.0714 0.1789
vt 0.06282219 0.1211
vt 0.06282219 0.1789
vt 0.0636 0.1789
vt 0.0636 0.1211
vt 0.0636 0.1203222
vt 0.0636 0.1211
vt 0.0714 0.1211
vt 0.0714 0.1203222
vt 0.0636 0.1211
vt 0.0636 0.1789
vt 0.0714 0.1789
vt 0.0714 0.1211
vt 0.0636 0.1789
vt 0.0636 0.1796778
vt 0.0714 0.1796778
vt 0.0714 0.1789
vt 0.0714 0.1211
vt 0.0714 0.1789
vt 0.07217782 0.1789
vt 0.07217782 0.1211
vt 0.0636 0.02532218
vt 0.0636 0.0261
vt 0.0714 0.0261
vt 0.0714 0.02532218
vt 0.06282219 0.0261
vt 0.06282219 0.0539
vt 0.0636 0.0539
vt 0.0636 0.0261
vt 0.0636 0.0261
vt 0.0636 0.0539
vt 0.0714 0.0539
vt 0.0714 0.0261
vt 0.0714 0.0261
vt 0.0714 0.0539
vt 0.07217782 0.0539
vt 0.07217782 0.0261
vt 0.0636 0.0539
vt 0.0636 0.05467782
vt 0.0714 0.05467782
vt 0.0714 0.0539
vt 0.0636 0.02532218
vt 0.0714 0.02532218
vt 0.0714 0.0261
vt 0.0636 0.0261
vt 0.06282219 0.0261
vt 0.0636 0.0261
vt 0.0636 0.0539
vt 0.06282219 0.0539
vt 0.0636 0.0261
vt 0.0714 0.0261
vt 0.0714 0.0539
vt 0.0636 0.0539
vt 0.0714 0.0261
vt 0.07217782 0.0261
vt 0.07217782 0.0539
vt 0.0714 0.0539
vt 0.0636 0.0539
vt 0.0714 0.0539
vt 0.0714 0.05467782
vt 0.0636 0.05467782
vt 0.5009298 -0.06157017
vt 0.5022 -0.06185563
vt 0.5022 -0.0603
vt 0.5006444 -0.0603
vt 0.5006444 -0.0603
vt 0.5022 -0.0603
vt 0.5022 -0.0447
vt 0.5006444 -0.0447
vt 0.5006444 -0.0447
vt 0.5022 -0.0447
vt 0.5022 -0.04314437
vt 0.5009298 -0.04342983
vt 0.5022 -0.06185563
vt 0.7478 -0.06185563
vt 0.7478 -0.0603
vt 0.5022 -0.0603
vt 0.5022 -0.0603
vt 0.7478 -0.0603
vt 0.7478 -0.0447
vt 0.5022 -0.0447
vt 0.5022 -0.0447
vt 0.7478 -0.0447
vt 0.7478 -0.04314437
vt 0.5022 -0.04314437
vt 0.7478 -0.06185563
vt 0.7490702 -0.06157017
vt 0.7493556 -0.0603
vt 0.7478 -0.0603
vt 0.7478 -0.0603
vt 0.7493556 -0.0603
vt 0.7493556 -0.0447
vt 0.7478 -0.0447
vt 0.7478 -0.0447
vt 0.7493556 -0.0447
vt 0.7490702 -0.04342983
vt 0.7478 -0.04314437
vt 0.5009298 -0.06157017
vt 0.5006444 -0.0603
vt 0.5022 -0.0603
vt 0.5022 -0.06185563
vt 0.5006444 -0.0603
vt 0.5006444 -0.0447
vt 0.5022 -0.0447
vt 0.5022 -0.0603
vt 0.5006444 -0.0447
vt 0.5009298 -0.04342983
vt 0.5022 -0.04314437
vt 0.5022 -0.0447
vt 0.5022 -0.06185563
vt 0.5022 -0.0603
vt 0.7478 -0.0603
vt 0.7478 -0.06185563
vt 0.5022 -0.0603
vt 0.5022 -0.0447
vt 0.7478 -0.0447
vt 0.7478 -0.0603
vt 0.5022 -0.0447
vt 0.5022 -0.04314437
vt 0.7478 -0.04314437
vt 0.7478 -0.0447
vt 0.7478 -0.06185563
vt 0.7478 -0.0603
vt 0.7493556 -0.0603
vt 0.7490702 -0.06157017
vt 0.7478 -0.0603
vt 0.7478 -0.0447
vt 0.7493556 -0.0447
vt 0.7493556 -0.0603
vt 0.7478 -0.0447
vt 0.7478 -0.04314437
vt 0.7490702 -0.04342983
vt 0.7493556 -0.0447
vt -0.04907017 0.5009298
vt -0.0478 0.5006444
vt -0.0478 0.5022
vt -0.04935563 0.5022
vt -0.04935563 0.5022
vt -0.0478 0.5022
vt -0.0478 0.7478
vt -0.04935563 0.7478
vt -0.04935563 0.7478
vt -0.0478 0.7478
vt -0.0478 0.7493556
vt -0.04907017 0.7490702
vt -0.0478 0.5006444
vt 0.0478 0.5006444
vt 0.0478 0.5022
vt -0.0478 0.5022
vt -0.0478 0.5022
vt 0.0478 0.5022
vt 0.0478 0.7478
vt -0.0478 0.7478
vt -0.0478 0.7478
vt 0.0478 0.7478
vt 0.0478 0.7493556
vt -0.0478 0.7493556
vt 0.0478 0.5006444
vt 0.04907017 0.5009298
vt 0.04935563 0.5022
vt 0.0478 0.5022
vt 0.0478 0.5022
vt 0.04935563 0.5022
vt 0.04935563 0.7478
vt 0.0478 0.7478
vt 0.0478 0.7478
vt 0.04935563 0.7478
vt 0.04907017 0.7490702
vt 0.0478 0.7493556
vt -0.04907017 0.5009298
vt -0.04935563 0.5022
vt -0.0478 0.5022
vt -0.0478 0.5006444
vt -0.04935563 0.5022
vt -0.04935563 0.7478
vt -0.0478 0.7478
vt -0.0478 0.5022
vt -0.04935563 0.7478
vt -0.04907017 0.7490702
vt -0.0478 0.7493556
vt -0.0478 0.7478
vt -0.0478 0.5006444
vt -0.0478 0.5022
vt 0.0478 0.5022
vt 0.0478 0.5006444
vt -0.0478 0.5022
vt -0.0478 0.7478
vt 0.0478 0.7478
vt 0.0478 0.5022
vt -0.0478 0.7478
vt -0.0478 0.7493556
vt 0.0478 0.7493556
vt 0.0478 0.7478
vt 0.0478 0.5006444
vt 0.0478 0.5022
vt 0.04935563 0.5022
vt 0.04907017 0.5009298
vt 0.0478 0.5022
vt 0.0478 0.7478
vt 0.04935563 0.7478
vt 0.04935563 0.5022
vt 0.0478 0.7478
vt 0.0478 0.7493556
vt 0.04907017 0.7490702
vt 0.04935563 0.7478
vt -0.04907017 -0.06157017
vt -0.04935563 -0.0603
vt -0.0478 -0.0603
vt -0.0478 -0.06185563
vt -0.0478 -0.06185563
vt -0.0478 -0.0603
vt 0.0478 -0.0603
vt 0.0478 -0.06185563
vt 0.0478 -0.06185563
vt 0.0478 -0.0603
vt 0.04935563 -0.0603
vt 0.04907017 -0.06157017
vt -0.04935563 -0.0603
vt -0.04935563 -0.0447
vt -0.0478 -0.0447
vt -0.0478 -0.0603
vt -0.0478 -0.0603
vt -0.0478 -0.0447
vt 0.0478 -0.0447
vt 0.0478 -0.0603
vt 0.0478 -0.0603
vt 0.0478 -0.0447
vt 0.04935563 -0.0447
vt 0.04935563 -0.0603
vt -0.04935563 -0.0447
vt -0.04907017 -0.04342983
vt -0.0478 -0.04314437
vt -0.0478 -0.0447
vt -0.0478 -0.0447
vt -0.0478 -0.04314437
vt 0.0478 -0.04314437
vt 0.0478 -0.0447
vt 0.0478 -0.0447
vt 0.0478 -0.04314437
vt 0.04907017 -0.04342983
vt 0.04935563 -0.0447
vt -0.04907017 -0.06157017
vt -0.0478 -0.06185563
vt -0.0478 -0.0603
vt -0.04935563 -0.0603
vt -0.0478 -0.06185563
vt 0.0478 -0.06185563
vt 0.0478 -0.0603
vt -0.0478 -0.0603
vt 0.0478 -0.06185563
vt 0.04907017 -0.06157017
vt 0.04935563 -0.0603
vt 0.0478 -0.0603
vt -0.04935563 -0.0603
vt -0.0478 -0.0603
vt -0.0478 -0.0447
vt -0.04935563 -0.0447
vt -0.0478 -0.0603
vt 0.0478 -0.0603
vt 0.0478 -0.0447
vt -0.0478 -0.0447
vt 0.0478 -0.0603
vt 0.04935563 -0.0603
vt 0.04935563 -0.0447
vt 0.0478 -0.0447
vt -0.04935563 -0.0447
vt -0.0478 -0.0447
vt -0.0478 -0.04314437
vt -0.04907017 -0.04342983
vt -0.0478 -0.0447
vt 0.0478 -0.0447
vt 0.0478 -0.04314437
vt -0.0478 -0.04314437
vt 0.0478 -0.0447
vt 0.04935563 -0.0447
vt 0.04907017 -0.04342983
vt 0.0478 -0.04314437
vt -0.0274641 -0.004964103
vt -0.024 -0.005742642
vt -0.024 -0.001500002
vt -0.02824264 -0.001500002
vt -0.02824264 -0.001500002
vt -0.024 -0.001500002
vt -0.024 0.0465
vt -0.02824264 0.0465
vt -0.02824264 0.0465
vt -0.024 0.0465
vt -0.024 0.05074264
vt -0.0274641 0.0499641
vt -0.024 -0.005742642
vt 0.024 -0.005742642
vt 0.024 -0.001500002
vt -0.024 -0.001500002
vt -0.024 -0.001500002
vt 0.024 -0.001500002
vt 0.024 0.0465
vt -0.024 0.0465
vt -0.024 0.0465
vt 0.024 0.0465
vt 0.024 0.05074264
vt -0.024 0.05074264
vt 0.024 -0.005742642
vt 0.0274641 -0.004964103
vt 0.02824264 -0.001500002
vt 0.024 -0.001500002
vt 0.024 -0.001500002
vt 0.02824264 -0.001500002
vt 0.02824264 0.0465
vt 0.024 0.0465
vt 0.024 0.0465
vt 0.02824264 0.0465
vt 0.0274641 0.0499641
vt 0.024 0.05074264
vt -0.0274641 -0.004964103
vt -0.02824264 -0.001500002
vt -0.024 -0.001500002
vt -0.024 -0.005742642
vt -0.02824264 -0.001500002
vt -0.02824264 0.0465
vt -0.024 0.0465
vt -0.024 -0.001500002
vt -0.02824264 0.0465
vt -0.0274641 0.0499641
vt -0.024 0.05074264
vt -0.024 0.0465
vt -0.024 -0.005742642
vt -0.024 -0.001500002
vt 0.024 -0.001500002
vt 0.024 -0.005742642
vt -0.024 -0.001500002
vt -0.024 0.0465
vt 0.024 0.0465
vt 0.024 -0.001500002
vt -0.024 0.0465
vt -0.024 0.05074264
vt 0.024 0.05074264
vt 0.024 0.0465
vt 0.024 -0.005742642
vt 0.024 -0.001500002
vt 0.02824264 -0.001500002
vt 0.0274641 -0.004964103
vt 0.024 -0.001500002
vt 0.024 0.0465
vt 0.02824264 0.0465
vt 0.02824264 -0.001500002
vt 0.024 0.0465
vt 0.024 0.05074264
vt 0.0274641 0.0499641
vt 0.02824264 0.0465
vt -0.06746411 -0.0274641
vt -0.064 -0.02824264
vt -0.064 -0.024
vt -0.06824264 -0.024
vt -0.06824264 -0.024
vt -0.064 -0.024
vt -0.064 0.024
vt -0.06824264 0.024
vt -0.06824264 0.024
vt -0.064 0.024
vt -0.064 0.02824264
vt -0.06746411 0.0274641
vt -0.064 -0.02824264
vt 0.064 -0.02824264
vt 0.064 -0.024
vt -0.064 -0.024
vt -0.064 -0.024
vt 0.064 -0.024
vt 0.064 0.024
vt -0.064 0.024
vt -0.064 0.024
vt 0.064 0.024
vt 0.064 0.02824264
vt -0.064 0.02824264
vt 0.064 -0.02824264
vt 0.06746411 -0.0274641
vt 0.06824264 -0.024
vt 0.064 -0.024
vt 0.064 -0.024
vt 0.06824264 -0.024
vt 0.06824264 0.024
vt 0.064 0.024
vt 0.064 0.024
vt 0.06824264 0.024
vt 0.06746411 0.0274641
vt 0.064 0.02824264
vt -0.06746411 -0.0274641
vt -0.06824264 -0.024
vt -0.064 -0.024
vt -0.064 -0.02824264
vt -0.06824264 -0.024
vt -0.06824264 0.024
vt -0.064 0.024
vt -0.064 -0.024
vt -0.06824264 0.024
vt -0.06746411 0.0274641
vt -0.064 0.02824264
vt -0.064 0.024
vt -0.064 -0.02824264
vt -0.064 -0.024
vt 0.064 -0.024
vt 0.064 -0.02824264
vt -0.064 -0.024
vt -0.064 0.024
vt 0.064 0.024
vt 0.064 -0.024
vt -0.064 0.024
vt -0.064 0.02824264
vt 0.064 0.02824264
vt 0.064 0.024
vt 0.064 -0.02824264
vt 0.064 -0.024
vt 0.06824264 -0.024
vt 0.06746411 -0.0274641
vt 0.064 -0.024
vt 0.064 0.024
vt 0.06824264 0.024
vt 0.06824264 -0.024
vt 0.064 0.024
vt 0.064 0.02824264
vt 0.06746411 0.0274641
vt 0.06824264 0.024
vt -0.06746411 -0.004964103
vt -0.06824264 -0.001500002
vt -0.064 -0.001500002
vt -0.064 -0.005742642
vt -0.064 -0.005742642
vt -0.064 -0.001500002
vt 0.064 -0.001500002
vt 0.064 -0.005742642
vt 0.064 -0.005742642
vt 0.064 -0.001500002
vt 0.06824264 -0.001500002
vt 0.06746411 -0.004964103
vt -0.06824264 -0.001500002
vt -0.06824264 0.0465
vt -0.064 0.0465
vt -0.064 -0.001500002
vt -0.064 -0.001500002
vt -0.064 0.0465
vt 0.064 0.0465
vt 0.064 -0.001500002
vt 0.064 -0.001500002
vt 0.064 0.0465
vt 0.06824264 0.0465
vt 0.06824264 -0.001500002
vt -0.06824264 0.0465
vt -0.06746411 0.0499641
vt -0.064 0.05074264
vt -0.064 0.0465
vt -0.064 0.0465
vt -0.064 0.05074264
vt 0.064 0.05074264
vt 0.064 0.0465
vt 0.064 0.0465
vt 0.064 0.05074264
vt 0.06746411 0.0499641
vt 0.06824264 0.0465
vt -0.06746411 -0.004964103
vt -0.064 -0.005742642
vt -0.064 -0.001500002
vt -0.06824264 -0.001500002
vt -0.064 -0.005742642
vt 0.064 -0.005742642
vt 0.064 -0.001500002
vt -0.064 -0.001500002
vt 0.064 -0.005742642
vt 0.06746411 -0.004964103
vt 0.06824264 -0.001500002
vt 0.064 -0.001500002
vt -0.06824264 -0.001500002
vt -0.064 -0.001500002
vt -0.064 0.0465
vt -0.06824264 0.0465
vt -0.064 -0.001500002
vt 0.064 -0.001500002
vt 0.064 0.0465
vt -0.064 0.0465
vt 0.064 -0.001500002
vt 0.06824264 -0.001500002
vt 0.06824264 0.0465
vt 0.064 0.0465
vt -0.06824264 0.0465
vt -0.064 0.0465
vt -0.064 0.05074264
vt -0.06746411 0.0499641
vt -0.064 0.0465
vt 0.064 0.0465
vt 0.064 0.05074264
vt -0.064 0.05074264
vt 0.064 0.0465
vt 0.06824264 0.0465
vt 0.06746411 0.0499641
vt 0.064 0.05074264
vt 0.4315078 -0.02112
vt 0.43213 -0.02112
vt 0.43213 -0.01488
vt 0.4315078 -0.01488
vt 0.43213 -0.02174225
vt 0.44787 -0.02174225
vt 0.44787 -0.02112
vt 0.43213 -0.02112
vt 0.43213 -0.02112
vt 0.44787 -0.02112
vt 0.44787 -0.01488
vt 0.43213 -0.01488
vt 0.43213 -0.01488
vt 0.44787 -0.01488
vt 0.44787 -0.01425775
vt 0.43213 -0.01425775
vt 0.44787 -0.02112
vt 0.4484922 -0.02112
vt 0.4484922 -0.01488
vt 0.44787 -0.01488
vt 0.4315078 -0.02112
vt 0.4315078 -0.01488
vt 0.43213 -0.01488
vt 0.43213 -0.02112
vt 0.43213 -0.02174225
vt 0.43213 -0.02112
vt 0.44787 -0.02112
vt 0.44787 -0.02174225
vt 0.43213 -0.02112
vt 0.43213 -0.01488
vt 0.44787 -0.01488
vt 0.44787 -0.02112
vt 0.43213 -0.01488
vt 0.43213 -0.01425775
vt 0.44787 -0.01425775
vt 0.44787 -0.01488
vt 0.44787 -0.02112
vt 0.44787 -0.01488
vt 0.4484922 -0.01488
vt 0.4484922 -0.02112
vt -0.05849225 0.43213
vt -0.05787 0.43213
vt -0.05787 0.44787
vt -0.05849225 0.44787
vt -0.05787 0.4315078
vt 0.05787 0.4315078
vt 0.05787 0.43213
vt -0.05787 0.43213
vt -0.05787 0.43213
vt 0.05787 0.43213
vt 0.05787 0.44787
vt -0.05787 0.44787
vt -0.05787 0.44787
vt 0.05787 0.44787
vt 0.05787 0.4484922
vt -0.05787 0.4484922
vt 0.05787 0.43213
vt 0.05849225 0.43213
vt 0.05849225 0.44787
vt 0.05787 0.44787
vt -0.05849225 0.43213
vt -0.05849225 0.44787
vt -0.05787 0.44787
vt -0.05787 0.43213
vt -0.05787 0.4315078
vt -0.05787 0.43213
vt 0.05787 0.43213
vt 0.05787 0.4315078
vt -0.05787 0.43213
vt -0.05787 0.44787
vt 0.05787 0.44787
vt 0.05787 0.43213
vt -0.05787 0.44787
vt -0.05787 0.4484922
vt 0.05787 0.4484922
vt 0.05787 0.44787
vt 0.05787 0.43213
vt 0.05787 0.44787
vt 0.05849225 0.44787
vt 0.05849225 0.43213
vt -0.05787 -0.02174225
vt -0.05787 -0.02112
vt 0.05787 -0.02112
vt 0.05787 -0.02174225
vt -0.05849225 -0.02112
vt -0.05849225 -0.01488
vt -0.05787 -0.01488
vt -0.05787 -0.02112
vt -0.05787 -0.02112
vt -0.05787 -0.01488
vt 0.05787 -0.01488
vt 0.05787 -0.02112
vt 0.05787 -0.02112
vt 0.05787 -0.01488
vt 0.05849225 -0.01488
vt 0.05849225 -0.02112
vt -0.05787 -0.01488
vt -0.05787 -0.01425775
vt 0.05787 -0.01425775
vt 0.05787 -0.01488
vt -0.05787 -0.02174225
vt 0.05787 -0.02174225
vt 0.05787 -0.02112
vt -0.05787 -0.02112
vt -0.05849225 -0.02112
vt -0.05787 -0.02112
vt -0.05787 -0.01488
vt -0.05849225 -0.01488
vt -0.05787 -0.02112
vt 0.05787 -0.02112
vt 0.05787 -0.01488
vt -0.05787 -0.01488
vt 0.05787 -0.02112
vt 0.05849225 -0.02112
vt 0.05849225 -0.01488
vt 0.05787 -0.01488
vt -0.05787 -0.01488
vt 0.05787 -0.01488
vt 0.05787 -0.01425775
vt -0.05787 -0.01425775
vt 0.4740078 -0.02112
vt 0.47463 -0.02112
vt 0.47463 -0.01488
vt 0.4740078 -0.01488
vt 0.47463 -0.02174225
vt 0.49037 -0.02174225
vt 0.49037 -0.02112
vt 0.47463 -0.02112
vt 0.47463 -0.02112
vt 0.49037 -0.02112
vt 0.49037 -0.01488
vt 0.47463 -0.01488
vt 0.47463 -0.01488
vt 0.49037 -0.01488
vt 0.49037 -0.01425775
vt 0.47463 -0.01425775
vt 0.49037 -0.02112
vt 0.4909922 -0.02112
vt 0.4909922 -0.01488
vt 0.49037 -0.01488
vt 0.4740078 -0.02112
vt 0.4740078 -0.01488
vt 0.47463 -0.01488
vt 0.47463 -0.02112
vt 0.47463 -0.02174225
vt 0.47463 -0.02112
vt 0.49037 -0.02112
vt 0.49037 -0.02174225
vt 0.47463 -0.02112
vt 0.47463 -0.01488
vt 0.49037 -0.01488
vt 0.49037 -0.02112
vt 0.47463 -0.01488
vt 0.47463 -0.01425775
vt 0.49037 -0.01425775
vt 0.49037 -0.01488
vt 0.49037 -0.02112
vt 0.49037 -0.01488
vt 0.4909922 -0.01488
vt 0.4909922 -0.02112
vt -0.05849225 0.47463
vt -0.05787 0.47463
vt -0.05787 0.49037
vt -0.05849225 0.49037
vt -0.05787 0.4740078
vt 0.05787 0.4740078
vt 0.05787 0.47463
vt -0.05787 0.47463
vt -0.05787 0.47463
vt 0.05787 0.47463
vt 0.05787 0.49037
vt -0.05787 0.49037
vt -0.05787 0.49037
vt 0.05787 0.49037
vt 0.05787 0.4909922
vt -0.05787 0.4909922
vt 0.05787 0.47463
vt 0.05849225 0.47463
vt 0.05849225 0.49037
vt 0.05787 0.49037
vt -0.05849225 0.47463
vt -0.05849225 0.49037
vt -0.05787 0.49037
vt -0.05787 0.47463
vt -0.05787 0.4740078
vt -0.05787 0.47463
vt 0.05787 0.47463
vt 0.05787 0.4740078
vt -0.05787 0.47463
vt -0.05787 0.49037
vt 0.05787 0.49037
vt 0.05787 0.47463
vt -0.05787 0.49037
vt -0.05787 0.4909922
vt 0.05787 0.4909922
vt 0.05787 0.49037
vt 0.05787 0.47463
vt 0.05787 0.49037
vt 0.05849225 0.49037
vt 0.05849225 0.47463
vt -0.05787 -0.02174225
vt -0.05787 -0.02112
vt 0.05787 -0.02112
vt 0.05787 -0.02174225
vt -0.05849225 -0.02112
vt -0.05849225 -0.01488
vt -0.05787 -0.01488
vt -0.05787 -0.02112
vt -0.05787 -0.02112
vt -0.05787 -0.01488
vt 0.05787 -0.01488
vt 0.05787 -0.02112
vt 0.05787 -0.02112
vt 0.05787 -0.01488
vt 0.05849225 -0.01488
vt 0.05849225 -0.02112
vt -0.05787 -0.01488
vt -0.05787 -0.01425775
vt 0.05787 -0.01425775
vt 0.05787 -0.01488
vt -0.05787 -0.02174225
vt 0.05787 -0.02174225
vt 0.05787 -0.02112
vt -0.05787 -0.02112
vt -0.05849225 -0.02112
vt -0.05787 -0.02112
vt -0.05787 -0.01488
vt -0.05849225 -0.01488
vt -0.05787 -0.02112
vt 0.05787 -0.02112
vt 0.05787 -0.01488
vt -0.05787 -0.01488
vt 0.05787 -0.02112
vt 0.05849225 -0.02112
vt 0.05849225 -0.01488
vt 0.05787 -0.01488
vt -0.05787 -0.01488
vt 0.05787 -0.01488
vt 0.05787 -0.01425775
vt -0.05787 -0.01425775
vt 0.5165077 -0.02112
vt 0.51713 -0.02112
vt 0.51713 -0.01488
vt 0.5165077 -0.01488
vt 0.51713 -0.02174225
vt 0.5328701 -0.02174225
vt 0.5328701 -0.02112
vt 0.51713 -0.02112
vt 0.51713 -0.02112
vt 0.5328701 -0.02112
vt 0.5328701 -0.01488
vt 0.51713 -0.01488
vt 0.51713 -0.01488
vt 0.5328701 -0.01488
vt 0.5328701 -0.01425775
vt 0.51713 -0.01425775
vt 0.5328701 -0.02112
vt 0.5334923 -0.02112
vt 0.5334923 -0.01488
vt 0.5328701 -0.01488
vt 0.5165077 -0.02112
vt 0.5165077 -0.01488
vt 0.51713 -0.01488
vt 0.51713 -0.02112
vt 0.51713 -0.02174225
vt 0.51713 -0.02112
vt 0.5328701 -0.02112
vt 0.5328701 -0.02174225
vt 0.51713 -0.02112
vt 0.51713 -0.01488
vt 0.5328701 -0.01488
vt 0.5328701 -0.02112
vt 0.51713 -0.01488
vt 0.51713 -0.01425775
vt 0.5328701 -0.01425775
vt 0.5328701 -0.01488
vt 0.5328701 -0.02112
vt 0.5328701 -0.01488
vt 0.5334923 -0.01488
vt 0.5334923 -0.02112
vt -0.05849225 0.51713
vt -0.05787 0.51713
vt -0.05787 0.5328701
vt -0.05849225 0.5328701
vt -0.05787 0.5165077
vt 0.05787 0.5165077
vt 0.05787 0.51713
vt -0.05787 0.51713
vt -0.05787 0.51713
vt 0.05787 0.51713
vt 0.05787 0.5328701
vt -0.05787 0.5328701
vt -0.05787 0.5328701
vt 0.05787 0.5328701
vt 0.05787 0.5334923
vt -0.05787 0.5334923
vt 0.05787 0.51713
vt 0.05849225 0.51713
vt 0.05849225 0.5328701
vt 0.05787 0.5328701
vt -0.05849225 0.51713
vt -0.05849225 0.5328701
vt -0.05787 0.5328701
vt -0.05787 0.51713
vt -0.05787 0.5165077
vt -0.05787 0.51713
vt 0.05787 0.51713
vt 0.05787 0.5165077
vt -0.05787 0.51713
vt -0.05787 0.5328701
vt 0.05787 0.5328701
vt 0.05787 0.51713
vt -0.05787 0.5328701
vt -0.05787 0.5334923
vt 0.05787 0.5334923
vt 0.05787 0.5328701
vt 0.05787 0.51713
vt 0.05787 0.5328701
vt 0.05849225 0.5328701
vt 0.05849225 0.51713
vt -0.05787 -0.02174225
vt -0.05787 -0.02112
vt 0.05787 -0.02112
vt 0.05787 -0.02174225
vt -0.05849225 -0.02112
vt -0.05849225 -0.01488
vt -0.05787 -0.01488
vt -0.05787 -0.02112
vt -0.05787 -0.02112
vt -0.05787 -0.01488
vt 0.05787 -0.01488
vt 0.05787 -0.02112
vt 0.05787 -0.02112
vt 0.05787 -0.01488
vt 0.05849225 -0.01488
vt 0.05849225 -0.02112
vt -0.05787 -0.01488
vt -0.05787 -0.01425775
vt 0.05787 -0.01425775
vt 0.05787 -0.01488
vt -0.05787 -0.02174225
vt 0.05787 -0.02174225
vt 0.05787 -0.02112
vt -0.05787 -0.02112
vt -0.05849225 -0.02112
vt -0.05787 -0.02112
vt -0.05787 -0.01488
vt -0.05849225 -0.01488
vt -0.05787 -0.02112
vt 0.05787 -0.02112
vt 0.05787 -0.01488
vt -0.05787 -0.01488
vt 0.05787 -0.02112
vt 0.05849225 -0.02112
vt 0.05849225 -0.01488
vt 0.05787 -0.01488
vt -0.05787 -0.01488
vt 0.05787 -0.01488
vt 0.05787 -0.01425775
vt -0.05787 -0.01425775
vt 0.1788564 0.012
vt 0.165 0.004000002
vt 0.165 0.004000002
vt 0.1788564 0.012
vt 0.165 0.004000002
vt 0.1511436 0.012
vt 0.1511436 0.012
vt 0.165 0.004000002
vt 0.1511436 0.012
vt 0.1511436 0.028
vt 0.1511436 0.028
vt 0.1511436 0.012
vt 0.1511436 0.028
vt 0.165 0.036
vt 0.165 0.036
vt 0.1511436 0.028
vt 0.165 0.036
vt 0.1788564 0.028
vt 0.1788564 0.028
vt 0.165 0.036
vt 0.1788564 0.028
vt 0.1788564 0.012
vt 0.1788564 0.012
vt 0.1788564 0.028
vt 0.165 0.02
vt 0.165 0.004000002
vt 0.1788564 0.012
vt 0.165 0.02
vt 0.1511436 0.012
vt 0.165 0.004000002
vt 0.165 0.02
vt 0.1511436 0.028
vt 0.1511436 0.012
vt 0.165 0.02
vt 0.165 0.036
vt 0.1511436 0.028
vt 0.165 0.02
vt 0.1788564 0.028
vt 0.165 0.036
vt 0.165 0.02
vt 0.1788564 0.012
vt 0.1788564 0.028
vt 0.165 0.02
vt 0.1788564 0.012
vt 0.165 0.004000002
vt 0.165 0.02
vt 0.165 0.004000002
vt 0.1511436 0.012
vt 0.165 0.02
vt 0.1511436 0.012
vt 0.1511436 0.028
vt 0.165 0.02
vt 0.1511436 0.028
vt 0.165 0.036
vt 0.165 0.02
vt 0.165 0.036
vt 0.1788564 0.028
vt 0.165 0.02
vt 0.1788564 0.028
vt 0.1788564 0.012
vn 0.5773506 -0.5773506 -0.5773497
vn 0.7071068 -0.7071068 0
vn 1 0 0
vn 0.7071073 0 -0.7071062
vn 0.7071073 0 -0.7071062
vn 1 0 0
vn 1 0 0
vn 0.7071073 0 -0.7071062
vn 0.7071073 0 -0.7071062
vn 1 0 0
vn 0.7071068 0.7071068 0
vn 0.5773506 0.5773506 -0.5773497
vn 0.7071068 -0.7071068 0
vn 0.7071068 -0.7071068 0
vn 1 0 0
vn 1 0 0
vn 1 0 0
vn 1 0 0
vn 1 0 0
vn 1 0 0
vn 1 0 0
vn 1 0 0
vn 0.7071068 0.7071068 0
vn 0.7071068 0.7071068 0
vn 0.7071068 -0.7071068 0
vn 0.5773506 -0.5773506 0.5773497
vn 0.7071073 0 0.7071062
vn 1 0 0
vn 1 0 0
vn 0.7071073 0 0.7071062
vn 0.7071073 0 0.7071062
vn 1 0 0
vn 1 0 0
vn 0.7071073 0 0.7071062
vn 0.5773506 0.5773506 0.5773497
vn 0.7071068 0.7071068 0
vn -0.5773506 -0.5773506 -0.5773497
vn -0.7071073 0 -0.7071062
vn -1 0 0
vn -0.7071068 -0.7071068 0
vn -0.7071073 0 -0.7071062
vn -0.7071073 0 -0.7071062
vn -1 0 0
vn -1 0 0
vn -0.7071073 0 -0.7071062
vn -0.5773506 0.5773506 -0.5773497
vn -0.7071068 0.7071068 0
vn -1 0 0
vn -0.7071068 -0.7071068 0
vn -1 0 0
vn -1 0 0
vn -0.7071068 -0.7071068 0
vn -1 0 0
vn -1 0 0
vn -1 0 0
vn -1 0 0
vn -1 0 0
vn -0.7071068 0.7071068 0
vn -0.7071068 0.7071068 0
vn -1 0 0
vn -0.7071068 -0.7071068 0
vn -1 0 0
vn -0.7071073 0 0.7071062
vn -0.5773506 -0.5773506 0.5773497
vn -1 0 0
vn -1 0 0
vn -0.7071073 0 0.7071062
vn -0.7071073 0 0.7071062
vn -1 0 0
vn -0.7071068 0.7071068 0
vn -0.5773506 0.5773506 0.5773497
vn -0.7071073 0 0.7071062
vn 0.5773506 -0.5773506 -0.5773497
vn 0 -0.7071073 -0.7071062
vn 0 -1 0
vn 0.7071068 -0.7071068 0
vn 0.7071068 -0.7071068 0
vn 0 -1 0
vn 0 -1 0
vn 0.7071068 -0.7071068 0
vn 0.7071068 -0.7071068 0
vn 0 -1 0
vn 0 -0.7071073 0.7071062
vn 0.5773506 -0.5773506 0.5773497
vn 0 -0.7071073 -0.7071062
vn 0 -0.7071073 -0.7071062
vn 0 -1 0
vn 0 -1 0
vn 0 -1 0
vn 0 -1 0
vn 0 -1 0
vn 0 -1 0
vn 0 -1 0
vn 0 -1 0
vn 0 -0.7071073 0.7071062
vn 0 -0.7071073 0.7071062
vn 0 -0.7071073 -0.7071062
vn -0.5773506 -0.5773506 -0.5773497
vn -0.7071068 -0.7071068 0
vn 0 -1 0
vn 0 -1 0
vn -0.7071068 -0.7071068 0
vn -0.7071068 -0.7071068 0
vn 0 -1 0
vn 0 -1 0
vn -0.7071068 -0.7071068 0
vn -0.5773506 -0.5773506 0.5773497
vn 0 -0.7071073 0.7071062
vn 0.5773506 0.5773506 -0.5773497
vn 0.7071068 0.7071068 0
vn 0 1 0
vn 0 0.7071073 -0.7071062
vn 0.7071068 0.7071068 0
vn 0.7071068 0.7071068 0
vn 0 1 0
vn 0 1 0
vn 0.7071068 0.7071068 0
vn 0.5773506 0.5773506 0.5773497
vn 0 0.7071073 0.7071062
vn 0 1 0
vn 0 0.7071073 -0.7071062
vn 0 1 0
vn 0 1 0
vn 0 0.7071073 -0.7071062
vn 0 1 0
vn 0 1 0
vn 0 1 0
vn 0 1 0
vn 0 1 0
vn 0 0.7071073 0.7071062
vn 0 0.7071073 0.7071062
vn 0 1 0
vn 0 0.7071073 -0.7071062
vn 0 1 0
vn -0.7071068 0.7071068 0
vn -0.5773506 0.5773506 -0.5773497
vn 0 1 0
vn 0 1 0
vn -0.7071068 0.7071068 0
vn -0.7071068 0.7071068 0
vn 0 1 0
vn 0 0.7071073 0.7071062
vn -0.5773506 0.5773506 0.5773497
vn -0.7071068 0.7071068 0
vn 0.5773506 -0.5773506 -0.5773497
vn 0.7071073 0 -0.7071062
vn 0 0 -1
vn 0 -0.7071073 -0.7071062
vn 0 -0.7071073 -0.7071062
vn 0 0 -1
vn 0 0 -1
vn 0 -0.7071073 -0.7071062
vn 0 -0.7071073 -0.7071062
vn 0 0 -1
vn -0.7071073 0 -0.7071062
vn -0.5773506 -0.5773506 -0.5773497
vn 0.7071073 0 -0.7071062
vn 0.7071073 0 -0.7071062
vn 0 0 -1
vn 0 0 -1
vn 0 0 -1
vn 0 0 -1
vn 0 0 -1
vn 0 0 -1
vn 0 0 -1
vn 0 0 -1
vn -0.7071073 0 -0.7071062
vn -0.7071073 0 -0.7071062
vn 0.7071073 0 -0.7071062
vn 0.5773506 0.5773506 -0.5773497
vn 0 0.7071073 -0.7071062
vn 0 0 -1
vn 0 0 -1
vn 0 0.7071073 -0.7071062
vn 0 0.7071073 -0.7071062
vn 0 0 -1
vn 0 0 -1
vn 0 0.7071073 -0.7071062
vn -0.5773506 0.5773506 -0.5773497
vn -0.7071073 0 -0.7071062
vn 0.5773506 -0.5773506 0.5773497
vn 0 -0.7071073 0.7071062
vn 0 0 1
vn 0.7071073 0 0.7071062
vn 0 -0.7071073 0.7071062
vn 0 -0.7071073 0.7071062
vn 0 0 1
vn 0 0 1
vn 0 -0.7071073 0.7071062
vn -0.5773506 -0.5773506 0.5773497
vn -0.7071073 0 0.7071062
vn 0 0 1
vn 0.7071073 0 0.7071062
vn 0 0 1
vn 0 0 1
vn 0.7071073 0 0.7071062
vn 0 0 1
vn 0 0 1
vn 0 0 1
vn 0 0 1
vn 0 0 1
vn -0.7071073 0 0.7071062
vn -0.7071073 0 0.7071062
vn 0 0 1
vn 0.7071073 0 0.7071062
vn 0 0 1
vn 0 0.7071073 0.7071062
vn 0.5773506 0.5773506 0.5773497
vn 0 0 1
vn 0 0 1
vn 0 0.7071073 0.7071062
vn 0 0.7071073 0.7071062
vn 0 0 1
vn -0.7071073 0 0.7071062
vn -0.5773506 0.5773506 0.5773497
vn 0 0.7071073 0.7071062
vn 0.5773505 -0.5773505 -0.5773499
vn 0.7071068 -0.7071068 0
vn 1 0 0
vn 0.7071072 0 -0.7071064
vn 0.7071072 0 -0.7071064
vn 1 0 0
vn 1 0 0
vn 0.7071072 0 -0.7071064
vn 0.7071072 0 -0.7071064
vn 1 0 0
vn 0.7071068 0.7071068 0
vn 0.5773505 0.5773505 -0.5773499
vn 0.7071068 -0.7071068 0
vn 0.7071068 -0.7071068 0
vn 1 0 0
vn 1 0 0
vn 1 0 0
vn 1 0 0
vn 1 0 0
vn 1 0 0
vn 1 0 0
vn 1 0 0
vn 0.7071068 0.7071068 0
vn 0.7071068 0.7071068 0
vn 0.7071068 -0.7071068 0
vn 0.5773505 -0.5773505 0.5773499
vn 0.7071072 0 0.7071064
vn 1 0 0
vn 1 0 0
vn 0.7071072 0 0.7071064
vn 0.7071072 0 0.7071064
vn 1 0 0
vn 1 0 0
vn 0.7071072 0 0.7071064
vn 0.5773505 0.5773505 0.5773499
vn 0.7071068 0.7071068 0
vn -0.5773505 -0.5773505 -0.5773499
vn -0.7071072 0 -0.7071064
vn -1 0 0
vn -0.7071068 -0.7071068 0
vn -0.7071072 0 -0.7071064
vn -0.7071072 0 -0.7071064
vn -1 0 0
vn -1 0 0
vn -0.7071072 0 -0.7071064
vn -0.5773505 0.5773505 -0.5773499
vn -0.7071068 0.7071068 0
vn -1 0 0
vn -0.7071068 -0.7071068 0
vn -1 0 0
vn -1 0 0
vn -0.7071068 -0.7071068 0
vn -1 0 0
vn -1 0 0
vn -1 0 0
vn -1 0 0
vn -1 0 0
vn -0.7071068 0.7071068 0
vn -0.7071068 0.7071068 0
vn -1 0 0
vn -0.7071068 -0.7071068 0
vn -1 0 0
vn -0.7071072 0 0.7071064
vn -0.5773505 -0.5773505 0.5773499
vn -1 0 0
vn -1 0 0
vn -0.7071072 0 0.7071064
vn -0.7071072 0 0.7071064
vn -1 0 0
vn -0.7071068 0.7071068 0
vn -0.5773505 0.5773505 0.5773499
vn -0.7071072 0 0.7071064
vn 0.5773505 -0.5773505 -0.5773499
vn 0 -0.7071072 -0.7071064
vn 0 -1 0
vn 0.7071068 -0.7071068 0
vn 0.7071068 -0.7071068 0
vn 0 -1 0
vn 0 -1 0
vn 0.7071068 -0.7071068 0
vn 0.7071068 -0.7071068 0
vn 0 -1 0
vn 0 -0.7071072 0.7071064
vn 0.5773505 -0.5773505 0.5773499
vn 0 -0.7071072 -0.7071064
vn 0 -0.7071072 -0.7071064
vn 0 -1 0
vn 0 -1 0
vn 0 -1 0
vn 0 -1 0
vn 0 -1 0
vn 0 -1 0
vn 0 -1 0
vn 0 -1 0
vn 0 -0.7071072 0.7071064
vn 0 -0.7071072 0.7071064
vn 0 -0.7071072 -0.7071064
vn -0.5773505 -0.5773505 -0.5773499
vn -0.7071068 -0.7071068 0
vn 0 -1 0
vn 0 -1 0
vn -0.7071068 -0.7071068 0
vn -0.7071068 -0.7071068 0
vn 0 -1 0
vn 0 -1 0
vn -0.7071068 -0.7071068 0
vn -0.5773505 -0.5773505 0.5773499
vn 0 -0.7071072 0.7071064
vn 0.5773505 0.5773505 -0.5773499
vn 0.7071068 0.7071068 0
vn 0 1 0
vn 0 0.7071072 -0.7071064
vn 0.7071068 0.7071068 0
vn 0.7071068 0.7071068 0
vn 0 1 0
vn 0 1 0
vn 0.7071068 0.7071068 0
vn 0.5773505 0.5773505 0.5773499
vn 0 0.7071072 0.7071064
vn 0 1 0
vn 0 0.7071072 -0.7071064
vn 0 1 0
vn 0 1 0
vn 0 0.7071072 -0.7071064
vn 0 1 0
vn 0 1 0
vn 0 1 0
vn 0 1 0
vn 0 1 0
vn 0 0.7071072 0.7071064
vn 0 0.7071072 0.7071064
vn 0 1 0
vn 0 0.7071072 -0.7071064
vn 0 1 0
vn -0.7071068 0.7071068 0
vn -0.5773505 0.5773505 -0.5773499
vn 0 1 0
vn 0 1 0
vn -0.7071068 0.7071068 0
vn -0.7071068 0.7071068 0
vn 0 1 0
vn 0 0.7071072 0.7071064
vn -0.5773505 0.5773505 0.5773499
vn -0.7071068 0.7071068 0
vn 0.5773505 -0.5773505 -0.5773499
vn 0.7071072 0 -0.7071064
vn 0 0 -1
vn 0 -0.7071072 -0.7071064
vn 0 -0.7071072 -0.7071064
vn 0 0 -1
vn 0 0 -1
vn 0 -0.7071072 -0.7071064
vn 0 -0.7071072 -0.7071064
vn 0 0 -1
vn -0.7071072 0 -0.7071064
vn -0.5773505 -0.5773505 -0.5773499
vn 0.7071072 0 -0.7071064
vn 0.7071072 0 -0.7071064
vn 0 0 -1
vn 0 0 -1
vn 0 0 -1
vn 0 0 -1
vn 0 0 -1
vn 0 0 -1
vn 0 0 -1
vn 0 0 -1
vn -0.7071072 0 -0.7071064
vn -0.7071072 0 -0.7071064
vn 0.7071072 0 -0.7071064
vn 0.5773505 0.5773505 -0.5773499
vn 0 0.7071072 -0.7071064
vn 0 0 -1
vn 0 0 -1
vn 0 0.7071072 -0.7071064
vn 0 0.7071072 -0.7071064
vn 0 0 -1
vn 0 0 -1
vn 0 0.7071072 -0.7071064
vn -0.5773505 0.5773505 -0.5773499
vn -0.7071072 0 -0.7071064
vn 0.5773505 -0.5773505 0.5773499
vn 0 -0.7071072 0.7071064
vn 0 0 1
vn 0.7071072 0 0.7071064
vn 0 -0.7071072 0.7071064
vn 0 -0.7071072 0.7071064
vn 0 0 1
vn 0 0 1
vn 0 -0.7071072 0.7071064
vn -0.5773505 -0.5773505 0.5773499
vn -0.7071072 0 0.7071064
vn 0 0 1
vn 0.7071072 0 0.7071064
vn 0 0 1
vn 0 0 1
vn 0.7071072 0 0.7071064
vn 0 0 1
vn 0 0 1
vn 0 0 1
vn 0 0 1
vn 0 0 1
vn -0.7071072 0 0.7071064
vn -0.7071072 0 0.7071064
vn 0 0 1
vn 0.7071072 0 0.7071064
vn 0 0 1
vn 0 0.7071072 0.7071064
vn 0.5773505 0.5773505 0.5773499
vn 0 0 1
vn 0 0 1
vn 0 0.7071072 0.7071064
vn 0 0.7071072 0.7071064
vn 0 0 1
vn -0.7071072 0 0.7071064
vn -0.5773505 0.5773505 0.5773499
vn 0 0.7071072 0.7071064
vn 0.5773503 -0.5773503 -0.5773503
vn 0.7071068 -0.7071068 0
vn 1 0 0
vn 0.7071068 0 -0.7071068
vn 0.7071068 0 -0.7071068
vn 1 0 0
vn 1 0 0
vn 0.7071068 0 -0.7071068
vn 0.7071068 0 -0.7071068
vn 1 0 0
vn 0.7071068 0.7071068 0
vn 0.5773503 0.5773503 -0.5773503
vn 0.7071068 -0.7071068 0
vn 0.7071068 -0.7071068 0
vn 1 0 0
vn 1 0 0
vn 1 0 0
vn 1 0 0
vn 1 0 0
vn 1 0 0
vn 1 0 0
vn 1 0 0
vn 0.7071068 0.7071068 0
vn 0.7071068 0.7071068 0
vn 0.7071068 -0.7071068 0
vn 0.5773503 -0.5773503 0.5773503
vn 0.7071068 0 0.7071068
vn 1 0 0
vn 1 0 0
vn 0.7071068 0 0.7071068
vn 0.7071068 0 0.7071068
vn 1 0 0
vn 1 0 0
vn 0.7071068 0 0.7071068
vn 0.5773503 0.5773503 0.5773503
vn 0.7071068 0.7071068 0
vn -0.5773503 -0.5773503 -0.5773503
vn -0.7071068 0 -0.7071068
vn -1 0 0
vn -0.7071068 -0.7071068 0
vn -0.7071068 0 -0.7071068
vn -0.7071068 0 -0.7071068
vn -1 0 0
vn -1 0 0
vn -0.7071068 0 -0.7071068
vn -0.5773503 0.5773503 -0.5773503
vn -0.7071068 0.7071068 0
vn -1 0 0
vn -0.7071068 -0.7071068 0
vn -1 0 0
vn -1 0 0
vn -0.7071068 -0.7071068 0
vn -1 0 0
vn -1 0 0
vn -1 0 0
vn -1 0 0
vn -1 0 0
vn -0.7071068 0.7071068 0
vn -0.7071068 0.7071068 0
vn -1 0 0
vn -0.7071068 -0.7071068 0
vn -1 0 0
vn -0.7071068 0 0.7071068
vn -0.5773503 -0.5773503 0.5773503
vn -1 0 0
vn -1 0 0
vn -0.7071068 0 0.7071068
vn -0.7071068 0 0.7071068
vn -1 0 0
vn -0.7071068 0.7071068 0
vn -0.5773503 0.5773503 0.5773503
vn -0.7071068 0 0.7071068
vn 0.5773503 -0.5773503 -0.5773503
vn 0 -0.7071068 -0.7071068
vn 0 -1 0
vn 0.7071068 -0.7071068 0
vn 0.7071068 -0.7071068 0
vn 0 -1 0
vn 0 -1 0
vn 0.7071068 -0.7071068 0
vn 0.7071068 -0.7071068 0
vn 0 -1 0
vn 0 -0.7071068 0.7071068
vn 0.5773503 -0.5773503 0.5773503
vn 0 -0.7071068 -0.7071068
vn 0 -0.7071068 -0.7071068
vn 0 -1 0
vn 0 -1 0
vn 0 -1 0
vn 0 -1 0
vn 0 -1 0
vn 0 -1 0
vn 0 -1 0
vn 0 -1 0
vn 0 -0.7071068 0.7071068
vn 0 -0.7071068 0.7071068
vn 0 -0.7071068 -0.7071068
vn -0.5773503 -0.5773503 -0.5773503
vn -0.7071068 -0.7071068 0
vn 0 -1 0
vn 0 -1 0
vn -0.7071068 -0.7071068 0
vn -0.7071068 -0.7071068 0
vn 0 -1 0
vn 0 -1 0
vn -0.7071068 -0.7071068 0
vn -0.5773503 -0.5773503 0.5773503
vn 0 -0.7071068 0.7071068
vn 0.5773503 0.5773503 -0.5773503
vn 0.7071068 0.7071068 0
vn 0 1 0
vn 0 0.7071068 -0.7071068
vn 0.7071068 0.7071068 0
vn 0.7071068 0.7071068 0
vn 0 1 0
vn 0 1 0
vn 0.7071068 0.7071068 0
vn 0.5773503 0.5773503 0.5773503
vn 0 0.7071068 0.7071068
vn 0 1 0
vn 0 0.7071068 -0.7071068
vn 0 1 0
vn 0 1 0
vn 0 0.7071068 -0.7071068
vn 0 1 0
vn 0 1 0
vn 0 1 0
vn 0 1 0
vn 0 1 0
vn 0 0.7071068 0.7071068
vn 0 0.7071068 0.7071068
vn 0 1 0
vn 0 0.7071068 -0.7071068
vn 0 1 0
vn -0.7071068 0.7071068 0
vn -0.5773503 0.5773503 -0.5773503
vn 0 1 0
vn 0 1 0
vn -0.7071068 0.7071068 0
vn -0.7071068 0.7071068 0
vn 0 1 0
vn 0 0.7071068 0.7071068
vn -0.5773503 0.5773503 0.5773503
vn -0.7071068 0.7071068 0
vn 0.5773503 -0.5773503 -0.5773503
vn 0.7071068 0 -0.7071068
vn 0 0 -1
vn 0 -0.7071068 -0.7071068
vn 0 -0.7071068 -0.7071068
vn 0 0 -1
vn 0 0 -1
vn 0 -0.7071068 -0.7071068
vn 0 -0.7071068 -0.7071068
vn 0 0 -1
vn -0.7071068 0 -0.7071068
vn -0.5773503 -0.5773503 -0.5773503
vn 0.7071068 0 -0.7071068
vn 0.7071068 0 -0.7071068
vn 0 0 -1
vn 0 0 -1
vn 0 0 -1
vn 0 0 -1
vn 0 0 -1
vn 0 0 -1
vn 0 0 -1
vn 0 0 -1
vn -0.7071068 0 -0.7071068
vn -0.7071068 0 -0.7071068
vn 0.7071068 0 -0.7071068
vn 0.5773503 0.5773503 -0.5773503
vn 0 0.7071068 -0.7071068
vn 0 0 -1
vn 0 0 -1
vn 0 0.7071068 -0.7071068
vn 0 0.7071068 -0.7071068
vn 0 0 -1
vn 0 0 -1
vn 0 0.7071068 -0.7071068
vn -0.5773503 0.5773503 -0.5773503
vn -0.7071068 0 -0.7071068
vn 0.5773503 -0.5773503 0.5773503
vn 0 -0.7071068 0.7071068
vn 0 0 1
vn 0.7071068 0 0.7071068
vn 0 -0.7071068 0.7071068
vn 0 -0.7071068 0.7071068
vn 0 0 1
vn 0 0 1
vn 0 -0.7071068 0.7071068
vn -0.5773503 -0.5773503 0.5773503
vn -0.7071068 0 0.7071068
vn 0 0 1
vn 0.7071068 0 0.7071068
vn 0 0 1
vn 0 0 1
vn 0.7071068 0 0.7071068
vn 0 0 1
vn 0 0 1
vn 0 0 1
vn 0 0 1
vn 0 0 1
vn -0.7071068 0 0.7071068
vn -0.7071068 0 0.7071068
vn 0 0 1
vn 0.7071068 0 0.7071068
vn 0 0 1
vn 0 0.7071068 0.7071068
vn 0.5773503 0.5773503 0.5773503
vn 0 0 1
vn 0 0 1
vn 0 0.7071068 0.7071068
vn 0 0.7071068 0.7071068
vn 0 0 1
vn -0.7071068 0 0.7071068
vn -0.5773503 0.5773503 0.5773503
vn 0 0.7071068 0.7071068
vn 0 0.3629494 -0.9318089
vn 0 0.3629494 -0.9318089
vn 0 0.3629494 -0.9318089
vn 0 0.3629494 -0.9318089
vn 0 -0.3205694 0.9472251
vn 0 -0.3205694 0.9472251
vn 0 -0.3205694 0.9472251
vn 0 -0.3205694 0.9472251
vn 0.9999601 0.008938725 0
vn 0.9999601 0.008938725 0
vn 0.9999601 0.008938725 0
vn 0.9999601 0.008938725 0
vn -0.9999601 0.008938725 0
vn -0.9999601 0.008938725 0
vn -0.9999601 0.008938725 0
vn -0.9999601 0.008938725 0
vn 0 -1 0
vn 0 -1 0
vn 0 -1 0
vn 0 -1 0
vn 0 1 0
vn 0 1 0
vn 0 1 0
vn 0 1 0
vn 0.5773505 -0.4683235 -0.6688345
vn 0.7071068 -0.6963642 -0.1227878
vn 1 0 0
vn 0.7071072 0.1227877 -0.6963639
vn 0.7071072 0.1227877 -0.6963639
vn 1 0 0
vn 1 0 0
vn 0.7071072 0.1227877 -0.6963639
vn 0.7071072 0.1227877 -0.6963639
vn 1 0 0
vn 0.7071068 0.6963642 0.1227878
vn 0.5773505 0.668835 -0.4683228
vn 0.7071068 -0.6963642 -0.1227878
vn 0.7071068 -0.6963642 -0.1227878
vn 1 0 0
vn 1 0 0
vn 1 0 0
vn 1 0 0
vn 1 0 0
vn 1 0 0
vn 1 0 0
vn 1 0 0
vn 0.7071068 0.6963642 0.1227878
vn 0.7071068 0.6963642 0.1227878
vn 0.7071068 -0.6963642 -0.1227878
vn 0.5773505 -0.668835 0.4683228
vn 0.7071072 -0.1227877 0.6963639
vn 1 0 0
vn 1 0 0
vn 0.7071072 -0.1227877 0.6963639
vn 0.7071072 -0.1227877 0.6963639
vn 1 0 0
vn 1 0 0
vn 0.7071072 -0.1227877 0.6963639
vn 0.5773505 0.4683235 0.6688345
vn 0.7071068 0.6963642 0.1227878
vn -0.5773505 -0.4683235 -0.6688345
vn -0.7071072 0.1227877 -0.6963639
vn -1 0 0
vn -0.7071068 -0.6963642 -0.1227878
vn -0.7071072 0.1227877 -0.6963639
vn -0.7071072 0.1227877 -0.6963639
vn -1 0 0
vn -1 0 0
vn -0.7071072 0.1227877 -0.6963639
vn -0.5773505 0.668835 -0.4683228
vn -0.7071068 0.6963642 0.1227878
vn -1 0 0
vn -0.7071068 -0.6963642 -0.1227878
vn -1 0 0
vn -1 0 0
vn -0.7071068 -0.6963642 -0.1227878
vn -1 0 0
vn -1 0 0
vn -1 0 0
vn -1 0 0
vn -1 0 0
vn -0.7071068 0.6963642 0.1227878
vn -0.7071068 0.6963642 0.1227878
vn -1 0 0
vn -0.7071068 -0.6963642 -0.1227878
vn -1 0 0
vn -0.7071072 -0.1227877 0.6963639
vn -0.5773505 -0.668835 0.4683228
vn -1 0 0
vn -1 0 0
vn -0.7071072 -0.1227877 0.6963639
vn -0.7071072 -0.1227877 0.6963639
vn -1 0 0
vn -0.7071068 0.6963642 0.1227878
vn -0.5773505 0.4683235 0.6688345
vn -0.7071072 -0.1227877 0.6963639
vn 0.5773505 -0.4683235 -0.6688345
vn 0 -0.5735769 -0.8191518
vn 0 -0.9848077 -0.1736482
vn 0.7071068 -0.6963642 -0.1227878
vn 0.7071068 -0.6963642 -0.1227878
vn 0 -0.9848077 -0.1736482
vn 0 -0.9848077 -0.1736482
vn 0.7071068 -0.6963642 -0.1227878
vn 0.7071068 -0.6963642 -0.1227878
vn 0 -0.9848077 -0.1736482
vn 0 -0.8191524 0.573576
vn 0.5773505 -0.668835 0.4683228
vn 0 -0.5735769 -0.8191518
vn 0 -0.5735769 -0.8191518
vn 0 -0.9848077 -0.1736482
vn 0 -0.9848077 -0.1736482
vn 0 -0.9848077 -0.1736482
vn 0 -0.9848077 -0.1736482
vn 0 -0.9848077 -0.1736482
vn 0 -0.9848077 -0.1736482
vn 0 -0.9848077 -0.1736482
vn 0 -0.9848077 -0.1736482
vn 0 -0.8191524 0.573576
vn 0 -0.8191524 0.573576
vn 0 -0.5735769 -0.8191518
vn -0.5773505 -0.4683235 -0.6688345
vn -0.7071068 -0.6963642 -0.1227878
vn 0 -0.9848077 -0.1736482
vn 0 -0.9848077 -0.1736482
vn -0.7071068 -0.6963642 -0.1227878
vn -0.7071068 -0.6963642 -0.1227878
vn 0 -0.9848077 -0.1736482
vn 0 -0.9848077 -0.1736482
vn -0.7071068 -0.6963642 -0.1227878
vn -0.5773505 -0.668835 0.4683228
vn 0 -0.8191524 0.573576
vn 0.5773505 0.668835 -0.4683228
vn 0.7071068 0.6963642 0.1227878
vn 0 0.9848077 0.1736482
vn 0 0.8191524 -0.573576
vn 0.7071068 0.6963642 0.1227878
vn 0.7071068 0.6963642 0.1227878
vn 0 0.9848077 0.1736482
vn 0 0.9848077 0.1736482
vn 0.7071068 0.6963642 0.1227878
vn 0.5773505 0.4683235 0.6688345
vn 0 0.5735769 0.8191518
vn 0 0.9848077 0.1736482
vn 0 0.8191524 -0.573576
vn 0 0.9848077 0.1736482
vn 0 0.9848077 0.1736482
vn 0 0.8191524 -0.573576
vn 0 0.9848077 0.1736482
vn 0 0.9848077 0.1736482
vn 0 0.9848077 0.1736482
vn 0 0.9848077 0.1736482
vn 0 0.9848077 0.1736482
vn 0 0.5735769 0.8191518
vn 0 0.5735769 0.8191518
vn 0 0.9848077 0.1736482
vn 0 0.8191524 -0.573576
vn 0 0.9848077 0.1736482
vn -0.7071068 0.6963642 0.1227878
vn -0.5773505 0.668835 -0.4683228
vn 0 0.9848077 0.1736482
vn 0 0.9848077 0.1736482
vn -0.7071068 0.6963642 0.1227878
vn -0.7071068 0.6963642 0.1227878
vn 0 0.9848077 0.1736482
vn 0 0.5735769 0.8191518
vn -0.5773505 0.4683235 0.6688345
vn -0.7071068 0.6963642 0.1227878
vn 0.5773505 -0.4683235 -0.6688345
vn 0.7071072 0.1227877 -0.6963639
vn 0 0.1736482 -0.9848077
vn 0 -0.5735769 -0.8191518
vn 0 -0.5735769 -0.8191518
vn 0 0.1736482 -0.9848077
vn 0 0.1736482 -0.9848077
vn 0 -0.5735769 -0.8191518
vn 0 -0.5735769 -0.8191518
vn 0 0.1736482 -0.9848077
vn -0.7071072 0.1227877 -0.6963639
vn -0.5773505 -0.4683235 -0.6688345
vn 0.7071072 0.1227877 -0.6963639
vn 0.7071072 0.1227877 -0.6963639
vn 0 0.1736482 -0.9848077
vn 0 0.1736482 -0.9848077
vn 0 0.1736482 -0.9848077
vn 0 0.1736482 -0.9848077
vn 0 0.1736482 -0.9848077
vn 0 0.1736482 -0.9848077
vn 0 0.1736482 -0.9848077
vn 0 0.1736482 -0.9848077
vn -0.7071072 0.1227877 -0.6963639
vn -0.7071072 0.1227877 -0.6963639
vn 0.7071072 0.1227877 -0.6963639
vn 0.5773505 0.668835 -0.4683228
vn 0 0.8191524 -0.573576
vn 0 0.1736482 -0.9848077
vn 0 0.1736482 -0.9848077
vn 0 0.8191524 -0.573576
vn 0 0.8191524 -0.573576
vn 0 0.1736482 -0.9848077
vn 0 0.1736482 -0.9848077
vn 0 0.8191524 -0.573576
vn -0.5773505 0.668835 -0.4683228
vn -0.7071072 0.1227877 -0.6963639
vn 0.5773505 -0.668835 0.4683228
vn 0 -0.8191524 0.573576
vn 0 -0.1736482 0.9848077
vn 0.7071072 -0.1227877 0.6963639
vn 0 -0.8191524 0.573576
vn 0 -0.8191524 0.573576
vn 0 -0.1736482 0.9848077
vn 0 -0.1736482 0.9848077
vn 0 -0.8191524 0.573576
vn -0.5773505 -0.668835 0.4683228
vn -0.7071072 -0.1227877 0.6963639
vn 0 -0.1736482 0.9848077
vn 0.7071072 -0.1227877 0.6963639
vn 0 -0.1736482 0.9848077
vn 0 -0.1736482 0.9848077
vn 0.7071072 -0.1227877 0.6963639
vn 0 -0.1736482 0.9848077
vn 0 -0.1736482 0.9848077
vn 0 -0.1736482 0.9848077
vn 0 -0.1736482 0.9848077
vn 0 -0.1736482 0.9848077
vn -0.7071072 -0.1227877 0.6963639
vn -0.7071072 -0.1227877 0.6963639
vn 0 -0.1736482 0.9848077
vn 0.7071072 -0.1227877 0.6963639
vn 0 -0.1736482 0.9848077
vn 0 0.5735769 0.8191518
vn 0.5773505 0.4683235 0.6688345
vn 0 -0.1736482 0.9848077
vn 0 -0.1736482 0.9848077
vn 0 0.5735769 0.8191518
vn 0 0.5735769 0.8191518
vn 0 -0.1736482 0.9848077
vn -0.7071072 -0.1227877 0.6963639
vn -0.5773505 0.4683235 0.6688345
vn 0 0.5735769 0.8191518
vn 0.5773506 -0.3450663 -0.739997
vn 0.707107 -0.6644628 -0.2418447
vn 1 0 0
vn 0.707107 0.2418447 -0.6644628
vn 0.707107 0.2418447 -0.6644628
vn 1 0 0
vn 1 0 0
vn 0.707107 0.2418447 -0.6644628
vn 0.707107 0.2418447 -0.6644628
vn 1 0 0
vn 0.707107 0.6644628 0.2418447
vn 0.5773506 0.739997 -0.3450663
vn 0.707107 -0.6644628 -0.2418447
vn 0.707107 -0.6644628 -0.2418447
vn 1 0 0
vn 1 0 0
vn 1 0 0
vn 1 0 0
vn 1 0 0
vn 1 0 0
vn 1 0 0
vn 1 0 0
vn 0.707107 0.6644628 0.2418447
vn 0.707107 0.6644628 0.2418447
vn 0.707107 -0.6644628 -0.2418447
vn 0.5773506 -0.739997 0.3450663
vn 0.707107 -0.2418447 0.6644628
vn 1 0 0
vn 1 0 0
vn 0.707107 -0.2418447 0.6644628
vn 0.707107 -0.2418447 0.6644628
vn 1 0 0
vn 1 0 0
vn 0.707107 -0.2418447 0.6644628
vn 0.5773506 0.3450663 0.739997
vn 0.707107 0.6644628 0.2418447
vn -0.5773506 -0.3450663 -0.739997
vn -0.707107 0.2418447 -0.6644628
vn -1 0 0
vn -0.707107 -0.6644628 -0.2418447
vn -0.707107 0.2418447 -0.6644628
vn -0.707107 0.2418447 -0.6644628
vn -1 0 0
vn -1 0 0
vn -0.707107 0.2418447 -0.6644628
vn -0.5773506 0.739997 -0.3450663
vn -0.707107 0.6644628 0.2418447
vn -1 0 0
vn -0.707107 -0.6644628 -0.2418447
vn -1 0 0
vn -1 0 0
vn -0.707107 -0.6644628 -0.2418447
vn -1 0 0
vn -1 0 0
vn -1 0 0
vn -1 0 0
vn -1 0 0
vn -0.707107 0.6644628 0.2418447
vn -0.707107 0.6644628 0.2418447
vn -1 0 0
vn -0.707107 -0.6644628 -0.2418447
vn -1 0 0
vn -0.707107 -0.2418447 0.6644628
vn -0.5773506 -0.739997 0.3450663
vn -1 0 0
vn -1 0 0
vn -0.707107 -0.2418447 0.6644628
vn -0.707107 -0.2418447 0.6644628
vn -1 0 0
vn -0.707107 0.6644628 0.2418447
vn -0.5773506 0.3450663 0.739997
vn -0.707107 -0.2418447 0.6644628
vn 0.5773506 -0.3450663 -0.739997
vn 0 -0.4226183 -0.9063078
vn 0 -0.9396926 -0.3420201
vn 0.707107 -0.6644628 -0.2418447
vn 0.707107 -0.6644628 -0.2418447
vn 0 -0.9396926 -0.3420201
vn 0 -0.9396926 -0.3420201
vn 0.707107 -0.6644628 -0.2418447
vn 0.707107 -0.6644628 -0.2418447
vn 0 -0.9396926 -0.3420201
vn 0 -0.9063078 0.4226183
vn 0.5773506 -0.739997 0.3450663
vn 0 -0.4226183 -0.9063078
vn 0 -0.4226183 -0.9063078
vn 0 -0.9396926 -0.3420201
vn 0 -0.9396926 -0.3420201
vn 0 -0.9396926 -0.3420201
vn 0 -0.9396926 -0.3420201
vn 0 -0.9396926 -0.3420201
vn 0 -0.9396926 -0.3420201
vn 0 -0.9396926 -0.3420201
vn 0 -0.9396926 -0.3420201
vn 0 -0.9063078 0.4226183
vn 0 -0.9063078 0.4226183
vn 0 -0.4226183 -0.9063078
vn -0.5773506 -0.3450663 -0.739997
vn -0.707107 -0.6644628 -0.2418447
vn 0 -0.9396926 -0.3420201
vn 0 -0.9396926 -0.3420201
vn -0.707107 -0.6644628 -0.2418447
vn -0.707107 -0.6644628 -0.2418447
vn 0 -0.9396926 -0.3420201
vn 0 -0.9396926 -0.3420201
vn -0.707107 -0.6644628 -0.2418447
vn -0.5773506 -0.739997 0.3450663
vn 0 -0.9063078 0.4226183
vn 0.5773506 0.739997 -0.3450663
vn 0.707107 0.6644628 0.2418447
vn 0 0.9396926 0.3420201
vn 0 0.9063078 -0.4226183
vn 0.707107 0.6644628 0.2418447
vn 0.707107 0.6644628 0.2418447
vn 0 0.9396926 0.3420201
vn 0 0.9396926 0.3420201
vn 0.707107 0.6644628 0.2418447
vn 0.5773506 0.3450663 0.739997
vn 0 0.4226183 0.9063078
vn 0 0.9396926 0.3420201
vn 0 0.9063078 -0.4226183
vn 0 0.9396926 0.3420201
vn 0 0.9396926 0.3420201
vn 0 0.9063078 -0.4226183
vn 0 0.9396926 0.3420201
vn 0 0.9396926 0.3420201
vn 0 0.9396926 0.3420201
vn 0 0.9396926 0.3420201
vn 0 0.9396926 0.3420201
vn 0 0.4226183 0.9063078
vn 0 0.4226183 0.9063078
vn 0 0.9396926 0.3420201
vn 0 0.9063078 -0.4226183
vn 0 0.9396926 0.3420201
vn -0.707107 0.6644628 0.2418447
vn -0.5773506 0.739997 -0.3450663
vn 0 0.9396926 0.3420201
vn 0 0.9396926 0.3420201
vn -0.707107 0.6644628 0.2418447
vn -0.707107 0.6644628 0.2418447
vn 0 0.9396926 0.3420201
vn 0 0.4226183 0.9063078
vn -0.5773506 0.3450663 0.739997
vn -0.707107 0.6644628 0.2418447
vn 0.5773506 -0.3450663 -0.739997
vn 0.707107 0.2418447 -0.6644628
vn 0 0.3420201 -0.9396926
vn 0 -0.4226183 -0.9063078
vn 0 -0.4226183 -0.9063078
vn 0 0.3420201 -0.9396926
vn 0 0.3420201 -0.9396926
vn 0 -0.4226183 -0.9063078
vn 0 -0.4226183 -0.9063078
vn 0 0.3420201 -0.9396926
vn -0.707107 0.2418447 -0.6644628
vn -0.5773506 -0.3450663 -0.739997
vn 0.707107 0.2418447 -0.6644628
vn 0.707107 0.2418447 -0.6644628
vn 0 0.3420201 -0.9396926
vn 0 0.3420201 -0.9396926
vn 0 0.3420201 -0.9396926
vn 0 0.3420201 -0.9396926
vn 0 0.3420201 -0.9396926
vn 0 0.3420201 -0.9396926
vn 0 0.3420201 -0.9396926
vn 0 0.3420201 -0.9396926
vn -0.707107 0.2418447 -0.6644628
vn -0.707107 0.2418447 -0.6644628
vn 0.707107 0.2418447 -0.6644628
vn 0.5773506 0.739997 -0.3450663
vn 0 0.9063078 -0.4226183
vn 0 0.3420201 -0.9396926
vn 0 0.3420201 -0.9396926
vn 0 0.9063078 -0.4226183
vn 0 0.9063078 -0.4226183
vn 0 0.3420201 -0.9396926
vn 0 0.3420201 -0.9396926
vn 0 0.9063078 -0.4226183
vn -0.5773506 0.739997 -0.3450663
vn -0.707107 0.2418447 -0.6644628
vn 0.5773506 -0.739997 0.3450663
vn 0 -0.9063078 0.4226183
vn 0 -0.3420201 0.9396926
vn 0.707107 -0.2418447 0.6644628
vn 0 -0.9063078 0.4226183
vn 0 -0.9063078 0.4226183
vn 0 -0.3420201 0.9396926
vn 0 -0.3420201 0.9396926
vn 0 -0.9063078 0.4226183
vn -0.5773506 -0.739997 0.3450663
vn -0.707107 -0.2418447 0.6644628
vn 0 -0.3420201 0.9396926
vn 0.707107 -0.2418447 0.6644628
vn 0 -0.3420201 0.9396926
vn 0 -0.3420201 0.9396926
vn 0.707107 -0.2418447 0.6644628
vn 0 -0.3420201 0.9396926
vn 0 -0.3420201 0.9396926
vn 0 -0.3420201 0.9396926
vn 0 -0.3420201 0.9396926
vn 0 -0.3420201 0.9396926
vn -0.707107 -0.2418447 0.6644628
vn -0.707107 -0.2418447 0.6644628
vn 0 -0.3420201 0.9396926
vn 0.707107 -0.2418447 0.6644628
vn 0 -0.3420201 0.9396926
vn 0 0.4226183 0.9063078
vn 0.5773506 0.3450663 0.739997
vn 0 -0.3420201 0.9396926
vn 0 -0.3420201 0.9396926
vn 0 0.4226183 0.9063078
vn 0 0.4226183 0.9063078
vn 0 -0.3420201 0.9396926
vn -0.707107 -0.2418447 0.6644628
vn -0.5773506 0.3450663 0.739997
vn 0 0.4226183 0.9063078
vn 0.5773506 -0.3450663 -0.739997
vn 0.707107 -0.6644628 -0.2418447
vn 1 0 0
vn 0.707107 0.2418447 -0.6644628
vn 0.707107 0.2418447 -0.6644628
vn 1 0 0
vn 1 0 0
vn 0.707107 0.2418447 -0.6644628
vn 0.707107 0.2418447 -0.6644628
vn 1 0 0
vn 0.707107 0.6644628 0.2418447
vn 0.5773506 0.739997 -0.3450663
vn 0.707107 -0.6644628 -0.2418447
vn 0.707107 -0.6644628 -0.2418447
vn 1 0 0
vn 1 0 0
vn 1 0 0
vn 1 0 0
vn 1 0 0
vn 1 0 0
vn 1 0 0
vn 1 0 0
vn 0.707107 0.6644628 0.2418447
vn 0.707107 0.6644628 0.2418447
vn 0.707107 -0.6644628 -0.2418447
vn 0.5773506 -0.739997 0.3450663
vn 0.707107 -0.2418447 0.6644628
vn 1 0 0
vn 1 0 0
vn 0.707107 -0.2418447 0.6644628
vn 0.707107 -0.2418447 0.6644628
vn 1 0 0
vn 1 0 0
vn 0.707107 -0.2418447 0.6644628
vn 0.5773506 0.3450663 0.739997
vn 0.707107 0.6644628 0.2418447
vn -0.5773506 -0.3450663 -0.739997
vn -0.707107 0.2418447 -0.6644628
vn -1 0 0
vn -0.707107 -0.6644628 -0.2418447
vn -0.707107 0.2418447 -0.6644628
vn -0.707107 0.2418447 -0.6644628
vn -1 0 0
vn -1 0 0
vn -0.707107 0.2418447 -0.6644628
vn -0.5773506 0.739997 -0.3450663
vn -0.707107 0.6644628 0.2418447
vn -1 0 0
vn -0.707107 -0.6644628 -0.2418447
vn -1 0 0
vn -1 0 0
vn -0.707107 -0.6644628 -0.2418447
vn -1 0 0
vn -1 0 0
vn -1 0 0
vn -1 0 0
vn -1 0 0
vn -0.707107 0.6644628 0.2418447
vn -0.707107 0.6644628 0.2418447
vn -1 0 0
vn -0.707107 -0.6644628 -0.2418447
vn -1 0 0
vn -0.707107 -0.2418447 0.6644628
vn -0.5773506 -0.739997 0.3450663
vn -1 0 0
vn -1 0 0
vn -0.707107 -0.2418447 0.6644628
vn -0.707107 -0.2418447 0.6644628
vn -1 0 0
vn -0.707107 0.6644628 0.2418447
vn -0.5773506 0.3450663 0.739997
vn -0.707107 -0.2418447 0.6644628
vn 0.5773506 -0.3450663 -0.739997
vn 0 -0.4226183 -0.9063078
vn 0 -0.9396926 -0.3420201
vn 0.707107 -0.6644628 -0.2418447
vn 0.707107 -0.6644628 -0.2418447
vn 0 -0.9396926 -0.3420201
vn 0 -0.9396926 -0.3420201
vn 0.707107 -0.6644628 -0.2418447
vn 0.707107 -0.6644628 -0.2418447
vn 0 -0.9396926 -0.3420201
vn 0 -0.9063078 0.4226183
vn 0.5773506 -0.739997 0.3450663
vn 0 -0.4226183 -0.9063078
vn 0 -0.4226183 -0.9063078
vn 0 -0.9396926 -0.3420201
vn 0 -0.9396926 -0.3420201
vn 0 -0.9396926 -0.3420201
vn 0 -0.9396926 -0.3420201
vn 0 -0.9396926 -0.3420201
vn 0 -0.9396926 -0.3420201
vn 0 -0.9396926 -0.3420201
vn 0 -0.9396926 -0.3420201
vn 0 -0.9063078 0.4226183
vn 0 -0.9063078 0.4226183
vn 0 -0.4226183 -0.9063078
vn -0.5773506 -0.3450663 -0.739997
vn -0.707107 -0.6644628 -0.2418447
vn 0 -0.9396926 -0.3420201
vn 0 -0.9396926 -0.3420201
vn -0.707107 -0.6644628 -0.2418447
vn -0.707107 -0.6644628 -0.2418447
vn 0 -0.9396926 -0.3420201
vn 0 -0.9396926 -0.3420201
vn -0.707107 -0.6644628 -0.2418447
vn -0.5773506 -0.739997 0.3450663
vn 0 -0.9063078 0.4226183
vn 0.5773506 0.739997 -0.3450663
vn 0.707107 0.6644628 0.2418447
vn 0 0.9396926 0.3420201
vn 0 0.9063078 -0.4226183
vn 0.707107 0.6644628 0.2418447
vn 0.707107 0.6644628 0.2418447
vn 0 0.9396926 0.3420201
vn 0 0.9396926 0.3420201
vn 0.707107 0.6644628 0.2418447
vn 0.5773506 0.3450663 0.739997
vn 0 0.4226183 0.9063078
vn 0 0.9396926 0.3420201
vn 0 0.9063078 -0.4226183
vn 0 0.9396926 0.3420201
vn 0 0.9396926 0.3420201
vn 0 0.9063078 -0.4226183
vn 0 0.9396926 0.3420201
vn 0 0.9396926 0.3420201
vn 0 0.9396926 0.3420201
vn 0 0.9396926 0.3420201
vn 0 0.9396926 0.3420201
vn 0 0.4226183 0.9063078
vn 0 0.4226183 0.9063078
vn 0 0.9396926 0.3420201
vn 0 0.9063078 -0.4226183
vn 0 0.9396926 0.3420201
vn -0.707107 0.6644628 0.2418447
vn -0.5773506 0.739997 -0.3450663
vn 0 0.9396926 0.3420201
vn 0 0.9396926 0.3420201
vn -0.707107 0.6644628 0.2418447
vn -0.707107 0.6644628 0.2418447
vn 0 0.9396926 0.3420201
vn 0 0.4226183 0.9063078
vn -0.5773506 0.3450663 0.739997
vn -0.707107 0.6644628 0.2418447
vn 0.5773506 -0.3450663 -0.739997
vn 0.707107 0.2418447 -0.6644628
vn 0 0.3420201 -0.9396926
vn 0 -0.4226183 -0.9063078
vn 0 -0.4226183 -0.9063078
vn 0 0.3420201 -0.9396926
vn 0 0.3420201 -0.9396926
vn 0 -0.4226183 -0.9063078
vn 0 -0.4226183 -0.9063078
vn 0 0.3420201 -0.9396926
vn -0.707107 0.2418447 -0.6644628
vn -0.5773506 -0.3450663 -0.739997
vn 0.707107 0.2418447 -0.6644628
vn 0.707107 0.2418447 -0.6644628
vn 0 0.3420201 -0.9396926
vn 0 0.3420201 -0.9396926
vn 0 0.3420201 -0.9396926
vn 0 0.3420201 -0.9396926
vn 0 0.3420201 -0.9396926
vn 0 0.3420201 -0.9396926
vn 0 0.3420201 -0.9396926
vn 0 0.3420201 -0.9396926
vn -0.707107 0.2418447 -0.6644628
vn -0.707107 0.2418447 -0.6644628
vn 0.707107 0.2418447 -0.6644628
vn 0.5773506 0.739997 -0.3450663
vn 0 0.9063078 -0.4226183
vn 0 0.3420201 -0.9396926
vn 0 0.3420201 -0.9396926
vn 0 0.9063078 -0.4226183
vn 0 0.9063078 -0.4226183
vn 0 0.3420201 -0.9396926
vn 0 0.3420201 -0.9396926
vn 0 0.9063078 -0.4226183
vn -0.5773506 0.739997 -0.3450663
vn -0.707107 0.2418447 -0.6644628
vn 0.5773506 -0.739997 0.3450663
vn 0 -0.9063078 0.4226183
vn 0 -0.3420201 0.9396926
vn 0.707107 -0.2418447 0.6644628
vn 0 -0.9063078 0.4226183
vn 0 -0.9063078 0.4226183
vn 0 -0.3420201 0.9396926
vn 0 -0.3420201 0.9396926
vn 0 -0.9063078 0.4226183
vn -0.5773506 -0.739997 0.3450663
vn -0.707107 -0.2418447 0.6644628
vn 0 -0.3420201 0.9396926
vn 0.707107 -0.2418447 0.6644628
vn 0 -0.3420201 0.9396926
vn 0 -0.3420201 0.9396926
vn 0.707107 -0.2418447 0.6644628
vn 0 -0.3420201 0.9396926
vn 0 -0.3420201 0.9396926
vn 0 -0.3420201 0.9396926
vn 0 -0.3420201 0.9396926
vn 0 -0.3420201 0.9396926
vn -0.707107 -0.2418447 0.6644628
vn -0.707107 -0.2418447 0.6644628
vn 0 -0.3420201 0.9396926
vn 0.707107 -0.2418447 0.6644628
vn 0 -0.3420201 0.9396926
vn 0 0.4226183 0.9063078
vn 0.5773506 0.3450663 0.739997
vn 0 -0.3420201 0.9396926
vn 0 -0.3420201 0.9396926
vn 0 0.4226183 0.9063078
vn 0 0.4226183 0.9063078
vn 0 -0.3420201 0.9396926
vn -0.707107 -0.2418447 0.6644628
vn -0.5773506 0.3450663 0.739997
vn 0 0.4226183 0.9063078
vn 0.5773503 -0.5773503 -0.5773503
vn 0.7071068 -0.7071068 0
vn 1 0 0
vn 0.7071068 0 -0.7071068
vn 0.7071068 0 -0.7071068
vn 1 0 0
vn 1 0 0
vn 0.7071068 0 -0.7071068
vn 0.7071068 0 -0.7071068
vn 1 0 0
vn 0.7071068 0.7071068 0
vn 0.5773503 0.5773503 -0.5773503
vn 0.7071068 -0.7071068 0
vn 0.7071068 -0.7071068 0
vn 1 0 0
vn 1 0 0
vn 1 0 0
vn 1 0 0
vn 1 0 0
vn 1 0 0
vn 1 0 0
vn 1 0 0
vn 0.7071068 0.7071068 0
vn 0.7071068 0.7071068 0
vn 0.7071068 -0.7071068 0
vn 0.5773503 -0.5773503 0.5773503
vn 0.7071068 0 0.7071068
vn 1 0 0
vn 1 0 0
vn 0.7071068 0 0.7071068
vn 0.7071068 0 0.7071068
vn 1 0 0
vn 1 0 0
vn 0.7071068 0 0.7071068
vn 0.5773503 0.5773503 0.5773503
vn 0.7071068 0.7071068 0
vn -0.5773503 -0.5773503 -0.5773503
vn -0.7071068 0 -0.7071068
vn -1 0 0
vn -0.7071068 -0.7071068 0
vn -0.7071068 0 -0.7071068
vn -0.7071068 0 -0.7071068
vn -1 0 0
vn -1 0 0
vn -0.7071068 0 -0.7071068
vn -0.5773503 0.5773503 -0.5773503
vn -0.7071068 0.7071068 0
vn -1 0 0
vn -0.7071068 -0.7071068 0
vn -1 0 0
vn -1 0 0
vn -0.7071068 -0.7071068 0
vn -1 0 0
vn -1 0 0
vn -1 0 0
vn -1 0 0
vn -1 0 0
vn -0.7071068 0.7071068 0
vn -0.7071068 0.7071068 0
vn -1 0 0
vn -0.7071068 -0.7071068 0
vn -1 0 0
vn -0.7071068 0 0.7071068
vn -0.5773503 -0.5773503 0.5773503
vn -1 0 0
vn -1 0 0
vn -0.7071068 0 0.7071068
vn -0.7071068 0 0.7071068
vn -1 0 0
vn -0.7071068 0.7071068 0
vn -0.5773503 0.5773503 0.5773503
vn -0.7071068 0 0.7071068
vn 0.5773503 -0.5773503 -0.5773503
vn 0 -0.7071068 -0.7071068
vn 0 -1 0
vn 0.7071068 -0.7071068 0
vn 0.7071068 -0.7071068 0
vn 0 -1 0
vn 0 -1 0
vn 0.7071068 -0.7071068 0
vn 0.7071068 -0.7071068 0
vn 0 -1 0
vn 0 -0.7071068 0.7071068
vn 0.5773503 -0.5773503 0.5773503
vn 0 -0.7071068 -0.7071068
vn 0 -0.7071068 -0.7071068
vn 0 -1 0
vn 0 -1 0
vn 0 -1 0
vn 0 -1 0
vn 0 -1 0
vn 0 -1 0
vn 0 -1 0
vn 0 -1 0
vn 0 -0.7071068 0.7071068
vn 0 -0.7071068 0.7071068
vn 0 -0.7071068 -0.7071068
vn -0.5773503 -0.5773503 -0.5773503
vn -0.7071068 -0.7071068 0
vn 0 -1 0
vn 0 -1 0
vn -0.7071068 -0.7071068 0
vn -0.7071068 -0.7071068 0
vn 0 -1 0
vn 0 -1 0
vn -0.7071068 -0.7071068 0
vn -0.5773503 -0.5773503 0.5773503
vn 0 -0.7071068 0.7071068
vn 0.5773503 0.5773503 -0.5773503
vn 0.7071068 0.7071068 0
vn 0 1 0
vn 0 0.7071068 -0.7071068
vn 0.7071068 0.7071068 0
vn 0.7071068 0.7071068 0
vn 0 1 0
vn 0 1 0
vn 0.7071068 0.7071068 0
vn 0.5773503 0.5773503 0.5773503
vn 0 0.7071068 0.7071068
vn 0 1 0
vn 0 0.7071068 -0.7071068
vn 0 1 0
vn 0 1 0
vn 0 0.7071068 -0.7071068
vn 0 1 0
vn 0 1 0
vn 0 1 0
vn 0 1 0
vn 0 1 0
vn 0 0.7071068 0.7071068
vn 0 0.7071068 0.7071068
vn 0 1 0
vn 0 0.7071068 -0.7071068
vn 0 1 0
vn -0.7071068 0.7071068 0
vn -0.5773503 0.5773503 -0.5773503
vn 0 1 0
vn 0 1 0
vn -0.7071068 0.7071068 0
vn -0.7071068 0.7071068 0
vn 0 1 0
vn 0 0.7071068 0.7071068
vn -0.5773503 0.5773503 0.5773503
vn -0.7071068 0.7071068 0
vn 0.5773503 -0.5773503 -0.5773503
vn 0.7071068 0 -0.7071068
vn 0 0 -1
vn 0 -0.7071068 -0.7071068
vn 0 -0.7071068 -0.7071068
vn 0 0 -1
vn 0 0 -1
vn 0 -0.7071068 -0.7071068
vn 0 -0.7071068 -0.7071068
vn 0 0 -1
vn -0.7071068 0 -0.7071068
vn -0.5773503 -0.5773503 -0.5773503
vn 0.7071068 0 -0.7071068
vn 0.7071068 0 -0.7071068
vn 0 0 -1
vn 0 0 -1
vn 0 0 -1
vn 0 0 -1
vn 0 0 -1
vn 0 0 -1
vn 0 0 -1
vn 0 0 -1
vn -0.7071068 0 -0.7071068
vn -0.7071068 0 -0.7071068
vn 0.7071068 0 -0.7071068
vn 0.5773503 0.5773503 -0.5773503
vn 0 0.7071068 -0.7071068
vn 0 0 -1
vn 0 0 -1
vn 0 0.7071068 -0.7071068
vn 0 0.7071068 -0.7071068
vn 0 0 -1
vn 0 0 -1
vn 0 0.7071068 -0.7071068
vn -0.5773503 0.5773503 -0.5773503
vn -0.7071068 0 -0.7071068
vn 0.5773503 -0.5773503 0.5773503
vn 0 -0.7071068 0.7071068
vn 0 0 1
vn 0.7071068 0 0.7071068
vn 0 -0.7071068 0.7071068
vn 0 -0.7071068 0.7071068
vn 0 0 1
vn 0 0 1
vn 0 -0.7071068 0.7071068
vn -0.5773503 -0.5773503 0.5773503
vn -0.7071068 0 0.7071068
vn 0 0 1
vn 0.7071068 0 0.7071068
vn 0 0 1
vn 0 0 1
vn 0.7071068 0 0.7071068
vn 0 0 1
vn 0 0 1
vn 0 0 1
vn 0 0 1
vn 0 0 1
vn -0.7071068 0 0.7071068
vn -0.7071068 0 0.7071068
vn 0 0 1
vn 0.7071068 0 0.7071068
vn 0 0 1
vn 0 0.7071068 0.7071068
vn 0.5773503 0.5773503 0.5773503
vn 0 0 1
vn 0 0 1
vn 0 0.7071068 0.7071068
vn 0 0.7071068 0.7071068
vn 0 0 1
vn -0.7071068 0 0.7071068
vn -0.5773503 0.5773503 0.5773503
vn 0 0.7071068 0.7071068
vn 0.5773501 -0.5773506 -0.5773501
vn 0.7071065 -0.707107 0
vn 1 0 0
vn 0.7071068 0 -0.7071068
vn 0.7071068 0 -0.7071068
vn 1 0 0
vn 1 0 0
vn 0.7071068 0 -0.7071068
vn 0.7071068 0 -0.7071068
vn 1 0 0
vn 0.7071065 0.707107 0
vn 0.5773501 0.5773506 -0.5773501
vn 0.7071065 -0.707107 0
vn 0.7071065 -0.707107 0
vn 1 0 0
vn 1 0 0
vn 1 0 0
vn 1 0 0
vn 1 0 0
vn 1 0 0
vn 1 0 0
vn 1 0 0
vn 0.7071065 0.707107 0
vn 0.7071065 0.707107 0
vn 0.7071065 -0.707107 0
vn 0.5773501 -0.5773506 0.5773501
vn 0.7071068 0 0.7071068
vn 1 0 0
vn 1 0 0
vn 0.7071068 0 0.7071068
vn 0.7071068 0 0.7071068
vn 1 0 0
vn 1 0 0
vn 0.7071068 0 0.7071068
vn 0.5773501 0.5773506 0.5773501
vn 0.7071065 0.707107 0
vn -0.5773501 -0.5773506 -0.5773501
vn -0.7071068 0 -0.7071068
vn -1 0 0
vn -0.7071065 -0.707107 0
vn -0.7071068 0 -0.7071068
vn -0.7071068 0 -0.7071068
vn -1 0 0
vn -1 0 0
vn -0.7071068 0 -0.7071068
vn -0.5773501 0.5773506 -0.5773501
vn -0.7071065 0.707107 0
vn -1 0 0
vn -0.7071065 -0.707107 0
vn -1 0 0
vn -1 0 0
vn -0.7071065 -0.707107 0
vn -1 0 0
vn -1 0 0
vn -1 0 0
vn -1 0 0
vn -1 0 0
vn -0.7071065 0.707107 0
vn -0.7071065 0.707107 0
vn -1 0 0
vn -0.7071065 -0.707107 0
vn -1 0 0
vn -0.7071068 0 0.7071068
vn -0.5773501 -0.5773506 0.5773501
vn -1 0 0
vn -1 0 0
vn -0.7071068 0 0.7071068
vn -0.7071068 0 0.7071068
vn -1 0 0
vn -0.7071065 0.707107 0
vn -0.5773501 0.5773506 0.5773501
vn -0.7071068 0 0.7071068
vn 0.5773501 -0.5773506 -0.5773501
vn 0 -0.707107 -0.7071065
vn 0 -1 0
vn 0.7071065 -0.707107 0
vn 0.7071065 -0.707107 0
vn 0 -1 0
vn 0 -1 0
vn 0.7071065 -0.707107 0
vn 0.7071065 -0.707107 0
vn 0 -1 0
vn 0 -0.707107 0.7071065
vn 0.5773501 -0.5773506 0.5773501
vn 0 -0.707107 -0.7071065
vn 0 -0.707107 -0.7071065
vn 0 -1 0
vn 0 -1 0
vn 0 -1 0
vn 0 -1 0
vn 0 -1 0
vn 0 -1 0
vn 0 -1 0
vn 0 -1 0
vn 0 -0.707107 0.7071065
vn 0 -0.707107 0.7071065
vn 0 -0.707107 -0.7071065
vn -0.5773501 -0.5773506 -0.5773501
vn -0.7071065 -0.707107 0
vn 0 -1 0
vn 0 -1 0
vn -0.7071065 -0.707107 0
vn -0.7071065 -0.707107 0
vn 0 -1 0
vn 0 -1 0
vn -0.7071065 -0.707107 0
vn -0.5773501 -0.5773506 0.5773501
vn 0 -0.707107 0.7071065
vn 0.5773501 0.5773506 -0.5773501
vn 0.7071065 0.707107 0
vn 0 1 0
vn 0 0.707107 -0.7071065
vn 0.7071065 0.707107 0
vn 0.7071065 0.707107 0
vn 0 1 0
vn 0 1 0
vn 0.7071065 0.707107 0
vn 0.5773501 0.5773506 0.5773501
vn 0 0.707107 0.7071065
vn 0 1 0
vn 0 0.707107 -0.7071065
vn 0 1 0
vn 0 1 0
vn 0 0.707107 -0.7071065
vn 0 1 0
vn 0 1 0
vn 0 1 0
vn 0 1 0
vn 0 1 0
vn 0 0.707107 0.7071065
vn 0 0.707107 0.7071065
vn 0 1 0
vn 0 0.707107 -0.7071065
vn 0 1 0
vn -0.7071065 0.707107 0
vn -0.5773501 0.5773506 -0.5773501
vn 0 1 0
vn 0 1 0
vn -0.7071065 0.707107 0
vn -0.7071065 0.707107 0
vn 0 1 0
vn 0 0.707107 0.7071065
vn -0.5773501 0.5773506 0.5773501
vn -0.7071065 0.707107 0
vn 0.5773501 -0.5773506 -0.5773501
vn 0.7071068 0 -0.7071068
vn 0 0 -1
vn 0 -0.707107 -0.7071065
vn 0 -0.707107 -0.7071065
vn 0 0 -1
vn 0 0 -1
vn 0 -0.707107 -0.7071065
vn 0 -0.707107 -0.7071065
vn 0 0 -1
vn -0.7071068 0 -0.7071068
vn -0.5773501 -0.5773506 -0.5773501
vn 0.7071068 0 -0.7071068
vn 0.7071068 0 -0.7071068
vn 0 0 -1
vn 0 0 -1
vn 0 0 -1
vn 0 0 -1
vn 0 0 -1
vn 0 0 -1
vn 0 0 -1
vn 0 0 -1
vn -0.7071068 0 -0.7071068
vn -0.7071068 0 -0.7071068
vn 0.7071068 0 -0.7071068
vn 0.5773501 0.5773506 -0.5773501
vn 0 0.707107 -0.7071065
vn 0 0 -1
vn 0 0 -1
vn 0 0.707107 -0.7071065
vn 0 0.707107 -0.7071065
vn 0 0 -1
vn 0 0 -1
vn 0 0.707107 -0.7071065
vn -0.5773501 0.5773506 -0.5773501
vn -0.7071068 0 -0.7071068
vn 0.5773501 -0.5773506 0.5773501
vn 0 -0.707107 0.7071065
vn 0 0 1
vn 0.7071068 0 0.7071068
vn 0 -0.707107 0.7071065
vn 0 -0.707107 0.7071065
vn 0 0 1
vn 0 0 1
vn 0 -0.707107 0.7071065
vn -0.5773501 -0.5773506 0.5773501
vn -0.7071068 0 0.7071068
vn 0 0 1
vn 0.7071068 0 0.7071068
vn 0 0 1
vn 0 0 1
vn 0.7071068 0 0.7071068
vn 0 0 1
vn 0 0 1
vn 0 0 1
vn 0 0 1
vn 0 0 1
vn -0.7071068 0 0.7071068
vn -0.7071068 0 0.7071068
vn 0 0 1
vn 0.7071068 0 0.7071068
vn 0 0 1
vn 0 0.707107 0.7071065
vn 0.5773501 0.5773506 0.5773501
vn 0 0 1
vn 0 0 1
vn 0 0.707107 0.7071065
vn 0 0.707107 0.7071065
vn 0 0 1
vn -0.7071068 0 0.7071068
vn -0.5773501 0.5773506 0.5773501
vn 0 0.707107 0.7071065
vn 0.5773503 -0.3706817 -0.7275038
vn 0.7071068 -0.6724985 -0.218508
vn 1 0 0
vn 0.7071068 0.218508 -0.6724985
vn 0.7071068 0.218508 -0.6724985
vn 1 0 0
vn 1 0 0
vn 0.7071068 0.218508 -0.6724985
vn 0.7071068 0.218508 -0.6724985
vn 1 0 0
vn 0.7071068 0.6724985 0.218508
vn 0.5773503 0.7275038 -0.3706817
vn 0.7071068 -0.6724985 -0.218508
vn 0.7071068 -0.6724985 -0.218508
vn 1 0 0
vn 1 0 0
vn 1 0 0
vn 1 0 0
vn 1 0 0
vn 1 0 0
vn 1 0 0
vn 1 0 0
vn 0.7071068 0.6724985 0.218508
vn 0.7071068 0.6724985 0.218508
vn 0.7071068 -0.6724985 -0.218508
vn 0.5773503 -0.7275038 0.3706817
vn 0.7071068 -0.218508 0.6724985
vn 1 0 0
vn 1 0 0
vn 0.7071068 -0.218508 0.6724985
vn 0.7071068 -0.218508 0.6724985
vn 1 0 0
vn 1 0 0
vn 0.7071068 -0.218508 0.6724985
vn 0.5773503 0.3706817 0.7275038
vn 0.7071068 0.6724985 0.218508
vn -0.5773503 -0.3706817 -0.7275038
vn -0.7071068 0.218508 -0.6724985
vn -1 0 0
vn -0.7071068 -0.6724985 -0.218508
vn -0.7071068 0.218508 -0.6724985
vn -0.7071068 0.218508 -0.6724985
vn -1 0 0
vn -1 0 0
vn -0.7071068 0.218508 -0.6724985
vn -0.5773503 0.7275038 -0.3706817
vn -0.7071068 0.6724985 0.218508
vn -1 0 0
vn -0.7071068 -0.6724985 -0.218508
vn -1 0 0
vn -1 0 0
vn -0.7071068 -0.6724985 -0.218508
vn -1 0 0
vn -1 0 0
vn -1 0 0
vn -1 0 0
vn -1 0 0
vn -0.7071068 0.6724985 0.218508
vn -0.7071068 0.6724985 0.218508
vn -1 0 0
vn -0.7071068 -0.6724985 -0.218508
vn -1 0 0
vn -0.7071068 -0.218508 0.6724985
vn -0.5773503 -0.7275038 0.3706817
vn -1 0 0
vn -1 0 0
vn -0.7071068 -0.218508 0.6724985
vn -0.7071068 -0.218508 0.6724985
vn -1 0 0
vn -0.7071068 0.6724985 0.218508
vn -0.5773503 0.3706817 0.7275038
vn -0.7071068 -0.218508 0.6724985
vn 0.5773503 -0.3706817 -0.7275038
vn 0 -0.4539905 -0.8910065
vn 0 -0.9510565 -0.309017
vn 0.7071068 -0.6724985 -0.218508
vn 0.7071068 -0.6724985 -0.218508
vn 0 -0.9510565 -0.309017
vn 0 -0.9510565 -0.309017
vn 0.7071068 -0.6724985 -0.218508
vn 0.7071068 -0.6724985 -0.218508
vn 0 -0.9510565 -0.309017
vn 0 -0.8910065 0.4539905
vn 0.5773503 -0.7275038 0.3706817
vn 0 -0.4539905 -0.8910065
vn 0 -0.4539905 -0.8910065
vn 0 -0.9510565 -0.309017
vn 0 -0.9510565 -0.309017
vn 0 -0.9510565 -0.309017
vn 0 -0.9510565 -0.309017
vn 0 -0.9510565 -0.309017
vn 0 -0.9510565 -0.309017
vn 0 -0.9510565 -0.309017
vn 0 -0.9510565 -0.309017
vn 0 -0.8910065 0.4539905
vn 0 -0.8910065 0.4539905
vn 0 -0.4539905 -0.8910065
vn -0.5773503 -0.3706817 -0.7275038
vn -0.7071068 -0.6724985 -0.218508
vn 0 -0.9510565 -0.309017
vn 0 -0.9510565 -0.309017
vn -0.7071068 -0.6724985 -0.218508
vn -0.7071068 -0.6724985 -0.218508
vn 0 -0.9510565 -0.309017
vn 0 -0.9510565 -0.309017
vn -0.7071068 -0.6724985 -0.218508
vn -0.5773503 -0.7275038 0.3706817
vn 0 -0.8910065 0.4539905
vn 0.5773503 0.7275038 -0.3706817
vn 0.7071068 0.6724985 0.218508
vn 0 0.9510565 0.309017
vn 0 0.8910065 -0.4539905
vn 0.7071068 0.6724985 0.218508
vn 0.7071068 0.6724985 0.218508
vn 0 0.9510565 0.309017
vn 0 0.9510565 0.309017
vn 0.7071068 0.6724985 0.218508
vn 0.5773503 0.3706817 0.7275038
vn 0 0.4539905 0.8910065
vn 0 0.9510565 0.309017
vn 0 0.8910065 -0.4539905
vn 0 0.9510565 0.309017
vn 0 0.9510565 0.309017
vn 0 0.8910065 -0.4539905
vn 0 0.9510565 0.309017
vn 0 0.9510565 0.309017
vn 0 0.9510565 0.309017
vn 0 0.9510565 0.309017
vn 0 0.9510565 0.309017
vn 0 0.4539905 0.8910065
vn 0 0.4539905 0.8910065
vn 0 0.9510565 0.309017
vn 0 0.8910065 -0.4539905
vn 0 0.9510565 0.309017
vn -0.7071068 0.6724985 0.218508
vn -0.5773503 0.7275038 -0.3706817
vn 0 0.9510565 0.309017
vn 0 0.9510565 0.309017
vn -0.7071068 0.6724985 0.218508
vn -0.7071068 0.6724985 0.218508
vn 0 0.9510565 0.309017
vn 0 0.4539905 0.8910065
vn -0.5773503 0.3706817 0.7275038
vn -0.7071068 0.6724985 0.218508
vn 0.5773503 -0.3706817 -0.7275038
vn 0.7071068 0.218508 -0.6724985
vn 0 0.309017 -0.9510565
vn 0 -0.4539905 -0.8910065
vn 0 -0.4539905 -0.8910065
vn 0 0.309017 -0.9510565
vn 0 0.309017 -0.9510565
vn 0 -0.4539905 -0.8910065
vn 0 -0.4539905 -0.8910065
vn 0 0.309017 -0.9510565
vn -0.7071068 0.218508 -0.6724985
vn -0.5773503 -0.3706817 -0.7275038
vn 0.7071068 0.218508 -0.6724985
vn 0.7071068 0.218508 -0.6724985
vn 0 0.309017 -0.9510565
vn 0 0.309017 -0.9510565
vn 0 0.309017 -0.9510565
vn 0 0.309017 -0.9510565
vn 0 0.309017 -0.9510565
vn 0 0.309017 -0.9510565
vn 0 0.309017 -0.9510565
vn 0 0.309017 -0.9510565
vn -0.7071068 0.218508 -0.6724985
vn -0.7071068 0.218508 -0.6724985
vn 0.7071068 0.218508 -0.6724985
vn 0.5773503 0.7275038 -0.3706817
vn 0 0.8910065 -0.4539905
vn 0 0.309017 -0.9510565
vn 0 0.309017 -0.9510565
vn 0 0.8910065 -0.4539905
vn 0 0.8910065 -0.4539905
vn 0 0.309017 -0.9510565
vn 0 0.309017 -0.9510565
vn 0 0.8910065 -0.4539905
vn -0.5773503 0.7275038 -0.3706817
vn -0.7071068 0.218508 -0.6724985
vn 0.5773503 -0.7275038 0.3706817
vn 0 -0.8910065 0.4539905
vn 0 -0.309017 0.9510565
vn 0.7071068 -0.218508 0.6724985
vn 0 -0.8910065 0.4539905
vn 0 -0.8910065 0.4539905
vn 0 -0.309017 0.9510565
vn 0 -0.309017 0.9510565
vn 0 -0.8910065 0.4539905
vn -0.5773503 -0.7275038 0.3706817
vn -0.7071068 -0.218508 0.6724985
vn 0 -0.309017 0.9510565
vn 0.7071068 -0.218508 0.6724985
vn 0 -0.309017 0.9510565
vn 0 -0.309017 0.9510565
vn 0.7071068 -0.218508 0.6724985
vn 0 -0.309017 0.9510565
vn 0 -0.309017 0.9510565
vn 0 -0.309017 0.9510565
vn 0 -0.309017 0.9510565
vn 0 -0.309017 0.9510565
vn -0.7071068 -0.218508 0.6724985
vn -0.7071068 -0.218508 0.6724985
vn 0 -0.309017 0.9510565
vn 0.7071068 -0.218508 0.6724985
vn 0 -0.309017 0.9510565
vn 0 0.4539905 0.8910065
vn 0.5773503 0.3706817 0.7275038
vn 0 -0.309017 0.9510565
vn 0 -0.309017 0.9510565
vn 0 0.4539905 0.8910065
vn 0 0.4539905 0.8910065
vn 0 -0.309017 0.9510565
vn -0.7071068 -0.218508 0.6724985
vn -0.5773503 0.3706817 0.7275038
vn 0 0.4539905 0.8910065
vn 0.7071072 0 -0.7071064
vn 1 0 0
vn 1 0 0
vn 0.7071072 0 -0.7071064
vn 0.7071068 -0.7071068 0
vn 0.7071068 -0.7071068 0
vn 1 0 0
vn 1 0 0
vn 1 0 0
vn 1 0 0
vn 1 0 0
vn 1 0 0
vn 1 0 0
vn 1 0 0
vn 0.7071068 0.7071068 0
vn 0.7071068 0.7071068 0
vn 1 0 0
vn 0.7071072 0 0.7071064
vn 0.7071072 0 0.7071064
vn 1 0 0
vn -0.7071072 0 -0.7071064
vn -0.7071072 0 -0.7071064
vn -1 0 0
vn -1 0 0
vn -0.7071068 -0.7071068 0
vn -1 0 0
vn -1 0 0
vn -0.7071068 -0.7071068 0
vn -1 0 0
vn -1 0 0
vn -1 0 0
vn -1 0 0
vn -1 0 0
vn -0.7071068 0.7071068 0
vn -0.7071068 0.7071068 0
vn -1 0 0
vn -1 0 0
vn -1 0 0
vn -0.7071072 0 0.7071064
vn -0.7071072 0 0.7071064
vn 0.7071068 -0.7071068 0
vn 0 -1 0
vn 0 -1 0
vn 0.7071068 -0.7071068 0
vn 0 -0.7071072 -0.7071064
vn 0 -0.7071072 -0.7071064
vn 0 -1 0
vn 0 -1 0
vn 0 -1 0
vn 0 -1 0
vn 0 -1 0
vn 0 -1 0
vn 0 -1 0
vn 0 -1 0
vn 0 -0.7071072 0.7071064
vn 0 -0.7071072 0.7071064
vn 0 -1 0
vn -0.7071068 -0.7071068 0
vn -0.7071068 -0.7071068 0
vn 0 -1 0
vn 0.7071068 0.7071068 0
vn 0.7071068 0.7071068 0
vn 0 1 0
vn 0 1 0
vn 0 0.7071072 -0.7071064
vn 0 1 0
vn 0 1 0
vn 0 0.7071072 -0.7071064
vn 0 1 0
vn 0 1 0
vn 0 1 0
vn 0 1 0
vn 0 1 0
vn 0 0.7071072 0.7071064
vn 0 0.7071072 0.7071064
vn 0 1 0
vn 0 1 0
vn 0 1 0
vn -0.7071068 0.7071068 0
vn -0.7071068 0.7071068 0
vn 0 -0.7071072 -0.7071064
vn 0 0 -1
vn 0 0 -1
vn 0 -0.7071072 -0.7071064
vn 0.7071072 0 -0.7071064
vn 0.7071072 0 -0.7071064
vn 0 0 -1
vn 0 0 -1
vn 0 0 -1
vn 0 0 -1
vn 0 0 -1
vn 0 0 -1
vn 0 0 -1
vn 0 0 -1
vn -0.7071072 0 -0.7071064
vn -0.7071072 0 -0.7071064
vn 0 0 -1
vn 0 0.7071072 -0.7071064
vn 0 0.7071072 -0.7071064
vn 0 0 -1
vn 0 -0.7071072 0.7071064
vn 0 -0.7071072 0.7071064
vn 0 0 1
vn 0 0 1
vn 0.7071072 0 0.7071064
vn 0 0 1
vn 0 0 1
vn 0.7071072 0 0.7071064
vn 0 0 1
vn 0 0 1
vn 0 0 1
vn 0 0 1
vn 0 0 1
vn -0.7071072 0 0.7071064
vn -0.7071072 0 0.7071064
vn 0 0 1
vn 0 0 1
vn 0 0 1
vn 0 0.7071072 0.7071064
vn 0 0.7071072 0.7071064
vn 0.5773501 -0.5773507 -0.5773501
vn 0.7071064 -0.7071072 0
vn 1 0 0
vn 0.7071068 0 -0.7071068
vn 0.7071068 0 -0.7071068
vn 1 0 0
vn 1 0 0
vn 0.7071068 0 -0.7071068
vn 0.7071068 0 -0.7071068
vn 1 0 0
vn 0.7071064 0.7071072 0
vn 0.5773501 0.5773507 -0.5773501
vn 0.7071064 -0.7071072 0
vn 0.7071064 -0.7071072 0
vn 1 0 0
vn 1 0 0
vn 1 0 0
vn 1 0 0
vn 1 0 0
vn 1 0 0
vn 1 0 0
vn 1 0 0
vn 0.7071064 0.7071072 0
vn 0.7071064 0.7071072 0
vn 0.7071064 -0.7071072 0
vn 0.5773501 -0.5773507 0.5773501
vn 0.7071068 0 0.7071068
vn 1 0 0
vn 1 0 0
vn 0.7071068 0 0.7071068
vn 0.7071068 0 0.7071068
vn 1 0 0
vn 1 0 0
vn 0.7071068 0 0.7071068
vn 0.5773501 0.5773507 0.5773501
vn 0.7071064 0.7071072 0
vn -0.5773501 -0.5773507 -0.5773501
vn -0.7071068 0 -0.7071068
vn -1 0 0
vn -0.7071064 -0.7071072 0
vn -0.7071068 0 -0.7071068
vn -0.7071068 0 -0.7071068
vn -1 0 0
vn -1 0 0
vn -0.7071068 0 -0.7071068
vn -0.5773501 0.5773507 -0.5773501
vn -0.7071064 0.7071072 0
vn -1 0 0
vn -0.7071064 -0.7071072 0
vn -1 0 0
vn -1 0 0
vn -0.7071064 -0.7071072 0
vn -1 0 0
vn -1 0 0
vn -1 0 0
vn -1 0 0
vn -1 0 0
vn -0.7071064 0.7071072 0
vn -0.7071064 0.7071072 0
vn -1 0 0
vn -0.7071064 -0.7071072 0
vn -1 0 0
vn -0.7071068 0 0.7071068
vn -0.5773501 -0.5773507 0.5773501
vn -1 0 0
vn -1 0 0
vn -0.7071068 0 0.7071068
vn -0.7071068 0 0.7071068
vn -1 0 0
vn -0.7071064 0.7071072 0
vn -0.5773501 0.5773507 0.5773501
vn -0.7071068 0 0.7071068
vn 0.5773501 -0.5773507 -0.5773501
vn 0 -0.7071072 -0.7071064
vn 0 -1 0
vn 0.7071064 -0.7071072 0
vn 0.7071064 -0.7071072 0
vn 0 -1 0
vn 0 -1 0
vn 0.7071064 -0.7071072 0
vn 0.7071064 -0.7071072 0
vn 0 -1 0
vn 0 -0.7071072 0.7071064
vn 0.5773501 -0.5773507 0.5773501
vn 0 -0.7071072 -0.7071064
vn 0 -0.7071072 -0.7071064
vn 0 -1 0
vn 0 -1 0
vn 0 -1 0
vn 0 -1 0
vn 0 -1 0
vn 0 -1 0
vn 0 -1 0
vn 0 -1 0
vn 0 -0.7071072 0.7071064
vn 0 -0.7071072 0.7071064
vn 0 -0.7071072 -0.7071064
vn -0.5773501 -0.5773507 -0.5773501
vn -0.7071064 -0.7071072 0
vn 0 -1 0
vn 0 -1 0
vn -0.7071064 -0.7071072 0
vn -0.7071064 -0.7071072 0
vn 0 -1 0
vn 0 -1 0
vn -0.7071064 -0.7071072 0
vn -0.5773501 -0.5773507 0.5773501
vn 0 -0.7071072 0.7071064
vn 0.5773501 0.5773507 -0.5773501
vn 0.7071064 0.7071072 0
vn 0 1 0
vn 0 0.7071072 -0.7071064
vn 0.7071064 0.7071072 0
vn 0.7071064 0.7071072 0
vn 0 1 0
vn 0 1 0
vn 0.7071064 0.7071072 0
vn 0.5773501 0.5773507 0.5773501
vn 0 0.7071072 0.7071064
vn 0 1 0
vn 0 0.7071072 -0.7071064
vn 0 1 0
vn 0 1 0
vn 0 0.7071072 -0.7071064
vn 0 1 0
vn 0 1 0
vn 0 1 0
vn 0 1 0
vn 0 1 0
vn 0 0.7071072 0.7071064
vn 0 0.7071072 0.7071064
vn 0 1 0
vn 0 0.7071072 -0.7071064
vn 0 1 0
vn -0.7071064 0.7071072 0
vn -0.5773501 0.5773507 -0.5773501
vn 0 1 0
vn 0 1 0
vn -0.7071064 0.7071072 0
vn -0.7071064 0.7071072 0
vn 0 1 0
vn 0 0.7071072 0.7071064
vn -0.5773501 0.5773507 0.5773501
vn -0.7071064 0.7071072 0
vn 0.5773501 -0.5773507 -0.5773501
vn 0.7071068 0 -0.7071068
vn 0 0 -1
vn 0 -0.7071072 -0.7071064
vn 0 -0.7071072 -0.7071064
vn 0 0 -1
vn 0 0 -1
vn 0 -0.7071072 -0.7071064
vn 0 -0.7071072 -0.7071064
vn 0 0 -1
vn -0.7071068 0 -0.7071068
vn -0.5773501 -0.5773507 -0.5773501
vn 0.7071068 0 -0.7071068
vn 0.7071068 0 -0.7071068
vn 0 0 -1
vn 0 0 -1
vn 0 0 -1
vn 0 0 -1
vn 0 0 -1
vn 0 0 -1
vn 0 0 -1
vn 0 0 -1
vn -0.7071068 0 -0.7071068
vn -0.7071068 0 -0.7071068
vn 0.7071068 0 -0.7071068
vn 0.5773501 0.5773507 -0.5773501
vn 0 0.7071072 -0.7071064
vn 0 0 -1
vn 0 0 -1
vn 0 0.7071072 -0.7071064
vn 0 0.7071072 -0.7071064
vn 0 0 -1
vn 0 0 -1
vn 0 0.7071072 -0.7071064
vn -0.5773501 0.5773507 -0.5773501
vn -0.7071068 0 -0.7071068
vn 0.5773501 -0.5773507 0.5773501
vn 0 -0.7071072 0.7071064
vn 0 0 1
vn 0.7071068 0 0.7071068
vn 0 -0.7071072 0.7071064
vn 0 -0.7071072 0.7071064
vn 0 0 1
vn 0 0 1
vn 0 -0.7071072 0.7071064
vn -0.5773501 -0.5773507 0.5773501
vn -0.7071068 0 0.7071068
vn 0 0 1
vn 0.7071068 0 0.7071068
vn 0 0 1
vn 0 0 1
vn 0.7071068 0 0.7071068
vn 0 0 1
vn 0 0 1
vn 0 0 1
vn 0 0 1
vn 0 0 1
vn -0.7071068 0 0.7071068
vn -0.7071068 0 0.7071068
vn 0 0 1
vn 0.7071068 0 0.7071068
vn 0 0 1
vn 0 0.7071072 0.7071064
vn 0.5773501 0.5773507 0.5773501
vn 0 0 1
vn 0 0 1
vn 0 0.7071072 0.7071064
vn 0 0.7071072 0.7071064
vn 0 0 1
vn -0.7071068 0 0.7071068
vn -0.5773501 0.5773507 0.5773501
vn 0 0.7071072 0.7071064
vn 0.5773503 -0.5773503 -0.5773503
vn 0.7071068 -0.7071068 0
vn 1 0 0
vn 0.7071068 0 -0.7071068
vn 0.7071068 0 -0.7071068
vn 1 0 0
vn 1 0 0
vn 0.7071068 0 -0.7071068
vn 0.7071068 0 -0.7071068
vn 1 0 0
vn 0.7071068 0.7071068 0
vn 0.5773503 0.5773503 -0.5773503
vn 0.7071068 -0.7071068 0
vn 0.7071068 -0.7071068 0
vn 1 0 0
vn 1 0 0
vn 1 0 0
vn 1 0 0
vn 1 0 0
vn 1 0 0
vn 1 0 0
vn 1 0 0
vn 0.7071068 0.7071068 0
vn 0.7071068 0.7071068 0
vn 0.7071068 -0.7071068 0
vn 0.5773503 -0.5773503 0.5773503
vn 0.7071068 0 0.7071068
vn 1 0 0
vn 1 0 0
vn 0.7071068 0 0.7071068
vn 0.7071068 0 0.7071068
vn 1 0 0
vn 1 0 0
vn 0.7071068 0 0.7071068
vn 0.5773503 0.5773503 0.5773503
vn 0.7071068 0.7071068 0
vn -0.5773503 -0.5773503 -0.5773503
vn -0.7071068 0 -0.7071068
vn -1 0 0
vn -0.7071068 -0.7071068 0
vn -0.7071068 0 -0.7071068
vn -0.7071068 0 -0.7071068
vn -1 0 0
vn -1 0 0
vn -0.7071068 0 -0.7071068
vn -0.5773503 0.5773503 -0.5773503
vn -0.7071068 0.7071068 0
vn -1 0 0
vn -0.7071068 -0.7071068 0
vn -1 0 0
vn -1 0 0
vn -0.7071068 -0.7071068 0
vn -1 0 0
vn -1 0 0
vn -1 0 0
vn -1 0 0
vn -1 0 0
vn -0.7071068 0.7071068 0
vn -0.7071068 0.7071068 0
vn -1 0 0
vn -0.7071068 -0.7071068 0
vn -1 0 0
vn -0.7071068 0 0.7071068
vn -0.5773503 -0.5773503 0.5773503
vn -1 0 0
vn -1 0 0
vn -0.7071068 0 0.7071068
vn -0.7071068 0 0.7071068
vn -1 0 0
vn -0.7071068 0.7071068 0
vn -0.5773503 0.5773503 0.5773503
vn -0.7071068 0 0.7071068
vn 0.5773503 -0.5773503 -0.5773503
vn 0 -0.7071068 -0.7071068
vn 0 -1 0
vn 0.7071068 -0.7071068 0
vn 0.7071068 -0.7071068 0
vn 0 -1 0
vn 0 -1 0
vn 0.7071068 -0.7071068 0
vn 0.7071068 -0.7071068 0
vn 0 -1 0
vn 0 -0.7071068 0.7071068
vn 0.5773503 -0.5773503 0.5773503
vn 0 -0.7071068 -0.7071068
vn 0 -0.7071068 -0.7071068
vn 0 -1 0
vn 0 -1 0
vn 0 -1 0
vn 0 -1 0
vn 0 -1 0
vn 0 -1 0
vn 0 -1 0
vn 0 -1 0
vn 0 -0.7071068 0.7071068
vn 0 -0.7071068 0.7071068
vn 0 -0.7071068 -0.7071068
vn -0.5773503 -0.5773503 -0.5773503
vn -0.7071068 -0.7071068 0
vn 0 -1 0
vn 0 -1 0
vn -0.7071068 -0.7071068 0
vn -0.7071068 -0.7071068 0
vn 0 -1 0
vn 0 -1 0
vn -0.7071068 -0.7071068 0
vn -0.5773503 -0.5773503 0.5773503
vn 0 -0.7071068 0.7071068
vn 0.5773503 0.5773503 -0.5773503
vn 0.7071068 0.7071068 0
vn 0 1 0
vn 0 0.7071068 -0.7071068
vn 0.7071068 0.7071068 0
vn 0.7071068 0.7071068 0
vn 0 1 0
vn 0 1 0
vn 0.7071068 0.7071068 0
vn 0.5773503 0.5773503 0.5773503
vn 0 0.7071068 0.7071068
vn 0 1 0
vn 0 0.7071068 -0.7071068
vn 0 1 0
vn 0 1 0
vn 0 0.7071068 -0.7071068
vn 0 1 0
vn 0 1 0
vn 0 1 0
vn 0 1 0
vn 0 1 0
vn 0 0.7071068 0.7071068
vn 0 0.7071068 0.7071068
vn 0 1 0
vn 0 0.7071068 -0.7071068
vn 0 1 0
vn -0.7071068 0.7071068 0
vn -0.5773503 0.5773503 -0.5773503
vn 0 1 0
vn 0 1 0
vn -0.7071068 0.7071068 0
vn -0.7071068 0.7071068 0
vn 0 1 0
vn 0 0.7071068 0.7071068
vn -0.5773503 0.5773503 0.5773503
vn -0.7071068 0.7071068 0
vn 0.5773503 -0.5773503 -0.5773503
vn 0.7071068 0 -0.7071068
vn 0 0 -1
vn 0 -0.7071068 -0.7071068
vn 0 -0.7071068 -0.7071068
vn 0 0 -1
vn 0 0 -1
vn 0 -0.7071068 -0.7071068
vn 0 -0.7071068 -0.7071068
vn 0 0 -1
vn -0.7071068 0 -0.7071068
vn -0.5773503 -0.5773503 -0.5773503
vn 0.7071068 0 -0.7071068
vn 0.7071068 0 -0.7071068
vn 0 0 -1
vn 0 0 -1
vn 0 0 -1
vn 0 0 -1
vn 0 0 -1
vn 0 0 -1
vn 0 0 -1
vn 0 0 -1
vn -0.7071068 0 -0.7071068
vn -0.7071068 0 -0.7071068
vn 0.7071068 0 -0.7071068
vn 0.5773503 0.5773503 -0.5773503
vn 0 0.7071068 -0.7071068
vn 0 0 -1
vn 0 0 -1
vn 0 0.7071068 -0.7071068
vn 0 0.7071068 -0.7071068
vn 0 0 -1
vn 0 0 -1
vn 0 0.7071068 -0.7071068
vn -0.5773503 0.5773503 -0.5773503
vn -0.7071068 0 -0.7071068
vn 0.5773503 -0.5773503 0.5773503
vn 0 -0.7071068 0.7071068
vn 0 0 1
vn 0.7071068 0 0.7071068
vn 0 -0.7071068 0.7071068
vn 0 -0.7071068 0.7071068
vn 0 0 1
vn 0 0 1
vn 0 -0.7071068 0.7071068
vn -0.5773503 -0.5773503 0.5773503
vn -0.7071068 0 0.7071068
vn 0 0 1
vn 0.7071068 0 0.7071068
vn 0 0 1
vn 0 0 1
vn 0.7071068 0 0.7071068
vn 0 0 1
vn 0 0 1
vn 0 0 1
vn 0 0 1
vn 0 0 1
vn -0.7071068 0 0.7071068
vn -0.7071068 0 0.7071068
vn 0 0 1
vn 0.7071068 0 0.7071068
vn 0 0 1
vn 0 0.7071068 0.7071068
vn 0.5773503 0.5773503 0.5773503
vn 0 0 1
vn 0 0 1
vn 0 0.7071068 0.7071068
vn 0 0.7071068 0.7071068
vn 0 0 1
vn -0.7071068 0 0.7071068
vn -0.5773503 0.5773503 0.5773503
vn 0 0.7071068 0.7071068
vn 0.7071077 0 -0.7071058
vn 1 0 0
vn 1 0 0
vn 0.7071077 0 -0.7071058
vn 0.7071076 -0.707106 0
vn 0.7071076 -0.707106 0
vn 1 0 0
vn 1 0 0
vn 1 0 0
vn 1 0 0
vn 1 0 0
vn 1 0 0
vn 1 0 0
vn 1 0 0
vn 0.7071076 0.707106 0
vn 0.7071076 0.707106 0
vn 1 0 0
vn 0.7071077 0 0.7071058
vn 0.7071077 0 0.7071058
vn 1 0 0
vn -0.7071077 0 -0.7071058
vn -0.7071077 0 -0.7071058
vn -1 0 0
vn -1 0 0
vn -0.7071076 -0.707106 0
vn -1 0 0
vn -1 0 0
vn -0.7071076 -0.707106 0
vn -1 0 0
vn -1 0 0
vn -1 0 0
vn -1 0 0
vn -1 0 0
vn -0.7071076 0.707106 0
vn -0.7071076 0.707106 0
vn -1 0 0
vn -1 0 0
vn -1 0 0
vn -0.7071077 0 0.7071058
vn -0.7071077 0 0.7071058
vn 0.7071076 -0.707106 0
vn 0 -1 0
vn 0 -1 0
vn 0.7071076 -0.707106 0
vn 0 -0.7071069 -0.7071066
vn 0 -0.7071069 -0.7071066
vn 0 -1 0
vn 0 -1 0
vn 0 -1 0
vn 0 -1 0
vn 0 -1 0
vn 0 -1 0
vn 0 -1 0
vn 0 -1 0
vn 0 -0.7071069 0.7071066
vn 0 -0.7071069 0.7071066
vn 0 -1 0
vn -0.7071076 -0.707106 0
vn -0.7071076 -0.707106 0
vn 0 -1 0
vn 0.7071076 0.707106 0
vn 0.7071076 0.707106 0
vn 0 1 0
vn 0 1 0
vn 0 0.7071069 -0.7071066
vn 0 1 0
vn 0 1 0
vn 0 0.7071069 -0.7071066
vn 0 1 0
vn 0 1 0
vn 0 1 0
vn 0 1 0
vn 0 1 0
vn 0 0.7071069 0.7071066
vn 0 0.7071069 0.7071066
vn 0 1 0
vn 0 1 0
vn 0 1 0
vn -0.7071076 0.707106 0
vn -0.7071076 0.707106 0
vn 0 -0.7071069 -0.7071066
vn 0 0 -1
vn 0 0 -1
vn 0 -0.7071069 -0.7071066
vn 0.7071077 0 -0.7071058
vn 0.7071077 0 -0.7071058
vn 0 0 -1
vn 0 0 -1
vn 0 0 -1
vn 0 0 -1
vn 0 0 -1
vn 0 0 -1
vn 0 0 -1
vn 0 0 -1
vn -0.7071077 0 -0.7071058
vn -0.7071077 0 -0.7071058
vn 0 0 -1
vn 0 0.7071069 -0.7071066
vn 0 0.7071069 -0.7071066
vn 0 0 -1
vn 0 -0.7071069 0.7071066
vn 0 -0.7071069 0.7071066
vn 0 0 1
vn 0 0 1
vn 0.7071077 0 0.7071058
vn 0 0 1
vn 0 0 1
vn 0.7071077 0 0.7071058
vn 0 0 1
vn 0 0 1
vn 0 0 1
vn 0 0 1
vn 0 0 1
vn -0.7071077 0 0.7071058
vn -0.7071077 0 0.7071058
vn 0 0 1
vn 0 0 1
vn 0 0 1
vn 0 0.7071069 0.7071066
vn 0 0.7071069 0.7071066
vn 0.7071077 0 -0.7071058
vn 1 0 0
vn 1 0 0
vn 0.7071077 0 -0.7071058
vn 0.7071076 -0.707106 0
vn 0.7071076 -0.707106 0
vn 1 0 0
vn 1 0 0
vn 1 0 0
vn 1 0 0
vn 1 0 0
vn 1 0 0
vn 1 0 0
vn 1 0 0
vn 0.7071076 0.707106 0
vn 0.7071076 0.707106 0
vn 1 0 0
vn 0.7071077 0 0.7071058
vn 0.7071077 0 0.7071058
vn 1 0 0
vn -0.7071077 0 -0.7071058
vn -0.7071077 0 -0.7071058
vn -1 0 0
vn -1 0 0
vn -0.7071076 -0.707106 0
vn -1 0 0
vn -1 0 0
vn -0.7071076 -0.707106 0
vn -1 0 0
vn -1 0 0
vn -1 0 0
vn -1 0 0
vn -1 0 0
vn -0.7071076 0.707106 0
vn -0.7071076 0.707106 0
vn -1 0 0
vn -1 0 0
vn -1 0 0
vn -0.7071077 0 0.7071058
vn -0.7071077 0 0.7071058
vn 0.7071076 -0.707106 0
vn 0 -1 0
vn 0 -1 0
vn 0.7071076 -0.707106 0
vn 0 -0.7071069 -0.7071066
vn 0 -0.7071069 -0.7071066
vn 0 -1 0
vn 0 -1 0
vn 0 -1 0
vn 0 -1 0
vn 0 -1 0
vn 0 -1 0
vn 0 -1 0
vn 0 -1 0
vn 0 -0.7071069 0.7071066
vn 0 -0.7071069 0.7071066
vn 0 -1 0
vn -0.7071076 -0.707106 0
vn -0.7071076 -0.707106 0
vn 0 -1 0
vn 0.7071076 0.707106 0
vn 0.7071076 0.707106 0
vn 0 1 0
vn 0 1 0
vn 0 0.7071069 -0.7071066
vn 0 1 0
vn 0 1 0
vn 0 0.7071069 -0.7071066
vn 0 1 0
vn 0 1 0
vn 0 1 0
vn 0 1 0
vn 0 1 0
vn 0 0.7071069 0.7071066
vn 0 0.7071069 0.7071066
vn 0 1 0
vn 0 1 0
vn 0 1 0
vn -0.7071076 0.707106 0
vn -0.7071076 0.707106 0
vn 0 -0.7071069 -0.7071066
vn 0 0 -1
vn 0 0 -1
vn 0 -0.7071069 -0.7071066
vn 0.7071077 0 -0.7071058
vn 0.7071077 0 -0.7071058
vn 0 0 -1
vn 0 0 -1
vn 0 0 -1
vn 0 0 -1
vn 0 0 -1
vn 0 0 -1
vn 0 0 -1
vn 0 0 -1
vn -0.7071077 0 -0.7071058
vn -0.7071077 0 -0.7071058
vn 0 0 -1
vn 0 0.7071069 -0.7071066
vn 0 0.7071069 -0.7071066
vn 0 0 -1
vn 0 -0.7071069 0.7071066
vn 0 -0.7071069 0.7071066
vn 0 0 1
vn 0 0 1
vn 0.7071077 0 0.7071058
vn 0 0 1
vn 0 0 1
vn 0.7071077 0 0.7071058
vn 0 0 1
vn 0 0 1
vn 0 0 1
vn 0 0 1
vn 0 0 1
vn -0.7071077 0 0.7071058
vn -0.7071077 0 0.7071058
vn 0 0 1
vn 0 0 1
vn 0 0 1
vn 0 0.7071069 0.7071066
vn 0 0.7071069 0.7071066
vn 0.7071077 0 -0.7071058
vn 1 0 0
vn 1 0 0
vn 0.7071077 0 -0.7071058
vn 0.7071076 -0.707106 0
vn 0.7071076 -0.707106 0
vn 1 0 0
vn 1 0 0
vn 1 0 0
vn 1 0 0
vn 1 0 0
vn 1 0 0
vn 1 0 0
vn 1 0 0
vn 0.7071076 0.707106 0
vn 0.7071076 0.707106 0
vn 1 0 0
vn 0.7071077 0 0.7071058
vn 0.7071077 0 0.7071058
vn 1 0 0
vn -0.7071077 0 -0.7071058
vn -0.7071077 0 -0.7071058
vn -1 0 0
vn -1 0 0
vn -0.7071076 -0.707106 0
vn -1 0 0
vn -1 0 0
vn -0.7071076 -0.707106 0
vn -1 0 0
vn -1 0 0
vn -1 0 0
vn -1 0 0
vn -1 0 0
vn -0.7071076 0.707106 0
vn -0.7071076 0.707106 0
vn -1 0 0
vn -1 0 0
vn -1 0 0
vn -0.7071077 0 0.7071058
vn -0.7071077 0 0.7071058
vn 0.7071076 -0.707106 0
vn 0 -1 0
vn 0 -1 0
vn 0.7071076 -0.707106 0
vn 0 -0.7071069 -0.7071066
vn 0 -0.7071069 -0.7071066
vn 0 -1 0
vn 0 -1 0
vn 0 -1 0
vn 0 -1 0
vn 0 -1 0
vn 0 -1 0
vn 0 -1 0
vn 0 -1 0
vn 0 -0.7071069 0.7071066
vn 0 -0.7071069 0.7071066
vn 0 -1 0
vn -0.7071076 -0.707106 0
vn -0.7071076 -0.707106 0
vn 0 -1 0
vn 0.7071076 0.707106 0
vn 0.7071076 0.707106 0
vn 0 1 0
vn 0 1 0
vn 0 0.7071069 -0.7071066
vn 0 1 0
vn 0 1 0
vn 0 0.7071069 -0.7071066
vn 0 1 0
vn 0 1 0
vn 0 1 0
vn 0 1 0
vn 0 1 0
vn 0 0.7071069 0.7071066
vn 0 0.7071069 0.7071066
vn 0 1 0
vn 0 1 0
vn 0 1 0
vn -0.7071076 0.707106 0
vn -0.7071076 0.707106 0
vn 0 -0.7071069 -0.7071066
vn 0 0 -1
vn 0 0 -1
vn 0 -0.7071069 -0.7071066
vn 0.7071077 0 -0.7071058
vn 0.7071077 0 -0.7071058
vn 0 0 -1
vn 0 0 -1
vn 0 0 -1
vn 0 0 -1
vn 0 0 -1
vn 0 0 -1
vn 0 0 -1
vn 0 0 -1
vn -0.7071077 0 -0.7071058
vn -0.7071077 0 -0.7071058
vn 0 0 -1
vn 0 0.7071069 -0.7071066
vn 0 0.7071069 -0.7071066
vn 0 0 -1
vn 0 -0.7071069 0.7071066
vn 0 -0.7071069 0.7071066
vn 0 0 1
vn 0 0 1
vn 0.7071077 0 0.7071058
vn 0 0 1
vn 0 0 1
vn 0.7071077 0 0.7071058
vn 0 0 1
vn 0 0 1
vn 0 0 1
vn 0 0 1
vn 0 0 1
vn -0.7071077 0 0.7071058
vn -0.7071077 0 0.7071058
vn 0 0 1
vn 0 0 1
vn 0 0 1
vn 0 0.7071069 0.7071066
vn 0 0.7071069 0.7071066
vn 0 0 0
vn 0 0 0
vn 0 0 0
vn 0 0 0
vn 0 0 0
vn 0 0 0
vn 0 0 0
vn 0 0 0
vn 0 0 0
vn 0 0 0
vn 0 0 0
vn 0 0 0
vn 0 0 0
vn 0 0 0
vn 0 0 0
vn 0 0 0
vn 0 0 0
vn 0 0 0
vn 0 0 0
vn 0 0 0
vn 0 0 0
vn 0 0 0
vn 0 0 0
vn 0 0 0
vn 0 0 0
vn 0 0 0
vn 0 0 0
vn 0 0 0
vn 0 0 0
vn 0 0 0
vn 0 0 0
vn 0 0 0
vn 0 0 0
vn 0 0 0
vn 0 0 0
vn 0 0 0
vn 0 0 0
vn 0 0 0
vn 0 0 0
vn 0 0 0
vn 0 0 0
vn 0 0 0
vn 0 0 0
vn 0 0 0
vn 0 0 0
vn 0 0 0
vn 0 0 0
vn 0 0 0
vn 0 0 0
vn 0 0 0
vn 0 0 0
vn 0 0 0
vn 0 0 0
vn 0 0 0
vn 0 0 0
vn 0 0 0
vn 0 0 0
vn 0 0 0
vn 0 0 0
vn 0 0 0
usemtl material_0
f 1/1/1 3/3/3 2/2/2
f 1/1/1 4/4/4 3/3/3
f 5/5/5 7/7/7 6/6/6
f 5/5/5 8/8/8 7/7/7
f 9/9/9 11/11/11 10/10/10
f 9/9/9 12/12/12 11/11/11
f 13/13/13 15/15/15 14/14/14
f 13/13/13 16/16/16 15/15/15
f 17/17/17 19/19/19 18/18/18
f 17/17/17 20/20/20 19/19/19
f 21/21/21 23/23/23 22/22/22
f 21/21/21 24/24/24 23/23/23
f 25/25/25 27/27/27 26/26/26
f 25/25/25 28/28/28 27/27/27
f 29/29/29 31/31/31 30/30/30
f 29/29/29 32/32/32 31/31/31
f 33/33/33 35/35/35 34/34/34
f 33/33/33 36/36/36 35/35/35
f 37/37/37 39/39/39 38/38/38
f 37/37/37 40/40/40 39/39/39
f 41/41/41 43/43/43 42/42/42
f 41/41/41 44/44/44 43/43/43
f 45/45/45 47/47/47 46/46/46
f 45/45/45 48/48/48 47/47/47
f 49/49/49 51/51/51 50/50/50
f 49/49/49 52/52/52 51/51/51
f 53/53/53 55/55/55 54/54/54
f 53/53/53 56/56/56 55/55/55
f 57/57/57 59/59/59 58/58/58
f 57/57/57 60/60/60 59/59/59
f 61/61/61 63/63/63 62/62/62
f 61/61/61 64/64/64 63/63/63
f 65/65/65 67/67/67 66/66/66
f 65/65/65 68/68/68 67/67/67
f 69/69/69 71/71/71 70/70/70
f 69/69/69 72/72/72 71/71/71
f 73/73/73 75/75/75 74/74/74
f 73/73/73 76/76/76 75/75/75
f 77/77/77 79/79/79 78/78/78
f 77/77/77 80/80/80 79/79/79
f 81/81/81 83/83/83 82/82/82
f 81/81/81 84/84/84 83/83/83
f 85/85/85 87/87/87 86/86/86
f 85/85/85 88/88/88 87/87/87
f 89/89/89 91/91/91 90/90/90
f 89/89/89 92/92/92 91/91/91
f 93/93/93 95/95/95 94/94/94
f 93/93/93 96/96/96 95/95/95
f 97/97/97 99/99/99 98/98/98
f 97/97/97 100/100/100 99/99/99
f 101/101/101 103/103/103 102/102/102
f 101/101/101 104/104/104 103/103/103
f 105/105/105 107/107/107 106/106/106
f 105/105/105 108/108/108 107/107/107
f 109/109/109 111/111/111 110/110/110
f 109/109/109 112/112/112 111/111/111
f 113/113/113 115/115/115 114/114/114
f 113/113/113 116/116/116 115/115/115
f 117/117/117 119/119/119 118/118/118
f 117/117/117 120/120/120 119/119/119
f 121/121/121 123/123/123 122/122/122
f 121/121/121 124/124/124 123/123/123
f 125/125/125 127/127/127 126/126/126
f 125/125/125 128/128/128 127/127/127
f 129/129/129 131/131/131 130/130/130
f 129/129/129 132/132/132 131/131/131
f 133/133/133 135/135/135 134/134/134
f 133/133/133 136/136/136 135/135/135
f 137/137/137 139/139/139 138/138/138
f 137/137/137 140/140/140 139/139/139
f 141/141/141 143/143/143 142/142/142
f 141/141/141 144/144/144 143/143/143
f 145/145/145 147/147/147 146/146/146
f 145/145/145 148/148/148 147/147/147
f 149/149/149 151/151/151 150/150/150
f 149/149/149 152/152/152 151/151/151
f 153/153/153 155/155/155 154/154/154
f 153/153/153 156/156/156 155/155/155
f 157/157/157 159/159/159 158/158/158
f 157/157/157 160/160/160 159/159/159
f 161/161/161 163/163/163 162/162/162
f 161/161/161 164/164/164 163/163/163
f 165/165/165 167/167/167 166/166/166
f 165/165/165 168/168/168 167/167/167
f 169/169/169 171/171/171 170/170/170
f 169/169/169 172/172/172 171/171/171
f 173/173/173 175/175/175 174/174/174
f 173/173/173 176/176/176 175/175/175
f 177/177/177 179/179/179 178/178/178
f 177/177/177 180/180/180 179/179/179
f 181/181/181 183/183/183 182/182/182
f 181/181/181 184/184/184 183/183/183
f 185/185/185 187/187/187 186/186/186
f 185/185/185 188/188/188 187/187/187
f 189/189/189 191/191/191 190/190/190
f 189/189/189 192/192/192 191/191/191
f 193/193/193 195/195/195 194/194/194
f 193/193/193 196/196/196 195/195/195
f 197/197/197 199/199/199 198/198/198
f 197/197/197 200/200/200 199/199/199
f 201/201/201 203/203/203 202/202/202
f 201/201/201 204/204/204 203/203/203
f 205/205/205 207/207/207 206/206/206
f 205/205/205 208/208/208 207/207/207
f 209/209/209 211/211/211 210/210/210
f 209/209/209 212/212/212 211/211/211
f 213/213/213 215/215/215 214/214/214
f 213/213/213 216/216/216 215/215/215
f 217/217/217 219/219/219 218/218/218
f 217/217/217 220/220/220 219/219/219
f 221/221/221 223/223/223 222/222/222
f 221/221/221 224/224/224 223/223/223
f 225/225/225 227/227/227 226/226/226
f 225/225/225 228/228/228 227/227/227
f 229/229/229 231/231/231 230/230/230
f 229/229/229 232/232/232 231/231/231
f 233/233/233 235/235/235 234/234/234
f 233/233/233 236/236/236 235/235/235
f 237/237/237 239/239/239 238/238/238
f 237/237/237 240/240/240 239/239/239
f 241/241/241 243/243/243 242/242/242
f 241/241/241 244/244/244 243/243/243
f 245/245/245 247/247/247 246/246/246
f 245/245/245 248/248/248 247/247/247
f 249/249/249 251/251/251 250/250/250
f 249/249/249 252/252/252 251/251/251
f 253/253/253 255/255/255 254/254/254
f 253/253/253 256/256/256 255/255/255
f 257/257/257 259/259/259 258/258/258
f 257/257/257 260/260/260 259/259/259
f 261/261/261 263/263/263 262/262/262
f 261/261/261 264/264/264 263/263/263
f 265/265/265 267/267/267 266/266/266
f 265/265/265 268/268/268 267/267/267
f 269/269/269 271/271/271 270/270/270
f 269/269/269 272/272/272 271/271/271
f 273/273/273 275/275/275 274/274/274
f 273/273/273 276/276/276 275/275/275
f 277/277/277 279/279/279 278/278/278
f 277/277/277 280/280/280 279/279/279
f 281/281/281 283/283/283 282/282/282
f 281/281/281 284/284/284 283/283/283
f 285/285/285 287/287/287 286/286/286
f 285/285/285 288/288/288 287/287/287
f 289/289/289 291/291/291 290/290/290
f 289/289/289 292/292/292 291/291/291
f 293/293/293 295/295/295 294/294/294
f 293/293/293 296/296/296 295/295/295
f 297/297/297 299/299/299 298/298/298
f 297/297/297 300/300/300 299/299/299
f 301/301/301 303/303/303 302/302/302
f 301/301/301 304/304/304 303/303/303
f 305/305/305 307/307/307 306/306/306
f 305/305/305 308/308/308 307/307/307
f 309/309/309 311/311/311 310/310/310
f 309/309/309 312/312/312 311/311/311
f 313/313/313 315/315/315 314/314/314
f 313/313/313 316/316/316 315/315/315
f 317/317/317 319/319/319 318/318/318
f 317/317/317 320/320/320 319/319/319
f 321/321/321 323/323/323 322/322/322
f 321/321/321 324/324/324 323/323/323
f 325/325/325 327/327/327 326/326/326
f 325/325/325 328/328/328 327/327/327
f 329/329/329 331/331/331 330/330/330
f 329/329/329 332/332/332 331/331/331
f 333/333/333 335/335/335 334/334/334
f 333/333/333 336/336/336 335/335/335
f 337/337/337 339/339/339 338/338/338
f 337/337/337 340/340/340 339/339/339
f 341/341/341 343/343/343 342/342/342
f 341/341/341 344/344/344 343/343/343
f 345/345/345 347/347/347 346/346/346
f 345/345/345 348/348/348 347/347/347
f 349/349/349 351/351/351 350/350/350
f 349/349/349 352/352/352 351/351/351
f 353/353/353 355/355/355 354/354/354
f 353/353/353 356/356/356 355/355/355
f 357/357/357 359/359/359 358/358/358
f 357/357/357 360/360/360 359/359/359
f 361/361/361 363/363/363 362/362/362
f 361/361/361 364/364/364 363/363/363
f 365/365/365 367/367/367 366/366/366
f 365/365/365 368/368/368 367/367/367
f 369/369/369 371/371/371 370/370/370
f 369/369/369 372/372/372 371/371/371
f 373/373/373 375/375/375 374/374/374
f 373/373/373 376/376/376 375/375/375
f 377/377/377 379/379/379 378/378/378
f 377/377/377 380/380/380 379/379/379
f 381/381/381 383/383/383 382/382/382
f 381/381/381 384/384/384 383/383/383
f 385/385/385 387/387/387 386/386/386
f 385/385/385 388/388/388 387/387/387
f 389/389/389 391/391/391 390/390/390
f 389/389/389 392/392/392 391/391/391
f 393/393/393 395/395/395 394/394/394
f 393/393/393 396/396/396 395/395/395
f 397/397/397 399/399/399 398/398/398
f 397/397/397 400/400/400 399/399/399
f 401/401/401 403/403/403 402/402/402
f 401/401/401 404/404/404 403/403/403
f 405/405/405 407/407/407 406/406/406
f 405/405/405 408/408/408 407/407/407
f 409/409/409 411/411/411 410/410/410
f 409/409/409 412/412/412 411/411/411
f 413/413/413 415/415/415 414/414/414
f 413/413/413 416/416/416 415/415/415
f 417/417/417 419/419/419 418/418/418
f 417/417/417 420/420/420 419/419/419
f 421/421/421 423/423/423 422/422/422
f 421/421/421 424/424/424 423/423/423
f 425/425/425 427/427/427 426/426/426
f 425/425/425 428/428/428 427/427/427
f 429/429/429 431/431/431 430/430/430
f 429/429/429 432/432/432 431/431/431
f 433/433/433 435/435/435 434/434/434
f 433/433/433 436/436/436 435/435/435
f 437/437/437 439/439/439 438/438/438
f 437/437/437 440/440/440 439/439/439
f 441/441/441 443/443/443 442/442/442
f 441/441/441 444/444/444 443/443/443
f 445/445/445 447/447/447 446/446/446
f 445/445/445 448/448/448 447/447/447
f 449/449/449 451/451/451 450/450/450
f 449/449/449 452/452/452 451/451/451
f 453/453/453 455/455/455 454/454/454
f 453/453/453 456/456/456 455/455/455
f 457/457/457 459/459/459 458/458/458
f 457/457/457 460/460/460 459/459/459
f 461/461/461 463/463/463 462/462/462
f 461/461/461 464/464/464 463/463/463
f 465/465/465 467/467/467 466/466/466
f 465/465/465 468/468/468 467/467/467
f 469/469/469 471/471/471 470/470/470
f 469/469/469 472/472/472 471/471/471
f 473/473/473 475/475/475 474/474/474
f 473/473/473 476/476/476 475/475/475
f 477/477/477 479/479/479 478/478/478
f 477/477/477 480/480/480 479/479/479
f 481/481/481 483/483/483 482/482/482
f 481/481/481 484/484/484 483/483/483
f 485/485/485 487/487/487 486/486/486
f 485/485/485 488/488/488 487/487/487
f 489/489/489 491/491/491 490/490/490
f 489/489/489 492/492/492 491/491/491
f 493/493/493 495/495/495 494/494/494
f 493/493/493 496/496/496 495/495/495
f 497/497/497 499/499/499 498/498/498
f 497/497/497 500/500/500 499/499/499
f 501/501/501 503/503/503 502/502/502
f 501/501/501 504/504/504 503/503/503
f 505/505/505 507/507/507 506/506/506
f 505/505/505 508/508/508 507/507/507
f 509/509/509 511/511/511 510/510/510
f 509/509/509 512/512/512 511/511/511
f 513/513/513 515/515/515 514/514/514
f 513/513/513 516/516/516 515/515/515
f 517/517/517 519/519/519 518/518/518
f 517/517/517 520/520/520 519/519/519
f 521/521/521 523/523/523 522/522/522
f 521/521/521 524/524/524 523/523/523
f 525/525/525 527/527/527 526/526/526
f 525/525/525 528/528/528 527/527/527
f 529/529/529 531/531/531 530/530/530
f 529/529/529 532/532/532 531/531/531
f 533/533/533 535/535/535 534/534/534
f 533/533/533 536/536/536 535/535/535
f 537/537/537 539/539/539 538/538/538
f 537/537/537 540/540/540 539/539/539
f 541/541/541 543/543/543 542/542/542
f 541/541/541 544/544/544 543/543/543
f 545/545/545 547/547/547 546/546/546
f 545/545/545 548/548/548 547/547/547
f 549/549/549 551/551/551 550/550/550
f 549/549/549 552/552/552 551/551/551
f 553/553/553 555/555/555 554/554/554
f 553/553/553 556/556/556 555/555/555
f 557/557/557 559/559/559 558/558/558
f 557/557/557 560/560/560 559/559/559
f 561/561/561 563/563/563 562/562/562
f 561/561/561 564/564/564 563/563/563
f 565/565/565 567/567/567 566/566/566
f 565/565/565 568/568/568 567/567/567
f 569/569/569 571/571/571 570/570/570
f 569/569/569 572/572/572 571/571/571
f 573/573/573 575/575/575 574/574/574
f 573/573/573 576/576/576 575/575/575
f 577/577/577 579/579/579 578/578/578
f 577/577/577 580/580/580 579/579/579
f 581/581/581 583/583/583 582/582/582
f 581/581/581 584/584/584 583/583/583
f 585/585/585 587/587/587 586/586/586
f 585/585/585 588/588/588 587/587/587
f 589/589/589 591/591/591 590/590/590
f 589/589/589 592/592/592 591/591/591
f 593/593/593 595/595/595 594/594/594
f 593/593/593 596/596/596 595/595/595
f 597/597/597 599/599/599 598/598/598
f 597/597/597 600/600/600 599/599/599
f 601/601/601 603/603/603 602/602/602
f 601/601/601 604/604/604 603/603/603
f 605/605/605 607/607/607 606/606/606
f 605/605/605 608/608/608 607/607/607
f 609/609/609 611/611/611 610/610/610
f 609/609/609 612/612/612 611/611/611
f 613/613/613 615/615/615 614/614/614
f 613/613/613 616/616/616 615/615/615
f 617/617/617 619/619/619 618/618/618
f 617/617/617 620/620/620 619/619/619
f 621/621/621 623/623/623 622/622/622
f 621/621/621 624/624/624 623/623/623
f 625/625/625 627/627/627 626/626/626
f 625/625/625 628/628/628 627/627/627
f 629/629/629 631/631/631 630/630/630
f 629/629/629 632/632/632 631/631/631
f 633/633/633 635/635/635 634/634/634
f 633/633/633 636/636/636 635/635/635
f 637/637/637 639/639/639 638/638/638
f 637/637/637 640/640/640 639/639/639
f 641/641/641 643/643/643 642/642/642
f 641/641/641 644/644/644 643/643/643
f 645/645/645 647/647/647 646/646/646
f 645/645/645 648/648/648 647/647/647
f 649/649/649 651/651/651 650/650/650
f 649/649/649 652/652/652 651/651/651
f 653/653/653 655/655/655 654/654/654
f 653/653/653 656/656/656 655/655/655
f 657/657/657 659/659/659 658/658/658
f 657/657/657 660/660/660 659/659/659
f 661/661/661 663/663/663 662/662/662
f 661/661/661 664/664/664 663/663/663
f 665/665/665 667/667/667 666/666/666
f 665/665/665 668/668/668 667/667/667
f 669/669/669 671/671/671 670/670/670
f 669/669/669 672/672/672 671/671/671
f 673/673/673 675/675/675 674/674/674
f 673/673/673 676/676/676 675/675/675
f 677/677/677 679/679/679 678/678/678
f 677/677/677 680/680/680 679/679/679
f 681/681/681 683/683/683 682/682/682
f 681/681/681 684/684/684 683/683/683
f 685/685/685 687/687/687 686/686/686
f 685/685/685 688/688/688 687/687/687
f 689/689/689 691/691/691 690/690/690
f 689/689/689 692/692/692 691/691/691
f 693/693/693 695/695/695 694/694/694
f 693/693/693 696/696/696 695/695/695
f 697/697/697 699/699/699 698/698/698
f 697/697/697 700/700/700 699/699/699
f 701/701/701 703/703/703 702/702/702
f 701/701/701 704/704/704 703/703/703
f 705/705/705 707/707/707 706/706/706
f 705/705/705 708/708/708 707/707/707
f 709/709/709 711/711/711 710/710/710
f 709/709/709 712/712/712 711/711/711
f 713/713/713 715/715/715 714/714/714
f 713/713/713 716/716/716 715/715/715
f 717/717/717 719/719/719 718/718/718
f 717/717/717 720/720/720 719/719/719
f 721/721/721 723/723/723 722/722/722
f 721/721/721 724/724/724 723/723/723
f 725/725/725 727/727/727 726/726/726
f 725/725/725 728/728/728 727/727/727
f 729/729/729 731/731/731 730/730/730
f 729/729/729 732/732/732 731/731/731
f 733/733/733 735/735/735 734/734/734
f 733/733/733 736/736/736 735/735/735
f 737/737/737 739/739/739 738/738/738
f 737/737/737 740/740/740 739/739/739
f 741/741/741 743/743/743 742/742/742
f 741/741/741 744/744/744 743/743/743
f 745/745/745 747/747/747 746/746/746
f 745/745/745 748/748/748 747/747/747
f 749/749/749 751/751/751 750/750/750
f 749/749/749 752/752/752 751/751/751
f 753/753/753 755/755/755 754/754/754
f 753/753/753 756/756/756 755/755/755
f 757/757/757 759/759/759 758/758/758
f 757/757/757 760/760/760 759/759/759
f 761/761/761 763/763/763 762/762/762
f 761/761/761 764/764/764 763/763/763
f 765/765/765 767/767/767 766/766/766
f 765/765/765 768/768/768 767/767/767
f 769/769/769 771/771/771 770/770/770
f 769/769/769 772/772/772 771/771/771
f 773/773/773 775/775/775 774/774/774
f 773/773/773 776/776/776 775/775/775
f 777/777/777 779/779/779 778/778/778
f 777/777/777 780/780/780 779/779/779
f 781/781/781 783/783/783 782/782/782
f 781/781/781 784/784/784 783/783/783
f 785/785/785 787/787/787 786/786/786
f 785/785/785 788/788/788 787/787/787
f 789/789/789 791/791/791 790/790/790
f 789/789/789 792/792/792 791/791/791
f 793/793/793 795/795/795 794/794/794
f 793/793/793 796/796/796 795/795/795
f 797/797/797 799/799/799 798/798/798
f 797/797/797 800/800/800 799/799/799
f 801/801/801 803/803/803 802/802/802
f 801/801/801 804/804/804 803/803/803
f 805/805/805 807/807/807 806/806/806
f 805/805/805 808/808/808 807/807/807
f 809/809/809 811/811/811 810/810/810
f 809/809/809 812/812/812 811/811/811
f 813/813/813 815/815/815 814/814/814
f 813/813/813 816/816/816 815/815/815
f 817/817/817 819/819/819 818/818/818
f 817/817/817 820/820/820 819/819/819
f 821/821/821 823/823/823 822/822/822
f 821/821/821 824/824/824 823/823/823
f 825/825/825 827/827/827 826/826/826
f 825/825/825 828/828/828 827/827/827
f 829/829/829 831/831/831 830/830/830
f 829/829/829 832/832/832 831/831/831
f 833/833/833 835/835/835 834/834/834
f 833/833/833 836/836/836 835/835/835
f 837/837/837 839/839/839 838/838/838
f 837/837/837 840/840/840 839/839/839
f 841/841/841 843/843/843 842/842/842
f 841/841/841 844/844/844 843/843/843
f 845/845/845 847/847/847 846/846/846
f 845/845/845 848/848/848 847/847/847
f 849/849/849 851/851/851 850/850/850
f 849/849/849 852/852/852 851/851/851
f 853/853/853 855/855/855 854/854/854
f 853/853/853 856/856/856 855/855/855
f 857/857/857 859/859/859 858/858/858
f 857/857/857 860/860/860 859/859/859
f 861/861/861 863/863/863 862/862/862
f 861/861/861 864/864/864 863/863/863
f 865/865/865 867/867/867 866/866/866
f 865/865/865 868/868/868 867/867/867
f 869/869/869 871/871/871 870/870/870
f 869/869/869 872/872/872 871/871/871
f 873/873/873 875/875/875 874/874/874
f 873/873/873 876/876/876 875/875/875
f 877/877/877 879/879/879 878/878/878
f 877/877/877 880/880/880 879/879/879
f 881/881/881 883/883/883 882/882/882
f 881/881/881 884/884/884 883/883/883
f 885/885/885 887/887/887 886/886/886
f 885/885/885 888/888/888 887/887/887
f 889/889/889 891/891/891 890/890/890
f 889/889/889 892/892/892 891/891/891
f 893/893/893 895/895/895 894/894/894
f 893/893/893 896/896/896 895/895/895
f 897/897/897 899/899/899 898/898/898
f 897/897/897 900/900/900 899/899/899
f 901/901/901 903/903/903 902/902/902
f 901/901/901 904/904/904 903/903/903
f 905/905/905 907/907/907 906/906/906
f 905/905/905 908/908/908 907/907/907
f 909/909/909 911/911/911 910/910/910
f 909/909/909 912/912/912 911/911/911
f 913/913/913 915/915/915 914/914/914
f 913/913/913 916/916/916 915/915/915
f 917/917/917 919/919/919 918/918/918
f 917/917/917 920/920/920 919/919/919
f 921/921/921 923/923/923 922/922/922
f 921/921/921 924/924/924 923/923/923
f 925/925/925 927/927/927 926/926/926
f 925/925/925 928/928/928 927/927/927
f 929/929/929 931/931/931 930/930/930
f 929/929/929 932/932/932 931/931/931
f 933/933/933 935/935/935 934/934/934
f 933/933/933 936/936/936 935/935/935
f 937/937/937 939/939/939 938/938/938
f 937/937/937 940/940/940 939/939/939
f 941/941/941 943/943/943 942/942/942
f 941/941/941 944/944/944 943/943/943
f 945/945/945 947/947/947 946/946/946
f 945/945/945 948/948/948 947/947/947
f 949/949/949 951/951/951 950/950/950
f 949/949/949 952/952/952 951/951/951
f 953/953/953 955/955/955 954/954/954
f 953/953/953 956/956/956 955/955/955
f 957/957/957 959/959/959 958/958/958
f 957/957/957 960/960/960 959/959/959
f 961/961/961 963/963/963 962/962/962
f 961/961/961 964/964/964 963/963/963
f 965/965/965 967/967/967 966/966/966
f 965/965/965 968/968/968 967/967/967
f 969/969/969 971/971/971 970/970/970
f 969/969/969 972/972/972 971/971/971
f 973/973/973 975/975/975 974/974/974
f 973/973/973 976/976/976 975/975/975
f 977/977/977 979/979/979 978/978/978
f 977/977/977 980/980/980 979/979/979
f 981/981/981 983/983/983 982/982/982
f 981/981/981 984/984/984 983/983/983
f 985/985/985 987/987/987 986/986/986
f 985/985/985 988/988/988 987/987/987
f 989/989/989 991/991/991 990/990/990
f 989/989/989 992/992/992 991/991/991
f 993/993/993 995/995/995 994/994/994
f 993/993/993 996/996/996 995/995/995
f 997/997/997 999/999/999 998/998/998
f 997/997/997 1000/1000/1000 999/999/999
f 1001/1001/1001 1003/1003/1003 1002/1002/1002
f 1001/1001/1001 1004/1004/1004 1003/1003/1003
f 1005/1005/1005 1007/1007/1007 1006/1006/1006
f 1005/1005/1005 1008/1008/1008 1007/1007/1007
f 1009/1009/1009 1011/1011/1011 1010/1010/1010
f 1009/1009/1009 1012/1012/1012 1011/1011/1011
f 1013/1013/1013 1015/1015/1015 1014/1014/1014
f 1013/1013/1013 1016/1016/1016 1015/1015/1015
f 1017/1017/1017 1019/1019/1019 1018/1018/1018
f 1017/1017/1017 1020/1020/1020 1019/1019/1019
f 1021/1021/1021 1023/1023/1023 1022/1022/1022
f 1021/1021/1021 1024/1024/1024 1023/1023/1023
f 1025/1025/1025 1027/1027/1027 1026/1026/1026
f 1025/1025/1025 1028/1028/1028 1027/1027/1027
f 1029/1029/1029 1031/1031/1031 1030/1030/1030
f 1029/1029/1029 1032/1032/1032 1031/1031/1031
f 1033/1033/1033 1035/1035/1035 1034/1034/1034
f 1033/1033/1033 1036/1036/1036 1035/1035/1035
f 1037/1037/1037 1039/1039/1039 1038/1038/1038
f 1037/1037/1037 1040/1040/1040 1039/1039/1039
f 1041/1041/1041 1043/1043/1043 1042/1042/1042
f 1041/1041/1041 1044/1044/1044 1043/1043/1043
f 1045/1045/1045 1047/1047/1047 1046/1046/1046
f 1045/1045/1045 1048/1048/1048 1047/1047/1047
f 1049/1049/1049 1051/1051/1051 1050/1050/1050
f 1049/1049/1049 1052/1052/1052 1051/1051/1051
f 1053/1053/1053 1055/1055/1055 1054/1054/1054
f 1053/1053/1053 1056/1056/1056 1055/1055/1055
f 1057/1057/1057 1059/1059/1059 1058/1058/1058
f 1057/1057/1057 1060/1060/1060 1059/1059/1059
f 1061/1061/1061 1063/1063/1063 1062/1062/1062
f 1061/1061/1061 1064/1064/1064 1063/1063/1063
f 1065/1065/1065 1067/1067/1067 1066/1066/1066
f 1065/1065/1065 1068/1068/1068 1067/1067/1067
f 1069/1069/1069 1071/1071/1071 1070/1070/1070
f 1069/1069/1069 1072/1072/1072 1071/1071/1071
f 1073/1073/1073 1075/1075/1075 1074/1074/1074
f 1073/1073/1073 1076/1076/1076 1075/1075/1075
f 1077/1077/1077 1079/1079/1079 1078/1078/1078
f 1077/1077/1077 1080/1080/1080 1079/1079/1079
f 1081/1081/1081 1083/1083/1083 1082/1082/1082
f 1081/1081/1081 1084/1084/1084 1083/1083/1083
f 1085/1085/1085 1087/1087/1087 1086/1086/1086
f 1085/1085/1085 1088/1088/1088 1087/1087/1087
f 1089/1089/1089 1091/1091/1091 1090/1090/1090
f 1089/1089/1089 1092/1092/1092 1091/1091/1091
f 1093/1093/1093 1095/1095/1095 1094/1094/1094
f 1093/1093/1093 1096/1096/1096 1095/1095/1095
f 1097/1097/1097 1099/1099/1099 1098/1098/1098
f 1097/1097/1097 1100/1100/1100 1099/1099/1099
f 1101/1101/1101 1103/1103/1103 1102/1102/1102
f 1101/1101/1101 1104/1104/1104 1103/1103/1103
f 1105/1105/1105 1107/1107/1107 1106/1106/1106
f 1105/1105/1105 1108/1108/1108 1107/1107/1107
f 1109/1109/1109 1111/1111/1111 1110/1110/1110
f 1109/1109/1109 1112/1112/1112 1111/1111/1111
f 1113/1113/1113 1115/1115/1115 1114/1114/1114
f 1113/1113/1113 1116/1116/1116 1115/1115/1115
f 1117/1117/1117 1119/1119/1119 1118/1118/1118
f 1117/1117/1117 1120/1120/1120 1119/1119/1119
f 1121/1121/1121 1123/1123/1123 1122/1122/1122
f 1121/1121/1121 1124/1124/1124 1123/1123/1123
f 1125/1125/1125 1127/1127/1127 1126/1126/1126
f 1125/1125/1125 1128/1128/1128 1127/1127/1127
f 1129/1129/1129 1131/1131/1131 1130/1130/1130
f 1129/1129/1129 1132/1132/1132 1131/1131/1131
f 1133/1133/1133 1135/1135/1135 1134/1134/1134
f 1133/1133/1133 1136/1136/1136 1135/1135/1135
f 1137/1137/1137 1139/1139/1139 1138/1138/1138
f 1137/1137/1137 1140/1140/1140 1139/1139/1139
f 1141/1141/1141 1143/1143/1143 1142/1142/1142
f 1141/1141/1141 1144/1144/1144 1143/1143/1143
f 1145/1145/1145 1147/1147/1147 1146/1146/1146
f 1145/1145/1145 1148/1148/1148 1147/1147/1147
f 1149/1149/1149 1151/1151/1151 1150/1150/1150
f 1149/1149/1149 1152/1152/1152 1151/1151/1151
f 1153/1153/1153 1155/1155/1155 1154/1154/1154
f 1153/1153/1153 1156/1156/1156 1155/1155/1155
f 1157/1157/1157 1159/1159/1159 1158/1158/1158
f 1157/1157/1157 1160/1160/1160 1159/1159/1159
f 1161/1161/1161 1163/1163/1163 1162/1162/1162
f 1161/1161/1161 1164/1164/1164 1163/1163/1163
f 1165/1165/1165 1167/1167/1167 1166/1166/1166
f 1165/1165/1165 1168/1168/1168 1167/1167/1167
f 1169/1169/1169 1171/1171/1171 1170/1170/1170
f 1169/1169/1169 1172/1172/1172 1171/1171/1171
f 1173/1173/1173 1175/1175/1175 1174/1174/1174
f 1173/1173/1173 1176/1176/1176 1175/1175/1175
f 1177/1177/1177 1179/1179/1179 1178/1178/1178
f 1177/1177/1177 1180/1180/1180 1179/1179/1179
f 1181/1181/1181 1183/1183/1183 1182/1182/1182
f 1181/1181/1181 1184/1184/1184 1183/1183/1183
f 1185/1185/1185 1187/1187/1187 1186/1186/1186
f 1185/1185/1185 1188/1188/1188 1187/1187/1187
f 1189/1189/1189 1191/1191/1191 1190/1190/1190
f 1189/1189/1189 1192/1192/1192 1191/1191/1191
f 1193/1193/1193 1195/1195/1195 1194/1194/1194
f 1193/1193/1193 1196/1196/1196 1195/1195/1195
f 1197/1197/1197 1199/1199/1199 1198/1198/1198
f 1197/1197/1197 1200/1200/1200 1199/1199/1199
f 1201/1201/1201 1203/1203/1203 1202/1202/1202
f 1201/1201/1201 1204/1204/1204 1203/1203/1203
f 1205/1205/1205 1207/1207/1207 1206/1206/1206
f 1205/1205/1205 1208/1208/1208 1207/1207/1207
f 1209/1209/1209 1211/1211/1211 1210/1210/1210
f 1209/1209/1209 1212/1212/1212 1211/1211/1211
f 1213/1213/1213 1215/1215/1215 1214/1214/1214
f 1213/1213/1213 1216/1216/1216 1215/1215/1215
f 1217/1217/1217 1219/1219/1219 1218/1218/1218
f 1217/1217/1217 1220/1220/1220 1219/1219/1219
f 1221/1221/1221 1223/1223/1223 1222/1222/1222
f 1221/1221/1221 1224/1224/1224 1223/1223/1223
f 1225/1225/1225 1227/1227/1227 1226/1226/1226
f 1225/1225/1225 1228/1228/1228 1227/1227/1227
f 1229/1229/1229 1231/1231/1231 1230/1230/1230
f 1229/1229/1229 1232/1232/1232 1231/1231/1231
f 1233/1233/1233 1235/1235/1235 1234/1234/1234
f 1233/1233/1233 1236/1236/1236 1235/1235/1235
f 1237/1237/1237 1239/1239/1239 1238/1238/1238
f 1237/1237/1237 1240/1240/1240 1239/1239/1239
f 1241/1241/1241 1243/1243/1243 1242/1242/1242
f 1241/1241/1241 1244/1244/1244 1243/1243/1243
f 1245/1245/1245 1247/1247/1247 1246/1246/1246
f 1245/1245/1245 1248/1248/1248 1247/1247/1247
f 1249/1249/1249 1251/1251/1251 1250/1250/1250
f 1249/1249/1249 1252/1252/1252 1251/1251/1251
f 1253/1253/1253 1255/1255/1255 1254/1254/1254
f 1253/1253/1253 1256/1256/1256 1255/1255/1255
f 1257/1257/1257 1259/1259/1259 1258/1258/1258
f 1257/1257/1257 1260/1260/1260 1259/1259/1259
f 1261/1261/1261 1263/1263/1263 1262/1262/1262
f 1261/1261/1261 1264/1264/1264 1263/1263/1263
f 1265/1265/1265 1267/1267/1267 1266/1266/1266
f 1265/1265/1265 1268/1268/1268 1267/1267/1267
f 1269/1269/1269 1271/1271/1271 1270/1270/1270
f 1269/1269/1269 1272/1272/1272 1271/1271/1271
f 1273/1273/1273 1275/1275/1275 1274/1274/1274
f 1273/1273/1273 1276/1276/1276 1275/1275/1275
f 1277/1277/1277 1279/1279/1279 1278/1278/1278
f 1277/1277/1277 1280/1280/1280 1279/1279/1279
f 1281/1281/1281 1283/1283/1283 1282/1282/1282
f 1281/1281/1281 1284/1284/1284 1283/1283/1283
f 1285/1285/1285 1287/1287/1287 1286/1286/1286
f 1285/1285/1285 1288/1288/1288 1287/1287/1287
f 1289/1289/1289 1291/1291/1291 1290/1290/1290
f 1289/1289/1289 1292/1292/1292 1291/1291/1291
f 1293/1293/1293 1295/1295/1295 1294/1294/1294
f 1293/1293/1293 1296/1296/1296 1295/1295/1295
f 1297/1297/1297 1299/1299/1299 1298/1298/1298
f 1297/1297/1297 1300/1300/1300 1299/1299/1299
f 1301/1301/1301 1303/1303/1303 1302/1302/1302
f 1301/1301/1301 1304/1304/1304 1303/1303/1303
f 1305/1305/1305 1307/1307/1307 1306/1306/1306
f 1305/1305/1305 1308/1308/1308 1307/1307/1307
f 1309/1309/1309 1311/1311/1311 1310/1310/1310
f 1309/1309/1309 1312/1312/1312 1311/1311/1311
f 1313/1313/1313 1315/1315/1315 1314/1314/1314
f 1313/1313/1313 1316/1316/1316 1315/1315/1315
f 1317/1317/1317 1319/1319/1319 1318/1318/1318
f 1317/1317/1317 1320/1320/1320 1319/1319/1319
f 1321/1321/1321 1323/1323/1323 1322/1322/1322
f 1321/1321/1321 1324/1324/1324 1323/1323/1323
f 1325/1325/1325 1327/1327/1327 1326/1326/1326
f 1325/1325/1325 1328/1328/1328 1327/1327/1327
f 1329/1329/1329 1331/1331/1331 1330/1330/1330
f 1329/1329/1329 1332/1332/1332 1331/1331/1331
f 1333/1333/1333 1335/1335/1335 1334/1334/1334
f 1333/1333/1333 1336/1336/1336 1335/1335/1335
f 1337/1337/1337 1339/1339/1339 1338/1338/1338
f 1337/1337/1337 1340/1340/1340 1339/1339/1339
f 1341/1341/1341 1343/1343/1343 1342/1342/1342
f 1341/1341/1341 1344/1344/1344 1343/1343/1343
f 1345/1345/1345 1347/1347/1347 1346/1346/1346
f 1345/1345/1345 1348/1348/1348 1347/1347/1347
f 1349/1349/1349 1351/1351/1351 1350/1350/1350
f 1349/1349/1349 1352/1352/1352 1351/1351/1351
f 1353/1353/1353 1355/1355/1355 1354/1354/1354
f 1353/1353/1353 1356/1356/1356 1355/1355/1355
f 1357/1357/1357 1359/1359/1359 1358/1358/1358
f 1357/1357/1357 1360/1360/1360 1359/1359/1359
f 1361/1361/1361 1363/1363/1363 1362/1362/1362
f 1361/1361/1361 1364/1364/1364 1363/1363/1363
f 1365/1365/1365 1367/1367/1367 1366/1366/1366
f 1365/1365/1365 1368/1368/1368 1367/1367/1367
f 1369/1369/1369 1371/1371/1371 1370/1370/1370
f 1369/1369/1369 1372/1372/1372 1371/1371/1371
f 1373/1373/1373 1375/1375/1375 1374/1374/1374
f 1373/1373/1373 1376/1376/1376 1375/1375/1375
f 1377/1377/1377 1379/1379/1379 1378/1378/1378
f 1377/1377/1377 1380/1380/1380 1379/1379/1379
f 1381/1381/1381 1383/1383/1383 1382/1382/1382
f 1381/1381/1381 1384/1384/1384 1383/1383/1383
f 1385/1385/1385 1387/1387/1387 1386/1386/1386
f 1385/1385/1385 1388/1388/1388 1387/1387/1387
f 1389/1389/1389 1391/1391/1391 1390/1390/1390
f 1389/1389/1389 1392/1392/1392 1391/1391/1391
f 1393/1393/1393 1395/1395/1395 1394/1394/1394
f 1393/1393/1393 1396/1396/1396 1395/1395/1395
f 1397/1397/1397 1399/1399/1399 1398/1398/1398
f 1397/1397/1397 1400/1400/1400 1399/1399/1399
f 1401/1401/1401 1403/1403/1403 1402/1402/1402
f 1401/1401/1401 1404/1404/1404 1403/1403/1403
f 1405/1405/1405 1407/1407/1407 1406/1406/1406
f 1405/1405/1405 1408/1408/1408 1407/1407/1407
f 1409/1409/1409 1411/1411/1411 1410/1410/1410
f 1409/1409/1409 1412/1412/1412 1411/1411/1411
f 1413/1413/1413 1415/1415/1415 1414/1414/1414
f 1413/1413/1413 1416/1416/1416 1415/1415/1415
f 1417/1417/1417 1419/1419/1419 1418/1418/1418
f 1417/1417/1417 1420/1420/1420 1419/1419/1419
f 1421/1421/1421 1423/1423/1423 1422/1422/1422
f 1421/1421/1421 1424/1424/1424 1423/1423/1423
f 1425/1425/1425 1427/1427/1427 1426/1426/1426
f 1425/1425/1425 1428/1428/1428 1427/1427/1427
f 1429/1429/1429 1431/1431/1431 1430/1430/1430
f 1429/1429/1429 1432/1432/1432 1431/1431/1431
f 1433/1433/1433 1435/1435/1435 1434/1434/1434
f 1433/1433/1433 1436/1436/1436 1435/1435/1435
f 1437/1437/1437 1439/1439/1439 1438/1438/1438
f 1437/1437/1437 1440/1440/1440 1439/1439/1439
f 1441/1441/1441 1443/1443/1443 1442/1442/1442
f 1441/1441/1441 1444/1444/1444 1443/1443/1443
f 1445/1445/1445 1447/1447/1447 1446/1446/1446
f 1445/1445/1445 1448/1448/1448 1447/1447/1447
f 1449/1449/1449 1451/1451/1451 1450/1450/1450
f 1449/1449/1449 1452/1452/1452 1451/1451/1451
f 1453/1453/1453 1455/1455/1455 1454/1454/1454
f 1453/1453/1453 1456/1456/1456 1455/1455/1455
f 1457/1457/1457 1459/1459/1459 1458/1458/1458
f 1457/1457/1457 1460/1460/1460 1459/1459/1459
f 1461/1461/1461 1463/1463/1463 1462/1462/1462
f 1461/1461/1461 1464/1464/1464 1463/1463/1463
f 1465/1465/1465 1467/1467/1467 1466/1466/1466
f 1465/1465/1465 1468/1468/1468 1467/1467/1467
f 1469/1469/1469 1471/1471/1471 1470/1470/1470
f 1469/1469/1469 1472/1472/1472 1471/1471/1471
f 1473/1473/1473 1475/1475/1475 1474/1474/1474
f 1473/1473/1473 1476/1476/1476 1475/1475/1475
f 1477/1477/1477 1479/1479/1479 1478/1478/1478
f 1477/1477/1477 1480/1480/1480 1479/1479/1479
f 1481/1481/1481 1483/1483/1483 1482/1482/1482
f 1481/1481/1481 1484/1484/1484 1483/1483/1483
f 1485/1485/1485 1487/1487/1487 1486/1486/1486
f 1485/1485/1485 1488/1488/1488 1487/1487/1487
f 1489/1489/1489 1491/1491/1491 1490/1490/1490
f 1489/1489/1489 1492/1492/1492 1491/1491/1491
f 1493/1493/1493 1495/1495/1495 1494/1494/1494
f 1493/1493/1493 1496/1496/1496 1495/1495/1495
f 1497/1497/1497 1499/1499/1499 1498/1498/1498
f 1497/1497/1497 1500/1500/1500 1499/1499/1499
f 1501/1501/1501 1503/1503/1503 1502/1502/1502
f 1501/1501/1501 1504/1504/1504 1503/1503/1503
f 1505/1505/1505 1507/1507/1507 1506/1506/1506
f 1505/1505/1505 1508/1508/1508 1507/1507/1507
f 1509/1509/1509 1511/1511/1511 1510/1510/1510
f 1509/1509/1509 1512/1512/1512 1511/1511/1511
f 1513/1513/1513 1515/1515/1515 1514/1514/1514
f 1513/1513/1513 1516/1516/1516 1515/1515/1515
f 1517/1517/1517 1519/1519/1519 1518/1518/1518
f 1517/1517/1517 1520/1520/1520 1519/1519/1519
f 1521/1521/1521 1523/1523/1523 1522/1522/1522
f 1521/1521/1521 1524/1524/1524 1523/1523/1523
f 1525/1525/1525 1527/1527/1527 1526/1526/1526
f 1525/1525/1525 1528/1528/1528 1527/1527/1527
f 1529/1529/1529 1531/1531/1531 1530/1530/1530
f 1529/1529/1529 1532/1532/1532 1531/1531/1531
f 1533/1533/1533 1535/1535/1535 1534/1534/1534
f 1533/1533/1533 1536/1536/1536 1535/1535/1535
f 1537/1537/1537 1539/1539/1539 1538/1538/1538
f 1537/1537/1537 1540/1540/1540 1539/1539/1539
f 1541/1541/1541 1543/1543/1543 1542/1542/1542
f 1541/1541/1541 1544/1544/1544 1543/1543/1543
f 1545/1545/1545 1547/1547/1547 1546/1546/1546
f 1545/1545/1545 1548/1548/1548 1547/1547/1547
f 1549/1549/1549 1551/1551/1551 1550/1550/1550
f 1549/1549/1549 1552/1552/1552 1551/1551/1551
f 1553/1553/1553 1555/1555/1555 1554/1554/1554
f 1553/1553/1553 1556/1556/1556 1555/1555/1555
f 1557/1557/1557 1559/1559/1559 1558/1558/1558
f 1557/1557/1557 1560/1560/1560 1559/1559/1559
f 1561/1561/1561 1563/1563/1563 1562/1562/1562
f 1561/1561/1561 1564/1564/1564 1563/1563/1563
f 1565/1565/1565 1567/1567/1567 1566/1566/1566
f 1565/1565/1565 1568/1568/1568 1567/1567/1567
f 1569/1569/1569 1571/1571/1571 1570/1570/1570
f 1569/1569/1569 1572/1572/1572 1571/1571/1571
f 1573/1573/1573 1575/1575/1575 1574/1574/1574
f 1573/1573/1573 1576/1576/1576 1575/1575/1575
f 1577/1577/1577 1579/1579/1579 1578/1578/1578
f 1577/1577/1577 1580/1580/1580 1579/1579/1579
f 1581/1581/1581 1583/1583/1583 1582/1582/1582
f 1581/1581/1581 1584/1584/1584 1583/1583/1583
f 1585/1585/1585 1587/1587/1587 1586/1586/1586
f 1585/1585/1585 1588/1588/1588 1587/1587/1587
f 1589/1589/1589 1591/1591/1591 1590/1590/1590
f 1589/1589/1589 1592/1592/1592 1591/1591/1591
f 1593/1593/1593 1595/1595/1595 1594/1594/1594
f 1593/1593/1593 1596/1596/1596 1595/1595/1595
f 1597/1597/1597 1599/1599/1599 1598/1598/1598
f 1597/1597/1597 1600/1600/1600 1599/1599/1599
f 1601/1601/1601 1603/1603/1603 1602/1602/1602
f 1601/1601/1601 1604/1604/1604 1603/1603/1603
f 1605/1605/1605 1607/1607/1607 1606/1606/1606
f 1605/1605/1605 1608/1608/1608 1607/1607/1607
f 1609/1609/1609 1611/1611/1611 1610/1610/1610
f 1609/1609/1609 1612/1612/1612 1611/1611/1611
f 1613/1613/1613 1615/1615/1615 1614/1614/1614
f 1613/1613/1613 1616/1616/1616 1615/1615/1615
f 1617/1617/1617 1619/1619/1619 1618/1618/1618
f 1617/1617/1617 1620/1620/1620 1619/1619/1619
f 1621/1621/1621 1623/1623/1623 1622/1622/1622
f 1621/1621/1621 1624/1624/1624 1623/1623/1623
f 1625/1625/1625 1627/1627/1627 1626/1626/1626
f 1625/1625/1625 1628/1628/1628 1627/1627/1627
f 1629/1629/1629 1631/1631/1631 1630/1630/1630
f 1629/1629/1629 1632/1632/1632 1631/1631/1631
f 1633/1633/1633 1635/1635/1635 1634/1634/1634
f 1633/1633/1633 1636/1636/1636 1635/1635/1635
f 1637/1637/1637 1639/1639/1639 1638/1638/1638
f 1637/1637/1637 1640/1640/1640 1639/1639/1639
f 1641/1641/1641 1643/1643/1643 1642/1642/1642
f 1641/1641/1641 1644/1644/1644 1643/1643/1643
f 1645/1645/1645 1647/1647/1647 1646/1646/1646
f 1645/1645/1645 1648/1648/1648 1647/1647/1647
f 1649/1649/1649 1651/1651/1651 1650/1650/1650
f 1649/1649/1649 1652/1652/1652 1651/1651/1651
f 1653/1653/1653 1655/1655/1655 1654/1654/1654
f 1653/1653/1653 1656/1656/1656 1655/1655/1655
f 1657/1657/1657 1659/1659/1659 1658/1658/1658
f 1657/1657/1657 1660/1660/1660 1659/1659/1659
f 1661/1661/1661 1663/1663/1663 1662/1662/1662
f 1661/1661/1661 1664/1664/1664 1663/1663/1663
f 1665/1665/1665 1667/1667/1667 1666/1666/1666
f 1665/1665/1665 1668/1668/1668 1667/1667/1667
f 1669/1669/1669 1671/1671/1671 1670/1670/1670
f 1669/1669/1669 1672/1672/1672 1671/1671/1671
f 1673/1673/1673 1675/1675/1675 1674/1674/1674
f 1673/1673/1673 1676/1676/1676 1675/1675/1675
f 1677/1677/1677 1679/1679/1679 1678/1678/1678
f 1677/1677/1677 1680/1680/1680 1679/1679/1679
f 1681/1681/1681 1683/1683/1683 1682/1682/1682
f 1681/1681/1681 1684/1684/1684 1683/1683/1683
f 1685/1685/1685 1687/1687/1687 1686/1686/1686
f 1685/1685/1685 1688/1688/1688 1687/1687/1687
f 1689/1689/1689 1691/1691/1691 1690/1690/1690
f 1689/1689/1689 1692/1692/1692 1691/1691/1691
f 1693/1693/1693 1695/1695/1695 1694/1694/1694
f 1693/1693/1693 1696/1696/1696 1695/1695/1695
f 1697/1697/1697 1699/1699/1699 1698/1698/1698
f 1697/1697/1697 1700/1700/1700 1699/1699/1699
f 1701/1701/1701 1703/1703/1703 1702/1702/1702
f 1701/1701/1701 1704/1704/1704 1703/1703/1703
f 1705/1705/1705 1707/1707/1707 1706/1706/1706
f 1705/1705/1705 1708/1708/1708 1707/1707/1707
f 1709/1709/1709 1711/1711/1711 1710/1710/1710
f 1709/1709/1709 1712/1712/1712 1711/1711/1711
f 1713/1713/1713 1715/1715/1715 1714/1714/1714
f 1713/1713/1713 1716/1716/1716 1715/1715/1715
f 1717/1717/1717 1719/1719/1719 1718/1718/1718
f 1717/1717/1717 1720/1720/1720 1719/1719/1719
f 1721/1721/1721 1723/1723/1723 1722/1722/1722
f 1721/1721/1721 1724/1724/1724 1723/1723/1723
f 1725/1725/1725 1727/1727/1727 1726/1726/1726
f 1725/1725/1725 1728/1728/1728 1727/1727/1727
f 1729/1729/1729 1731/1731/1731 1730/1730/1730
f 1729/1729/1729 1732/1732/1732 1731/1731/1731
f 1733/1733/1733 1735/1735/1735 1734/1734/1734
f 1733/1733/1733 1736/1736/1736 1735/1735/1735
f 1737/1737/1737 1739/1739/1739 1738/1738/1738
f 1737/1737/1737 1740/1740/1740 1739/1739/1739
f 1741/1741/1741 1743/1743/1743 1742/1742/1742
f 1741/1741/1741 1744/1744/1744 1743/1743/1743
f 1745/1745/1745 1747/1747/1747 1746/1746/1746
f 1745/1745/1745 1748/1748/1748 1747/1747/1747
f 1749/1749/1749 1751/1751/1751 1750/1750/1750
f 1749/1749/1749 1752/1752/1752 1751/1751/1751
usemtl material_1
f 1753/1753/1753 1755/1755/1755 1754/1754/1754
f 1753/1753/1753 1756/1756/1756 1755/1755/1755
f 1757/1757/1757 1759/1759/1759 1758/1758/1758
f 1757/1757/1757 1760/1760/1760 1759/1759/1759
f 1761/1761/1761 1763/1763/1763 1762/1762/1762
f 1761/1761/1761 1764/1764/1764 1763/1763/1763
f 1765/1765/1765 1767/1767/1767 1766/1766/1766
f 1765/1765/1765 1768/1768/1768 1767/1767/1767
f 1769/1769/1769 1771/1771/1771 1770/1770/1770
f 1769/1769/1769 1772/1772/1772 1771/1771/1771
f 1773/1773/1773 1775/1775/1775 1774/1774/1774
f 1773/1773/1773 1776/1776/1776 1775/1775/1775
f 1777/1777/1777 1779/1779/1779 1778/1778/1778
f 1777/1777/1777 1780/1780/1780 1779/1779/1779
f 1781/1781/1781 1783/1783/1783 1782/1782/1782
f 1781/1781/1781 1784/1784/1784 1783/1783/1783
f 1785/1785/1785 1787/1787/1787 1786/1786/1786
f 1785/1785/1785 1788/1788/1788 1787/1787/1787
f 1789/1789/1789 1791/1791/1791 1790/1790/1790
f 1789/1789/1789 1792/1792/1792 1791/1791/1791
f 1793/1793/1793 1795/1795/1795 1794/1794/1794
f 1793/1793/1793 1796/1796/1796 1795/1795/1795
f 1797/1797/1797 1799/1799/1799 1798/1798/1798
f 1797/1797/1797 1800/1800/1800 1799/1799/1799
f 1801/1801/1801 1803/1803/1803 1802/1802/1802
f 1801/1801/1801 1804/1804/1804 1803/1803/1803
f 1805/1805/1805 1807/1807/1807 1806/1806/1806
f 1805/1805/1805 1808/1808/1808 1807/1807/1807
f 1809/1809/1809 1811/1811/1811 1810/1810/1810
f 1809/1809/1809 1812/1812/1812 1811/1811/1811
f 1813/1813/1813 1815/1815/1815 1814/1814/1814
f 1813/1813/1813 1816/1816/1816 1815/1815/1815
f 1817/1817/1817 1819/1819/1819 1818/1818/1818
f 1817/1817/1817 1820/1820/1820 1819/1819/1819
f 1821/1821/1821 1823/1823/1823 1822/1822/1822
f 1821/1821/1821 1824/1824/1824 1823/1823/1823
f 1825/1825/1825 1827/1827/1827 1826/1826/1826
f 1825/1825/1825 1828/1828/1828 1827/1827/1827
f 1829/1829/1829 1831/1831/1831 1830/1830/1830
f 1829/1829/1829 1832/1832/1832 1831/1831/1831
f 1833/1833/1833 1835/1835/1835 1834/1834/1834
f 1833/1833/1833 1836/1836/1836 1835/1835/1835
f 1837/1837/1837 1839/1839/1839 1838/1838/1838
f 1837/1837/1837 1840/1840/1840 1839/1839/1839
f 1841/1841/1841 1843/1843/1843 1842/1842/1842
f 1841/1841/1841 1844/1844/1844 1843/1843/1843
f 1845/1845/1845 1847/1847/1847 1846/1846/1846
f 1845/1845/1845 1848/1848/1848 1847/1847/1847
f 1849/1849/1849 1851/1851/1851 1850/1850/1850
f 1849/1849/1849 1852/1852/1852 1851/1851/1851
f 1853/1853/1853 1855/1855/1855 1854/1854/1854
f 1853/1853/1853 1856/1856/1856 1855/1855/1855
f 1857/1857/1857 1859/1859/1859 1858/1858/1858
f 1857/1857/1857 1860/1860/1860 1859/1859/1859
f 1861/1861/1861 1863/1863/1863 1862/1862/1862
f 1861/1861/1861 1864/1864/1864 1863/1863/1863
f 1865/1865/1865 1867/1867/1867 1866/1866/1866
f 1865/1865/1865 1868/1868/1868 1867/1867/1867
f 1869/1869/1869 1871/1871/1871 1870/1870/1870
f 1869/1869/1869 1872/1872/1872 1871/1871/1871
f 1873/1873/1873 1875/1875/1875 1874/1874/1874
f 1873/1873/1873 1876/1876/1876 1875/1875/1875
f 1877/1877/1877 1879/1879/1879 1878/1878/1878
f 1877/1877/1877 1880/1880/1880 1879/1879/1879
f 1881/1881/1881 1883/1883/1883 1882/1882/1882
f 1881/1881/1881 1884/1884/1884 1883/1883/1883
f 1885/1885/1885 1887/1887/1887 1886/1886/1886
f 1885/1885/1885 1888/1888/1888 1887/1887/1887
f 1889/1889/1889 1891/1891/1891 1890/1890/1890
f 1889/1889/1889 1892/1892/1892 1891/1891/1891
f 1893/1893/1893 1895/1895/1895 1894/1894/1894
f 1893/1893/1893 1896/1896/1896 1895/1895/1895
f 1897/1897/1897 1899/1899/1899 1898/1898/1898
f 1897/1897/1897 1900/1900/1900 1899/1899/1899
f 1901/1901/1901 1903/1903/1903 1902/1902/1902
f 1901/1901/1901 1904/1904/1904 1903/1903/1903
f 1905/1905/1905 1907/1907/1907 1906/1906/1906
f 1905/1905/1905 1908/1908/1908 1907/1907/1907
f 1909/1909/1909 1911/1911/1911 1910/1910/1910
f 1909/1909/1909 1912/1912/1912 1911/1911/1911
f 1913/1913/1913 1915/1915/1915 1914/1914/1914
f 1913/1913/1913 1916/1916/1916 1915/1915/1915
f 1917/1917/1917 1919/1919/1919 1918/1918/1918
f 1917/1917/1917 1920/1920/1920 1919/1919/1919
f 1921/1921/1921 1923/1923/1923 1922/1922/1922
f 1921/1921/1921 1924/1924/1924 1923/1923/1923
f 1925/1925/1925 1927/1927/1927 1926/1926/1926
f 1925/1925/1925 1928/1928/1928 1927/1927/1927
f 1929/1929/1929 1931/1931/1931 1930/1930/1930
f 1929/1929/1929 1932/1932/1932 1931/1931/1931
f 1933/1933/1933 1935/1935/1935 1934/1934/1934
f 1933/1933/1933 1936/1936/1936 1935/1935/1935
f 1937/1937/1937 1939/1939/1939 1938/1938/1938
f 1937/1937/1937 1940/1940/1940 1939/1939/1939
f 1941/1941/1941 1943/1943/1943 1942/1942/1942
f 1941/1941/1941 1944/1944/1944 1943/1943/1943
f 1945/1945/1945 1947/1947/1947 1946/1946/1946
f 1945/1945/1945 1948/1948/1948 1947/1947/1947
f 1949/1949/1949 1951/1951/1951 1950/1950/1950
f 1949/1949/1949 1952/1952/1952 1951/1951/1951
f 1953/1953/1953 1955/1955/1955 1954/1954/1954
f 1953/1953/1953 1956/1956/1956 1955/1955/1955
f 1957/1957/1957 1959/1959/1959 1958/1958/1958
f 1957/1957/1957 1960/1960/1960 1959/1959/1959
f 1961/1961/1961 1963/1963/1963 1962/1962/1962
f 1961/1961/1961 1964/1964/1964 1963/1963/1963
f 1965/1965/1965 1967/1967/1967 1966/1966/1966
f 1965/1965/1965 1968/1968/1968 1967/1967/1967
f 1969/1969/1969 1971/1971/1971 1970/1970/1970
f 1969/1969/1969 1972/1972/1972 1971/1971/1971
f 1973/1973/1973 1975/1975/1975 1974/1974/1974
f 1973/1973/1973 1976/1976/1976 1975/1975/1975
f 1977/1977/1977 1979/1979/1979 1978/1978/1978
f 1977/1977/1977 1980/1980/1980 1979/1979/1979
f 1981/1981/1981 1983/1983/1983 1982/1982/1982
f 1981/1981/1981 1984/1984/1984 1983/1983/1983
f 1985/1985/1985 1987/1987/1987 1986/1986/1986
f 1985/1985/1985 1988/1988/1988 1987/1987/1987
f 1989/1989/1989 1991/1991/1991 1990/1990/1990
f 1989/1989/1989 1992/1992/1992 1991/1991/1991
f 1993/1993/1993 1995/1995/1995 1994/1994/1994
f 1993/1993/1993 1996/1996/1996 1995/1995/1995
f 1997/1997/1997 1999/1999/1999 1998/1998/1998
f 1997/1997/1997 2000/2000/2000 1999/1999/1999
f 2001/2001/2001 2003/2003/2003 2002/2002/2002
f 2001/2001/2001 2004/2004/2004 2003/2003/2003
f 2005/2005/2005 2007/2007/2007 2006/2006/2006
f 2005/2005/2005 2008/2008/2008 2007/2007/2007
f 2009/2009/2009 2011/2011/2011 2010/2010/2010
f 2009/2009/2009 2012/2012/2012 2011/2011/2011
f 2013/2013/2013 2015/2015/2015 2014/2014/2014
f 2013/2013/2013 2016/2016/2016 2015/2015/2015
f 2017/2017/2017 2019/2019/2019 2018/2018/2018
f 2017/2017/2017 2020/2020/2020 2019/2019/2019
f 2021/2021/2021 2023/2023/2023 2022/2022/2022
f 2021/2021/2021 2024/2024/2024 2023/2023/2023
f 2025/2025/2025 2027/2027/2027 2026/2026/2026
f 2025/2025/2025 2028/2028/2028 2027/2027/2027
f 2029/2029/2029 2031/2031/2031 2030/2030/2030
f 2029/2029/2029 2032/2032/2032 2031/2031/2031
f 2033/2033/2033 2035/2035/2035 2034/2034/2034
f 2033/2033/2033 2036/2036/2036 2035/2035/2035
f 2037/2037/2037 2039/2039/2039 2038/2038/2038
f 2037/2037/2037 2040/2040/2040 2039/2039/2039
f 2041/2041/2041 2043/2043/2043 2042/2042/2042
f 2041/2041/2041 2044/2044/2044 2043/2043/2043
f 2045/2045/2045 2047/2047/2047 2046/2046/2046
f 2045/2045/2045 2048/2048/2048 2047/2047/2047
f 2049/2049/2049 2051/2051/2051 2050/2050/2050
f 2049/2049/2049 2052/2052/2052 2051/2051/2051
f 2053/2053/2053 2055/2055/2055 2054/2054/2054
f 2053/2053/2053 2056/2056/2056 2055/2055/2055
f 2057/2057/2057 2059/2059/2059 2058/2058/2058
f 2057/2057/2057 2060/2060/2060 2059/2059/2059
f 2061/2061/2061 2063/2063/2063 2062/2062/2062
f 2061/2061/2061 2064/2064/2064 2063/2063/2063
f 2065/2065/2065 2067/2067/2067 2066/2066/2066
f 2065/2065/2065 2068/2068/2068 2067/2067/2067
f 2069/2069/2069 2071/2071/2071 2070/2070/2070
f 2069/2069/2069 2072/2072/2072 2071/2071/2071
f 2073/2073/2073 2075/2075/2075 2074/2074/2074
f 2073/2073/2073 2076/2076/2076 2075/2075/2075
f 2077/2077/2077 2079/2079/2079 2078/2078/2078
f 2077/2077/2077 2080/2080/2080 2079/2079/2079
f 2081/2081/2081 2083/2083/2083 2082/2082/2082
f 2081/2081/2081 2084/2084/2084 2083/2083/2083
f 2085/2085/2085 2087/2087/2087 2086/2086/2086
f 2085/2085/2085 2088/2088/2088 2087/2087/2087
f 2881/2881/2881 2883/2883/2883 2882/2882/2882
f 2881/2881/2881 2884/2884/2884 2883/2883/2883
f 2885/2885/2885 2887/2887/2887 2886/2886/2886
f 2885/2885/2885 2888/2888/2888 2887/2887/2887
f 2889/2889/2889 2891/2891/2891 2890/2890/2890
f 2889/2889/2889 2892/2892/2892 2891/2891/2891
f 2893/2893/2893 2895/2895/2895 2894/2894/2894
f 2893/2893/2893 2896/2896/2896 2895/2895/2895
f 2897/2897/2897 2899/2899/2899 2898/2898/2898
f 2897/2897/2897 2900/2900/2900 2899/2899/2899
f 2901/2901/2901 2903/2903/2903 2902/2902/2902
f 2901/2901/2901 2904/2904/2904 2903/2903/2903
f 2905/2905/2905 2907/2907/2907 2906/2906/2906
f 2908/2908/2908 2910/2910/2910 2909/2909/2909
f 2911/2911/2911 2913/2913/2913 2912/2912/2912
f 2914/2914/2914 2916/2916/2916 2915/2915/2915
f 2917/2917/2917 2919/2919/2919 2918/2918/2918
f 2920/2920/2920 2922/2922/2922 2921/2921/2921
f 2923/2923/2923 2925/2925/2925 2924/2924/2924
f 2926/2926/2926 2928/2928/2928 2927/2927/2927
f 2929/2929/2929 2931/2931/2931 2930/2930/2930
f 2932/2932/2932 2934/2934/2934 2933/2933/2933
f 2935/2935/2935 2937/2937/2937 2936/2936/2936
f 2938/2938/2938 2940/2940/2940 2939/2939/2939
usemtl material_2
f 2089/2089/2089 2091/2091/2091 2090/2090/2090
f 2089/2089/2089 2092/2092/2092 2091/2091/2091
f 2093/2093/2093 2095/2095/2095 2094/2094/2094
f 2093/2093/2093 2096/2096/2096 2095/2095/2095
f 2097/2097/2097 2099/2099/2099 2098/2098/2098
f 2097/2097/2097 2100/2100/2100 2099/2099/2099
f 2101/2101/2101 2103/2103/2103 2102/2102/2102
f 2101/2101/2101 2104/2104/2104 2103/2103/2103
f 2105/2105/2105 2107/2107/2107 2106/2106/2106
f 2105/2105/2105 2108/2108/2108 2107/2107/2107
f 2109/2109/2109 2111/2111/2111 2110/2110/2110
f 2109/2109/2109 2112/2112/2112 2111/2111/2111
f 2113/2113/2113 2115/2115/2115 2114/2114/2114
f 2113/2113/2113 2116/2116/2116 2115/2115/2115
f 2117/2117/2117 2119/2119/2119 2118/2118/2118
f 2117/2117/2117 2120/2120/2120 2119/2119/2119
f 2121/2121/2121 2123/2123/2123 2122/2122/2122
f 2121/2121/2121 2124/2124/2124 2123/2123/2123
f 2125/2125/2125 2127/2127/2127 2126/2126/2126
f 2125/2125/2125 2128/2128/2128 2127/2127/2127
f 2129/2129/2129 2131/2131/2131 2130/2130/2130
f 2129/2129/2129 2132/2132/2132 2131/2131/2131
f 2133/2133/2133 2135/2135/2135 2134/2134/2134
f 2133/2133/2133 2136/2136/2136 2135/2135/2135
f 2137/2137/2137 2139/2139/2139 2138/2138/2138
f 2137/2137/2137 2140/2140/2140 2139/2139/2139
f 2141/2141/2141 2143/2143/2143 2142/2142/2142
f 2141/2141/2141 2144/2144/2144 2143/2143/2143
f 2145/2145/2145 2147/2147/2147 2146/2146/2146
f 2145/2145/2145 2148/2148/2148 2147/2147/2147
f 2149/2149/2149 2151/2151/2151 2150/2150/2150
f 2149/2149/2149 2152/2152/2152 2151/2151/2151
f 2153/2153/2153 2155/2155/2155 2154/2154/2154
f 2153/2153/2153 2156/2156/2156 2155/2155/2155
f 2157/2157/2157 2159/2159/2159 2158/2158/2158
f 2157/2157/2157 2160/2160/2160 2159/2159/2159
f 2161/2161/2161 2163/2163/2163 2162/2162/2162
f 2161/2161/2161 2164/2164/2164 2163/2163/2163
f 2165/2165/2165 2167/2167/2167 2166/2166/2166
f 2165/2165/2165 2168/2168/2168 2167/2167/2167
f 2169/2169/2169 2171/2171/2171 2170/2170/2170
f 2169/2169/2169 2172/2172/2172 2171/2171/2171
f 2173/2173/2173 2175/2175/2175 2174/2174/2174
f 2173/2173/2173 2176/2176/2176 2175/2175/2175
f 2177/2177/2177 2179/2179/2179 2178/2178/2178
f 2177/2177/2177 2180/2180/2180 2179/2179/2179
f 2181/2181/2181 2183/2183/2183 2182/2182/2182
f 2181/2181/2181 2184/2184/2184 2183/2183/2183
f 2185/2185/2185 2187/2187/2187 2186/2186/2186
f 2185/2185/2185 2188/2188/2188 2187/2187/2187
f 2189/2189/2189 2191/2191/2191 2190/2190/2190
f 2189/2189/2189 2192/2192/2192 2191/2191/2191
f 2193/2193/2193 2195/2195/2195 2194/2194/2194
f 2193/2193/2193 2196/2196/2196 2195/2195/2195
f 2197/2197/2197 2199/2199/2199 2198/2198/2198
f 2197/2197/2197 2200/2200/2200 2199/2199/2199
f 2201/2201/2201 2203/2203/2203 2202/2202/2202
f 2201/2201/2201 2204/2204/2204 2203/2203/2203
f 2205/2205/2205 2207/2207/2207 2206/2206/2206
f 2205/2205/2205 2208/2208/2208 2207/2207/2207
f 2209/2209/2209 2211/2211/2211 2210/2210/2210
f 2209/2209/2209 2212/2212/2212 2211/2211/2211
f 2213/2213/2213 2215/2215/2215 2214/2214/2214
f 2213/2213/2213 2216/2216/2216 2215/2215/2215
f 2217/2217/2217 2219/2219/2219 2218/2218/2218
f 2217/2217/2217 2220/2220/2220 2219/2219/2219
f 2221/2221/2221 2223/2223/2223 2222/2222/2222
f 2221/2221/2221 2224/2224/2224 2223/2223/2223
f 2225/2225/2225 2227/2227/2227 2226/2226/2226
f 2225/2225/2225 2228/2228/2228 2227/2227/2227
f 2229/2229/2229 2231/2231/2231 2230/2230/2230
f 2229/2229/2229 2232/2232/2232 2231/2231/2231
f 2233/2233/2233 2235/2235/2235 2234/2234/2234
f 2233/2233/2233 2236/2236/2236 2235/2235/2235
f 2237/2237/2237 2239/2239/2239 2238/2238/2238
f 2237/2237/2237 2240/2240/2240 2239/2239/2239
f 2241/2241/2241 2243/2243/2243 2242/2242/2242
f 2241/2241/2241 2244/2244/2244 2243/2243/2243
f 2245/2245/2245 2247/2247/2247 2246/2246/2246
f 2245/2245/2245 2248/2248/2248 2247/2247/2247
f 2249/2249/2249 2251/2251/2251 2250/2250/2250
f 2249/2249/2249 2252/2252/2252 2251/2251/2251
f 2253/2253/2253 2255/2255/2255 2254/2254/2254
f 2253/2253/2253 2256/2256/2256 2255/2255/2255
f 2257/2257/2257 2259/2259/2259 2258/2258/2258
f 2257/2257/2257 2260/2260/2260 2259/2259/2259
f 2261/2261/2261 2263/2263/2263 2262/2262/2262
f 2261/2261/2261 2264/2264/2264 2263/2263/2263
f 2265/2265/2265 2267/2267/2267 2266/2266/2266
f 2265/2265/2265 2268/2268/2268 2267/2267/2267
f 2269/2269/2269 2271/2271/2271 2270/2270/2270
f 2269/2269/2269 2272/2272/2272 2271/2271/2271
f 2273/2273/2273 2275/2275/2275 2274/2274/2274
f 2273/2273/2273 2276/2276/2276 2275/2275/2275
f 2277/2277/2277 2279/2279/2279 2278/2278/2278
f 2277/2277/2277 2280/2280/2280 2279/2279/2279
f 2281/2281/2281 2283/2283/2283 2282/2282/2282
f 2281/2281/2281 2284/2284/2284 2283/2283/2283
f 2285/2285/2285 2287/2287/2287 2286/2286/2286
f 2285/2285/2285 2288/2288/2288 2287/2287/2287
f 2289/2289/2289 2291/2291/2291 2290/2290/2290
f 2289/2289/2289 2292/2292/2292 2291/2291/2291
f 2293/2293/2293 2295/2295/2295 2294/2294/2294
f 2293/2293/2293 2296/2296/2296 2295/2295/2295
f 2297/2297/2297 2299/2299/2299 2298/2298/2298
f 2297/2297/2297 2300/2300/2300 2299/2299/2299
f 2301/2301/2301 2303/2303/2303 2302/2302/2302
f 2301/2301/2301 2304/2304/2304 2303/2303/2303
f 2521/2521/2521 2523/2523/2523 2522/2522/2522
f 2521/2521/2521 2524/2524/2524 2523/2523/2523
f 2525/2525/2525 2527/2527/2527 2526/2526/2526
f 2525/2525/2525 2528/2528/2528 2527/2527/2527
f 2529/2529/2529 2531/2531/2531 2530/2530/2530
f 2529/2529/2529 2532/2532/2532 2531/2531/2531
f 2533/2533/2533 2535/2535/2535 2534/2534/2534
f 2533/2533/2533 2536/2536/2536 2535/2535/2535
f 2537/2537/2537 2539/2539/2539 2538/2538/2538
f 2537/2537/2537 2540/2540/2540 2539/2539/2539
f 2541/2541/2541 2543/2543/2543 2542/2542/2542
f 2541/2541/2541 2544/2544/2544 2543/2543/2543
f 2545/2545/2545 2547/2547/2547 2546/2546/2546
f 2545/2545/2545 2548/2548/2548 2547/2547/2547
f 2549/2549/2549 2551/2551/2551 2550/2550/2550
f 2549/2549/2549 2552/2552/2552 2551/2551/2551
f 2553/2553/2553 2555/2555/2555 2554/2554/2554
f 2553/2553/2553 2556/2556/2556 2555/2555/2555
f 2557/2557/2557 2559/2559/2559 2558/2558/2558
f 2557/2557/2557 2560/2560/2560 2559/2559/2559
f 2561/2561/2561 2563/2563/2563 2562/2562/2562
f 2561/2561/2561 2564/2564/2564 2563/2563/2563
f 2565/2565/2565 2567/2567/2567 2566/2566/2566
f 2565/2565/2565 2568/2568/2568 2567/2567/2567
f 2569/2569/2569 2571/2571/2571 2570/2570/2570
f 2569/2569/2569 2572/2572/2572 2571/2571/2571
f 2573/2573/2573 2575/2575/2575 2574/2574/2574
f 2573/2573/2573 2576/2576/2576 2575/2575/2575
f 2577/2577/2577 2579/2579/2579 2578/2578/2578
f 2577/2577/2577 2580/2580/2580 2579/2579/2579
f 2581/2581/2581 2583/2583/2583 2582/2582/2582
f 2581/2581/2581 2584/2584/2584 2583/2583/2583
f 2585/2585/2585 2587/2587/2587 2586/2586/2586
f 2585/2585/2585 2588/2588/2588 2587/2587/2587
f 2589/2589/2589 2591/2591/2591 2590/2590/2590
f 2589/2589/2589 2592/2592/2592 2591/2591/2591
f 2593/2593/2593 2595/2595/2595 2594/2594/2594
f 2593/2593/2593 2596/2596/2596 2595/2595/2595
f 2597/2597/2597 2599/2599/2599 2598/2598/2598
f 2597/2597/2597 2600/2600/2600 2599/2599/2599
f 2601/2601/2601 2603/2603/2603 2602/2602/2602
f 2601/2601/2601 2604/2604/2604 2603/2603/2603
f 2605/2605/2605 2607/2607/2607 2606/2606/2606
f 2605/2605/2605 2608/2608/2608 2607/2607/2607
f 2609/2609/2609 2611/2611/2611 2610/2610/2610
f 2609/2609/2609 2612/2612/2612 2611/2611/2611
f 2613/2613/2613 2615/2615/2615 2614/2614/2614
f 2613/2613/2613 2616/2616/2616 2615/2615/2615
f 2617/2617/2617 2619/2619/2619 2618/2618/2618
f 2617/2617/2617 2620/2620/2620 2619/2619/2619
f 2621/2621/2621 2623/2623/2623 2622/2622/2622
f 2621/2621/2621 2624/2624/2624 2623/2623/2623
f 2625/2625/2625 2627/2627/2627 2626/2626/2626
f 2625/2625/2625 2628/2628/2628 2627/2627/2627
f 2629/2629/2629 2631/2631/2631 2630/2630/2630
f 2629/2629/2629 2632/2632/2632 2631/2631/2631
f 2633/2633/2633 2635/2635/2635 2634/2634/2634
f 2633/2633/2633 2636/2636/2636 2635/2635/2635
f 2637/2637/2637 2639/2639/2639 2638/2638/2638
f 2637/2637/2637 2640/2640/2640 2639/2639/2639
f 2641/2641/2641 2643/2643/2643 2642/2642/2642
f 2641/2641/2641 2644/2644/2644 2643/2643/2643
f 2645/2645/2645 2647/2647/2647 2646/2646/2646
f 2645/2645/2645 2648/2648/2648 2647/2647/2647
f 2649/2649/2649 2651/2651/2651 2650/2650/2650
f 2649/2649/2649 2652/2652/2652 2651/2651/2651
f 2653/2653/2653 2655/2655/2655 2654/2654/2654
f 2653/2653/2653 2656/2656/2656 2655/2655/2655
f 2657/2657/2657 2659/2659/2659 2658/2658/2658
f 2657/2657/2657 2660/2660/2660 2659/2659/2659
f 2661/2661/2661 2663/2663/2663 2662/2662/2662
f 2661/2661/2661 2664/2664/2664 2663/2663/2663
f 2665/2665/2665 2667/2667/2667 2666/2666/2666
f 2665/2665/2665 2668/2668/2668 2667/2667/2667
f 2669/2669/2669 2671/2671/2671 2670/2670/2670
f 2669/2669/2669 2672/2672/2672 2671/2671/2671
f 2673/2673/2673 2675/2675/2675 2674/2674/2674
f 2673/2673/2673 2676/2676/2676 2675/2675/2675
f 2677/2677/2677 2679/2679/2679 2678/2678/2678
f 2677/2677/2677 2680/2680/2680 2679/2679/2679
f 2681/2681/2681 2683/2683/2683 2682/2682/2682
f 2681/2681/2681 2684/2684/2684 2683/2683/2683
f 2685/2685/2685 2687/2687/2687 2686/2686/2686
f 2685/2685/2685 2688/2688/2688 2687/2687/2687
f 2689/2689/2689 2691/2691/2691 2690/2690/2690
f 2689/2689/2689 2692/2692/2692 2691/2691/2691
f 2693/2693/2693 2695/2695/2695 2694/2694/2694
f 2693/2693/2693 2696/2696/2696 2695/2695/2695
f 2697/2697/2697 2699/2699/2699 2698/2698/2698
f 2697/2697/2697 2700/2700/2700 2699/2699/2699
f 2701/2701/2701 2703/2703/2703 2702/2702/2702
f 2701/2701/2701 2704/2704/2704 2703/2703/2703
f 2705/2705/2705 2707/2707/2707 2706/2706/2706
f 2705/2705/2705 2708/2708/2708 2707/2707/2707
f 2709/2709/2709 2711/2711/2711 2710/2710/2710
f 2709/2709/2709 2712/2712/2712 2711/2711/2711
f 2713/2713/2713 2715/2715/2715 2714/2714/2714
f 2713/2713/2713 2716/2716/2716 2715/2715/2715
f 2717/2717/2717 2719/2719/2719 2718/2718/2718
f 2717/2717/2717 2720/2720/2720 2719/2719/2719
f 2721/2721/2721 2723/2723/2723 2722/2722/2722
f 2721/2721/2721 2724/2724/2724 2723/2723/2723
f 2725/2725/2725 2727/2727/2727 2726/2726/2726
f 2725/2725/2725 2728/2728/2728 2727/2727/2727
f 2729/2729/2729 2731/2731/2731 2730/2730/2730
f 2729/2729/2729 2732/2732/2732 2731/2731/2731
f 2733/2733/2733 2735/2735/2735 2734/2734/2734
f 2733/2733/2733 2736/2736/2736 2735/2735/2735
f 2737/2737/2737 2739/2739/2739 2738/2738/2738
f 2737/2737/2737 2740/2740/2740 2739/2739/2739
f 2741/2741/2741 2743/2743/2743 2742/2742/2742
f 2741/2741/2741 2744/2744/2744 2743/2743/2743
f 2745/2745/2745 2747/2747/2747 2746/2746/2746
f 2745/2745/2745 2748/2748/2748 2747/2747/2747
f 2749/2749/2749 2751/2751/2751 2750/2750/2750
f 2749/2749/2749 2752/2752/2752 2751/2751/2751
f 2753/2753/2753 2755/2755/2755 2754/2754/2754
f 2753/2753/2753 2756/2756/2756 2755/2755/2755
f 2757/2757/2757 2759/2759/2759 2758/2758/2758
f 2757/2757/2757 2760/2760/2760 2759/2759/2759
f 2761/2761/2761 2763/2763/2763 2762/2762/2762
f 2761/2761/2761 2764/2764/2764 2763/2763/2763
f 2765/2765/2765 2767/2767/2767 2766/2766/2766
f 2765/2765/2765 2768/2768/2768 2767/2767/2767
f 2769/2769/2769 2771/2771/2771 2770/2770/2770
f 2769/2769/2769 2772/2772/2772 2771/2771/2771
f 2773/2773/2773 2775/2775/2775 2774/2774/2774
f 2773/2773/2773 2776/2776/2776 2775/2775/2775
f 2777/2777/2777 2779/2779/2779 2778/2778/2778
f 2777/2777/2777 2780/2780/2780 2779/2779/2779
f 2781/2781/2781 2783/2783/2783 2782/2782/2782
f 2781/2781/2781 2784/2784/2784 2783/2783/2783
f 2785/2785/2785 2787/2787/2787 2786/2786/2786
f 2785/2785/2785 2788/2788/2788 2787/2787/2787
f 2789/2789/2789 2791/2791/2791 2790/2790/2790
f 2789/2789/2789 2792/2792/2792 2791/2791/2791
f 2793/2793/2793 2795/2795/2795 2794/2794/2794
f 2793/2793/2793 2796/2796/2796 2795/2795/2795
f 2797/2797/2797 2799/2799/2799 2798/2798/2798
f 2797/2797/2797 2800/2800/2800 2799/2799/2799
f 2801/2801/2801 2803/2803/2803 2802/2802/2802
f 2801/2801/2801 2804/2804/2804 2803/2803/2803
f 2805/2805/2805 2807/2807/2807 2806/2806/2806
f 2805/2805/2805 2808/2808/2808 2807/2807/2807
f 2809/2809/2809 2811/2811/2811 2810/2810/2810
f 2809/2809/2809 2812/2812/2812 2811/2811/2811
f 2813/2813/2813 2815/2815/2815 2814/2814/2814
f 2813/2813/2813 2816/2816/2816 2815/2815/2815
f 2817/2817/2817 2819/2819/2819 2818/2818/2818
f 2817/2817/2817 2820/2820/2820 2819/2819/2819
f 2821/2821/2821 2823/2823/2823 2822/2822/2822
f 2821/2821/2821 2824/2824/2824 2823/2823/2823
f 2825/2825/2825 2827/2827/2827 2826/2826/2826
f 2825/2825/2825 2828/2828/2828 2827/2827/2827
f 2829/2829/2829 2831/2831/2831 2830/2830/2830
f 2829/2829/2829 2832/2832/2832 2831/2831/2831
f 2833/2833/2833 2835/2835/2835 2834/2834/2834
f 2833/2833/2833 2836/2836/2836 2835/2835/2835
f 2837/2837/2837 2839/2839/2839 2838/2838/2838
f 2837/2837/2837 2840/2840/2840 2839/2839/2839
f 2841/2841/2841 2843/2843/2843 2842/2842/2842
f 2841/2841/2841 2844/2844/2844 2843/2843/2843
f 2845/2845/2845 2847/2847/2847 2846/2846/2846
f 2845/2845/2845 2848/2848/2848 2847/2847/2847
f 2849/2849/2849 2851/2851/2851 2850/2850/2850
f 2849/2849/2849 2852/2852/2852 2851/2851/2851
f 2853/2853/2853 2855/2855/2855 2854/2854/2854
f 2853/2853/2853 2856/2856/2856 2855/2855/2855
f 2857/2857/2857 2859/2859/2859 2858/2858/2858
f 2857/2857/2857 2860/2860/2860 2859/2859/2859
f 2861/2861/2861 2863/2863/2863 2862/2862/2862
f 2861/2861/2861 2864/2864/2864 2863/2863/2863
f 2865/2865/2865 2867/2867/2867 2866/2866/2866
f 2865/2865/2865 2868/2868/2868 2867/2867/2867
f 2869/2869/2869 2871/2871/2871 2870/2870/2870
f 2869/2869/2869 2872/2872/2872 2871/2871/2871
f 2873/2873/2873 2875/2875/2875 2874/2874/2874
f 2873/2873/2873 2876/2876/2876 2875/2875/2875
f 2877/2877/2877 2879/2879/2879 2878/2878/2878
f 2877/2877/2877 2880/2880/2880 2879/2879/2879
usemtl material_3
f 2305/2305/2305 2307/2307/2307 2306/2306/2306
f 2305/2305/2305 2308/2308/2308 2307/2307/2307
f 2309/2309/2309 2311/2311/2311 2310/2310/2310
f 2309/2309/2309 2312/2312/2312 2311/2311/2311
f 2313/2313/2313 2315/2315/2315 2314/2314/2314
f 2313/2313/2313 2316/2316/2316 2315/2315/2315
f 2317/2317/2317 2319/2319/2319 2318/2318/2318
f 2317/2317/2317 2320/2320/2320 2319/2319/2319
f 2321/2321/2321 2323/2323/2323 2322/2322/2322
f 2321/2321/2321 2324/2324/2324 2323/2323/2323
f 2325/2325/2325 2327/2327/2327 2326/2326/2326
f 2325/2325/2325 2328/2328/2328 2327/2327/2327
f 2329/2329/2329 2331/2331/2331 2330/2330/2330
f 2329/2329/2329 2332/2332/2332 2331/2331/2331
f 2333/2333/2333 2335/2335/2335 2334/2334/2334
f 2333/2333/2333 2336/2336/2336 2335/2335/2335
f 2337/2337/2337 2339/2339/2339 2338/2338/2338
f 2337/2337/2337 2340/2340/2340 2339/2339/2339
f 2341/2341/2341 2343/2343/2343 2342/2342/2342
f 2341/2341/2341 2344/2344/2344 2343/2343/2343
f 2345/2345/2345 2347/2347/2347 2346/2346/2346
f 2345/2345/2345 2348/2348/2348 2347/2347/2347
f 2349/2349/2349 2351/2351/2351 2350/2350/2350
f 2349/2349/2349 2352/2352/2352 2351/2351/2351
f 2353/2353/2353 2355/2355/2355 2354/2354/2354
f 2353/2353/2353 2356/2356/2356 2355/2355/2355
f 2357/2357/2357 2359/2359/2359 2358/2358/2358
f 2357/2357/2357 2360/2360/2360 2359/2359/2359
f 2361/2361/2361 2363/2363/2363 2362/2362/2362
f 2361/2361/2361 2364/2364/2364 2363/2363/2363
f 2365/2365/2365 2367/2367/2367 2366/2366/2366
f 2365/2365/2365 2368/2368/2368 2367/2367/2367
f 2369/2369/2369 2371/2371/2371 2370/2370/2370
f 2369/2369/2369 2372/2372/2372 2371/2371/2371
f 2373/2373/2373 2375/2375/2375 2374/2374/2374
f 2373/2373/2373 2376/2376/2376 2375/2375/2375
f 2377/2377/2377 2379/2379/2379 2378/2378/2378
f 2377/2377/2377 2380/2380/2380 2379/2379/2379
f 2381/2381/2381 2383/2383/2383 2382/2382/2382
f 2381/2381/2381 2384/2384/2384 2383/2383/2383
f 2385/2385/2385 2387/2387/2387 2386/2386/2386
f 2385/2385/2385 2388/2388/2388 2387/2387/2387
f 2389/2389/2389 2391/2391/2391 2390/2390/2390
f 2389/2389/2389 2392/2392/2392 2391/2391/2391
f 2393/2393/2393 2395/2395/2395 2394/2394/2394
f 2393/2393/2393 2396/2396/2396 2395/2395/2395
f 2397/2397/2397 2399/2399/2399 2398/2398/2398
f 2397/2397/2397 2400/2400/2400 2399/2399/2399
f 2401/2401/2401 2403/2403/2403 2402/2402/2402
f 2401/2401/2401 2404/2404/2404 2403/2403/2403
f 2405/2405/2405 2407/2407/2407 2406/2406/2406
f 2405/2405/2405 2408/2408/2408 2407/2407/2407
f 2409/2409/2409 2411/2411/2411 2410/2410/2410
f 2409/2409/2409 2412/2412/2412 2411/2411/2411
f 2413/2413/2413 2415/2415/2415 2414/2414/2414
f 2413/2413/2413 2416/2416/2416 2415/2415/2415
f 2417/2417/2417 2419/2419/2419 2418/2418/2418
f 2417/2417/2417 2420/2420/2420 2419/2419/2419
f 2421/2421/2421 2423/2423/2423 2422/2422/2422
f 2421/2421/2421 2424/2424/2424 2423/2423/2423
f 2425/2425/2425 2427/2427/2427 2426/2426/2426
f 2425/2425/2425 2428/2428/2428 2427/2427/2427
f 2429/2429/2429 2431/2431/2431 2430/2430/2430
f 2429/2429/2429 2432/2432/2432 2431/2431/2431
f 2433/2433/2433 2435/2435/2435 2434/2434/2434
f 2433/2433/2433 2436/2436/2436 2435/2435/2435
f 2437/2437/2437 2439/2439/2439 2438/2438/2438
f 2437/2437/2437 2440/2440/2440 2439/2439/2439
f 2441/2441/2441 2443/2443/2443 2442/2442/2442
f 2441/2441/2441 2444/2444/2444 2443/2443/2443
f 2445/2445/2445 2447/2447/2447 2446/2446/2446
f 2445/2445/2445 2448/2448/2448 2447/2447/2447
f 2449/2449/2449 2451/2451/2451 2450/2450/2450
f 2449/2449/2449 2452/2452/2452 2451/2451/2451
f 2453/2453/2453 2455/2455/2455 2454/2454/2454
f 2453/2453/2453 2456/2456/2456 2455/2455/2455
f 2457/2457/2457 2459/2459/2459 2458/2458/2458
f 2457/2457/2457 2460/2460/2460 2459/2459/2459
f 2461/2461/2461 2463/2463/2463 2462/2462/2462
f 2461/2461/2461 2464/2464/2464 2463/2463/2463
f 2465/2465/2465 2467/2467/2467 2466/2466/2466
f 2465/2465/2465 2468/2468/2468 2467/2467/2467
f 2469/2469/2469 2471/2471/2471 2470/2470/2470
f 2469/2469/2469 2472/2472/2472 2471/2471/2471
f 2473/2473/2473 2475/2475/2475 2474/2474/2474
f 2473/2473/2473 2476/2476/2476 2475/2475/2475
f 2477/2477/2477 2479/2479/2479 2478/2478/2478
f 2477/2477/2477 2480/2480/2480 2479/2479/2479
f 2481/2481/2481 2483/2483/2483 2482/2482/2482
f 2481/2481/2481 2484/2484/2484 2483/2483/2483
f 2485/2485/2485 2487/2487/2487 2486/2486/2486
f 2485/2485/2485 2488/2488/2488 2487/2487/2487
f 2489/2489/2489 2491/2491/2491 2490/2490/2490
f 2489/2489/2489 2492/2492/2492 2491/2491/2491
f 2493/2493/2493 2495/2495/2495 2494/2494/2494
f 2493/2493/2493 2496/2496/2496 2495/2495/2495
f 2497/2497/2497 2499/2499/2499 2498/2498/2498
f 2497/2497/2497 2500/2500/2500 2499/2499/2499
f 2501/2501/2501 2503/2503/2503 2502/2502/2502
f 2501/2501/2501 2504/2504/2504 2503/2503/2503
f 2505/2505/2505 2507/2507/2507 2506/2506/2506
f 2505/2505/2505 2508/2508/2508 2507/2507/2507
f 2509/2509/2509 2511/2511/2511 2510/2510/2510
f 2509/2509/2509 2512/2512/2512 2511/2511/2511
f 2513/2513/2513 2515/2515/2515 2514/2514/2514
f 2513/2513/2513 2516/2516/2516 2515/2515/2515
f 2517/2517/2517 2519/2519/2519 2518/2518/2518
f 2517/2517/2517 2520/2520/2520 2519/2519/2519
o Slide
v 0.01299282 0.01450718 -0.02199282
v 0.01314853 0.01435147 -0.0213
v 0.0135 0.0152 -0.0213
v 0.01314853 0.0152 -0.02214853
v 0.01314853 0.0152 -0.02214853
v 0.0135 0.0152 -0.0213
v 0.0135 0.0418 -0.0213
v 0.01314853 0.0418 -0.02214853
v 0.01314853 0.0418 -0.02214853
v 0.0135 0.0418 -0.0213
v 0.01314853 0.04264853 -0.0213
v 0.01299282 0.04249282 -0.02199282
v 0.01314853 0.01435147 -0.0213
v 0.01314853 0.01435147 0.1613
v 0.0135 0.0152 0.1613
v 0.0135 0.0152 -0.0213
v 0.0135 0.0152 -0.0213
v 0.0135 0.0152 0.1613
v 0.0135 0.0418 0.1613
v 0.0135 0.0418 -0.0213
v 0.0135 0.0418 -0.0213
v 0.0135 0.0418 0.1613
v 0.01314853 0.04264853 0.1613
v 0.01314853 0.04264853 -0.0213
v 0.01314853 0.01435147 0.1613
v 0.01299282 0.01450718 0.1619928
v 0.01314853 0.0152 0.1621485
v 0.0135 0.0152 0.1613
v 0.0135 0.0152 0.1613
v 0.01314853 0.0152 0.1621485
v 0.01314853 0.0418 0.1621485
v 0.0135 0.0418 0.1613
v 0.0135 0.0418 0.1613
v 0.01314853 0.0418 0.1621485
v 0.01299282 0.04249282 0.1619928
v 0.01314853 0.04264853 0.1613
v -0.01299282 0.01450718 -0.02199282
v -0.01314853 0.0152 -0.02214853
v -0.0135 0.0152 -0.0213
v -0.01314853 0.01435147 -0.0213
v -0.01314853 0.0152 -0.02214853
v -0.01314853 0.0418 -0.02214853
v -0.0135 0.0418 -0.0213
v -0.0135 0.0152 -0.0213
v -0.01314853 0.0418 -0.02214853
v -0.01299282 0.04249282 -0.02199282
v -0.01314853 0.04264853 -0.0213
v -0.0135 0.0418 -0.0213
v -0.01314853 0.01435147 -0.0213
v -0.0135 0.0152 -0.0213
v -0.0135 0.0152 0.1613
v -0.01314853 0.01435147 0.1613
v -0.0135 0.0152 -0.0213
v -0.0135 0.0418 -0.0213
v -0.0135 0.0418 0.1613
v -0.0135 0.0152 0.1613
v -0.0135 0.0418 -0.0213
v -0.01314853 0.04264853 -0.0213
v -0.01314853 0.04264853 0.1613
v -0.0135 0.0418 0.1613
v -0.01314853 0.01435147 0.1613
v -0.0135 0.0152 0.1613
v -0.01314853 0.0152 0.1621485
v -0.01299282 0.01450718 0.1619928
v -0.0135 0.0152 0.1613
v -0.0135 0.0418 0.1613
v -0.01314853 0.0418 0.1621485
v -0.01314853 0.0152 0.1621485
v -0.0135 0.0418 0.1613
v -0.01314853 0.04264853 0.1613
v -0.01299282 0.04249282 0.1619928
v -0.01314853 0.0418 0.1621485
v 0.01299282 0.01450718 -0.02199282
v 0.0123 0.01435147 -0.02214853
v 0.0123 0.014 -0.0213
v 0.01314853 0.01435147 -0.0213
v 0.01314853 0.01435147 -0.0213
v 0.0123 0.014 -0.0213
v 0.0123 0.014 0.1613
v 0.01314853 0.01435147 0.1613
v 0.01314853 0.01435147 0.1613
v 0.0123 0.014 0.1613
v 0.0123 0.01435147 0.1621485
v 0.01299282 0.01450718 0.1619928
v 0.0123 0.01435147 -0.02214853
v -0.0123 0.01435147 -0.02214853
v -0.0123 0.014 -0.0213
v 0.0123 0.014 -0.0213
v 0.0123 0.014 -0.0213
v -0.0123 0.014 -0.0213
v -0.0123 0.014 0.1613
v 0.0123 0.014 0.1613
v 0.0123 0.014 0.1613
v -0.0123 0.014 0.1613
v -0.0123 0.01435147 0.1621485
v 0.0123 0.01435147 0.1621485
v -0.0123 0.01435147 -0.02214853
v -0.01299282 0.01450718 -0.02199282
v -0.01314853 0.01435147 -0.0213
v -0.0123 0.014 -0.0213
v -0.0123 0.014 -0.0213
v -0.01314853 0.01435147 -0.0213
v -0.01314853 0.01435147 0.1613
v -0.0123 0.014 0.1613
v -0.0123 0.014 0.1613
v -0.01314853 0.01435147 0.1613
v -0.01299282 0.01450718 0.1619928
v -0.0123 0.01435147 0.1621485
v 0.01299282 0.04249282 -0.02199282
v 0.01314853 0.04264853 -0.0213
v 0.0123 0.043 -0.0213
v 0.0123 0.04264853 -0.02214853
v 0.01314853 0.04264853 -0.0213
v 0.01314853 0.04264853 0.1613
v 0.0123 0.043 0.1613
v 0.0123 0.043 -0.0213
v 0.01314853 0.04264853 0.1613
v 0.01299282 0.04249282 0.1619928
v 0.0123 0.04264853 0.1621485
v 0.0123 0.043 0.1613
v 0.0123 0.04264853 -0.02214853
v 0.0123 0.043 -0.0213
v -0.0123 0.043 -0.0213
v -0.0123 0.04264853 -0.02214853
v 0.0123 0.043 -0.0213
v 0.0123 0.043 0.1613
v -0.0123 0.043 0.1613
v -0.0123 0.043 -0.0213
v 0.0123 0.043 0.1613
v 0.0123 0.04264853 0.1621485
v -0.0123 0.04264853 0.1621485
v -0.0123 0.043 0.1613
v -0.0123 0.04264853 -0.02214853
v -0.0123 0.043 -0.0213
v -0.01314853 0.04264853 -0.0213
v -0.01299282 0.04249282 -0.02199282
v -0.0123 0.043 -0.0213
v -0.0123 0.043 0.1613
v -0.01314853 0.04264853 0.1613
v -0.01314853 0.04264853 -0.0213
v -0.0123 0.043 0.1613
v -0.0123 0.04264853 0.1621485
v -0.01299282 0.04249282 0.1619928
v -0.01314853 0.04264853 0.1613
v 0.01299282 0.01450718 -0.02199282
v 0.01314853 0.0152 -0.02214853
v 0.0123 0.0152 -0.0225
v 0.0123 0.01435147 -0.02214853
v 0.0123 0.01435147 -0.02214853
v 0.0123 0.0152 -0.0225
v -0.0123 0.0152 -0.0225
v -0.0123 0.01435147 -0.02214853
v -0.0123 0.01435147 -0.02214853
v -0.0123 0.0152 -0.0225
v -0.01314853 0.0152 -0.02214853
v -0.01299282 0.01450718 -0.02199282
v 0.01314853 0.0152 -0.02214853
v 0.01314853 0.0418 -0.02214853
v 0.0123 0.0418 -0.0225
v 0.0123 0.0152 -0.0225
v 0.0123 0.0152 -0.0225
v 0.0123 0.0418 -0.0225
v -0.0123 0.0418 -0.0225
v -0.0123 0.0152 -0.0225
v -0.0123 0.0152 -0.0225
v -0.0123 0.0418 -0.0225
v -0.01314853 0.0418 -0.02214853
v -0.01314853 0.0152 -0.02214853
v 0.01314853 0.0418 -0.02214853
v 0.01299282 0.04249282 -0.02199282
v 0.0123 0.04264853 -0.02214853
v 0.0123 0.0418 -0.0225
v 0.0123 0.0418 -0.0225
v 0.0123 0.04264853 -0.02214853
v -0.0123 0.04264853 -0.02214853
v -0.0123 0.0418 -0.0225
v -0.0123 0.0418 -0.0225
v -0.0123 0.04264853 -0.02214853
v -0.01299282 0.04249282 -0.02199282
v -0.01314853 0.0418 -0.02214853
v 0.01299282 0.01450718 0.1619928
v 0.0123 0.01435147 0.1621485
v 0.0123 0.0152 0.1625
v 0.01314853 0.0152 0.1621485
v 0.0123 0.01435147 0.1621485
v -0.0123 0.01435147 0.1621485
v -0.0123 0.0152 0.1625
v 0.0123 0.0152 0.1625
v -0.0123 0.01435147 0.1621485
v -0.01299282 0.01450718 0.1619928
v -0.01314853 0.0152 0.1621485
v -0.0123 0.0152 0.1625
v 0.01314853 0.0152 0.1621485
v 0.0123 0.0152 0.1625
v 0.0123 0.0418 0.1625
v 0.01314853 0.0418 0.1621485
v 0.0123 0.0152 0.1625
v -0.0123 0.0152 0.1625
v -0.0123 0.0418 0.1625
v 0.0123 0.0418 0.1625
v -0.0123 0.0152 0.1625
v -0.01314853 0.0152 0.1621485
v -0.01314853 0.0418 0.1621485
v -0.0123 0.0418 0.1625
v 0.01314853 0.0418 0.1621485
v 0.0123 0.0418 0.1625
v 0.0123 0.04264853 0.1621485
v 0.01299282 0.04249282 0.1619928
v 0.0123 0.0418 0.1625
v -0.0123 0.0418 0.1625
v -0.0123 0.04264853 0.1621485
v 0.0123 0.04264853 0.1621485
v -0.0123 0.0418 0.1625
v -0.01314853 0.0418 0.1621485
v -0.01299282 0.04249282 0.1619928
v -0.0123 0.04264853 0.1621485
v 0.009814034 0.04218597 -0.01981404
v 0.009871127 0.04212887 -0.01956
v 0.01 0.04244 -0.01956
v 0.009871126 0.04244 -0.01987113
v 0.009871126 0.04244 -0.01987113
v 0.01 0.04244 -0.01956
v 0.01 0.04556 -0.01956
v 0.009871126 0.04556 -0.01987113
v 0.009871126 0.04556 -0.01987113
v 0.01 0.04556 -0.01956
v 0.009871127 0.04587113 -0.01956
v 0.009814034 0.04581403 -0.01981404
v 0.009871127 0.04212887 -0.01956
v 0.009871127 0.04212887 0.15956
v 0.01 0.04244 0.15956
v 0.01 0.04244 -0.01956
v 0.01 0.04244 -0.01956
v 0.01 0.04244 0.15956
v 0.01 0.04556 0.15956
v 0.01 0.04556 -0.01956
v 0.01 0.04556 -0.01956
v 0.01 0.04556 0.15956
v 0.009871127 0.04587113 0.15956
v 0.009871127 0.04587113 -0.01956
v 0.009871127 0.04212887 0.15956
v 0.009814034 0.04218597 0.159814
v 0.009871126 0.04244 0.1598711
v 0.01 0.04244 0.15956
v 0.01 0.04244 0.15956
v 0.009871126 0.04244 0.1598711
v 0.009871126 0.04556 0.1598711
v 0.01 0.04556 0.15956
v 0.01 0.04556 0.15956
v 0.009871126 0.04556 0.1598711
v 0.009814034 0.04581403 0.159814
v 0.009871127 0.04587113 0.15956
v -0.009814034 0.04218597 -0.01981404
v -0.009871126 0.04244 -0.01987113
v -0.01 0.04244 -0.01956
v -0.009871127 0.04212887 -0.01956
v -0.009871126 0.04244 -0.01987113
v -0.009871126 0.04556 -0.01987113
v -0.01 0.04556 -0.01956
v -0.01 0.04244 -0.01956
v -0.009871126 0.04556 -0.01987113
v -0.009814034 0.04581403 -0.01981404
v -0.009871127 0.04587113 -0.01956
v -0.01 0.04556 -0.01956
v -0.009871127 0.04212887 -0.01956
v -0.01 0.04244 -0.01956
v -0.01 0.04244 0.15956
v -0.009871127 0.04212887 0.15956
v -0.01 0.04244 -0.01956
v -0.01 0.04556 -0.01956
v -0.01 0.04556 0.15956
v -0.01 0.04244 0.15956
v -0.01 0.04556 -0.01956
v -0.009871127 0.04587113 -0.01956
v -0.009871127 0.04587113 0.15956
v -0.01 0.04556 0.15956
v -0.009871127 0.04212887 0.15956
v -0.01 0.04244 0.15956
v -0.009871126 0.04244 0.1598711
v -0.009814034 0.04218597 0.159814
v -0.01 0.04244 0.15956
v -0.01 0.04556 0.15956
v -0.009871126 0.04556 0.1598711
v -0.009871126 0.04244 0.1598711
v -0.01 0.04556 0.15956
v -0.009871127 0.04587113 0.15956
v -0.009814034 0.04581403 0.159814
v -0.009871126 0.04556 0.1598711
v 0.009814034 0.04218597 -0.01981404
v 0.00956 0.04212887 -0.01987113
v 0.00956 0.042 -0.01956
v 0.009871127 0.04212887 -0.01956
v 0.009871127 0.04212887 -0.01956
v 0.00956 0.042 -0.01956
v 0.00956 0.042 0.15956
v 0.009871127 0.04212887 0.15956
v 0.009871127 0.04212887 0.15956
v 0.00956 0.042 0.15956
v 0.00956 0.04212887 0.1598711
v 0.009814034 0.04218597 0.159814
v 0.00956 0.04212887 -0.01987113
v -0.00956 0.04212887 -0.01987113
v -0.00956 0.042 -0.01956
v 0.00956 0.042 -0.01956
v 0.00956 0.042 -0.01956
v -0.00956 0.042 -0.01956
v -0.00956 0.042 0.15956
v 0.00956 0.042 0.15956
v 0.00956 0.042 0.15956
v -0.00956 0.042 0.15956
v -0.00956 0.04212887 0.1598711
v 0.00956 0.04212887 0.1598711
v -0.00956 0.04212887 -0.01987113
v -0.009814034 0.04218597 -0.01981404
v -0.009871127 0.04212887 -0.01956
v -0.00956 0.042 -0.01956
v -0.00956 0.042 -0.01956
v -0.009871127 0.04212887 -0.01956
v -0.009871127 0.04212887 0.15956
v -0.00956 0.042 0.15956
v -0.00956 0.042 0.15956
v -0.009871127 0.04212887 0.15956
v -0.009814034 0.04218597 0.159814
v -0.00956 0.04212887 0.1598711
v 0.009814034 0.04581403 -0.01981404
v 0.009871127 0.04587113 -0.01956
v 0.00956 0.046 -0.01956
v 0.00956 0.04587113 -0.01987113
v 0.009871127 0.04587113 -0.01956
v 0.009871127 0.04587113 0.15956
v 0.00956 0.046 0.15956
v 0.00956 0.046 -0.01956
v 0.009871127 0.04587113 0.15956
v 0.009814034 0.04581403 0.159814
v 0.00956 0.04587113 0.1598711
v 0.00956 0.046 0.15956
v 0.00956 0.04587113 -0.01987113
v 0.00956 0.046 -0.01956
v -0.00956 0.046 -0.01956
v -0.00956 0.04587113 -0.01987113
v 0.00956 0.046 -0.01956
v 0.00956 0.046 0.15956
v -0.00956 0.046 0.15956
v -0.00956 0.046 -0.01956
v 0.00956 0.046 0.15956
v 0.00956 0.04587113 0.1598711
v -0.00956 0.04587113 0.1598711
v -0.00956 0.046 0.15956
v -0.00956 0.04587113 -0.01987113
v -0.00956 0.046 -0.01956
v -0.009871127 0.04587113 -0.01956
v -0.009814034 0.04581403 -0.01981404
v -0.00956 0.046 -0.01956
v -0.00956 0.046 0.15956
v -0.009871127 0.04587113 0.15956
v -0.009871127 0.04587113 -0.01956
v -0.00956 0.046 0.15956
v -0.00956 0.04587113 0.1598711
v -0.009814034 0.04581403 0.159814
v -0.009871127 0.04587113 0.15956
v 0.009814034 0.04218597 -0.01981404
v 0.009871126 0.04244 -0.01987113
v 0.00956 0.04244 -0.02
v 0.00956 0.04212887 -0.01987113
v 0.00956 0.04212887 -0.01987113
v 0.00956 0.04244 -0.02
v -0.00956 0.04244 -0.02
v -0.00956 0.04212887 -0.01987113
v -0.00956 0.04212887 -0.01987113
v -0.00956 0.04244 -0.02
v -0.009871126 0.04244 -0.01987113
v -0.009814034 0.04218597 -0.01981404
v 0.009871126 0.04244 -0.01987113
v 0.009871126 0.04556 -0.01987113
v 0.00956 0.04556 -0.02
v 0.00956 0.04244 -0.02
v 0.00956 0.04244 -0.02
v 0.00956 0.04556 -0.02
v -0.00956 0.04556 -0.02
v -0.00956 0.04244 -0.02
v -0.00956 0.04244 -0.02
v -0.00956 0.04556 -0.02
v -0.009871126 0.04556 -0.01987113
v -0.009871126 0.04244 -0.01987113
v 0.009871126 0.04556 -0.01987113
v 0.009814034 0.04581403 -0.01981404
v 0.00956 0.04587113 -0.01987113
v 0.00956 0.04556 -0.02
v 0.00956 0.04556 -0.02
v 0.00956 0.04587113 -0.01987113
v -0.00956 0.04587113 -0.01987113
v -0.00956 0.04556 -0.02
v -0.00956 0.04556 -0.02
v -0.00956 0.04587113 -0.01987113
v -0.009814034 0.04581403 -0.01981404
v -0.009871126 0.04556 -0.01987113
v 0.009814034 0.04218597 0.159814
v 0.00956 0.04212887 0.1598711
v 0.00956 0.04244 0.16
v 0.009871126 0.04244 0.1598711
v 0.00956 0.04212887 0.1598711
v -0.00956 0.04212887 0.1598711
v -0.00956 0.04244 0.16
v 0.00956 0.04244 0.16
v -0.00956 0.04212887 0.1598711
v -0.009814034 0.04218597 0.159814
v -0.009871126 0.04244 0.1598711
v -0.00956 0.04244 0.16
v 0.009871126 0.04244 0.1598711
v 0.00956 0.04244 0.16
v 0.00956 0.04556 0.16
v 0.009871126 0.04556 0.1598711
v 0.00956 0.04244 0.16
v -0.00956 0.04244 0.16
v -0.00956 0.04556 0.16
v 0.00956 0.04556 0.16
v -0.00956 0.04244 0.16
v -0.009871126 0.04244 0.1598711
v -0.009871126 0.04556 0.1598711
v -0.00956 0.04556 0.16
v 0.009871126 0.04556 0.1598711
v 0.00956 0.04556 0.16
v 0.00956 0.04587113 0.1598711
v 0.009814034 0.04581403 0.159814
v 0.00956 0.04556 0.16
v -0.00956 0.04556 0.16
v -0.00956 0.04587113 0.1598711
v 0.00956 0.04587113 0.1598711
v -0.00956 0.04556 0.16
v -0.009871126 0.04556 0.1598711
v -0.009814034 0.04581403 0.159814
v -0.00956 0.04587113 0.1598711
v -0.01313866 0.020132 -0.01736134
v -0.0131 0.020132 -0.017268
v -0.0131 0.039868 -0.017268
v -0.01313866 0.039868 -0.01736134
v -0.01313866 0.02003866 -0.017268
v -0.01313866 0.02003866 -0.014732
v -0.0131 0.020132 -0.014732
v -0.0131 0.020132 -0.017268
v -0.0131 0.020132 -0.017268
v -0.0131 0.020132 -0.014732
v -0.0131 0.039868 -0.014732
v -0.0131 0.039868 -0.017268
v -0.0131 0.039868 -0.017268
v -0.0131 0.039868 -0.014732
v -0.01313866 0.03996134 -0.014732
v -0.01313866 0.03996134 -0.017268
v -0.0131 0.020132 -0.014732
v -0.01313866 0.020132 -0.01463866
v -0.01313866 0.039868 -0.01463866
v -0.0131 0.039868 -0.014732
v -0.01426134 0.020132 -0.01736134
v -0.01426134 0.039868 -0.01736134
v -0.0143 0.039868 -0.017268
v -0.0143 0.020132 -0.017268
v -0.01426134 0.02003866 -0.017268
v -0.0143 0.020132 -0.017268
v -0.0143 0.020132 -0.014732
v -0.01426134 0.02003866 -0.014732
v -0.0143 0.020132 -0.017268
v -0.0143 0.039868 -0.017268
v -0.0143 0.039868 -0.014732
v -0.0143 0.020132 -0.014732
v -0.0143 0.039868 -0.017268
v -0.01426134 0.03996134 -0.017268
v -0.01426134 0.03996134 -0.014732
v -0.0143 0.039868 -0.014732
v -0.0143 0.020132 -0.014732
v -0.0143 0.039868 -0.014732
v -0.01426134 0.039868 -0.01463866
v -0.01426134 0.020132 -0.01463866
v -0.01313866 0.02003866 -0.017268
v -0.013232 0.02 -0.017268
v -0.013232 0.02 -0.014732
v -0.01313866 0.02003866 -0.014732
v -0.013232 0.02003866 -0.01736134
v -0.014168 0.02003866 -0.01736134
v -0.014168 0.02 -0.017268
v -0.013232 0.02 -0.017268
v -0.013232 0.02 -0.017268
v -0.014168 0.02 -0.017268
v -0.014168 0.02 -0.014732
v -0.013232 0.02 -0.014732
v -0.013232 0.02 -0.014732
v -0.014168 0.02 -0.014732
v -0.014168 0.02003866 -0.01463866
v -0.013232 0.02003866 -0.01463866
v -0.014168 0.02 -0.017268
v -0.01426134 0.02003866 -0.017268
v -0.01426134 0.02003866 -0.014732
v -0.014168 0.02 -0.014732
v -0.01313866 0.03996134 -0.017268
v -0.01313866 0.03996134 -0.014732
v -0.013232 0.04 -0.014732
v -0.013232 0.04 -0.017268
v -0.013232 0.03996134 -0.01736134
v -0.013232 0.04 -0.017268
v -0.014168 0.04 -0.017268
v -0.014168 0.03996134 -0.01736134
v -0.013232 0.04 -0.017268
v -0.013232 0.04 -0.014732
v -0.014168 0.04 -0.014732
v -0.014168 0.04 -0.017268
v -0.013232 0.04 -0.014732
v -0.013232 0.03996134 -0.01463866
v -0.014168 0.03996134 -0.01463866
v -0.014168 0.04 -0.014732
v -0.014168 0.04 -0.017268
v -0.014168 0.04 -0.014732
v -0.01426134 0.03996134 -0.014732
v -0.01426134 0.03996134 -0.017268
v -0.013232 0.02003866 -0.01736134
v -0.013232 0.020132 -0.0174
v -0.014168 0.020132 -0.0174
v -0.014168 0.02003866 -0.01736134
v -0.01313866 0.020132 -0.01736134
v -0.01313866 0.039868 -0.01736134
v -0.013232 0.039868 -0.0174
v -0.013232 0.020132 -0.0174
v -0.013232 0.020132 -0.0174
v -0.013232 0.039868 -0.0174
v -0.014168 0.039868 -0.0174
v -0.014168 0.020132 -0.0174
v -0.014168 0.020132 -0.0174
v -0.014168 0.039868 -0.0174
v -0.01426134 0.039868 -0.01736134
v -0.01426134 0.020132 -0.01736134
v -0.013232 0.039868 -0.0174
v -0.013232 0.03996134 -0.01736134
v -0.014168 0.03996134 -0.01736134
v -0.014168 0.039868 -0.0174
v -0.013232 0.02003866 -0.01463866
v -0.014168 0.02003866 -0.01463866
v -0.014168 0.020132 -0.0146
v -0.013232 0.020132 -0.0146
v -0.01313866 0.020132 -0.01463866
v -0.013232 0.020132 -0.0146
v -0.013232 0.039868 -0.0146
v -0.01313866 0.039868 -0.01463866
v -0.013232 0.020132 -0.0146
v -0.014168 0.020132 -0.0146
v -0.014168 0.039868 -0.0146
v -0.013232 0.039868 -0.0146
v -0.014168 0.020132 -0.0146
v -0.01426134 0.020132 -0.01463866
v -0.01426134 0.039868 -0.01463866
v -0.014168 0.039868 -0.0146
v -0.013232 0.039868 -0.0146
v -0.014168 0.039868 -0.0146
v -0.014168 0.03996134 -0.01463866
v -0.013232 0.03996134 -0.01463866
v 0.01426134 0.020132 -0.01736134
v 0.0143 0.020132 -0.017268
v 0.0143 0.039868 -0.017268
v 0.01426134 0.039868 -0.01736134
v 0.01426134 0.02003866 -0.017268
v 0.01426134 0.02003866 -0.014732
v 0.0143 0.020132 -0.014732
v 0.0143 0.020132 -0.017268
v 0.0143 0.020132 -0.017268
v 0.0143 0.020132 -0.014732
v 0.0143 0.039868 -0.014732
v 0.0143 0.039868 -0.017268
v 0.0143 0.039868 -0.017268
v 0.0143 0.039868 -0.014732
v 0.01426134 0.03996134 -0.014732
v 0.01426134 0.03996134 -0.017268
v 0.0143 0.020132 -0.014732
v 0.01426134 0.020132 -0.01463866
v 0.01426134 0.039868 -0.01463866
v 0.0143 0.039868 -0.014732
v 0.01313866 0.020132 -0.01736134
v 0.01313866 0.039868 -0.01736134
v 0.0131 0.039868 -0.017268
v 0.0131 0.020132 -0.017268
v 0.01313866 0.02003866 -0.017268
v 0.0131 0.020132 -0.017268
v 0.0131 0.020132 -0.014732
v 0.01313866 0.02003866 -0.014732
v 0.0131 0.020132 -0.017268
v 0.0131 0.039868 -0.017268
v 0.0131 0.039868 -0.014732
v 0.0131 0.020132 -0.014732
v 0.0131 0.039868 -0.017268
v 0.01313866 0.03996134 -0.017268
v 0.01313866 0.03996134 -0.014732
v 0.0131 0.039868 -0.014732
v 0.0131 0.020132 -0.014732
v 0.0131 0.039868 -0.014732
v 0.01313866 0.039868 -0.01463866
v 0.01313866 0.020132 -0.01463866
v 0.01426134 0.02003866 -0.017268
v 0.014168 0.02 -0.017268
v 0.014168 0.02 -0.014732
v 0.01426134 0.02003866 -0.014732
v 0.014168 0.02003866 -0.01736134
v 0.013232 0.02003866 -0.01736134
v 0.013232 0.02 -0.017268
v 0.014168 0.02 -0.017268
v 0.014168 0.02 -0.017268
v 0.013232 0.02 -0.017268
v 0.013232 0.02 -0.014732
v 0.014168 0.02 -0.014732
v 0.014168 0.02 -0.014732
v 0.013232 0.02 -0.014732
v 0.013232 0.02003866 -0.01463866
v 0.014168 0.02003866 -0.01463866
v 0.013232 0.02 -0.017268
v 0.01313866 0.02003866 -0.017268
v 0.01313866 0.02003866 -0.014732
v 0.013232 0.02 -0.014732
v 0.01426134 0.03996134 -0.017268
v 0.01426134 0.03996134 -0.014732
v 0.014168 0.04 -0.014732
v 0.014168 0.04 -0.017268
v 0.014168 0.03996134 -0.01736134
v 0.014168 0.04 -0.017268
v 0.013232 0.04 -0.017268
v 0.013232 0.03996134 -0.01736134
v 0.014168 0.04 -0.017268
v 0.014168 0.04 -0.014732
v 0.013232 0.04 -0.014732
v 0.013232 0.04 -0.017268
v 0.014168 0.04 -0.014732
v 0.014168 0.03996134 -0.01463866
v 0.013232 0.03996134 -0.01463866
v 0.013232 0.04 -0.014732
v 0.013232 0.04 -0.017268
v 0.013232 0.04 -0.014732
v 0.01313866 0.03996134 -0.014732
v 0.01313866 0.03996134 -0.017268
v 0.014168 0.02003866 -0.01736134
v 0.014168 0.020132 -0.0174
v 0.013232 0.020132 -0.0174
v 0.013232 0.02003866 -0.01736134
v 0.01426134 0.020132 -0.01736134
v 0.01426134 0.039868 -0.01736134
v 0.014168 0.039868 -0.0174
v 0.014168 0.020132 -0.0174
v 0.014168 0.020132 -0.0174
v 0.014168 0.039868 -0.0174
v 0.013232 0.039868 -0.0174
v 0.013232 0.020132 -0.0174
v 0.013232 0.020132 -0.0174
v 0.013232 0.039868 -0.0174
v 0.01313866 0.039868 -0.01736134
v 0.01313866 0.020132 -0.01736134
v 0.014168 0.039868 -0.0174
v 0.014168 0.03996134 -0.01736134
v 0.013232 0.03996134 -0.01736134
v 0.013232 0.039868 -0.0174
v 0.014168 0.02003866 -0.01463866
v 0.013232 0.02003866 -0.01463866
v 0.013232 0.020132 -0.0146
v 0.014168 0.020132 -0.0146
v 0.01426134 0.020132 -0.01463866
v 0.014168 0.020132 -0.0146
v 0.014168 0.039868 -0.0146
v 0.01426134 0.039868 -0.01463866
v 0.014168 0.020132 -0.0146
v 0.013232 0.020132 -0.0146
v 0.013232 0.039868 -0.0146
v 0.014168 0.039868 -0.0146
v 0.013232 0.020132 -0.0146
v 0.01313866 0.020132 -0.01463866
v 0.01313866 0.039868 -0.01463866
v 0.013232 0.039868 -0.0146
v 0.014168 0.039868 -0.0146
v 0.013232 0.039868 -0.0146
v 0.013232 0.03996134 -0.01463866
v 0.014168 0.03996134 -0.01463866
v -0.01313866 0.020132 0.1286387
v -0.0131 0.020132 0.128732
v -0.0131 0.039868 0.128732
v -0.01313866 0.039868 0.1286387
v -0.01313866 0.02003866 0.128732
v -0.01313866 0.02003866 0.131268
v -0.0131 0.020132 0.131268
v -0.0131 0.020132 0.128732
v -0.0131 0.020132 0.128732
v -0.0131 0.020132 0.131268
v -0.0131 0.039868 0.131268
v -0.0131 0.039868 0.128732
v -0.0131 0.039868 0.128732
v -0.0131 0.039868 0.131268
v -0.01313866 0.03996134 0.131268
v -0.01313866 0.03996134 0.128732
v -0.0131 0.020132 0.131268
v -0.01313866 0.020132 0.1313613
v -0.01313866 0.039868 0.1313613
v -0.0131 0.039868 0.131268
v -0.01426134 0.020132 0.1286387
v -0.01426134 0.039868 0.1286387
v -0.0143 0.039868 0.128732
v -0.0143 0.020132 0.128732
v -0.01426134 0.02003866 0.128732
v -0.0143 0.020132 0.128732
v -0.0143 0.020132 0.131268
v -0.01426134 0.02003866 0.131268
v -0.0143 0.020132 0.128732
v -0.0143 0.039868 0.128732
v -0.0143 0.039868 0.131268
v -0.0143 0.020132 0.131268
v -0.0143 0.039868 0.128732
v -0.01426134 0.03996134 0.128732
v -0.01426134 0.03996134 0.131268
v -0.0143 0.039868 0.131268
v -0.0143 0.020132 0.131268
v -0.0143 0.039868 0.131268
v -0.01426134 0.039868 0.1313613
v -0.01426134 0.020132 0.1313613
v -0.01313866 0.02003866 0.128732
v -0.013232 0.02 0.128732
v -0.013232 0.02 0.131268
v -0.01313866 0.02003866 0.131268
v -0.013232 0.02003866 0.1286387
v -0.014168 0.02003866 0.1286387
v -0.014168 0.02 0.128732
v -0.013232 0.02 0.128732
v -0.013232 0.02 0.128732
v -0.014168 0.02 0.128732
v -0.014168 0.02 0.131268
v -0.013232 0.02 0.131268
v -0.013232 0.02 0.131268
v -0.014168 0.02 0.131268
v -0.014168 0.02003866 0.1313613
v -0.013232 0.02003866 0.1313613
v -0.014168 0.02 0.128732
v -0.01426134 0.02003866 0.128732
v -0.01426134 0.02003866 0.131268
v -0.014168 0.02 0.131268
v -0.01313866 0.03996134 0.128732
v -0.01313866 0.03996134 0.131268
v -0.013232 0.04 0.131268
v -0.013232 0.04 0.128732
v -0.013232 0.03996134 0.1286387
v -0.013232 0.04 0.128732
v -0.014168 0.04 0.128732
v -0.014168 0.03996134 0.1286387
v -0.013232 0.04 0.128732
v -0.013232 0.04 0.131268
v -0.014168 0.04 0.131268
v -0.014168 0.04 0.128732
v -0.013232 0.04 0.131268
v -0.013232 0.03996134 0.1313613
v -0.014168 0.03996134 0.1313613
v -0.014168 0.04 0.131268
v -0.014168 0.04 0.128732
v -0.014168 0.04 0.131268
v -0.01426134 0.03996134 0.131268
v -0.01426134 0.03996134 0.128732
v -0.013232 0.02003866 0.1286387
v -0.013232 0.020132 0.1286
v -0.014168 0.020132 0.1286
v -0.014168 0.02003866 0.1286387
v -0.01313866 0.020132 0.1286387
v -0.01313866 0.039868 0.1286387
v -0.013232 0.039868 0.1286
v -0.013232 0.020132 0.1286
v -0.013232 0.020132 0.1286
v -0.013232 0.039868 0.1286
v -0.014168 0.039868 0.1286
v -0.014168 0.020132 0.1286
v -0.014168 0.020132 0.1286
v -0.014168 0.039868 0.1286
v -0.01426134 0.039868 0.1286387
v -0.01426134 0.020132 0.1286387
v -0.013232 0.039868 0.1286
v -0.013232 0.03996134 0.1286387
v -0.014168 0.03996134 0.1286387
v -0.014168 0.039868 0.1286
v -0.013232 0.02003866 0.1313613
v -0.014168 0.02003866 0.1313613
v -0.014168 0.020132 0.1314
v -0.013232 0.020132 0.1314
v -0.01313866 0.020132 0.1313613
v -0.013232 0.020132 0.1314
v -0.013232 0.039868 0.1314
v -0.01313866 0.039868 0.1313613
v -0.013232 0.020132 0.1314
v -0.014168 0.020132 0.1314
v -0.014168 0.039868 0.1314
v -0.013232 0.039868 0.1314
v -0.014168 0.020132 0.1314
v -0.01426134 0.020132 0.1313613
v -0.01426134 0.039868 0.1313613
v -0.014168 0.039868 0.1314
v -0.013232 0.039868 0.1314
v -0.014168 0.039868 0.1314
v -0.014168 0.03996134 0.1313613
v -0.013232 0.03996134 0.1313613
v 0.01426134 0.020132 0.1286387
v 0.0143 0.020132 0.128732
v 0.0143 0.039868 0.128732
v 0.01426134 0.039868 0.1286387
v 0.01426134 0.02003866 0.128732
v 0.01426134 0.02003866 0.131268
v 0.0143 0.020132 0.131268
v 0.0143 0.020132 0.128732
v 0.0143 0.020132 0.128732
v 0.0143 0.020132 0.131268
v 0.0143 0.039868 0.131268
v 0.0143 0.039868 0.128732
v 0.0143 0.039868 0.128732
v 0.0143 0.039868 0.131268
v 0.01426134 0.03996134 0.131268
v 0.01426134 0.03996134 0.128732
v 0.0143 0.020132 0.131268
v 0.01426134 0.020132 0.1313613
v 0.01426134 0.039868 0.1313613
v 0.0143 0.039868 0.131268
v 0.01313866 0.020132 0.1286387
v 0.01313866 0.039868 0.1286387
v 0.0131 0.039868 0.128732
v 0.0131 0.020132 0.128732
v 0.01313866 0.02003866 0.128732
v 0.0131 0.020132 0.128732
v 0.0131 0.020132 0.131268
v 0.01313866 0.02003866 0.131268
v 0.0131 0.020132 0.128732
v 0.0131 0.039868 0.128732
v 0.0131 0.039868 0.131268
v 0.0131 0.020132 0.131268
v 0.0131 0.039868 0.128732
v 0.01313866 0.03996134 0.128732
v 0.01313866 0.03996134 0.131268
v 0.0131 0.039868 0.131268
v 0.0131 0.020132 0.131268
v 0.0131 0.039868 0.131268
v 0.01313866 0.039868 0.1313613
v 0.01313866 0.020132 0.1313613
v 0.01426134 0.02003866 0.128732
v 0.014168 0.02 0.128732
v 0.014168 0.02 0.131268
v 0.01426134 0.02003866 0.131268
v 0.014168 0.02003866 0.1286387
v 0.013232 0.02003866 0.1286387
v 0.013232 0.02 0.128732
v 0.014168 0.02 0.128732
v 0.014168 0.02 0.128732
v 0.013232 0.02 0.128732
v 0.013232 0.02 0.131268
v 0.014168 0.02 0.131268
v 0.014168 0.02 0.131268
v 0.013232 0.02 0.131268
v 0.013232 0.02003866 0.1313613
v 0.014168 0.02003866 0.1313613
v 0.013232 0.02 0.128732
v 0.01313866 0.02003866 0.128732
v 0.01313866 0.02003866 0.131268
v 0.013232 0.02 0.131268
v 0.01426134 0.03996134 0.128732
v 0.01426134 0.03996134 0.131268
v 0.014168 0.04 0.131268
v 0.014168 0.04 0.128732
v 0.014168 0.03996134 0.1286387
v 0.014168 0.04 0.128732
v 0.013232 0.04 0.128732
v 0.013232 0.03996134 0.1286387
v 0.014168 0.04 0.128732
v 0.014168 0.04 0.131268
v 0.013232 0.04 0.131268
v 0.013232 0.04 0.128732
v 0.014168 0.04 0.131268
v 0.014168 0.03996134 0.1313613
v 0.013232 0.03996134 0.1313613
v 0.013232 0.04 0.131268
v 0.013232 0.04 0.128732
v 0.013232 0.04 0.131268
v 0.01313866 0.03996134 0.131268
v 0.01313866 0.03996134 0.128732
v 0.014168 0.02003866 0.1286387
v 0.014168 0.020132 0.1286
v 0.013232 0.020132 0.1286
v 0.013232 0.02003866 0.1286387
v 0.01426134 0.020132 0.1286387
v 0.01426134 0.039868 0.1286387
v 0.014168 0.039868 0.1286
v 0.014168 0.020132 0.1286
v 0.014168 0.020132 0.1286
v 0.014168 0.039868 0.1286
v 0.013232 0.039868 0.1286
v 0.013232 0.020132 0.1286
v 0.013232 0.020132 0.1286
v 0.013232 0.039868 0.1286
v 0.01313866 0.039868 0.1286387
v 0.01313866 0.020132 0.1286387
v 0.014168 0.039868 0.1286
v 0.014168 0.03996134 0.1286387
v 0.013232 0.03996134 0.1286387
v 0.013232 0.039868 0.1286
v 0.014168 0.02003866 0.1313613
v 0.013232 0.02003866 0.1313613
v 0.013232 0.020132 0.1314
v 0.014168 0.020132 0.1314
v 0.01426134 0.020132 0.1313613
v 0.014168 0.020132 0.1314
v 0.014168 0.039868 0.1314
v 0.01426134 0.039868 0.1313613
v 0.014168 0.020132 0.1314
v 0.013232 0.020132 0.1314
v 0.013232 0.039868 0.1314
v 0.014168 0.039868 0.1314
v 0.013232 0.020132 0.1314
v 0.01313866 0.020132 0.1313613
v 0.01313866 0.039868 0.1313613
v 0.013232 0.039868 0.1314
v 0.014168 0.039868 0.1314
v 0.013232 0.039868 0.1314
v 0.013232 0.03996134 0.1313613
v 0.014168 0.03996134 0.1313613
v -0.01313866 0.020132 -0.01086134
v -0.0131 0.020132 -0.010768
v -0.0131 0.039868 -0.010768
v -0.01313866 0.039868 -0.01086134
v -0.01313866 0.02003866 -0.010768
v -0.01313866 0.02003866 -0.008232
v -0.0131 0.020132 -0.008232
v -0.0131 0.020132 -0.010768
v -0.0131 0.020132 -0.010768
v -0.0131 0.020132 -0.008232
v -0.0131 0.039868 -0.008232
v -0.0131 0.039868 -0.010768
v -0.0131 0.039868 -0.010768
v -0.0131 0.039868 -0.008232
v -0.01313866 0.03996134 -0.008232
v -0.01313866 0.03996134 -0.010768
v -0.0131 0.020132 -0.008232
v -0.01313866 0.020132 -0.008138662
v -0.01313866 0.039868 -0.008138662
v -0.0131 0.039868 -0.008232
v -0.01426134 0.020132 -0.01086134
v -0.01426134 0.039868 -0.01086134
v -0.0143 0.039868 -0.010768
v -0.0143 0.020132 -0.010768
v -0.01426134 0.02003866 -0.010768
v -0.0143 0.020132 -0.010768
v -0.0143 0.020132 -0.008232
v -0.01426134 0.02003866 -0.008232
v -0.0143 0.020132 -0.010768
v -0.0143 0.039868 -0.010768
v -0.0143 0.039868 -0.008232
v -0.0143 0.020132 -0.008232
v -0.0143 0.039868 -0.010768
v -0.01426134 0.03996134 -0.010768
v -0.01426134 0.03996134 -0.008232
v -0.0143 0.039868 -0.008232
v -0.0143 0.020132 -0.008232
v -0.0143 0.039868 -0.008232
v -0.01426134 0.039868 -0.008138662
v -0.01426134 0.020132 -0.008138662
v -0.01313866 0.02003866 -0.010768
v -0.013232 0.02 -0.010768
v -0.013232 0.02 -0.008232
v -0.01313866 0.02003866 -0.008232
v -0.013232 0.02003866 -0.01086134
v -0.014168 0.02003866 -0.01086134
v -0.014168 0.02 -0.010768
v -0.013232 0.02 -0.010768
v -0.013232 0.02 -0.010768
v -0.014168 0.02 -0.010768
v -0.014168 0.02 -0.008232
v -0.013232 0.02 -0.008232
v -0.013232 0.02 -0.008232
v -0.014168 0.02 -0.008232
v -0.014168 0.02003866 -0.008138662
v -0.013232 0.02003866 -0.008138662
v -0.014168 0.02 -0.010768
v -0.01426134 0.02003866 -0.010768
v -0.01426134 0.02003866 -0.008232
v -0.014168 0.02 -0.008232
v -0.01313866 0.03996134 -0.010768
v -0.01313866 0.03996134 -0.008232
v -0.013232 0.04 -0.008232
v -0.013232 0.04 -0.010768
v -0.013232 0.03996134 -0.01086134
v -0.013232 0.04 -0.010768
v -0.014168 0.04 -0.010768
v -0.014168 0.03996134 -0.01086134
v -0.013232 0.04 -0.010768
v -0.013232 0.04 -0.008232
v -0.014168 0.04 -0.008232
v -0.014168 0.04 -0.010768
v -0.013232 0.04 -0.008232
v -0.013232 0.03996134 -0.008138662
v -0.014168 0.03996134 -0.008138662
v -0.014168 0.04 -0.008232
v -0.014168 0.04 -0.010768
v -0.014168 0.04 -0.008232
v -0.01426134 0.03996134 -0.008232
v -0.01426134 0.03996134 -0.010768
v -0.013232 0.02003866 -0.01086134
v -0.013232 0.020132 -0.0109
v -0.014168 0.020132 -0.0109
v -0.014168 0.02003866 -0.01086134
v -0.01313866 0.020132 -0.01086134
v -0.01313866 0.039868 -0.01086134
v -0.013232 0.039868 -0.0109
v -0.013232 0.020132 -0.0109
v -0.013232 0.020132 -0.0109
v -0.013232 0.039868 -0.0109
v -0.014168 0.039868 -0.0109
v -0.014168 0.020132 -0.0109
v -0.014168 0.020132 -0.0109
v -0.014168 0.039868 -0.0109
v -0.01426134 0.039868 -0.01086134
v -0.01426134 0.020132 -0.01086134
v -0.013232 0.039868 -0.0109
v -0.013232 0.03996134 -0.01086134
v -0.014168 0.03996134 -0.01086134
v -0.014168 0.039868 -0.0109
v -0.013232 0.02003866 -0.008138662
v -0.014168 0.02003866 -0.008138662
v -0.014168 0.020132 -0.008100001
v -0.013232 0.020132 -0.008100001
v -0.01313866 0.020132 -0.008138662
v -0.013232 0.020132 -0.008100001
v -0.013232 0.039868 -0.008100001
v -0.01313866 0.039868 -0.008138662
v -0.013232 0.020132 -0.008100001
v -0.014168 0.020132 -0.008100001
v -0.014168 0.039868 -0.008100001
v -0.013232 0.039868 -0.008100001
v -0.014168 0.020132 -0.008100001
v -0.01426134 0.020132 -0.008138662
v -0.01426134 0.039868 -0.008138662
v -0.014168 0.039868 -0.008100001
v -0.013232 0.039868 -0.008100001
v -0.014168 0.039868 -0.008100001
v -0.014168 0.03996134 -0.008138662
v -0.013232 0.03996134 -0.008138662
v 0.01426134 0.020132 -0.01086134
v 0.0143 0.020132 -0.010768
v 0.0143 0.039868 -0.010768
v 0.01426134 0.039868 -0.01086134
v 0.01426134 0.02003866 -0.010768
v 0.01426134 0.02003866 -0.008232
v 0.0143 0.020132 -0.008232
v 0.0143 0.020132 -0.010768
v 0.0143 0.020132 -0.010768
v 0.0143 0.020132 -0.008232
v 0.0143 0.039868 -0.008232
v 0.0143 0.039868 -0.010768
v 0.0143 0.039868 -0.010768
v 0.0143 0.039868 -0.008232
v 0.01426134 0.03996134 -0.008232
v 0.01426134 0.03996134 -0.010768
v 0.0143 0.020132 -0.008232
v 0.01426134 0.020132 -0.008138662
v 0.01426134 0.039868 -0.008138662
v 0.0143 0.039868 -0.008232
v 0.01313866 0.020132 -0.01086134
v 0.01313866 0.039868 -0.01086134
v 0.0131 0.039868 -0.010768
v 0.0131 0.020132 -0.010768
v 0.01313866 0.02003866 -0.010768
v 0.0131 0.020132 -0.010768
v 0.0131 0.020132 -0.008232
v 0.01313866 0.02003866 -0.008232
v 0.0131 0.020132 -0.010768
v 0.0131 0.039868 -0.010768
v 0.0131 0.039868 -0.008232
v 0.0131 0.020132 -0.008232
v 0.0131 0.039868 -0.010768
v 0.01313866 0.03996134 -0.010768
v 0.01313866 0.03996134 -0.008232
v 0.0131 0.039868 -0.008232
v 0.0131 0.020132 -0.008232
v 0.0131 0.039868 -0.008232
v 0.01313866 0.039868 -0.008138662
v 0.01313866 0.020132 -0.008138662
v 0.01426134 0.02003866 -0.010768
v 0.014168 0.02 -0.010768
v 0.014168 0.02 -0.008232
v 0.01426134 0.02003866 -0.008232
v 0.014168 0.02003866 -0.01086134
v 0.013232 0.02003866 -0.01086134
v 0.013232 0.02 -0.010768
v 0.014168 0.02 -0.010768
v 0.014168 0.02 -0.010768
v 0.013232 0.02 -0.010768
v 0.013232 0.02 -0.008232
v 0.014168 0.02 -0.008232
v 0.014168 0.02 -0.008232
v 0.013232 0.02 -0.008232
v 0.013232 0.02003866 -0.008138662
v 0.014168 0.02003866 -0.008138662
v 0.013232 0.02 -0.010768
v 0.01313866 0.02003866 -0.010768
v 0.01313866 0.02003866 -0.008232
v 0.013232 0.02 -0.008232
v 0.01426134 0.03996134 -0.010768
v 0.01426134 0.03996134 -0.008232
v 0.014168 0.04 -0.008232
v 0.014168 0.04 -0.010768
v 0.014168 0.03996134 -0.01086134
v 0.014168 0.04 -0.010768
v 0.013232 0.04 -0.010768
v 0.013232 0.03996134 -0.01086134
v 0.014168 0.04 -0.010768
v 0.014168 0.04 -0.008232
v 0.013232 0.04 -0.008232
v 0.013232 0.04 -0.010768
v 0.014168 0.04 -0.008232
v 0.014168 0.03996134 -0.008138662
v 0.013232 0.03996134 -0.008138662
v 0.013232 0.04 -0.008232
v 0.013232 0.04 -0.010768
v 0.013232 0.04 -0.008232
v 0.01313866 0.03996134 -0.008232
v 0.01313866 0.03996134 -0.010768
v 0.014168 0.02003866 -0.01086134
v 0.014168 0.020132 -0.0109
v 0.013232 0.020132 -0.0109
v 0.013232 0.02003866 -0.01086134
v 0.01426134 0.020132 -0.01086134
v 0.01426134 0.039868 -0.01086134
v 0.014168 0.039868 -0.0109
v 0.014168 0.020132 -0.0109
v 0.014168 0.020132 -0.0109
v 0.014168 0.039868 -0.0109
v 0.013232 0.039868 -0.0109
v 0.013232 0.020132 -0.0109
v 0.013232 0.020132 -0.0109
v 0.013232 0.039868 -0.0109
v 0.01313866 0.039868 -0.01086134
v 0.01313866 0.020132 -0.01086134
v 0.014168 0.039868 -0.0109
v 0.014168 0.03996134 -0.01086134
v 0.013232 0.03996134 -0.01086134
v 0.013232 0.039868 -0.0109
v 0.014168 0.02003866 -0.008138662
v 0.013232 0.02003866 -0.008138662
v 0.013232 0.020132 -0.008100001
v 0.014168 0.020132 -0.008100001
v 0.01426134 0.020132 -0.008138662
v 0.014168 0.020132 -0.008100001
v 0.014168 0.039868 -0.008100001
v 0.01426134 0.039868 -0.008138662
v 0.014168 0.020132 -0.008100001
v 0.013232 0.020132 -0.008100001
v 0.013232 0.039868 -0.008100001
v 0.014168 0.039868 -0.008100001
v 0.013232 0.020132 -0.008100001
v 0.01313866 0.020132 -0.008138662
v 0.01313866 0.039868 -0.008138662
v 0.013232 0.039868 -0.008100001
v 0.014168 0.039868 -0.008100001
v 0.013232 0.039868 -0.008100001
v 0.013232 0.03996134 -0.008138662
v 0.014168 0.03996134 -0.008138662
v -0.01313866 0.020132 0.1351387
v -0.0131 0.020132 0.135232
v -0.0131 0.039868 0.135232
v -0.01313866 0.039868 0.1351387
v -0.01313866 0.02003866 0.135232
v -0.01313866 0.02003866 0.137768
v -0.0131 0.020132 0.137768
v -0.0131 0.020132 0.135232
v -0.0131 0.020132 0.135232
v -0.0131 0.020132 0.137768
v -0.0131 0.039868 0.137768
v -0.0131 0.039868 0.135232
v -0.0131 0.039868 0.135232
v -0.0131 0.039868 0.137768
v -0.01313866 0.03996134 0.137768
v -0.01313866 0.03996134 0.135232
v -0.0131 0.020132 0.137768
v -0.01313866 0.020132 0.1378613
v -0.01313866 0.039868 0.1378613
v -0.0131 0.039868 0.137768
v -0.01426134 0.020132 0.1351387
v -0.01426134 0.039868 0.1351387
v -0.0143 0.039868 0.135232
v -0.0143 0.020132 0.135232
v -0.01426134 0.02003866 0.135232
v -0.0143 0.020132 0.135232
v -0.0143 0.020132 0.137768
v -0.01426134 0.02003866 0.137768
v -0.0143 0.020132 0.135232
v -0.0143 0.039868 0.135232
v -0.0143 0.039868 0.137768
v -0.0143 0.020132 0.137768
v -0.0143 0.039868 0.135232
v -0.01426134 0.03996134 0.135232
v -0.01426134 0.03996134 0.137768
v -0.0143 0.039868 0.137768
v -0.0143 0.020132 0.137768
v -0.0143 0.039868 0.137768
v -0.01426134 0.039868 0.1378613
v -0.01426134 0.020132 0.1378613
v -0.01313866 0.02003866 0.135232
v -0.013232 0.02 0.135232
v -0.013232 0.02 0.137768
v -0.01313866 0.02003866 0.137768
v -0.013232 0.02003866 0.1351387
v -0.014168 0.02003866 0.1351387
v -0.014168 0.02 0.135232
v -0.013232 0.02 0.135232
v -0.013232 0.02 0.135232
v -0.014168 0.02 0.135232
v -0.014168 0.02 0.137768
v -0.013232 0.02 0.137768
v -0.013232 0.02 0.137768
v -0.014168 0.02 0.137768
v -0.014168 0.02003866 0.1378613
v -0.013232 0.02003866 0.1378613
v -0.014168 0.02 0.135232
v -0.01426134 0.02003866 0.135232
v -0.01426134 0.02003866 0.137768
v -0.014168 0.02 0.137768
v -0.01313866 0.03996134 0.135232
v -0.01313866 0.03996134 0.137768
v -0.013232 0.04 0.137768
v -0.013232 0.04 0.135232
v -0.013232 0.03996134 0.1351387
v -0.013232 0.04 0.135232
v -0.014168 0.04 0.135232
v -0.014168 0.03996134 0.1351387
v -0.013232 0.04 0.135232
v -0.013232 0.04 0.137768
v -0.014168 0.04 0.137768
v -0.014168 0.04 0.135232
v -0.013232 0.04 0.137768
v -0.013232 0.03996134 0.1378613
v -0.014168 0.03996134 0.1378613
v -0.014168 0.04 0.137768
v -0.014168 0.04 0.135232
v -0.014168 0.04 0.137768
v -0.01426134 0.03996134 0.137768
v -0.01426134 0.03996134 0.135232
v -0.013232 0.02003866 0.1351387
v -0.013232 0.020132 0.1351
v -0.014168 0.020132 0.1351
v -0.014168 0.02003866 0.1351387
v -0.01313866 0.020132 0.1351387
v -0.01313866 0.039868 0.1351387
v -0.013232 0.039868 0.1351
v -0.013232 0.020132 0.1351
v -0.013232 0.020132 0.1351
v -0.013232 0.039868 0.1351
v -0.014168 0.039868 0.1351
v -0.014168 0.020132 0.1351
v -0.014168 0.020132 0.1351
v -0.014168 0.039868 0.1351
v -0.01426134 0.039868 0.1351387
v -0.01426134 0.020132 0.1351387
v -0.013232 0.039868 0.1351
v -0.013232 0.03996134 0.1351387
v -0.014168 0.03996134 0.1351387
v -0.014168 0.039868 0.1351
v -0.013232 0.02003866 0.1378613
v -0.014168 0.02003866 0.1378613
v -0.014168 0.020132 0.1379
v -0.013232 0.020132 0.1379
v -0.01313866 0.020132 0.1378613
v -0.013232 0.020132 0.1379
v -0.013232 0.039868 0.1379
v -0.01313866 0.039868 0.1378613
v -0.013232 0.020132 0.1379
v -0.014168 0.020132 0.1379
v -0.014168 0.039868 0.1379
v -0.013232 0.039868 0.1379
v -0.014168 0.020132 0.1379
v -0.01426134 0.020132 0.1378613
v -0.01426134 0.039868 0.1378613
v -0.014168 0.039868 0.1379
v -0.013232 0.039868 0.1379
v -0.014168 0.039868 0.1379
v -0.014168 0.03996134 0.1378613
v -0.013232 0.03996134 0.1378613
v 0.01426134 0.020132 0.1351387
v 0.0143 0.020132 0.135232
v 0.0143 0.039868 0.135232
v 0.01426134 0.039868 0.1351387
v 0.01426134 0.02003866 0.135232
v 0.01426134 0.02003866 0.137768
v 0.0143 0.020132 0.137768
v 0.0143 0.020132 0.135232
v 0.0143 0.020132 0.135232
v 0.0143 0.020132 0.137768
v 0.0143 0.039868 0.137768
v 0.0143 0.039868 0.135232
v 0.0143 0.039868 0.135232
v 0.0143 0.039868 0.137768
v 0.01426134 0.03996134 0.137768
v 0.01426134 0.03996134 0.135232
v 0.0143 0.020132 0.137768
v 0.01426134 0.020132 0.1378613
v 0.01426134 0.039868 0.1378613
v 0.0143 0.039868 0.137768
v 0.01313866 0.020132 0.1351387
v 0.01313866 0.039868 0.1351387
v 0.0131 0.039868 0.135232
v 0.0131 0.020132 0.135232
v 0.01313866 0.02003866 0.135232
v 0.0131 0.020132 0.135232
v 0.0131 0.020132 0.137768
v 0.01313866 0.02003866 0.137768
v 0.0131 0.020132 0.135232
v 0.0131 0.039868 0.135232
v 0.0131 0.039868 0.137768
v 0.0131 0.020132 0.137768
v 0.0131 0.039868 0.135232
v 0.01313866 0.03996134 0.135232
v 0.01313866 0.03996134 0.137768
v 0.0131 0.039868 0.137768
v 0.0131 0.020132 0.137768
v 0.0131 0.039868 0.137768
v 0.01313866 0.039868 0.1378613
v 0.01313866 0.020132 0.1378613
v 0.01426134 0.02003866 0.135232
v 0.014168 0.02 0.135232
v 0.014168 0.02 0.137768
v 0.01426134 0.02003866 0.137768
v 0.014168 0.02003866 0.1351387
v 0.013232 0.02003866 0.1351387
v 0.013232 0.02 0.135232
v 0.014168 0.02 0.135232
v 0.014168 0.02 0.135232
v 0.013232 0.02 0.135232
v 0.013232 0.02 0.137768
v 0.014168 0.02 0.137768
v 0.014168 0.02 0.137768
v 0.013232 0.02 0.137768
v 0.013232 0.02003866 0.1378613
v 0.014168 0.02003866 0.1378613
v 0.013232 0.02 0.135232
v 0.01313866 0.02003866 0.135232
v 0.01313866 0.02003866 0.137768
v 0.013232 0.02 0.137768
v 0.01426134 0.03996134 0.135232
v 0.01426134 0.03996134 0.137768
v 0.014168 0.04 0.137768
v 0.014168 0.04 0.135232
v 0.014168 0.03996134 0.1351387
v 0.014168 0.04 0.135232
v 0.013232 0.04 0.135232
v 0.013232 0.03996134 0.1351387
v 0.014168 0.04 0.135232
v 0.014168 0.04 0.137768
v 0.013232 0.04 0.137768
v 0.013232 0.04 0.135232
v 0.014168 0.04 0.137768
v 0.014168 0.03996134 0.1378613
v 0.013232 0.03996134 0.1378613
v 0.013232 0.04 0.137768
v 0.013232 0.04 0.135232
v 0.013232 0.04 0.137768
v 0.01313866 0.03996134 0.137768
v 0.01313866 0.03996134 0.135232
v 0.014168 0.02003866 0.1351387
v 0.014168 0.020132 0.1351
v 0.013232 0.020132 0.1351
v 0.013232 0.02003866 0.1351387
v 0.01426134 0.020132 0.1351387
v 0.01426134 0.039868 0.1351387
v 0.014168 0.039868 0.1351
v 0.014168 0.020132 0.1351
v 0.014168 0.020132 0.1351
v 0.014168 0.039868 0.1351
v 0.013232 0.039868 0.1351
v 0.013232 0.020132 0.1351
v 0.013232 0.020132 0.1351
v 0.013232 0.039868 0.1351
v 0.01313866 0.039868 0.1351387
v 0.01313866 0.020132 0.1351387
v 0.014168 0.039868 0.1351
v 0.014168 0.03996134 0.1351387
v 0.013232 0.03996134 0.1351387
v 0.013232 0.039868 0.1351
v 0.014168 0.02003866 0.1378613
v 0.013232 0.02003866 0.1378613
v 0.013232 0.020132 0.1379
v 0.014168 0.020132 0.1379
v 0.01426134 0.020132 0.1378613
v 0.014168 0.020132 0.1379
v 0.014168 0.039868 0.1379
v 0.01426134 0.039868 0.1378613
v 0.014168 0.020132 0.1379
v 0.013232 0.020132 0.1379
v 0.013232 0.039868 0.1379
v 0.014168 0.039868 0.1379
v 0.013232 0.020132 0.1379
v 0.01313866 0.020132 0.1378613
v 0.01313866 0.039868 0.1378613
v 0.013232 0.039868 0.1379
v 0.014168 0.039868 0.1379
v 0.013232 0.039868 0.1379
v 0.013232 0.03996134 0.1378613
v 0.014168 0.03996134 0.1378613
v -0.01313866 0.020132 -0.004361338
v -0.0131 0.020132 -0.004268
v -0.0131 0.039868 -0.004268
v -0.01313866 0.039868 -0.004361338
v -0.01313866 0.02003866 -0.004268
v -0.01313866 0.02003866 -0.001732
v -0.0131 0.020132 -0.001732
v -0.0131 0.020132 -0.004268
v -0.0131 0.020132 -0.004268
v -0.0131 0.020132 -0.001732
v -0.0131 0.039868 -0.001732
v -0.0131 0.039868 -0.004268
v -0.0131 0.039868 -0.004268
v -0.0131 0.039868 -0.001732
v -0.01313866 0.03996134 -0.001732
v -0.01313866 0.03996134 -0.004268
v -0.0131 0.020132 -0.001732
v -0.01313866 0.020132 -0.001638662
v -0.01313866 0.039868 -0.001638662
v -0.0131 0.039868 -0.001732
v -0.01426134 0.020132 -0.004361338
v -0.01426134 0.039868 -0.004361338
v -0.0143 0.039868 -0.004268
v -0.0143 0.020132 -0.004268
v -0.01426134 0.02003866 -0.004268
v -0.0143 0.020132 -0.004268
v -0.0143 0.020132 -0.001732
v -0.01426134 0.02003866 -0.001732
v -0.0143 0.020132 -0.004268
v -0.0143 0.039868 -0.004268
v -0.0143 0.039868 -0.001732
v -0.0143 0.020132 -0.001732
v -0.0143 0.039868 -0.004268
v -0.01426134 0.03996134 -0.004268
v -0.01426134 0.03996134 -0.001732
v -0.0143 0.039868 -0.001732
v -0.0143 0.020132 -0.001732
v -0.0143 0.039868 -0.001732
v -0.01426134 0.039868 -0.001638662
v -0.01426134 0.020132 -0.001638662
v -0.01313866 0.02003866 -0.004268
v -0.013232 0.02 -0.004268
v -0.013232 0.02 -0.001732
v -0.01313866 0.02003866 -0.001732
v -0.013232 0.02003866 -0.004361338
v -0.014168 0.02003866 -0.004361338
v -0.014168 0.02 -0.004268
v -0.013232 0.02 -0.004268
v -0.013232 0.02 -0.004268
v -0.014168 0.02 -0.004268
v -0.014168 0.02 -0.001732
v -0.013232 0.02 -0.001732
v -0.013232 0.02 -0.001732
v -0.014168 0.02 -0.001732
v -0.014168 0.02003866 -0.001638662
v -0.013232 0.02003866 -0.001638662
v -0.014168 0.02 -0.004268
v -0.01426134 0.02003866 -0.004268
v -0.01426134 0.02003866 -0.001732
v -0.014168 0.02 -0.001732
v -0.01313866 0.03996134 -0.004268
v -0.01313866 0.03996134 -0.001732
v -0.013232 0.04 -0.001732
v -0.013232 0.04 -0.004268
v -0.013232 0.03996134 -0.004361338
v -0.013232 0.04 -0.004268
v -0.014168 0.04 -0.004268
v -0.014168 0.03996134 -0.004361338
v -0.013232 0.04 -0.004268
v -0.013232 0.04 -0.001732
v -0.014168 0.04 -0.001732
v -0.014168 0.04 -0.004268
v -0.013232 0.04 -0.001732
v -0.013232 0.03996134 -0.001638662
v -0.014168 0.03996134 -0.001638662
v -0.014168 0.04 -0.001732
v -0.014168 0.04 -0.004268
v -0.014168 0.04 -0.001732
v -0.01426134 0.03996134 -0.001732
v -0.01426134 0.03996134 -0.004268
v -0.013232 0.02003866 -0.004361338
v -0.013232 0.020132 -0.0044
v -0.014168 0.020132 -0.0044
v -0.014168 0.02003866 -0.004361338
v -0.01313866 0.020132 -0.004361338
v -0.01313866 0.039868 -0.004361338
v -0.013232 0.039868 -0.0044
v -0.013232 0.020132 -0.0044
v -0.013232 0.020132 -0.0044
v -0.013232 0.039868 -0.0044
v -0.014168 0.039868 -0.0044
v -0.014168 0.020132 -0.0044
v -0.014168 0.020132 -0.0044
v -0.014168 0.039868 -0.0044
v -0.01426134 0.039868 -0.004361338
v -0.01426134 0.020132 -0.004361338
v -0.013232 0.039868 -0.0044
v -0.013232 0.03996134 -0.004361338
v -0.014168 0.03996134 -0.004361338
v -0.014168 0.039868 -0.0044
v -0.013232 0.02003866 -0.001638662
v -0.014168 0.02003866 -0.001638662
v -0.014168 0.020132 -0.001600001
v -0.013232 0.020132 -0.001600001
v -0.01313866 0.020132 -0.001638662
v -0.013232 0.020132 -0.001600001
v -0.013232 0.039868 -0.001600001
v -0.01313866 0.039868 -0.001638662
v -0.013232 0.020132 -0.001600001
v -0.014168 0.020132 -0.001600001
v -0.014168 0.039868 -0.001600001
v -0.013232 0.039868 -0.001600001
v -0.014168 0.020132 -0.001600001
v -0.01426134 0.020132 -0.001638662
v -0.01426134 0.039868 -0.001638662
v -0.014168 0.039868 -0.001600001
v -0.013232 0.039868 -0.001600001
v -0.014168 0.039868 -0.001600001
v -0.014168 0.03996134 -0.001638662
v -0.013232 0.03996134 -0.001638662
v 0.01426134 0.020132 -0.004361338
v 0.0143 0.020132 -0.004268
v 0.0143 0.039868 -0.004268
v 0.01426134 0.039868 -0.004361338
v 0.01426134 0.02003866 -0.004268
v 0.01426134 0.02003866 -0.001732
v 0.0143 0.020132 -0.001732
v 0.0143 0.020132 -0.004268
v 0.0143 0.020132 -0.004268
v 0.0143 0.020132 -0.001732
v 0.0143 0.039868 -0.001732
v 0.0143 0.039868 -0.004268
v 0.0143 0.039868 -0.004268
v 0.0143 0.039868 -0.001732
v 0.01426134 0.03996134 -0.001732
v 0.01426134 0.03996134 -0.004268
v 0.0143 0.020132 -0.001732
v 0.01426134 0.020132 -0.001638662
v 0.01426134 0.039868 -0.001638662
v 0.0143 0.039868 -0.001732
v 0.01313866 0.020132 -0.004361338
v 0.01313866 0.039868 -0.004361338
v 0.0131 0.039868 -0.004268
v 0.0131 0.020132 -0.004268
v 0.01313866 0.02003866 -0.004268
v 0.0131 0.020132 -0.004268
v 0.0131 0.020132 -0.001732
v 0.01313866 0.02003866 -0.001732
v 0.0131 0.020132 -0.004268
v 0.0131 0.039868 -0.004268
v 0.0131 0.039868 -0.001732
v 0.0131 0.020132 -0.001732
v 0.0131 0.039868 -0.004268
v 0.01313866 0.03996134 -0.004268
v 0.01313866 0.03996134 -0.001732
v 0.0131 0.039868 -0.001732
v 0.0131 0.020132 -0.001732
v 0.0131 0.039868 -0.001732
v 0.01313866 0.039868 -0.001638662
v 0.01313866 0.020132 -0.001638662
v 0.01426134 0.02003866 -0.004268
v 0.014168 0.02 -0.004268
v 0.014168 0.02 -0.001732
v 0.01426134 0.02003866 -0.001732
v 0.014168 0.02003866 -0.004361338
v 0.013232 0.02003866 -0.004361338
v 0.013232 0.02 -0.004268
v 0.014168 0.02 -0.004268
v 0.014168 0.02 -0.004268
v 0.013232 0.02 -0.004268
v 0.013232 0.02 -0.001732
v 0.014168 0.02 -0.001732
v 0.014168 0.02 -0.001732
v 0.013232 0.02 -0.001732
v 0.013232 0.02003866 -0.001638662
v 0.014168 0.02003866 -0.001638662
v 0.013232 0.02 -0.004268
v 0.01313866 0.02003866 -0.004268
v 0.01313866 0.02003866 -0.001732
v 0.013232 0.02 -0.001732
v 0.01426134 0.03996134 -0.004268
v 0.01426134 0.03996134 -0.001732
v 0.014168 0.04 -0.001732
v 0.014168 0.04 -0.004268
v 0.014168 0.03996134 -0.004361338
v 0.014168 0.04 -0.004268
v 0.013232 0.04 -0.004268
v 0.013232 0.03996134 -0.004361338
v 0.014168 0.04 -0.004268
v 0.014168 0.04 -0.001732
v 0.013232 0.04 -0.001732
v 0.013232 0.04 -0.004268
v 0.014168 0.04 -0.001732
v 0.014168 0.03996134 -0.001638662
v 0.013232 0.03996134 -0.001638662
v 0.013232 0.04 -0.001732
v 0.013232 0.04 -0.004268
v 0.013232 0.04 -0.001732
v 0.01313866 0.03996134 -0.001732
v 0.01313866 0.03996134 -0.004268
v 0.014168 0.02003866 -0.004361338
v 0.014168 0.020132 -0.0044
v 0.013232 0.020132 -0.0044
v 0.013232 0.02003866 -0.004361338
v 0.01426134 0.020132 -0.004361338
v 0.01426134 0.039868 -0.004361338
v 0.014168 0.039868 -0.0044
v 0.014168 0.020132 -0.0044
v 0.014168 0.020132 -0.0044
v 0.014168 0.039868 -0.0044
v 0.013232 0.039868 -0.0044
v 0.013232 0.020132 -0.0044
v 0.013232 0.020132 -0.0044
v 0.013232 0.039868 -0.0044
v 0.01313866 0.039868 -0.004361338
v 0.01313866 0.020132 -0.004361338
v 0.014168 0.039868 -0.0044
v 0.014168 0.03996134 -0.004361338
v 0.013232 0.03996134 -0.004361338
v 0.013232 0.039868 -0.0044
v 0.014168 0.02003866 -0.001638662
v 0.013232 0.02003866 -0.001638662
v 0.013232 0.020132 -0.001600001
v 0.014168 0.020132 -0.001600001
v 0.01426134 0.020132 -0.001638662
v 0.014168 0.020132 -0.001600001
v 0.014168 0.039868 -0.001600001
v 0.01426134 0.039868 -0.001638662
v 0.014168 0.020132 -0.001600001
v 0.013232 0.020132 -0.001600001
v 0.013232 0.039868 -0.001600001
v 0.014168 0.039868 -0.001600001
v 0.013232 0.020132 -0.001600001
v 0.01313866 0.020132 -0.001638662
v 0.01313866 0.039868 -0.001638662
v 0.013232 0.039868 -0.001600001
v 0.014168 0.039868 -0.001600001
v 0.013232 0.039868 -0.001600001
v 0.013232 0.03996134 -0.001638662
v 0.014168 0.03996134 -0.001638662
v -0.01313866 0.020132 0.1416387
v -0.0131 0.020132 0.141732
v -0.0131 0.039868 0.141732
v -0.01313866 0.039868 0.1416387
v -0.01313866 0.02003866 0.141732
v -0.01313866 0.02003866 0.144268
v -0.0131 0.020132 0.144268
v -0.0131 0.020132 0.141732
v -0.0131 0.020132 0.141732
v -0.0131 0.020132 0.144268
v -0.0131 0.039868 0.144268
v -0.0131 0.039868 0.141732
v -0.0131 0.039868 0.141732
v -0.0131 0.039868 0.144268
v -0.01313866 0.03996134 0.144268
v -0.01313866 0.03996134 0.141732
v -0.0131 0.020132 0.144268
v -0.01313866 0.020132 0.1443613
v -0.01313866 0.039868 0.1443613
v -0.0131 0.039868 0.144268
v -0.01426134 0.020132 0.1416387
v -0.01426134 0.039868 0.1416387
v -0.0143 0.039868 0.141732
v -0.0143 0.020132 0.141732
v -0.01426134 0.02003866 0.141732
v -0.0143 0.020132 0.141732
v -0.0143 0.020132 0.144268
v -0.01426134 0.02003866 0.144268
v -0.0143 0.020132 0.141732
v -0.0143 0.039868 0.141732
v -0.0143 0.039868 0.144268
v -0.0143 0.020132 0.144268
v -0.0143 0.039868 0.141732
v -0.01426134 0.03996134 0.141732
v -0.01426134 0.03996134 0.144268
v -0.0143 0.039868 0.144268
v -0.0143 0.020132 0.144268
v -0.0143 0.039868 0.144268
v -0.01426134 0.039868 0.1443613
v -0.01426134 0.020132 0.1443613
v -0.01313866 0.02003866 0.141732
v -0.013232 0.02 0.141732
v -0.013232 0.02 0.144268
v -0.01313866 0.02003866 0.144268
v -0.013232 0.02003866 0.1416387
v -0.014168 0.02003866 0.1416387
v -0.014168 0.02 0.141732
v -0.013232 0.02 0.141732
v -0.013232 0.02 0.141732
v -0.014168 0.02 0.141732
v -0.014168 0.02 0.144268
v -0.013232 0.02 0.144268
v -0.013232 0.02 0.144268
v -0.014168 0.02 0.144268
v -0.014168 0.02003866 0.1443613
v -0.013232 0.02003866 0.1443613
v -0.014168 0.02 0.141732
v -0.01426134 0.02003866 0.141732
v -0.01426134 0.02003866 0.144268
v -0.014168 0.02 0.144268
v -0.01313866 0.03996134 0.141732
v -0.01313866 0.03996134 0.144268
v -0.013232 0.04 0.144268
v -0.013232 0.04 0.141732
v -0.013232 0.03996134 0.1416387
v -0.013232 0.04 0.141732
v -0.014168 0.04 0.141732
v -0.014168 0.03996134 0.1416387
v -0.013232 0.04 0.141732
v -0.013232 0.04 0.144268
v -0.014168 0.04 0.144268
v -0.014168 0.04 0.141732
v -0.013232 0.04 0.144268
v -0.013232 0.03996134 0.1443613
v -0.014168 0.03996134 0.1443613
v -0.014168 0.04 0.144268
v -0.014168 0.04 0.141732
v -0.014168 0.04 0.144268
v -0.01426134 0.03996134 0.144268
v -0.01426134 0.03996134 0.141732
v -0.013232 0.02003866 0.1416387
v -0.013232 0.020132 0.1416
v -0.014168 0.020132 0.1416
v -0.014168 0.02003866 0.1416387
v -0.01313866 0.020132 0.1416387
v -0.01313866 0.039868 0.1416387
v -0.013232 0.039868 0.1416
v -0.013232 0.020132 0.1416
v -0.013232 0.020132 0.1416
v -0.013232 0.039868 0.1416
v -0.014168 0.039868 0.1416
v -0.014168 0.020132 0.1416
v -0.014168 0.020132 0.1416
v -0.014168 0.039868 0.1416
v -0.01426134 0.039868 0.1416387
v -0.01426134 0.020132 0.1416387
v -0.013232 0.039868 0.1416
v -0.013232 0.03996134 0.1416387
v -0.014168 0.03996134 0.1416387
v -0.014168 0.039868 0.1416
v -0.013232 0.02003866 0.1443613
v -0.014168 0.02003866 0.1443613
v -0.014168 0.020132 0.1444
v -0.013232 0.020132 0.1444
v -0.01313866 0.020132 0.1443613
v -0.013232 0.020132 0.1444
v -0.013232 0.039868 0.1444
v -0.01313866 0.039868 0.1443613
v -0.013232 0.020132 0.1444
v -0.014168 0.020132 0.1444
v -0.014168 0.039868 0.1444
v -0.013232 0.039868 0.1444
v -0.014168 0.020132 0.1444
v -0.01426134 0.020132 0.1443613
v -0.01426134 0.039868 0.1443613
v -0.014168 0.039868 0.1444
v -0.013232 0.039868 0.1444
v -0.014168 0.039868 0.1444
v -0.014168 0.03996134 0.1443613
v -0.013232 0.03996134 0.1443613
v 0.01426134 0.020132 0.1416387
v 0.0143 0.020132 0.141732
v 0.0143 0.039868 0.141732
v 0.01426134 0.039868 0.1416387
v 0.01426134 0.02003866 0.141732
v 0.01426134 0.02003866 0.144268
v 0.0143 0.020132 0.144268
v 0.0143 0.020132 0.141732
v 0.0143 0.020132 0.141732
v 0.0143 0.020132 0.144268
v 0.0143 0.039868 0.144268
v 0.0143 0.039868 0.141732
v 0.0143 0.039868 0.141732
v 0.0143 0.039868 0.144268
v 0.01426134 0.03996134 0.144268
v 0.01426134 0.03996134 0.141732
v 0.0143 0.020132 0.144268
v 0.01426134 0.020132 0.1443613
v 0.01426134 0.039868 0.1443613
v 0.0143 0.039868 0.144268
v 0.01313866 0.020132 0.1416387
v 0.01313866 0.039868 0.1416387
v 0.0131 0.039868 0.141732
v 0.0131 0.020132 0.141732
v 0.01313866 0.02003866 0.141732
v 0.0131 0.020132 0.141732
v 0.0131 0.020132 0.144268
v 0.01313866 0.02003866 0.144268
v 0.0131 0.020132 0.141732
v 0.0131 0.039868 0.141732
v 0.0131 0.039868 0.144268
v 0.0131 0.020132 0.144268
v 0.0131 0.039868 0.141732
v 0.01313866 0.03996134 0.141732
v 0.01313866 0.03996134 0.144268
v 0.0131 0.039868 0.144268
v 0.0131 0.020132 0.144268
v 0.0131 0.039868 0.144268
v 0.01313866 0.039868 0.1443613
v 0.01313866 0.020132 0.1443613
v 0.01426134 0.02003866 0.141732
v 0.014168 0.02 0.141732
v 0.014168 0.02 0.144268
v 0.01426134 0.02003866 0.144268
v 0.014168 0.02003866 0.1416387
v 0.013232 0.02003866 0.1416387
v 0.013232 0.02 0.141732
v 0.014168 0.02 0.141732
v 0.014168 0.02 0.141732
v 0.013232 0.02 0.141732
v 0.013232 0.02 0.144268
v 0.014168 0.02 0.144268
v 0.014168 0.02 0.144268
v 0.013232 0.02 0.144268
v 0.013232 0.02003866 0.1443613
v 0.014168 0.02003866 0.1443613
v 0.013232 0.02 0.141732
v 0.01313866 0.02003866 0.141732
v 0.01313866 0.02003866 0.144268
v 0.013232 0.02 0.144268
v 0.01426134 0.03996134 0.141732
v 0.01426134 0.03996134 0.144268
v 0.014168 0.04 0.144268
v 0.014168 0.04 0.141732
v 0.014168 0.03996134 0.1416387
v 0.014168 0.04 0.141732
v 0.013232 0.04 0.141732
v 0.013232 0.03996134 0.1416387
v 0.014168 0.04 0.141732
v 0.014168 0.04 0.144268
v 0.013232 0.04 0.144268
v 0.013232 0.04 0.141732
v 0.014168 0.04 0.144268
v 0.014168 0.03996134 0.1443613
v 0.013232 0.03996134 0.1443613
v 0.013232 0.04 0.144268
v 0.013232 0.04 0.141732
v 0.013232 0.04 0.144268
v 0.01313866 0.03996134 0.144268
v 0.01313866 0.03996134 0.141732
v 0.014168 0.02003866 0.1416387
v 0.014168 0.020132 0.1416
v 0.013232 0.020132 0.1416
v 0.013232 0.02003866 0.1416387
v 0.01426134 0.020132 0.1416387
v 0.01426134 0.039868 0.1416387
v 0.014168 0.039868 0.1416
v 0.014168 0.020132 0.1416
v 0.014168 0.020132 0.1416
v 0.014168 0.039868 0.1416
v 0.013232 0.039868 0.1416
v 0.013232 0.020132 0.1416
v 0.013232 0.020132 0.1416
v 0.013232 0.039868 0.1416
v 0.01313866 0.039868 0.1416387
v 0.01313866 0.020132 0.1416387
v 0.014168 0.039868 0.1416
v 0.014168 0.03996134 0.1416387
v 0.013232 0.03996134 0.1416387
v 0.013232 0.039868 0.1416
v 0.014168 0.02003866 0.1443613
v 0.013232 0.02003866 0.1443613
v 0.013232 0.020132 0.1444
v 0.014168 0.020132 0.1444
v 0.01426134 0.020132 0.1443613
v 0.014168 0.020132 0.1444
v 0.014168 0.039868 0.1444
v 0.01426134 0.039868 0.1443613
v 0.014168 0.020132 0.1444
v 0.013232 0.020132 0.1444
v 0.013232 0.039868 0.1444
v 0.014168 0.039868 0.1444
v 0.013232 0.020132 0.1444
v 0.01313866 0.020132 0.1443613
v 0.01313866 0.039868 0.1443613
v 0.013232 0.039868 0.1444
v 0.014168 0.039868 0.1444
v 0.013232 0.039868 0.1444
v 0.013232 0.03996134 0.1443613
v 0.014168 0.03996134 0.1443613
v -0.01313866 0.020132 0.002138662
v -0.0131 0.020132 0.002232
v -0.0131 0.039868 0.002232
v -0.01313866 0.039868 0.002138662
v -0.01313866 0.02003866 0.002232
v -0.01313866 0.02003866 0.004768
v -0.0131 0.020132 0.004768
v -0.0131 0.020132 0.002232
v -0.0131 0.020132 0.002232
v -0.0131 0.020132 0.004768
v -0.0131 0.039868 0.004768
v -0.0131 0.039868 0.002232
v -0.0131 0.039868 0.002232
v -0.0131 0.039868 0.004768
v -0.01313866 0.03996134 0.004768
v -0.01313866 0.03996134 0.002232
v -0.0131 0.020132 0.004768
v -0.01313866 0.020132 0.004861338
v -0.01313866 0.039868 0.004861338
v -0.0131 0.039868 0.004768
v -0.01426134 0.020132 0.002138662
v -0.01426134 0.039868 0.002138662
v -0.0143 0.039868 0.002232
v -0.0143 0.020132 0.002232
v -0.01426134 0.02003866 0.002232
v -0.0143 0.020132 0.002232
v -0.0143 0.020132 0.004768
v -0.01426134 0.02003866 0.004768
v -0.0143 0.020132 0.002232
v -0.0143 0.039868 0.002232
v -0.0143 0.039868 0.004768
v -0.0143 0.020132 0.004768
v -0.0143 0.039868 0.002232
v -0.01426134 0.03996134 0.002232
v -0.01426134 0.03996134 0.004768
v -0.0143 0.039868 0.004768
v -0.0143 0.020132 0.004768
v -0.0143 0.039868 0.004768
v -0.01426134 0.039868 0.004861338
v -0.01426134 0.020132 0.004861338
v -0.01313866 0.02003866 0.002232
v -0.013232 0.02 0.002232
v -0.013232 0.02 0.004768
v -0.01313866 0.02003866 0.004768
v -0.013232 0.02003866 0.002138662
v -0.014168 0.02003866 0.002138662
v -0.014168 0.02 0.002232
v -0.013232 0.02 0.002232
v -0.013232 0.02 0.002232
v -0.014168 0.02 0.002232
v -0.014168 0.02 0.004768
v -0.013232 0.02 0.004768
v -0.013232 0.02 0.004768
v -0.014168 0.02 0.004768
v -0.014168 0.02003866 0.004861338
v -0.013232 0.02003866 0.004861338
v -0.014168 0.02 0.002232
v -0.01426134 0.02003866 0.002232
v -0.01426134 0.02003866 0.004768
v -0.014168 0.02 0.004768
v -0.01313866 0.03996134 0.002232
v -0.01313866 0.03996134 0.004768
v -0.013232 0.04 0.004768
v -0.013232 0.04 0.002232
v -0.013232 0.03996134 0.002138662
v -0.013232 0.04 0.002232
v -0.014168 0.04 0.002232
v -0.014168 0.03996134 0.002138662
v -0.013232 0.04 0.002232
v -0.013232 0.04 0.004768
v -0.014168 0.04 0.004768
v -0.014168 0.04 0.002232
v -0.013232 0.04 0.004768
v -0.013232 0.03996134 0.004861338
v -0.014168 0.03996134 0.004861338
v -0.014168 0.04 0.004768
v -0.014168 0.04 0.002232
v -0.014168 0.04 0.004768
v -0.01426134 0.03996134 0.004768
v -0.01426134 0.03996134 0.002232
v -0.013232 0.02003866 0.002138662
v -0.013232 0.020132 0.0021
v -0.014168 0.020132 0.0021
v -0.014168 0.02003866 0.002138662
v -0.01313866 0.020132 0.002138662
v -0.01313866 0.039868 0.002138662
v -0.013232 0.039868 0.0021
v -0.013232 0.020132 0.0021
v -0.013232 0.020132 0.0021
v -0.013232 0.039868 0.0021
v -0.014168 0.039868 0.0021
v -0.014168 0.020132 0.0021
v -0.014168 0.020132 0.0021
v -0.014168 0.039868 0.0021
v -0.01426134 0.039868 0.002138662
v -0.01426134 0.020132 0.002138662
v -0.013232 0.039868 0.0021
v -0.013232 0.03996134 0.002138662
v -0.014168 0.03996134 0.002138662
v -0.014168 0.039868 0.0021
v -0.013232 0.02003866 0.004861338
v -0.014168 0.02003866 0.004861338
v -0.014168 0.020132 0.0049
v -0.013232 0.020132 0.0049
v -0.01313866 0.020132 0.004861338
v -0.013232 0.020132 0.0049
v -0.013232 0.039868 0.0049
v -0.01313866 0.039868 0.004861338
v -0.013232 0.020132 0.0049
v -0.014168 0.020132 0.0049
v -0.014168 0.039868 0.0049
v -0.013232 0.039868 0.0049
v -0.014168 0.020132 0.0049
v -0.01426134 0.020132 0.004861338
v -0.01426134 0.039868 0.004861338
v -0.014168 0.039868 0.0049
v -0.013232 0.039868 0.0049
v -0.014168 0.039868 0.0049
v -0.014168 0.03996134 0.004861338
v -0.013232 0.03996134 0.004861338
v 0.01426134 0.020132 0.002138662
v 0.0143 0.020132 0.002232
v 0.0143 0.039868 0.002232
v 0.01426134 0.039868 0.002138662
v 0.01426134 0.02003866 0.002232
v 0.01426134 0.02003866 0.004768
v 0.0143 0.020132 0.004768
v 0.0143 0.020132 0.002232
v 0.0143 0.020132 0.002232
v 0.0143 0.020132 0.004768
v 0.0143 0.039868 0.004768
v 0.0143 0.039868 0.002232
v 0.0143 0.039868 0.002232
v 0.0143 0.039868 0.004768
v 0.01426134 0.03996134 0.004768
v 0.01426134 0.03996134 0.002232
v 0.0143 0.020132 0.004768
v 0.01426134 0.020132 0.004861338
v 0.01426134 0.039868 0.004861338
v 0.0143 0.039868 0.004768
v 0.01313866 0.020132 0.002138662
v 0.01313866 0.039868 0.002138662
v 0.0131 0.039868 0.002232
v 0.0131 0.020132 0.002232
v 0.01313866 0.02003866 0.002232
v 0.0131 0.020132 0.002232
v 0.0131 0.020132 0.004768
v 0.01313866 0.02003866 0.004768
v 0.0131 0.020132 0.002232
v 0.0131 0.039868 0.002232
v 0.0131 0.039868 0.004768
v 0.0131 0.020132 0.004768
v 0.0131 0.039868 0.002232
v 0.01313866 0.03996134 0.002232
v 0.01313866 0.03996134 0.004768
v 0.0131 0.039868 0.004768
v 0.0131 0.020132 0.004768
v 0.0131 0.039868 0.004768
v 0.01313866 0.039868 0.004861338
v 0.01313866 0.020132 0.004861338
v 0.01426134 0.02003866 0.002232
v 0.014168 0.02 0.002232
v 0.014168 0.02 0.004768
v 0.01426134 0.02003866 0.004768
v 0.014168 0.02003866 0.002138662
v 0.013232 0.02003866 0.002138662
v 0.013232 0.02 0.002232
v 0.014168 0.02 0.002232
v 0.014168 0.02 0.002232
v 0.013232 0.02 0.002232
v 0.013232 0.02 0.004768
v 0.014168 0.02 0.004768
v 0.014168 0.02 0.004768
v 0.013232 0.02 0.004768
v 0.013232 0.02003866 0.004861338
v 0.014168 0.02003866 0.004861338
v 0.013232 0.02 0.002232
v 0.01313866 0.02003866 0.002232
v 0.01313866 0.02003866 0.004768
v 0.013232 0.02 0.004768
v 0.01426134 0.03996134 0.002232
v 0.01426134 0.03996134 0.004768
v 0.014168 0.04 0.004768
v 0.014168 0.04 0.002232
v 0.014168 0.03996134 0.002138662
v 0.014168 0.04 0.002232
v 0.013232 0.04 0.002232
v 0.013232 0.03996134 0.002138662
v 0.014168 0.04 0.002232
v 0.014168 0.04 0.004768
v 0.013232 0.04 0.004768
v 0.013232 0.04 0.002232
v 0.014168 0.04 0.004768
v 0.014168 0.03996134 0.004861338
v 0.013232 0.03996134 0.004861338
v 0.013232 0.04 0.004768
v 0.013232 0.04 0.002232
v 0.013232 0.04 0.004768
v 0.01313866 0.03996134 0.004768
v 0.01313866 0.03996134 0.002232
v 0.014168 0.02003866 0.002138662
v 0.014168 0.020132 0.0021
v 0.013232 0.020132 0.0021
v 0.013232 0.02003866 0.002138662
v 0.01426134 0.020132 0.002138662
v 0.01426134 0.039868 0.002138662
v 0.014168 0.039868 0.0021
v 0.014168 0.020132 0.0021
v 0.014168 0.020132 0.0021
v 0.014168 0.039868 0.0021
v 0.013232 0.039868 0.0021
v 0.013232 0.020132 0.0021
v 0.013232 0.020132 0.0021
v 0.013232 0.039868 0.0021
v 0.01313866 0.039868 0.002138662
v 0.01313866 0.020132 0.002138662
v 0.014168 0.039868 0.0021
v 0.014168 0.03996134 0.002138662
v 0.013232 0.03996134 0.002138662
v 0.013232 0.039868 0.0021
v 0.014168 0.02003866 0.004861338
v 0.013232 0.02003866 0.004861338
v 0.013232 0.020132 0.0049
v 0.014168 0.020132 0.0049
v 0.01426134 0.020132 0.004861338
v 0.014168 0.020132 0.0049
v 0.014168 0.039868 0.0049
v 0.01426134 0.039868 0.004861338
v 0.014168 0.020132 0.0049
v 0.013232 0.020132 0.0049
v 0.013232 0.039868 0.0049
v 0.014168 0.039868 0.0049
v 0.013232 0.020132 0.0049
v 0.01313866 0.020132 0.004861338
v 0.01313866 0.039868 0.004861338
v 0.013232 0.039868 0.0049
v 0.014168 0.039868 0.0049
v 0.013232 0.039868 0.0049
v 0.013232 0.03996134 0.004861338
v 0.014168 0.03996134 0.004861338
v -0.01313866 0.020132 0.1481387
v -0.0131 0.020132 0.148232
v -0.0131 0.039868 0.148232
v -0.01313866 0.039868 0.1481387
v -0.01313866 0.02003866 0.148232
v -0.01313866 0.02003866 0.150768
v -0.0131 0.020132 0.150768
v -0.0131 0.020132 0.148232
v -0.0131 0.020132 0.148232
v -0.0131 0.020132 0.150768
v -0.0131 0.039868 0.150768
v -0.0131 0.039868 0.148232
v -0.0131 0.039868 0.148232
v -0.0131 0.039868 0.150768
v -0.01313866 0.03996134 0.150768
v -0.01313866 0.03996134 0.148232
v -0.0131 0.020132 0.150768
v -0.01313866 0.020132 0.1508613
v -0.01313866 0.039868 0.1508613
v -0.0131 0.039868 0.150768
v -0.01426134 0.020132 0.1481387
v -0.01426134 0.039868 0.1481387
v -0.0143 0.039868 0.148232
v -0.0143 0.020132 0.148232
v -0.01426134 0.02003866 0.148232
v -0.0143 0.020132 0.148232
v -0.0143 0.020132 0.150768
v -0.01426134 0.02003866 0.150768
v -0.0143 0.020132 0.148232
v -0.0143 0.039868 0.148232
v -0.0143 0.039868 0.150768
v -0.0143 0.020132 0.150768
v -0.0143 0.039868 0.148232
v -0.01426134 0.03996134 0.148232
v -0.01426134 0.03996134 0.150768
v -0.0143 0.039868 0.150768
v -0.0143 0.020132 0.150768
v -0.0143 0.039868 0.150768
v -0.01426134 0.039868 0.1508613
v -0.01426134 0.020132 0.1508613
v -0.01313866 0.02003866 0.148232
v -0.013232 0.02 0.148232
v -0.013232 0.02 0.150768
v -0.01313866 0.02003866 0.150768
v -0.013232 0.02003866 0.1481387
v -0.014168 0.02003866 0.1481387
v -0.014168 0.02 0.148232
v -0.013232 0.02 0.148232
v -0.013232 0.02 0.148232
v -0.014168 0.02 0.148232
v -0.014168 0.02 0.150768
v -0.013232 0.02 0.150768
v -0.013232 0.02 0.150768
v -0.014168 0.02 0.150768
v -0.014168 0.02003866 0.1508613
v -0.013232 0.02003866 0.1508613
v -0.014168 0.02 0.148232
v -0.01426134 0.02003866 0.148232
v -0.01426134 0.02003866 0.150768
v -0.014168 0.02 0.150768
v -0.01313866 0.03996134 0.148232
v -0.01313866 0.03996134 0.150768
v -0.013232 0.04 0.150768
v -0.013232 0.04 0.148232
v -0.013232 0.03996134 0.1481387
v -0.013232 0.04 0.148232
v -0.014168 0.04 0.148232
v -0.014168 0.03996134 0.1481387
v -0.013232 0.04 0.148232
v -0.013232 0.04 0.150768
v -0.014168 0.04 0.150768
v -0.014168 0.04 0.148232
v -0.013232 0.04 0.150768
v -0.013232 0.03996134 0.1508613
v -0.014168 0.03996134 0.1508613
v -0.014168 0.04 0.150768
v -0.014168 0.04 0.148232
v -0.014168 0.04 0.150768
v -0.01426134 0.03996134 0.150768
v -0.01426134 0.03996134 0.148232
v -0.013232 0.02003866 0.1481387
v -0.013232 0.020132 0.1481
v -0.014168 0.020132 0.1481
v -0.014168 0.02003866 0.1481387
v -0.01313866 0.020132 0.1481387
v -0.01313866 0.039868 0.1481387
v -0.013232 0.039868 0.1481
v -0.013232 0.020132 0.1481
v -0.013232 0.020132 0.1481
v -0.013232 0.039868 0.1481
v -0.014168 0.039868 0.1481
v -0.014168 0.020132 0.1481
v -0.014168 0.020132 0.1481
v -0.014168 0.039868 0.1481
v -0.01426134 0.039868 0.1481387
v -0.01426134 0.020132 0.1481387
v -0.013232 0.039868 0.1481
v -0.013232 0.03996134 0.1481387
v -0.014168 0.03996134 0.1481387
v -0.014168 0.039868 0.1481
v -0.013232 0.02003866 0.1508613
v -0.014168 0.02003866 0.1508613
v -0.014168 0.020132 0.1509
v -0.013232 0.020132 0.1509
v -0.01313866 0.020132 0.1508613
v -0.013232 0.020132 0.1509
v -0.013232 0.039868 0.1509
v -0.01313866 0.039868 0.1508613
v -0.013232 0.020132 0.1509
v -0.014168 0.020132 0.1509
v -0.014168 0.039868 0.1509
v -0.013232 0.039868 0.1509
v -0.014168 0.020132 0.1509
v -0.01426134 0.020132 0.1508613
v -0.01426134 0.039868 0.1508613
v -0.014168 0.039868 0.1509
v -0.013232 0.039868 0.1509
v -0.014168 0.039868 0.1509
v -0.014168 0.03996134 0.1508613
v -0.013232 0.03996134 0.1508613
v 0.01426134 0.020132 0.1481387
v 0.0143 0.020132 0.148232
v 0.0143 0.039868 0.148232
v 0.01426134 0.039868 0.1481387
v 0.01426134 0.02003866 0.148232
v 0.01426134 0.02003866 0.150768
v 0.0143 0.020132 0.150768
v 0.0143 0.020132 0.148232
v 0.0143 0.020132 0.148232
v 0.0143 0.020132 0.150768
v 0.0143 0.039868 0.150768
v 0.0143 0.039868 0.148232
v 0.0143 0.039868 0.148232
v 0.0143 0.039868 0.150768
v 0.01426134 0.03996134 0.150768
v 0.01426134 0.03996134 0.148232
v 0.0143 0.020132 0.150768
v 0.01426134 0.020132 0.1508613
v 0.01426134 0.039868 0.1508613
v 0.0143 0.039868 0.150768
v 0.01313866 0.020132 0.1481387
v 0.01313866 0.039868 0.1481387
v 0.0131 0.039868 0.148232
v 0.0131 0.020132 0.148232
v 0.01313866 0.02003866 0.148232
v 0.0131 0.020132 0.148232
v 0.0131 0.020132 0.150768
v 0.01313866 0.02003866 0.150768
v 0.0131 0.020132 0.148232
v 0.0131 0.039868 0.148232
v 0.0131 0.039868 0.150768
v 0.0131 0.020132 0.150768
v 0.0131 0.039868 0.148232
v 0.01313866 0.03996134 0.148232
v 0.01313866 0.03996134 0.150768
v 0.0131 0.039868 0.150768
v 0.0131 0.020132 0.150768
v 0.0131 0.039868 0.150768
v 0.01313866 0.039868 0.1508613
v 0.01313866 0.020132 0.1508613
v 0.01426134 0.02003866 0.148232
v 0.014168 0.02 0.148232
v 0.014168 0.02 0.150768
v 0.01426134 0.02003866 0.150768
v 0.014168 0.02003866 0.1481387
v 0.013232 0.02003866 0.1481387
v 0.013232 0.02 0.148232
v 0.014168 0.02 0.148232
v 0.014168 0.02 0.148232
v 0.013232 0.02 0.148232
v 0.013232 0.02 0.150768
v 0.014168 0.02 0.150768
v 0.014168 0.02 0.150768
v 0.013232 0.02 0.150768
v 0.013232 0.02003866 0.1508613
v 0.014168 0.02003866 0.1508613
v 0.013232 0.02 0.148232
v 0.01313866 0.02003866 0.148232
v 0.01313866 0.02003866 0.150768
v 0.013232 0.02 0.150768
v 0.01426134 0.03996134 0.148232
v 0.01426134 0.03996134 0.150768
v 0.014168 0.04 0.150768
v 0.014168 0.04 0.148232
v 0.014168 0.03996134 0.1481387
v 0.014168 0.04 0.148232
v 0.013232 0.04 0.148232
v 0.013232 0.03996134 0.1481387
v 0.014168 0.04 0.148232
v 0.014168 0.04 0.150768
v 0.013232 0.04 0.150768
v 0.013232 0.04 0.148232
v 0.014168 0.04 0.150768
v 0.014168 0.03996134 0.1508613
v 0.013232 0.03996134 0.1508613
v 0.013232 0.04 0.150768
v 0.013232 0.04 0.148232
v 0.013232 0.04 0.150768
v 0.01313866 0.03996134 0.150768
v 0.01313866 0.03996134 0.148232
v 0.014168 0.02003866 0.1481387
v 0.014168 0.020132 0.1481
v 0.013232 0.020132 0.1481
v 0.013232 0.02003866 0.1481387
v 0.01426134 0.020132 0.1481387
v 0.01426134 0.039868 0.1481387
v 0.014168 0.039868 0.1481
v 0.014168 0.020132 0.1481
v 0.014168 0.020132 0.1481
v 0.014168 0.039868 0.1481
v 0.013232 0.039868 0.1481
v 0.013232 0.020132 0.1481
v 0.013232 0.020132 0.1481
v 0.013232 0.039868 0.1481
v 0.01313866 0.039868 0.1481387
v 0.01313866 0.020132 0.1481387
v 0.014168 0.039868 0.1481
v 0.014168 0.03996134 0.1481387
v 0.013232 0.03996134 0.1481387
v 0.013232 0.039868 0.1481
v 0.014168 0.02003866 0.1508613
v 0.013232 0.02003866 0.1508613
v 0.013232 0.020132 0.1509
v 0.014168 0.020132 0.1509
v 0.01426134 0.020132 0.1508613
v 0.014168 0.020132 0.1509
v 0.014168 0.039868 0.1509
v 0.01426134 0.039868 0.1508613
v 0.014168 0.020132 0.1509
v 0.013232 0.020132 0.1509
v 0.013232 0.039868 0.1509
v 0.014168 0.039868 0.1509
v 0.013232 0.020132 0.1509
v 0.01313866 0.020132 0.1508613
v 0.01313866 0.039868 0.1508613
v 0.013232 0.039868 0.1509
v 0.014168 0.039868 0.1509
v 0.013232 0.039868 0.1509
v 0.013232 0.03996134 0.1508613
v 0.014168 0.03996134 0.1508613
v 0.0004613381 0.045732 0.04753866
v 0.0005000001 0.045732 0.047632
v 0.0005000001 0.046668 0.047632
v 0.0004613381 0.046668 0.04753866
v 0.0004613381 0.04563866 0.047632
v 0.0004613381 0.04563866 0.082368
v 0.0005000001 0.045732 0.082368
v 0.0005000001 0.045732 0.047632
v 0.0005000001 0.045732 0.047632
v 0.0005000001 0.045732 0.082368
v 0.0005000001 0.046668 0.082368
v 0.0005000001 0.046668 0.047632
v 0.0005000001 0.046668 0.047632
v 0.0005000001 0.046668 0.082368
v 0.0004613381 0.04676134 0.082368
v 0.0004613381 0.04676134 0.047632
v 0.0005000001 0.045732 0.082368
v 0.0004613381 0.045732 0.08246133
v 0.0004613381 0.046668 0.08246133
v 0.0005000001 0.046668 0.082368
v -0.01246134 0.045732 0.04753866
v -0.01246134 0.046668 0.04753866
v -0.0125 0.046668 0.047632
v -0.0125 0.045732 0.047632
v -0.01246134 0.04563866 0.047632
v -0.0125 0.045732 0.047632
v -0.0125 0.045732 0.082368
v -0.01246134 0.04563866 0.082368
v -0.0125 0.045732 0.047632
v -0.0125 0.046668 0.047632
v -0.0125 0.046668 0.082368
v -0.0125 0.045732 0.082368
v -0.0125 0.046668 0.047632
v -0.01246134 0.04676134 0.047632
v -0.01246134 0.04676134 0.082368
v -0.0125 0.046668 0.082368
v -0.0125 0.045732 0.082368
v -0.0125 0.046668 0.082368
v -0.01246134 0.046668 0.08246133
v -0.01246134 0.045732 0.08246133
v 0.0004613381 0.04563866 0.047632
v 0.000368 0.0456 0.047632
v 0.000368 0.0456 0.082368
v 0.0004613381 0.04563866 0.082368
v 0.000368 0.04563866 0.04753866
v -0.012368 0.04563866 0.04753866
v -0.012368 0.0456 0.047632
v 0.000368 0.0456 0.047632
v 0.000368 0.0456 0.047632
v -0.012368 0.0456 0.047632
v -0.012368 0.0456 0.082368
v 0.000368 0.0456 0.082368
v 0.000368 0.0456 0.082368
v -0.012368 0.0456 0.082368
v -0.012368 0.04563866 0.08246133
v 0.000368 0.04563866 0.08246133
v -0.012368 0.0456 0.047632
v -0.01246134 0.04563866 0.047632
v -0.01246134 0.04563866 0.082368
v -0.012368 0.0456 0.082368
v 0.0004613381 0.04676134 0.047632
v 0.0004613381 0.04676134 0.082368
v 0.000368 0.0468 0.082368
v 0.000368 0.0468 0.047632
v 0.000368 0.04676134 0.04753866
v 0.000368 0.0468 0.047632
v -0.012368 0.0468 0.047632
v -0.012368 0.04676134 0.04753866
v 0.000368 0.0468 0.047632
v 0.000368 0.0468 0.082368
v -0.012368 0.0468 0.082368
v -0.012368 0.0468 0.047632
v 0.000368 0.0468 0.082368
v 0.000368 0.04676134 0.08246133
v -0.012368 0.04676134 0.08246133
v -0.012368 0.0468 0.082368
v -0.012368 0.0468 0.047632
v -0.012368 0.0468 0.082368
v -0.01246134 0.04676134 0.082368
v -0.01246134 0.04676134 0.047632
v 0.000368 0.04563866 0.04753866
v 0.000368 0.045732 0.0475
v -0.012368 0.045732 0.0475
v -0.012368 0.04563866 0.04753866
v 0.0004613381 0.045732 0.04753866
v 0.0004613381 0.046668 0.04753866
v 0.000368 0.046668 0.0475
v 0.000368 0.045732 0.0475
v 0.000368 0.045732 0.0475
v 0.000368 0.046668 0.0475
v -0.012368 0.046668 0.0475
v -0.012368 0.045732 0.0475
v -0.012368 0.045732 0.0475
v -0.012368 0.046668 0.0475
v -0.01246134 0.046668 0.04753866
v -0.01246134 0.045732 0.04753866
v 0.000368 0.046668 0.0475
v 0.000368 0.04676134 0.04753866
v -0.012368 0.04676134 0.04753866
v -0.012368 0.046668 0.0475
v 0.000368 0.04563866 0.08246133
v -0.012368 0.04563866 0.08246133
v -0.012368 0.045732 0.0825
v 0.000368 0.045732 0.0825
v 0.0004613381 0.045732 0.08246133
v 0.000368 0.045732 0.0825
v 0.000368 0.046668 0.0825
v 0.0004613381 0.046668 0.08246133
v 0.000368 0.045732 0.0825
v -0.012368 0.045732 0.0825
v -0.012368 0.046668 0.0825
v 0.000368 0.046668 0.0825
v -0.012368 0.045732 0.0825
v -0.01246134 0.045732 0.08246133
v -0.01246134 0.046668 0.08246133
v -0.012368 0.046668 0.0825
v 0.000368 0.046668 0.0825
v -0.012368 0.046668 0.0825
v -0.012368 0.04676134 0.08246133
v 0.000368 0.04676134 0.08246133
v -0.002988247 0.04328825 -0.01571175
v -0.002899753 0.04319976 -0.015318
v -0.0027 0.043682 -0.015318
v -0.002899753 0.043682 -0.01580025
v -0.002899753 0.043682 -0.01580025
v -0.0027 0.043682 -0.015318
v -0.0027 0.049318 -0.015318
v -0.002899753 0.049318 -0.01580025
v -0.002899753 0.049318 -0.01580025
v -0.0027 0.049318 -0.015318
v -0.002899753 0.04980025 -0.015318
v -0.002988247 0.04971175 -0.01571175
v -0.002899753 0.04319976 -0.015318
v -0.002899753 0.04319976 -0.008682
v -0.0027 0.043682 -0.008682
v -0.0027 0.043682 -0.015318
v -0.0027 0.043682 -0.015318
v -0.0027 0.043682 -0.008682
v -0.0027 0.049318 -0.008682
v -0.0027 0.049318 -0.015318
v -0.0027 0.049318 -0.015318
v -0.0027 0.049318 -0.008682
v -0.002899753 0.04980025 -0.008682
v -0.002899753 0.04980025 -0.015318
v -0.002899753 0.04319976 -0.008682
v -0.002988247 0.04328825 -0.008288248
v -0.002899753 0.043682 -0.008199753
v -0.0027 0.043682 -0.008682
v -0.0027 0.043682 -0.008682
v -0.002899753 0.043682 -0.008199753
v -0.002899753 0.049318 -0.008199753
v -0.0027 0.049318 -0.008682
v -0.0027 0.049318 -0.008682
v -0.002899753 0.049318 -0.008199753
v -0.002988247 0.04971175 -0.008288248
v -0.002899753 0.04980025 -0.008682
v -0.008611753 0.04328825 -0.01571175
v -0.008700247 0.043682 -0.01580025
v -0.0089 0.043682 -0.015318
v -0.008700247 0.04319976 -0.015318
v -0.008700247 0.043682 -0.01580025
v -0.008700247 0.049318 -0.01580025
v -0.0089 0.049318 -0.015318
v -0.0089 0.043682 -0.015318
v -0.008700247 0.049318 -0.01580025
v -0.008611753 0.04971175 -0.01571175
v -0.008700247 0.04980025 -0.015318
v -0.0089 0.049318 -0.015318
v -0.008700247 0.04319976 -0.015318
v -0.0089 0.043682 -0.015318
v -0.0089 0.043682 -0.008682
v -0.008700247 0.04319976 -0.008682
v -0.0089 0.043682 -0.015318
v -0.0089 0.049318 -0.015318
v -0.0089 0.049318 -0.008682
v -0.0089 0.043682 -0.008682
v -0.0089 0.049318 -0.015318
v -0.008700247 0.04980025 -0.015318
v -0.008700247 0.04980025 -0.008682
v -0.0089 0.049318 -0.008682
v -0.008700247 0.04319976 -0.008682
v -0.0089 0.043682 -0.008682
v -0.008700247 0.043682 -0.008199753
v -0.008611753 0.04328825 -0.008288248
v -0.0089 0.043682 -0.008682
v -0.0089 0.049318 -0.008682
v -0.008700247 0.049318 -0.008199753
v -0.008700247 0.043682 -0.008199753
v -0.0089 0.049318 -0.008682
v -0.008700247 0.04980025 -0.008682
v -0.008611753 0.04971175 -0.008288248
v -0.008700247 0.049318 -0.008199753
v -0.002988247 0.04328825 -0.01571175
v -0.003382 0.04319976 -0.01580025
v -0.003382 0.043 -0.015318
v -0.002899753 0.04319976 -0.015318
v -0.002899753 0.04319976 -0.015318
v -0.003382 0.043 -0.015318
v -0.003382 0.043 -0.008682
v -0.002899753 0.04319976 -0.008682
v -0.002899753 0.04319976 -0.008682
v -0.003382 0.043 -0.008682
v -0.003382 0.04319976 -0.008199753
v -0.002988247 0.04328825 -0.008288248
v -0.003382 0.04319976 -0.01580025
v -0.008218 0.04319976 -0.01580025
v -0.008218 0.043 -0.015318
v -0.003382 0.043 -0.015318
v -0.003382 0.043 -0.015318
v -0.008218 0.043 -0.015318
v -0.008218 0.043 -0.008682
v -0.003382 0.043 -0.008682
v -0.003382 0.043 -0.008682
v -0.008218 0.043 -0.008682
v -0.008218 0.04319976 -0.008199753
v -0.003382 0.04319976 -0.008199753
v -0.008218 0.04319976 -0.01580025
v -0.008611753 0.04328825 -0.01571175
v -0.008700247 0.04319976 -0.015318
v -0.008218 0.043 -0.015318
v -0.008218 0.043 -0.015318
v -0.008700247 0.04319976 -0.015318
v -0.008700247 0.04319976 -0.008682
v -0.008218 0.043 -0.008682
v -0.008218 0.043 -0.008682
v -0.008700247 0.04319976 -0.008682
v -0.008611753 0.04328825 -0.008288248
v -0.008218 0.04319976 -0.008199753
v -0.002988247 0.04971175 -0.01571175
v -0.002899753 0.04980025 -0.015318
v -0.003382 0.05 -0.015318
v -0.003382 0.04980025 -0.01580025
v -0.002899753 0.04980025 -0.015318
v -0.002899753 0.04980025 -0.008682
v -0.003382 0.05 -0.008682
v -0.003382 0.05 -0.015318
v -0.002899753 0.04980025 -0.008682
v -0.002988247 0.04971175 -0.008288248
v -0.003382 0.04980025 -0.008199753
v -0.003382 0.05 -0.008682
v -0.003382 0.04980025 -0.01580025
v -0.003382 0.05 -0.015318
v -0.008218 0.05 -0.015318
v -0.008218 0.04980025 -0.01580025
v -0.003382 0.05 -0.015318
v -0.003382 0.05 -0.008682
v -0.008218 0.05 -0.008682
v -0.008218 0.05 -0.015318
v -0.003382 0.05 -0.008682
v -0.003382 0.04980025 -0.008199753
v -0.008218 0.04980025 -0.008199753
v -0.008218 0.05 -0.008682
v -0.008218 0.04980025 -0.01580025
v -0.008218 0.05 -0.015318
v -0.008700247 0.04980025 -0.015318
v -0.008611753 0.04971175 -0.01571175
v -0.008218 0.05 -0.015318
v -0.008218 0.05 -0.008682
v -0.008700247 0.04980025 -0.008682
v -0.008700247 0.04980025 -0.015318
v -0.008218 0.05 -0.008682
v -0.008218 0.04980025 -0.008199753
v -0.008611753 0.04971175 -0.008288248
v -0.008700247 0.04980025 -0.008682
v -0.002988247 0.04328825 -0.01571175
v -0.002899753 0.043682 -0.01580025
v -0.003382 0.043682 -0.016
v -0.003382 0.04319976 -0.01580025
v -0.003382 0.04319976 -0.01580025
v -0.003382 0.043682 -0.016
v -0.008218 0.043682 -0.016
v -0.008218 0.04319976 -0.01580025
v -0.008218 0.04319976 -0.01580025
v -0.008218 0.043682 -0.016
v -0.008700247 0.043682 -0.01580025
v -0.008611753 0.04328825 -0.01571175
v -0.002899753 0.043682 -0.01580025
v -0.002899753 0.049318 -0.01580025
v -0.003382 0.049318 -0.016
v -0.003382 0.043682 -0.016
v -0.003382 0.043682 -0.016
v -0.003382 0.049318 -0.016
v -0.008218 0.049318 -0.016
v -0.008218 0.043682 -0.016
v -0.008218 0.043682 -0.016
v -0.008218 0.049318 -0.016
v -0.008700247 0.049318 -0.01580025
v -0.008700247 0.043682 -0.01580025
v -0.002899753 0.049318 -0.01580025
v -0.002988247 0.04971175 -0.01571175
v -0.003382 0.04980025 -0.01580025
v -0.003382 0.049318 -0.016
v -0.003382 0.049318 -0.016
v -0.003382 0.04980025 -0.01580025
v -0.008218 0.04980025 -0.01580025
v -0.008218 0.049318 -0.016
v -0.008218 0.049318 -0.016
v -0.008218 0.04980025 -0.01580025
v -0.008611753 0.04971175 -0.01571175
v -0.008700247 0.049318 -0.01580025
v -0.002988247 0.04328825 -0.008288248
v -0.003382 0.04319976 -0.008199753
v -0.003382 0.043682 -0.007999999
v -0.002899753 0.043682 -0.008199753
v -0.003382 0.04319976 -0.008199753
v -0.008218 0.04319976 -0.008199753
v -0.008218 0.043682 -0.007999999
v -0.003382 0.043682 -0.007999999
v -0.008218 0.04319976 -0.008199753
v -0.008611753 0.04328825 -0.008288248
v -0.008700247 0.043682 -0.008199753
v -0.008218 0.043682 -0.007999999
v -0.002899753 0.043682 -0.008199753
v -0.003382 0.043682 -0.007999999
v -0.003382 0.049318 -0.007999999
v -0.002899753 0.049318 -0.008199753
v -0.003382 0.043682 -0.007999999
v -0.008218 0.043682 -0.007999999
v -0.008218 0.049318 -0.007999999
v -0.003382 0.049318 -0.007999999
v -0.008218 0.043682 -0.007999999
v -0.008700247 0.043682 -0.008199753
v -0.008700247 0.049318 -0.008199753
v -0.008218 0.049318 -0.007999999
v -0.002899753 0.049318 -0.008199753
v -0.003382 0.049318 -0.007999999
v -0.003382 0.04980025 -0.008199753
v -0.002988247 0.04971175 -0.008288248
v -0.003382 0.049318 -0.007999999
v -0.008218 0.049318 -0.007999999
v -0.008218 0.04980025 -0.008199753
v -0.003382 0.04980025 -0.008199753
v -0.008218 0.049318 -0.007999999
v -0.008700247 0.049318 -0.008199753
v -0.008611753 0.04971175 -0.008288248
v -0.008218 0.04980025 -0.008199753
v 0.008611753 0.04328825 -0.01571175
v 0.008700247 0.04319976 -0.015318
v 0.0089 0.043682 -0.015318
v 0.008700247 0.043682 -0.01580025
v 0.008700247 0.043682 -0.01580025
v 0.0089 0.043682 -0.015318
v 0.0089 0.049318 -0.015318
v 0.008700247 0.049318 -0.01580025
v 0.008700247 0.049318 -0.01580025
v 0.0089 0.049318 -0.015318
v 0.008700247 0.04980025 -0.015318
v 0.008611753 0.04971175 -0.01571175
v 0.008700247 0.04319976 -0.015318
v 0.008700247 0.04319976 -0.008682
v 0.0089 0.043682 -0.008682
v 0.0089 0.043682 -0.015318
v 0.0089 0.043682 -0.015318
v 0.0089 0.043682 -0.008682
v 0.0089 0.049318 -0.008682
v 0.0089 0.049318 -0.015318
v 0.0089 0.049318 -0.015318
v 0.0089 0.049318 -0.008682
v 0.008700247 0.04980025 -0.008682
v 0.008700247 0.04980025 -0.015318
v 0.008700247 0.04319976 -0.008682
v 0.008611753 0.04328825 -0.008288248
v 0.008700247 0.043682 -0.008199753
v 0.0089 0.043682 -0.008682
v 0.0089 0.043682 -0.008682
v 0.008700247 0.043682 -0.008199753
v 0.008700247 0.049318 -0.008199753
v 0.0089 0.049318 -0.008682
v 0.0089 0.049318 -0.008682
v 0.008700247 0.049318 -0.008199753
v 0.008611753 0.04971175 -0.008288248
v 0.008700247 0.04980025 -0.008682
v 0.002988247 0.04328825 -0.01571175
v 0.002899753 0.043682 -0.01580025
v 0.0027 0.043682 -0.015318
v 0.002899753 0.04319976 -0.015318
v 0.002899753 0.043682 -0.01580025
v 0.002899753 0.049318 -0.01580025
v 0.0027 0.049318 -0.015318
v 0.0027 0.043682 -0.015318
v 0.002899753 0.049318 -0.01580025
v 0.002988247 0.04971175 -0.01571175
v 0.002899753 0.04980025 -0.015318
v 0.0027 0.049318 -0.015318
v 0.002899753 0.04319976 -0.015318
v 0.0027 0.043682 -0.015318
v 0.0027 0.043682 -0.008682
v 0.002899753 0.04319976 -0.008682
v 0.0027 0.043682 -0.015318
v 0.0027 0.049318 -0.015318
v 0.0027 0.049318 -0.008682
v 0.0027 0.043682 -0.008682
v 0.0027 0.049318 -0.015318
v 0.002899753 0.04980025 -0.015318
v 0.002899753 0.04980025 -0.008682
v 0.0027 0.049318 -0.008682
v 0.002899753 0.04319976 -0.008682
v 0.0027 0.043682 -0.008682
v 0.002899753 0.043682 -0.008199753
v 0.002988247 0.04328825 -0.008288248
v 0.0027 0.043682 -0.008682
v 0.0027 0.049318 -0.008682
v 0.002899753 0.049318 -0.008199753
v 0.002899753 0.043682 -0.008199753
v 0.0027 0.049318 -0.008682
v 0.002899753 0.04980025 -0.008682
v 0.002988247 0.04971175 -0.008288248
v 0.002899753 0.049318 -0.008199753
v 0.008611753 0.04328825 -0.01571175
v 0.008218 0.04319976 -0.01580025
v 0.008218 0.043 -0.015318
v 0.008700247 0.04319976 -0.015318
v 0.008700247 0.04319976 -0.015318
v 0.008218 0.043 -0.015318
v 0.008218 0.043 -0.008682
v 0.008700247 0.04319976 -0.008682
v 0.008700247 0.04319976 -0.008682
v 0.008218 0.043 -0.008682
v 0.008218 0.04319976 -0.008199753
v 0.008611753 0.04328825 -0.008288248
v 0.008218 0.04319976 -0.01580025
v 0.003382 0.04319976 -0.01580025
v 0.003382 0.043 -0.015318
v 0.008218 0.043 -0.015318
v 0.008218 0.043 -0.015318
v 0.003382 0.043 -0.015318
v 0.003382 0.043 -0.008682
v 0.008218 0.043 -0.008682
v 0.008218 0.043 -0.008682
v 0.003382 0.043 -0.008682
v 0.003382 0.04319976 -0.008199753
v 0.008218 0.04319976 -0.008199753
v 0.003382 0.04319976 -0.01580025
v 0.002988247 0.04328825 -0.01571175
v 0.002899753 0.04319976 -0.015318
v 0.003382 0.043 -0.015318
v 0.003382 0.043 -0.015318
v 0.002899753 0.04319976 -0.015318
v 0.002899753 0.04319976 -0.008682
v 0.003382 0.043 -0.008682
v 0.003382 0.043 -0.008682
v 0.002899753 0.04319976 -0.008682
v 0.002988247 0.04328825 -0.008288248
v 0.003382 0.04319976 -0.008199753
v 0.008611753 0.04971175 -0.01571175
v 0.008700247 0.04980025 -0.015318
v 0.008218 0.05 -0.015318
v 0.008218 0.04980025 -0.01580025
v 0.008700247 0.04980025 -0.015318
v 0.008700247 0.04980025 -0.008682
v 0.008218 0.05 -0.008682
v 0.008218 0.05 -0.015318
v 0.008700247 0.04980025 -0.008682
v 0.008611753 0.04971175 -0.008288248
v 0.008218 0.04980025 -0.008199753
v 0.008218 0.05 -0.008682
v 0.008218 0.04980025 -0.01580025
v 0.008218 0.05 -0.015318
v 0.003382 0.05 -0.015318
v 0.003382 0.04980025 -0.01580025
v 0.008218 0.05 -0.015318
v 0.008218 0.05 -0.008682
v 0.003382 0.05 -0.008682
v 0.003382 0.05 -0.015318
v 0.008218 0.05 -0.008682
v 0.008218 0.04980025 -0.008199753
v 0.003382 0.04980025 -0.008199753
v 0.003382 0.05 -0.008682
v 0.003382 0.04980025 -0.01580025
v 0.003382 0.05 -0.015318
v 0.002899753 0.04980025 -0.015318
v 0.002988247 0.04971175 -0.01571175
v 0.003382 0.05 -0.015318
v 0.003382 0.05 -0.008682
v 0.002899753 0.04980025 -0.008682
v 0.002899753 0.04980025 -0.015318
v 0.003382 0.05 -0.008682
v 0.003382 0.04980025 -0.008199753
v 0.002988247 0.04971175 -0.008288248
v 0.002899753 0.04980025 -0.008682
v 0.008611753 0.04328825 -0.01571175
v 0.008700247 0.043682 -0.01580025
v 0.008218 0.043682 -0.016
v 0.008218 0.04319976 -0.01580025
v 0.008218 0.04319976 -0.01580025
v 0.008218 0.043682 -0.016
v 0.003382 0.043682 -0.016
v 0.003382 0.04319976 -0.01580025
v 0.003382 0.04319976 -0.01580025
v 0.003382 0.043682 -0.016
v 0.002899753 0.043682 -0.01580025
v 0.002988247 0.04328825 -0.01571175
v 0.008700247 0.043682 -0.01580025
v 0.008700247 0.049318 -0.01580025
v 0.008218 0.049318 -0.016
v 0.008218 0.043682 -0.016
v 0.008218 0.043682 -0.016
v 0.008218 0.049318 -0.016
v 0.003382 0.049318 -0.016
v 0.003382 0.043682 -0.016
v 0.003382 0.043682 -0.016
v 0.003382 0.049318 -0.016
v 0.002899753 0.049318 -0.01580025
v 0.002899753 0.043682 -0.01580025
v 0.008700247 0.049318 -0.01580025
v 0.008611753 0.04971175 -0.01571175
v 0.008218 0.04980025 -0.01580025
v 0.008218 0.049318 -0.016
v 0.008218 0.049318 -0.016
v 0.008218 0.04980025 -0.01580025
v 0.003382 0.04980025 -0.01580025
v 0.003382 0.049318 -0.016
v 0.003382 0.049318 -0.016
v 0.003382 0.04980025 -0.01580025
v 0.002988247 0.04971175 -0.01571175
v 0.002899753 0.049318 -0.01580025
v 0.008611753 0.04328825 -0.008288248
v 0.008218 0.04319976 -0.008199753
v 0.008218 0.043682 -0.007999999
v 0.008700247 0.043682 -0.008199753
v 0.008218 0.04319976 -0.008199753
v 0.003382 0.04319976 -0.008199753
v 0.003382 0.043682 -0.007999999
v 0.008218 0.043682 -0.007999999
v 0.003382 0.04319976 -0.008199753
v 0.002988247 0.04328825 -0.008288248
v 0.002899753 0.043682 -0.008199753
v 0.003382 0.043682 -0.007999999
v 0.008700247 0.043682 -0.008199753
v 0.008218 0.043682 -0.007999999
v 0.008218 0.049318 -0.007999999
v 0.008700247 0.049318 -0.008199753
v 0.008218 0.043682 -0.007999999
v 0.003382 0.043682 -0.007999999
v 0.003382 0.049318 -0.007999999
v 0.008218 0.049318 -0.007999999
v 0.003382 0.043682 -0.007999999
v 0.002899753 0.043682 -0.008199753
v 0.002899753 0.049318 -0.008199753
v 0.003382 0.049318 -0.007999999
v 0.008700247 0.049318 -0.008199753
v 0.008218 0.049318 -0.007999999
v 0.008218 0.04980025 -0.008199753
v 0.008611753 0.04971175 -0.008288248
v 0.008218 0.049318 -0.007999999
v 0.003382 0.049318 -0.007999999
v 0.003382 0.04980025 -0.008199753
v 0.008218 0.04980025 -0.008199753
v 0.003382 0.049318 -0.007999999
v 0.002899753 0.049318 -0.008199753
v 0.002988247 0.04971175 -0.008288248
v 0.003382 0.04980025 -0.008199753
v 0.00158728 0.04316272 0.1496627
v 0.001637236 0.04311277 0.149885
v 0.00175 0.043385 0.149885
v 0.001637236 0.043385 0.1496128
v 0.001637236 0.043385 0.1496128
v 0.00175 0.043385 0.149885
v 0.00175 0.049615 0.149885
v 0.001637236 0.049615 0.1496128
v 0.001637236 0.049615 0.1496128
v 0.00175 0.049615 0.149885
v 0.001637236 0.04988724 0.149885
v 0.00158728 0.04983728 0.1496627
v 0.001637236 0.04311277 0.149885
v 0.001637236 0.04311277 0.154115
v 0.00175 0.043385 0.154115
v 0.00175 0.043385 0.149885
v 0.00175 0.043385 0.149885
v 0.00175 0.043385 0.154115
v 0.00175 0.049615 0.154115
v 0.00175 0.049615 0.149885
v 0.00175 0.049615 0.149885
v 0.00175 0.049615 0.154115
v 0.001637236 0.04988724 0.154115
v 0.001637236 0.04988724 0.149885
v 0.001637236 0.04311277 0.154115
v 0.00158728 0.04316272 0.1543373
v 0.001637236 0.043385 0.1543872
v 0.00175 0.043385 0.154115
v 0.00175 0.043385 0.154115
v 0.001637236 0.043385 0.1543872
v 0.001637236 0.049615 0.1543872
v 0.00175 0.049615 0.154115
v 0.00175 0.049615 0.154115
v 0.001637236 0.049615 0.1543872
v 0.00158728 0.04983728 0.1543373
v 0.001637236 0.04988724 0.154115
v -0.00158728 0.04316272 0.1496627
v -0.001637236 0.043385 0.1496128
v -0.00175 0.043385 0.149885
v -0.001637236 0.04311277 0.149885
v -0.001637236 0.043385 0.1496128
v -0.001637236 0.049615 0.1496128
v -0.00175 0.049615 0.149885
v -0.00175 0.043385 0.149885
v -0.001637236 0.049615 0.1496128
v -0.00158728 0.04983728 0.1496627
v -0.001637236 0.04988724 0.149885
v -0.00175 0.049615 0.149885
v -0.001637236 0.04311277 0.149885
v -0.00175 0.043385 0.149885
v -0.00175 0.043385 0.154115
v -0.001637236 0.04311277 0.154115
v -0.00175 0.043385 0.149885
v -0.00175 0.049615 0.149885
v -0.00175 0.049615 0.154115
v -0.00175 0.043385 0.154115
v -0.00175 0.049615 0.149885
v -0.001637236 0.04988724 0.149885
v -0.001637236 0.04988724 0.154115
v -0.00175 0.049615 0.154115
v -0.001637236 0.04311277 0.154115
v -0.00175 0.043385 0.154115
v -0.001637236 0.043385 0.1543872
v -0.00158728 0.04316272 0.1543373
v -0.00175 0.043385 0.154115
v -0.00175 0.049615 0.154115
v -0.001637236 0.049615 0.1543872
v -0.001637236 0.043385 0.1543872
v -0.00175 0.049615 0.154115
v -0.001637236 0.04988724 0.154115
v -0.00158728 0.04983728 0.1543373
v -0.001637236 0.049615 0.1543872
v 0.00158728 0.04316272 0.1496627
v 0.001365 0.04311277 0.1496128
v 0.001365 0.043 0.149885
v 0.001637236 0.04311277 0.149885
v 0.001637236 0.04311277 0.149885
v 0.001365 0.043 0.149885
v 0.001365 0.043 0.154115
v 0.001637236 0.04311277 0.154115
v 0.001637236 0.04311277 0.154115
v 0.001365 0.043 0.154115
v 0.001365 0.04311277 0.1543872
v 0.00158728 0.04316272 0.1543373
v 0.001365 0.04311277 0.1496128
v -0.001365 0.04311277 0.1496128
v -0.001365 0.043 0.149885
v 0.001365 0.043 0.149885
v 0.001365 0.043 0.149885
v -0.001365 0.043 0.149885
v -0.001365 0.043 0.154115
v 0.001365 0.043 0.154115
v 0.001365 0.043 0.154115
v -0.001365 0.043 0.154115
v -0.001365 0.04311277 0.1543872
v 0.001365 0.04311277 0.1543872
v -0.001365 0.04311277 0.1496128
v -0.00158728 0.04316272 0.1496627
v -0.001637236 0.04311277 0.149885
v -0.001365 0.043 0.149885
v -0.001365 0.043 0.149885
v -0.001637236 0.04311277 0.149885
v -0.001637236 0.04311277 0.154115
v -0.001365 0.043 0.154115
v -0.001365 0.043 0.154115
v -0.001637236 0.04311277 0.154115
v -0.00158728 0.04316272 0.1543373
v -0.001365 0.04311277 0.1543872
v 0.00158728 0.04983728 0.1496627
v 0.001637236 0.04988724 0.149885
v 0.001365 0.05 0.149885
v 0.001365 0.04988724 0.1496128
v 0.001637236 0.04988724 0.149885
v 0.001637236 0.04988724 0.154115
v 0.001365 0.05 0.154115
v 0.001365 0.05 0.149885
v 0.001637236 0.04988724 0.154115
v 0.00158728 0.04983728 0.1543373
v 0.001365 0.04988724 0.1543872
v 0.001365 0.05 0.154115
v 0.001365 0.04988724 0.1496128
v 0.001365 0.05 0.149885
v -0.001365 0.05 0.149885
v -0.001365 0.04988724 0.1496128
v 0.001365 0.05 0.149885
v 0.001365 0.05 0.154115
v -0.001365 0.05 0.154115
v -0.001365 0.05 0.149885
v 0.001365 0.05 0.154115
v 0.001365 0.04988724 0.1543872
v -0.001365 0.04988724 0.1543872
v -0.001365 0.05 0.154115
v -0.001365 0.04988724 0.1496128
v -0.001365 0.05 0.149885
v -0.001637236 0.04988724 0.149885
v -0.00158728 0.04983728 0.1496627
v -0.001365 0.05 0.149885
v -0.001365 0.05 0.154115
v -0.001637236 0.04988724 0.154115
v -0.001637236 0.04988724 0.149885
v -0.001365 0.05 0.154115
v -0.001365 0.04988724 0.1543872
v -0.00158728 0.04983728 0.1543373
v -0.001637236 0.04988724 0.154115
v 0.00158728 0.04316272 0.1496627
v 0.001637236 0.043385 0.1496128
v 0.001365 0.043385 0.1495
v 0.001365 0.04311277 0.1496128
v 0.001365 0.04311277 0.1496128
v 0.001365 0.043385 0.1495
v -0.001365 0.043385 0.1495
v -0.001365 0.04311277 0.1496128
v -0.001365 0.04311277 0.1496128
v -0.001365 0.043385 0.1495
v -0.001637236 0.043385 0.1496128
v -0.00158728 0.04316272 0.1496627
v 0.001637236 0.043385 0.1496128
v 0.001637236 0.049615 0.1496128
v 0.001365 0.049615 0.1495
v 0.001365 0.043385 0.1495
v 0.001365 0.043385 0.1495
v 0.001365 0.049615 0.1495
v -0.001365 0.049615 0.1495
v -0.001365 0.043385 0.1495
v -0.001365 0.043385 0.1495
v -0.001365 0.049615 0.1495
v -0.001637236 0.049615 0.1496128
v -0.001637236 0.043385 0.1496128
v 0.001637236 0.049615 0.1496128
v 0.00158728 0.04983728 0.1496627
v 0.001365 0.04988724 0.1496128
v 0.001365 0.049615 0.1495
v 0.001365 0.049615 0.1495
v 0.001365 0.04988724 0.1496128
v -0.001365 0.04988724 0.1496128
v -0.001365 0.049615 0.1495
v -0.001365 0.049615 0.1495
v -0.001365 0.04988724 0.1496128
v -0.00158728 0.04983728 0.1496627
v -0.001637236 0.049615 0.1496128
v 0.00158728 0.04316272 0.1543373
v 0.001365 0.04311277 0.1543872
v 0.001365 0.043385 0.1545
v 0.001637236 0.043385 0.1543872
v 0.001365 0.04311277 0.1543872
v -0.001365 0.04311277 0.1543872
v -0.001365 0.043385 0.1545
v 0.001365 0.043385 0.1545
v -0.001365 0.04311277 0.1543872
v -0.00158728 0.04316272 0.1543373
v -0.001637236 0.043385 0.1543872
v -0.001365 0.043385 0.1545
v 0.001637236 0.043385 0.1543872
v 0.001365 0.043385 0.1545
v 0.001365 0.049615 0.1545
v 0.001637236 0.049615 0.1543872
v 0.001365 0.043385 0.1545
v -0.001365 0.043385 0.1545
v -0.001365 0.049615 0.1545
v 0.001365 0.049615 0.1545
v -0.001365 0.043385 0.1545
v -0.001637236 0.043385 0.1543872
v -0.001637236 0.049615 0.1543872
v -0.001365 0.049615 0.1545
v 0.001637236 0.049615 0.1543872
v 0.001365 0.049615 0.1545
v 0.001365 0.04988724 0.1543872
v 0.00158728 0.04983728 0.1543373
v 0.001365 0.049615 0.1545
v -0.001365 0.049615 0.1545
v -0.001365 0.04988724 0.1543872
v 0.001365 0.04988724 0.1543872
v -0.001365 0.049615 0.1545
v -0.001637236 0.049615 0.1543872
v -0.00158728 0.04983728 0.1543373
v -0.001365 0.04988724 0.1543872
v 0.006419974 0.02698318 0.1625
v 0.005791543 0.02504906 0.1625
v 0.005791543 0.02504906 0.164
v 0.006419974 0.02698318 0.164
v 0.005791543 0.02504906 0.1625
v 0.004596194 0.02340381 0.1625
v 0.004596194 0.02340381 0.164
v 0.005791543 0.02504906 0.164
v 0.004596194 0.02340381 0.1625
v 0.002950938 0.02220846 0.1625
v 0.002950938 0.02220846 0.164
v 0.004596194 0.02340381 0.164
v 0.002950938 0.02220846 0.1625
v 0.001016823 0.02158003 0.1625
v 0.001016823 0.02158003 0.164
v 0.002950938 0.02220846 0.164
v 0.001016823 0.02158003 0.1625
v -0.001016824 0.02158003 0.1625
v -0.001016824 0.02158003 0.164
v 0.001016823 0.02158003 0.164
v -0.001016824 0.02158003 0.1625
v -0.002950939 0.02220846 0.1625
v -0.002950939 0.02220846 0.164
v -0.001016824 0.02158003 0.164
v -0.002950939 0.02220846 0.1625
v -0.004596194 0.02340381 0.1625
v -0.004596194 0.02340381 0.164
v -0.002950939 0.02220846 0.164
v -0.004596194 0.02340381 0.1625
v -0.005791543 0.02504906 0.1625
v -0.005791543 0.02504906 0.164
v -0.004596194 0.02340381 0.164
v -0.005791543 0.02504906 0.1625
v -0.006419974 0.02698318 0.1625
v -0.006419974 0.02698318 0.164
v -0.005791543 0.02504906 0.164
v -0.006419974 0.02698318 0.1625
v -0.006419974 0.02901683 0.1625
v -0.006419974 0.02901683 0.164
v -0.006419974 0.02698318 0.164
v -0.006419974 0.02901683 0.1625
v -0.005791543 0.03095094 0.1625
v -0.005791543 0.03095094 0.164
v -0.006419974 0.02901683 0.164
v -0.005791543 0.03095094 0.1625
v -0.004596193 0.0325962 0.1625
v -0.004596193 0.0325962 0.164
v -0.005791543 0.03095094 0.164
v -0.004596193 0.0325962 0.1625
v -0.002950937 0.03379155 0.1625
v -0.002950937 0.03379155 0.164
v -0.004596193 0.0325962 0.164
v -0.002950937 0.03379155 0.1625
v -0.001016824 0.03441998 0.1625
v -0.001016824 0.03441998 0.164
v -0.002950937 0.03379155 0.164
v -0.001016824 0.03441998 0.1625
v 0.001016825 0.03441998 0.1625
v 0.001016825 0.03441998 0.164
v -0.001016824 0.03441998 0.164
v 0.001016825 0.03441998 0.1625
v 0.002950939 0.03379154 0.1625
v 0.002950939 0.03379154 0.164
v 0.001016825 0.03441998 0.164
v 0.002950939 0.03379154 0.1625
v 0.004596196 0.03259619 0.1625
v 0.004596196 0.03259619 0.164
v 0.002950939 0.03379154 0.164
v 0.004596196 0.03259619 0.1625
v 0.005791543 0.03095094 0.1625
v 0.005791543 0.03095094 0.164
v 0.004596196 0.03259619 0.164
v 0.005791543 0.03095094 0.1625
v 0.006419974 0.02901682 0.1625
v 0.006419974 0.02901682 0.164
v 0.005791543 0.03095094 0.164
v 0.006419974 0.02901682 0.1625
v 0.006419974 0.02698318 0.1625
v 0.006419974 0.02698318 0.164
v 0.006419974 0.02901682 0.164
v 0 0.028 0.1625
v 0.005791543 0.02504906 0.1625
v 0.006419974 0.02698318 0.1625
v 0 0.028 0.1625
v 0.004596194 0.02340381 0.1625
v 0.005791543 0.02504906 0.1625
v 0 0.028 0.1625
v 0.002950938 0.02220846 0.1625
v 0.004596194 0.02340381 0.1625
v 0 0.028 0.1625
v 0.001016823 0.02158003 0.1625
v 0.002950938 0.02220846 0.1625
v 0 0.028 0.1625
v -0.001016824 0.02158003 0.1625
v 0.001016823 0.02158003 0.1625
v 0 0.028 0.1625
v -0.002950939 0.02220846 0.1625
v -0.001016824 0.02158003 0.1625
v 0 0.028 0.1625
v -0.004596194 0.02340381 0.1625
v -0.002950939 0.02220846 0.1625
v 0 0.028 0.1625
v -0.005791543 0.02504906 0.1625
v -0.004596194 0.02340381 0.1625
v 0 0.028 0.1625
v -0.006419974 0.02698318 0.1625
v -0.005791543 0.02504906 0.1625
v 0 0.028 0.1625
v -0.006419974 0.02901683 0.1625
v -0.006419974 0.02698318 0.1625
v 0 0.028 0.1625
v -0.005791543 0.03095094 0.1625
v -0.006419974 0.02901683 0.1625
v 0 0.028 0.1625
v -0.004596193 0.0325962 0.1625
v -0.005791543 0.03095094 0.1625
v 0 0.028 0.1625
v -0.002950937 0.03379155 0.1625
v -0.004596193 0.0325962 0.1625
v 0 0.028 0.1625
v -0.001016824 0.03441998 0.1625
v -0.002950937 0.03379155 0.1625
v 0 0.028 0.1625
v 0.001016825 0.03441998 0.1625
v -0.001016824 0.03441998 0.1625
v 0 0.028 0.1625
v 0.002950939 0.03379154 0.1625
v 0.001016825 0.03441998 0.1625
v 0 0.028 0.1625
v 0.004596196 0.03259619 0.1625
v 0.002950939 0.03379154 0.1625
v 0 0.028 0.1625
v 0.005791543 0.03095094 0.1625
v 0.004596196 0.03259619 0.1625
v 0 0.028 0.1625
v 0.006419974 0.02901682 0.1625
v 0.005791543 0.03095094 0.1625
v 0 0.028 0.1625
v 0.006419974 0.02698318 0.1625
v 0.006419974 0.02901682 0.1625
v 0 0.028 0.164
v 0.006419974 0.02698318 0.164
v 0.005791543 0.02504906 0.164
v 0 0.028 0.164
v 0.005791543 0.02504906 0.164
v 0.004596194 0.02340381 0.164
v 0 0.028 0.164
v 0.004596194 0.02340381 0.164
v 0.002950938 0.02220846 0.164
v 0 0.028 0.164
v 0.002950938 0.02220846 0.164
v 0.001016823 0.02158003 0.164
v 0 0.028 0.164
v 0.001016823 0.02158003 0.164
v -0.001016824 0.02158003 0.164
v 0 0.028 0.164
v -0.001016824 0.02158003 0.164
v -0.002950939 0.02220846 0.164
v 0 0.028 0.164
v -0.002950939 0.02220846 0.164
v -0.004596194 0.02340381 0.164
v 0 0.028 0.164
v -0.004596194 0.02340381 0.164
v -0.005791543 0.02504906 0.164
v 0 0.028 0.164
v -0.005791543 0.02504906 0.164
v -0.006419974 0.02698318 0.164
v 0 0.028 0.164
v -0.006419974 0.02698318 0.164
v -0.006419974 0.02901683 0.164
v 0 0.028 0.164
v -0.006419974 0.02901683 0.164
v -0.005791543 0.03095094 0.164
v 0 0.028 0.164
v -0.005791543 0.03095094 0.164
v -0.004596193 0.0325962 0.164
v 0 0.028 0.164
v -0.004596193 0.0325962 0.164
v -0.002950937 0.03379155 0.164
v 0 0.028 0.164
v -0.002950937 0.03379155 0.164
v -0.001016824 0.03441998 0.164
v 0 0.028 0.164
v -0.001016824 0.03441998 0.164
v 0.001016825 0.03441998 0.164
v 0 0.028 0.164
v 0.001016825 0.03441998 0.164
v 0.002950939 0.03379154 0.164
v 0 0.028 0.164
v 0.002950939 0.03379154 0.164
v 0.004596196 0.03259619 0.164
v 0 0.028 0.164
v 0.004596196 0.03259619 0.164
v 0.005791543 0.03095094 0.164
v 0 0.028 0.164
v 0.005791543 0.03095094 0.164
v 0.006419974 0.02901682 0.164
v 0 0.028 0.164
v 0.006419974 0.02901682 0.164
v 0.006419974 0.02698318 0.164
v -0.0125 0.03993457 -0.02181403
v -0.0125 0.03985383 -0.02156
v -0.01218887 0.0399827 -0.02156
v -0.01228 0.04007383 -0.02187113
v -0.01228 0.04007383 -0.02187113
v -0.01218887 0.0399827 -0.02156
v -0.0099827 0.04218887 -0.02156
v -0.01007383 0.04228 -0.02187113
v -0.01007383 0.04228 -0.02187113
v -0.0099827 0.04218887 -0.02156
v -0.009853827 0.0425 -0.02156
v -0.009934569 0.0425 -0.02181403
v -0.0125 0.03985383 -0.02156
v -0.0125 0.03985383 0.16156
v -0.01218887 0.0399827 0.16156
v -0.01218887 0.0399827 -0.02156
v -0.01218887 0.0399827 -0.02156
v -0.01218887 0.0399827 0.16156
v -0.0099827 0.04218887 0.16156
v -0.0099827 0.04218887 -0.02156
v -0.0099827 0.04218887 -0.02156
v -0.0099827 0.04218887 0.16156
v -0.009853827 0.0425 0.16156
v -0.009853827 0.0425 -0.02156
v -0.0125 0.03985383 0.16156
v -0.0125 0.03993457 0.161814
v -0.01228 0.04007383 0.1618711
v -0.01218887 0.0399827 0.16156
v -0.01218887 0.0399827 0.16156
v -0.01228 0.04007383 0.1618711
v -0.01007383 0.04228 0.1618711
v -0.0099827 0.04218887 0.16156
v -0.0099827 0.04218887 0.16156
v -0.01007383 0.04228 0.1618711
v -0.009934569 0.0425 0.161814
v -0.009853827 0.0425 0.16156
v -0.01506543 0.0425 -0.02181403
v -0.01492617 0.04272 -0.02187113
v -0.0150173 0.04281113 -0.02156
v -0.01514617 0.0425 -0.02156
v -0.01492617 0.04272 -0.02187113
v -0.01272 0.04492617 -0.02187113
v -0.01281113 0.0450173 -0.02156
v -0.0150173 0.04281113 -0.02156
v -0.01272 0.04492617 -0.02187113
v -0.0125 0.04506543 -0.02181403
v -0.0125 0.04514617 -0.02156
v -0.01281113 0.0450173 -0.02156
v -0.01514617 0.0425 -0.02156
v -0.0150173 0.04281113 -0.02156
v -0.0150173 0.04281113 0.16156
v -0.01514617 0.0425 0.16156
v -0.0150173 0.04281113 -0.02156
v -0.01281113 0.0450173 -0.02156
v -0.01281113 0.0450173 0.16156
v -0.0150173 0.04281113 0.16156
v -0.01281113 0.0450173 -0.02156
v -0.0125 0.04514617 -0.02156
v -0.0125 0.04514617 0.16156
v -0.01281113 0.0450173 0.16156
v -0.01514617 0.0425 0.16156
v -0.0150173 0.04281113 0.16156
v -0.01492617 0.04272 0.1618711
v -0.01506543 0.0425 0.161814
v -0.0150173 0.04281113 0.16156
v -0.01281113 0.0450173 0.16156
v -0.01272 0.04492617 0.1618711
v -0.01492617 0.04272 0.1618711
v -0.01281113 0.0450173 0.16156
v -0.0125 0.04514617 0.16156
v -0.0125 0.04506543 0.161814
v -0.01272 0.04492617 0.1618711
v -0.0125 0.03993457 -0.02181403
v -0.01272 0.04007383 -0.02187113
v -0.01281113 0.0399827 -0.02156
v -0.0125 0.03985383 -0.02156
v -0.0125 0.03985383 -0.02156
v -0.01281113 0.0399827 -0.02156
v -0.01281113 0.0399827 0.16156
v -0.0125 0.03985383 0.16156
v -0.0125 0.03985383 0.16156
v -0.01281113 0.0399827 0.16156
v -0.01272 0.04007383 0.1618711
v -0.0125 0.03993457 0.161814
v -0.01272 0.04007383 -0.02187113
v -0.01492617 0.04228 -0.02187113
v -0.0150173 0.04218888 -0.02156
v -0.01281113 0.0399827 -0.02156
v -0.01281113 0.0399827 -0.02156
v -0.0150173 0.04218888 -0.02156
v -0.0150173 0.04218888 0.16156
v -0.01281113 0.0399827 0.16156
v -0.01281113 0.0399827 0.16156
v -0.0150173 0.04218888 0.16156
v -0.01492617 0.04228 0.1618711
v -0.01272 0.04007383 0.1618711
v -0.01492617 0.04228 -0.02187113
v -0.01506543 0.0425 -0.02181403
v -0.01514617 0.0425 -0.02156
v -0.0150173 0.04218888 -0.02156
v -0.0150173 0.04218888 -0.02156
v -0.01514617 0.0425 -0.02156
v -0.01514617 0.0425 0.16156
v -0.0150173 0.04218888 0.16156
v -0.0150173 0.04218888 0.16156
v -0.01514617 0.0425 0.16156
v -0.01506543 0.0425 0.161814
v -0.01492617 0.04228 0.1618711
v -0.009934569 0.0425 -0.02181403
v -0.009853827 0.0425 -0.02156
v -0.0099827 0.04281113 -0.02156
v -0.01007383 0.04272 -0.02187113
v -0.009853827 0.0425 -0.02156
v -0.009853827 0.0425 0.16156
v -0.0099827 0.04281113 0.16156
v -0.0099827 0.04281113 -0.02156
v -0.009853827 0.0425 0.16156
v -0.009934569 0.0425 0.161814
v -0.01007383 0.04272 0.1618711
v -0.0099827 0.04281113 0.16156
v -0.01007383 0.04272 -0.02187113
v -0.0099827 0.04281113 -0.02156
v -0.01218887 0.0450173 -0.02156
v -0.01228 0.04492617 -0.02187113
v -0.0099827 0.04281113 -0.02156
v -0.0099827 0.04281113 0.16156
v -0.01218887 0.0450173 0.16156
v -0.01218887 0.0450173 -0.02156
v -0.0099827 0.04281113 0.16156
v -0.01007383 0.04272 0.1618711
v -0.01228 0.04492617 0.1618711
v -0.01218887 0.0450173 0.16156
v -0.01228 0.04492617 -0.02187113
v -0.01218887 0.0450173 -0.02156
v -0.0125 0.04514617 -0.02156
v -0.0125 0.04506543 -0.02181403
v -0.01218887 0.0450173 -0.02156
v -0.01218887 0.0450173 0.16156
v -0.0125 0.04514617 0.16156
v -0.0125 0.04514617 -0.02156
v -0.01218887 0.0450173 0.16156
v -0.01228 0.04492617 0.1618711
v -0.0125 0.04506543 0.161814
v -0.0125 0.04514617 0.16156
v -0.0125 0.03993457 -0.02181403
v -0.01228 0.04007383 -0.02187113
v -0.0125 0.04029383 -0.022
v -0.01272 0.04007383 -0.02187113
v -0.01272 0.04007383 -0.02187113
v -0.0125 0.04029383 -0.022
v -0.01470617 0.0425 -0.022
v -0.01492617 0.04228 -0.02187113
v -0.01492617 0.04228 -0.02187113
v -0.01470617 0.0425 -0.022
v -0.01492617 0.04272 -0.02187113
v -0.01506543 0.0425 -0.02181403
v -0.01228 0.04007383 -0.02187113
v -0.01007383 0.04228 -0.02187113
v -0.01029383 0.0425 -0.022
v -0.0125 0.04029383 -0.022
v -0.0125 0.04029383 -0.022
v -0.01029383 0.0425 -0.022
v -0.0125 0.04470617 -0.022
v -0.01470617 0.0425 -0.022
v -0.01470617 0.0425 -0.022
v -0.0125 0.04470617 -0.022
v -0.01272 0.04492617 -0.02187113
v -0.01492617 0.04272 -0.02187113
v -0.01007383 0.04228 -0.02187113
v -0.009934569 0.0425 -0.02181403
v -0.01007383 0.04272 -0.02187113
v -0.01029383 0.0425 -0.022
v -0.01029383 0.0425 -0.022
v -0.01007383 0.04272 -0.02187113
v -0.01228 0.04492617 -0.02187113
v -0.0125 0.04470617 -0.022
v -0.0125 0.04470617 -0.022
v -0.01228 0.04492617 -0.02187113
v -0.0125 0.04506543 -0.02181403
v -0.01272 0.04492617 -0.02187113
v -0.0125 0.03993457 0.161814
v -0.01272 0.04007383 0.1618711
v -0.0125 0.04029383 0.162
v -0.01228 0.04007383 0.1618711
v -0.01272 0.04007383 0.1618711
v -0.01492617 0.04228 0.1618711
v -0.01470617 0.0425 0.162
v -0.0125 0.04029383 0.162
v -0.01492617 0.04228 0.1618711
v -0.01506543 0.0425 0.161814
v -0.01492617 0.04272 0.1618711
v -0.01470617 0.0425 0.162
v -0.01228 0.04007383 0.1618711
v -0.0125 0.04029383 0.162
v -0.01029383 0.0425 0.162
v -0.01007383 0.04228 0.1618711
v -0.0125 0.04029383 0.162
v -0.01470617 0.0425 0.162
v -0.0125 0.04470617 0.162
v -0.01029383 0.0425 0.162
v -0.01470617 0.0425 0.162
v -0.01492617 0.04272 0.1618711
v -0.01272 0.04492617 0.1618711
v -0.0125 0.04470617 0.162
v -0.01007383 0.04228 0.1618711
v -0.01029383 0.0425 0.162
v -0.01007383 0.04272 0.1618711
v -0.009934569 0.0425 0.161814
v -0.01029383 0.0425 0.162
v -0.0125 0.04470617 0.162
v -0.01228 0.04492617 0.1618711
v -0.01007383 0.04272 0.1618711
v -0.0125 0.04470617 0.162
v -0.01272 0.04492617 0.1618711
v -0.0125 0.04506543 0.161814
v -0.01228 0.04492617 0.1618711
v 0.0125 0.03993457 -0.02181403
v 0.0125 0.03985383 -0.02156
v 0.01281113 0.0399827 -0.02156
v 0.01272 0.04007383 -0.02187113
v 0.01272 0.04007383 -0.02187113
v 0.01281113 0.0399827 -0.02156
v 0.0150173 0.04218887 -0.02156
v 0.01492617 0.04228 -0.02187113
v 0.01492617 0.04228 -0.02187113
v 0.0150173 0.04218887 -0.02156
v 0.01514617 0.0425 -0.02156
v 0.01506543 0.0425 -0.02181403
v 0.0125 0.03985383 -0.02156
v 0.0125 0.03985383 0.16156
v 0.01281113 0.0399827 0.16156
v 0.01281113 0.0399827 -0.02156
v 0.01281113 0.0399827 -0.02156
v 0.01281113 0.0399827 0.16156
v 0.0150173 0.04218887 0.16156
v 0.0150173 0.04218887 -0.02156
v 0.0150173 0.04218887 -0.02156
v 0.0150173 0.04218887 0.16156
v 0.01514617 0.0425 0.16156
v 0.01514617 0.0425 -0.02156
v 0.0125 0.03985383 0.16156
v 0.0125 0.03993457 0.161814
v 0.01272 0.04007383 0.1618711
v 0.01281113 0.0399827 0.16156
v 0.01281113 0.0399827 0.16156
v 0.01272 0.04007383 0.1618711
v 0.01492617 0.04228 0.1618711
v 0.0150173 0.04218887 0.16156
v 0.0150173 0.04218887 0.16156
v 0.01492617 0.04228 0.1618711
v 0.01506543 0.0425 0.161814
v 0.01514617 0.0425 0.16156
v 0.009934569 0.0425 -0.02181403
v 0.01007383 0.04272 -0.02187113
v 0.0099827 0.04281113 -0.02156
v 0.009853827 0.0425 -0.02156
v 0.01007383 0.04272 -0.02187113
v 0.01228 0.04492617 -0.02187113
v 0.01218887 0.0450173 -0.02156
v 0.0099827 0.04281113 -0.02156
v 0.01228 0.04492617 -0.02187113
v 0.0125 0.04506543 -0.02181403
v 0.0125 0.04514617 -0.02156
v 0.01218887 0.0450173 -0.02156
v 0.009853827 0.0425 -0.02156
v 0.0099827 0.04281113 -0.02156
v 0.0099827 0.04281113 0.16156
v 0.009853827 0.0425 0.16156
v 0.0099827 0.04281113 -0.02156
v 0.01218887 0.0450173 -0.02156
v 0.01218887 0.0450173 0.16156
v 0.0099827 0.04281113 0.16156
v 0.01218887 0.0450173 -0.02156
v 0.0125 0.04514617 -0.02156
v 0.0125 0.04514617 0.16156
v 0.01218887 0.0450173 0.16156
v 0.009853827 0.0425 0.16156
v 0.0099827 0.04281113 0.16156
v 0.01007383 0.04272 0.1618711
v 0.009934569 0.0425 0.161814
v 0.0099827 0.04281113 0.16156
v 0.01218887 0.0450173 0.16156
v 0.01228 0.04492617 0.1618711
v 0.01007383 0.04272 0.1618711
v 0.01218887 0.0450173 0.16156
v 0.0125 0.04514617 0.16156
v 0.0125 0.04506543 0.161814
v 0.01228 0.04492617 0.1618711
v 0.0125 0.03993457 -0.02181403
v 0.01228 0.04007383 -0.02187113
v 0.01218887 0.0399827 -0.02156
v 0.0125 0.03985383 -0.02156
v 0.0125 0.03985383 -0.02156
v 0.01218887 0.0399827 -0.02156
v 0.01218887 0.0399827 0.16156
v 0.0125 0.03985383 0.16156
v 0.0125 0.03985383 0.16156
v 0.01218887 0.0399827 0.16156
v 0.01228 0.04007383 0.1618711
v 0.0125 0.03993457 0.161814
v 0.01228 0.04007383 -0.02187113
v 0.01007383 0.04228 -0.02187113
v 0.0099827 0.04218888 -0.02156
v 0.01218887 0.0399827 -0.02156
v 0.01218887 0.0399827 -0.02156
v 0.0099827 0.04218888 -0.02156
v 0.0099827 0.04218888 0.16156
v 0.01218887 0.0399827 0.16156
v 0.01218887 0.0399827 0.16156
v 0.0099827 0.04218888 0.16156
v 0.01007383 0.04228 0.1618711
v 0.01228 0.04007383 0.1618711
v 0.01007383 0.04228 -0.02187113
v 0.009934569 0.0425 -0.02181403
v 0.009853827 0.0425 -0.02156
v 0.0099827 0.04218888 -0.02156
v 0.0099827 0.04218888 -0.02156
v 0.009853827 0.0425 -0.02156
v 0.009853827 0.0425 0.16156
v 0.0099827 0.04218888 0.16156
v 0.0099827 0.04218888 0.16156
v 0.009853827 0.0425 0.16156
v 0.009934569 0.0425 0.161814
v 0.01007383 0.04228 0.1618711
v 0.01506543 0.0425 -0.02181403
v 0.01514617 0.0425 -0.02156
v 0.0150173 0.04281113 -0.02156
v 0.01492617 0.04272 -0.02187113
v 0.01514617 0.0425 -0.02156
v 0.01514617 0.0425 0.16156
v 0.0150173 0.04281113 0.16156
v 0.0150173 0.04281113 -0.02156
v 0.01514617 0.0425 0.16156
v 0.01506543 0.0425 0.161814
v 0.01492617 0.04272 0.1618711
v 0.0150173 0.04281113 0.16156
v 0.01492617 0.04272 -0.02187113
v 0.0150173 0.04281113 -0.02156
v 0.01281113 0.0450173 -0.02156
v 0.01272 0.04492617 -0.02187113
v 0.0150173 0.04281113 -0.02156
v 0.0150173 0.04281113 0.16156
v 0.01281113 0.0450173 0.16156
v 0.01281113 0.0450173 -0.02156
v 0.0150173 0.04281113 0.16156
v 0.01492617 0.04272 0.1618711
v 0.01272 0.04492617 0.1618711
v 0.01281113 0.0450173 0.16156
v 0.01272 0.04492617 -0.02187113
v 0.01281113 0.0450173 -0.02156
v 0.0125 0.04514617 -0.02156
v 0.0125 0.04506543 -0.02181403
v 0.01281113 0.0450173 -0.02156
v 0.01281113 0.0450173 0.16156
v 0.0125 0.04514617 0.16156
v 0.0125 0.04514617 -0.02156
v 0.01281113 0.0450173 0.16156
v 0.01272 0.04492617 0.1618711
v 0.0125 0.04506543 0.161814
v 0.0125 0.04514617 0.16156
v 0.0125 0.03993457 -0.02181403
v 0.01272 0.04007383 -0.02187113
v 0.0125 0.04029383 -0.022
v 0.01228 0.04007383 -0.02187113
v 0.01228 0.04007383 -0.02187113
v 0.0125 0.04029383 -0.022
v 0.01029383 0.0425 -0.022
v 0.01007383 0.04228 -0.02187113
v 0.01007383 0.04228 -0.02187113
v 0.01029383 0.0425 -0.022
v 0.01007383 0.04272 -0.02187113
v 0.009934569 0.0425 -0.02181403
v 0.01272 0.04007383 -0.02187113
v 0.01492617 0.04228 -0.02187113
v 0.01470617 0.0425 -0.022
v 0.0125 0.04029383 -0.022
v 0.0125 0.04029383 -0.022
v 0.01470617 0.0425 -0.022
v 0.0125 0.04470617 -0.022
v 0.01029383 0.0425 -0.022
v 0.01029383 0.0425 -0.022
v 0.0125 0.04470617 -0.022
v 0.01228 0.04492617 -0.02187113
v 0.01007383 0.04272 -0.02187113
v 0.01492617 0.04228 -0.02187113
v 0.01506543 0.0425 -0.02181403
v 0.01492617 0.04272 -0.02187113
v 0.01470617 0.0425 -0.022
v 0.01470617 0.0425 -0.022
v 0.01492617 0.04272 -0.02187113
v 0.01272 0.04492617 -0.02187113
v 0.0125 0.04470617 -0.022
v 0.0125 0.04470617 -0.022
v 0.01272 0.04492617 -0.02187113
v 0.0125 0.04506543 -0.02181403
v 0.01228 0.04492617 -0.02187113
v 0.0125 0.03993457 0.161814
v 0.01228 0.04007383 0.1618711
v 0.0125 0.04029383 0.162
v 0.01272 0.04007383 0.1618711
v 0.01228 0.04007383 0.1618711
v 0.01007383 0.04228 0.1618711
v 0.01029383 0.0425 0.162
v 0.0125 0.04029383 0.162
v 0.01007383 0.04228 0.1618711
v 0.009934569 0.0425 0.161814
v 0.01007383 0.04272 0.1618711
v 0.01029383 0.0425 0.162
v 0.01272 0.04007383 0.1618711
v 0.0125 0.04029383 0.162
v 0.01470617 0.0425 0.162
v 0.01492617 0.04228 0.1618711
v 0.0125 0.04029383 0.162
v 0.01029383 0.0425 0.162
v 0.0125 0.04470617 0.162
v 0.01470617 0.0425 0.162
v 0.01029383 0.0425 0.162
v 0.01007383 0.04272 0.1618711
v 0.01228 0.04492617 0.1618711
v 0.0125 0.04470617 0.162
v 0.01492617 0.04228 0.1618711
v 0.01470617 0.0425 0.162
v 0.01492617 0.04272 0.1618711
v 0.01506543 0.0425 0.161814
v 0.01470617 0.0425 0.162
v 0.0125 0.04470617 0.162
v 0.01272 0.04492617 0.1618711
v 0.01492617 0.04272 0.1618711
v 0.0125 0.04470617 0.162
v 0.01228 0.04492617 0.1618711
v 0.0125 0.04506543 0.161814
v 0.01272 0.04492617 0.1618711
v 0.005961338 0.046032 0.04263866
v 0.006 0.046032 0.042732
v 0.006 0.046968 0.042732
v 0.005961338 0.046968 0.04263866
v 0.005961338 0.04593866 0.042732
v 0.005961338 0.04593866 0.045268
v 0.006 0.046032 0.045268
v 0.006 0.046032 0.042732
v 0.006 0.046032 0.042732
v 0.006 0.046032 0.045268
v 0.006 0.046968 0.045268
v 0.006 0.046968 0.042732
v 0.006 0.046968 0.042732
v 0.006 0.046968 0.045268
v 0.005961338 0.04706134 0.045268
v 0.005961338 0.04706134 0.042732
v 0.006 0.046032 0.045268
v 0.005961338 0.046032 0.04536134
v 0.005961338 0.046968 0.04536134
v 0.006 0.046968 0.045268
v -0.005961338 0.046032 0.04263866
v -0.005961338 0.046968 0.04263866
v -0.006 0.046968 0.042732
v -0.006 0.046032 0.042732
v -0.005961338 0.04593866 0.042732
v -0.006 0.046032 0.042732
v -0.006 0.046032 0.045268
v -0.005961338 0.04593866 0.045268
v -0.006 0.046032 0.042732
v -0.006 0.046968 0.042732
v -0.006 0.046968 0.045268
v -0.006 0.046032 0.045268
v -0.006 0.046968 0.042732
v -0.005961338 0.04706134 0.042732
v -0.005961338 0.04706134 0.045268
v -0.006 0.046968 0.045268
v -0.006 0.046032 0.045268
v -0.006 0.046968 0.045268
v -0.005961338 0.046968 0.04536134
v -0.005961338 0.046032 0.04536134
v 0.005961338 0.04593866 0.042732
v 0.005868 0.0459 0.042732
v 0.005868 0.0459 0.045268
v 0.005961338 0.04593866 0.045268
v 0.005868 0.04593866 0.04263866
v -0.005868 0.04593866 0.04263866
v -0.005868 0.0459 0.042732
v 0.005868 0.0459 0.042732
v 0.005868 0.0459 0.042732
v -0.005868 0.0459 0.042732
v -0.005868 0.0459 0.045268
v 0.005868 0.0459 0.045268
v 0.005868 0.0459 0.045268
v -0.005868 0.0459 0.045268
v -0.005868 0.04593866 0.04536134
v 0.005868 0.04593866 0.04536134
v -0.005868 0.0459 0.042732
v -0.005961338 0.04593866 0.042732
v -0.005961338 0.04593866 0.045268
v -0.005868 0.0459 0.045268
v 0.005961338 0.04706134 0.042732
v 0.005961338 0.04706134 0.045268
v 0.005868 0.0471 0.045268
v 0.005868 0.0471 0.042732
v 0.005868 0.04706134 0.04263866
v 0.005868 0.0471 0.042732
v -0.005868 0.0471 0.042732
v -0.005868 0.04706134 0.04263866
v 0.005868 0.0471 0.042732
v 0.005868 0.0471 0.045268
v -0.005868 0.0471 0.045268
v -0.005868 0.0471 0.042732
v 0.005868 0.0471 0.045268
v 0.005868 0.04706134 0.04536134
v -0.005868 0.04706134 0.04536134
v -0.005868 0.0471 0.045268
v -0.005868 0.0471 0.042732
v -0.005868 0.0471 0.045268
v -0.005961338 0.04706134 0.045268
v -0.005961338 0.04706134 0.042732
v 0.005868 0.04593866 0.04263866
v 0.005868 0.046032 0.0426
v -0.005868 0.046032 0.0426
v -0.005868 0.04593866 0.04263866
v 0.005961338 0.046032 0.04263866
v 0.005961338 0.046968 0.04263866
v 0.005868 0.046968 0.0426
v 0.005868 0.046032 0.0426
v 0.005868 0.046032 0.0426
v 0.005868 0.046968 0.0426
v -0.005868 0.046968 0.0426
v -0.005868 0.046032 0.0426
v -0.005868 0.046032 0.0426
v -0.005868 0.046968 0.0426
v -0.005961338 0.046968 0.04263866
v -0.005961338 0.046032 0.04263866
v 0.005868 0.046968 0.0426
v 0.005868 0.04706134 0.04263866
v -0.005868 0.04706134 0.04263866
v -0.005868 0.046968 0.0426
v 0.005868 0.04593866 0.04536134
v -0.005868 0.04593866 0.04536134
v -0.005868 0.046032 0.0454
v 0.005868 0.046032 0.0454
v 0.005961338 0.046032 0.04536134
v 0.005868 0.046032 0.0454
v 0.005868 0.046968 0.0454
v 0.005961338 0.046968 0.04536134
v 0.005868 0.046032 0.0454
v -0.005868 0.046032 0.0454
v -0.005868 0.046968 0.0454
v 0.005868 0.046968 0.0454
v -0.005868 0.046032 0.0454
v -0.005961338 0.046032 0.04536134
v -0.005961338 0.046968 0.04536134
v -0.005868 0.046968 0.0454
v 0.005868 0.046968 0.0454
v -0.005868 0.046968 0.0454
v -0.005868 0.04706134 0.04536134
v 0.005868 0.04706134 0.04536134
v 0.005961338 0.046032 0.04913866
v 0.006 0.046032 0.049232
v 0.006 0.046968 0.049232
v 0.005961338 0.046968 0.04913866
v 0.005961338 0.04593866 0.049232
v 0.005961338 0.04593866 0.051768
v 0.006 0.046032 0.051768
v 0.006 0.046032 0.049232
v 0.006 0.046032 0.049232
v 0.006 0.046032 0.051768
v 0.006 0.046968 0.051768
v 0.006 0.046968 0.049232
v 0.006 0.046968 0.049232
v 0.006 0.046968 0.051768
v 0.005961338 0.04706134 0.051768
v 0.005961338 0.04706134 0.049232
v 0.006 0.046032 0.051768
v 0.005961338 0.046032 0.05186133
v 0.005961338 0.046968 0.05186133
v 0.006 0.046968 0.051768
v -0.005961338 0.046032 0.04913866
v -0.005961338 0.046968 0.04913866
v -0.006 0.046968 0.049232
v -0.006 0.046032 0.049232
v -0.005961338 0.04593866 0.049232
v -0.006 0.046032 0.049232
v -0.006 0.046032 0.051768
v -0.005961338 0.04593866 0.051768
v -0.006 0.046032 0.049232
v -0.006 0.046968 0.049232
v -0.006 0.046968 0.051768
v -0.006 0.046032 0.051768
v -0.006 0.046968 0.049232
v -0.005961338 0.04706134 0.049232
v -0.005961338 0.04706134 0.051768
v -0.006 0.046968 0.051768
v -0.006 0.046032 0.051768
v -0.006 0.046968 0.051768
v -0.005961338 0.046968 0.05186133
v -0.005961338 0.046032 0.05186133
v 0.005961338 0.04593866 0.049232
v 0.005868 0.0459 0.049232
v 0.005868 0.0459 0.051768
v 0.005961338 0.04593866 0.051768
v 0.005868 0.04593866 0.04913866
v -0.005868 0.04593866 0.04913866
v -0.005868 0.0459 0.049232
v 0.005868 0.0459 0.049232
v 0.005868 0.0459 0.049232
v -0.005868 0.0459 0.049232
v -0.005868 0.0459 0.051768
v 0.005868 0.0459 0.051768
v 0.005868 0.0459 0.051768
v -0.005868 0.0459 0.051768
v -0.005868 0.04593866 0.05186133
v 0.005868 0.04593866 0.05186133
v -0.005868 0.0459 0.049232
v -0.005961338 0.04593866 0.049232
v -0.005961338 0.04593866 0.051768
v -0.005868 0.0459 0.051768
v 0.005961338 0.04706134 0.049232
v 0.005961338 0.04706134 0.051768
v 0.005868 0.0471 0.051768
v 0.005868 0.0471 0.049232
v 0.005868 0.04706134 0.04913866
v 0.005868 0.0471 0.049232
v -0.005868 0.0471 0.049232
v -0.005868 0.04706134 0.04913866
v 0.005868 0.0471 0.049232
v 0.005868 0.0471 0.051768
v -0.005868 0.0471 0.051768
v -0.005868 0.0471 0.049232
v 0.005868 0.0471 0.051768
v 0.005868 0.04706134 0.05186133
v -0.005868 0.04706134 0.05186133
v -0.005868 0.0471 0.051768
v -0.005868 0.0471 0.049232
v -0.005868 0.0471 0.051768
v -0.005961338 0.04706134 0.051768
v -0.005961338 0.04706134 0.049232
v 0.005868 0.04593866 0.04913866
v 0.005868 0.046032 0.0491
v -0.005868 0.046032 0.0491
v -0.005868 0.04593866 0.04913866
v 0.005961338 0.046032 0.04913866
v 0.005961338 0.046968 0.04913866
v 0.005868 0.046968 0.0491
v 0.005868 0.046032 0.0491
v 0.005868 0.046032 0.0491
v 0.005868 0.046968 0.0491
v -0.005868 0.046968 0.0491
v -0.005868 0.046032 0.0491
v -0.005868 0.046032 0.0491
v -0.005868 0.046968 0.0491
v -0.005961338 0.046968 0.04913866
v -0.005961338 0.046032 0.04913866
v 0.005868 0.046968 0.0491
v 0.005868 0.04706134 0.04913866
v -0.005868 0.04706134 0.04913866
v -0.005868 0.046968 0.0491
v 0.005868 0.04593866 0.05186133
v -0.005868 0.04593866 0.05186133
v -0.005868 0.046032 0.0519
v 0.005868 0.046032 0.0519
v 0.005961338 0.046032 0.05186133
v 0.005868 0.046032 0.0519
v 0.005868 0.046968 0.0519
v 0.005961338 0.046968 0.05186133
v 0.005868 0.046032 0.0519
v -0.005868 0.046032 0.0519
v -0.005868 0.046968 0.0519
v 0.005868 0.046968 0.0519
v -0.005868 0.046032 0.0519
v -0.005961338 0.046032 0.05186133
v -0.005961338 0.046968 0.05186133
v -0.005868 0.046968 0.0519
v 0.005868 0.046968 0.0519
v -0.005868 0.046968 0.0519
v -0.005868 0.04706134 0.05186133
v 0.005868 0.04706134 0.05186133
v 0.005961338 0.046032 0.05563866
v 0.006 0.046032 0.055732
v 0.006 0.046968 0.055732
v 0.005961338 0.046968 0.05563866
v 0.005961338 0.04593866 0.055732
v 0.005961338 0.04593866 0.058268
v 0.006 0.046032 0.058268
v 0.006 0.046032 0.055732
v 0.006 0.046032 0.055732
v 0.006 0.046032 0.058268
v 0.006 0.046968 0.058268
v 0.006 0.046968 0.055732
v 0.006 0.046968 0.055732
v 0.006 0.046968 0.058268
v 0.005961338 0.04706134 0.058268
v 0.005961338 0.04706134 0.055732
v 0.006 0.046032 0.058268
v 0.005961338 0.046032 0.05836134
v 0.005961338 0.046968 0.05836134
v 0.006 0.046968 0.058268
v -0.005961338 0.046032 0.05563866
v -0.005961338 0.046968 0.05563866
v -0.006 0.046968 0.055732
v -0.006 0.046032 0.055732
v -0.005961338 0.04593866 0.055732
v -0.006 0.046032 0.055732
v -0.006 0.046032 0.058268
v -0.005961338 0.04593866 0.058268
v -0.006 0.046032 0.055732
v -0.006 0.046968 0.055732
v -0.006 0.046968 0.058268
v -0.006 0.046032 0.058268
v -0.006 0.046968 0.055732
v -0.005961338 0.04706134 0.055732
v -0.005961338 0.04706134 0.058268
v -0.006 0.046968 0.058268
v -0.006 0.046032 0.058268
v -0.006 0.046968 0.058268
v -0.005961338 0.046968 0.05836134
v -0.005961338 0.046032 0.05836134
v 0.005961338 0.04593866 0.055732
v 0.005868 0.0459 0.055732
v 0.005868 0.0459 0.058268
v 0.005961338 0.04593866 0.058268
v 0.005868 0.04593866 0.05563866
v -0.005868 0.04593866 0.05563866
v -0.005868 0.0459 0.055732
v 0.005868 0.0459 0.055732
v 0.005868 0.0459 0.055732
v -0.005868 0.0459 0.055732
v -0.005868 0.0459 0.058268
v 0.005868 0.0459 0.058268
v 0.005868 0.0459 0.058268
v -0.005868 0.0459 0.058268
v -0.005868 0.04593866 0.05836134
v 0.005868 0.04593866 0.05836134
v -0.005868 0.0459 0.055732
v -0.005961338 0.04593866 0.055732
v -0.005961338 0.04593866 0.058268
v -0.005868 0.0459 0.058268
v 0.005961338 0.04706134 0.055732
v 0.005961338 0.04706134 0.058268
v 0.005868 0.0471 0.058268
v 0.005868 0.0471 0.055732
v 0.005868 0.04706134 0.05563866
v 0.005868 0.0471 0.055732
v -0.005868 0.0471 0.055732
v -0.005868 0.04706134 0.05563866
v 0.005868 0.0471 0.055732
v 0.005868 0.0471 0.058268
v -0.005868 0.0471 0.058268
v -0.005868 0.0471 0.055732
v 0.005868 0.0471 0.058268
v 0.005868 0.04706134 0.05836134
v -0.005868 0.04706134 0.05836134
v -0.005868 0.0471 0.058268
v -0.005868 0.0471 0.055732
v -0.005868 0.0471 0.058268
v -0.005961338 0.04706134 0.058268
v -0.005961338 0.04706134 0.055732
v 0.005868 0.04593866 0.05563866
v 0.005868 0.046032 0.0556
v -0.005868 0.046032 0.0556
v -0.005868 0.04593866 0.05563866
v 0.005961338 0.046032 0.05563866
v 0.005961338 0.046968 0.05563866
v 0.005868 0.046968 0.0556
v 0.005868 0.046032 0.0556
v 0.005868 0.046032 0.0556
v 0.005868 0.046968 0.0556
v -0.005868 0.046968 0.0556
v -0.005868 0.046032 0.0556
v -0.005868 0.046032 0.0556
v -0.005868 0.046968 0.0556
v -0.005961338 0.046968 0.05563866
v -0.005961338 0.046032 0.05563866
v 0.005868 0.046968 0.0556
v 0.005868 0.04706134 0.05563866
v -0.005868 0.04706134 0.05563866
v -0.005868 0.046968 0.0556
v 0.005868 0.04593866 0.05836134
v -0.005868 0.04593866 0.05836134
v -0.005868 0.046032 0.0584
v 0.005868 0.046032 0.0584
v 0.005961338 0.046032 0.05836134
v 0.005868 0.046032 0.0584
v 0.005868 0.046968 0.0584
v 0.005961338 0.046968 0.05836134
v 0.005868 0.046032 0.0584
v -0.005868 0.046032 0.0584
v -0.005868 0.046968 0.0584
v 0.005868 0.046968 0.0584
v -0.005868 0.046032 0.0584
v -0.005961338 0.046032 0.05836134
v -0.005961338 0.046968 0.05836134
v -0.005868 0.046968 0.0584
v 0.005868 0.046968 0.0584
v -0.005868 0.046968 0.0584
v -0.005868 0.04706134 0.05836134
v 0.005868 0.04706134 0.05836134
v 0.005961338 0.046032 0.06213867
v 0.006 0.046032 0.062232
v 0.006 0.046968 0.062232
v 0.005961338 0.046968 0.06213867
v 0.005961338 0.04593866 0.062232
v 0.005961338 0.04593866 0.064768
v 0.006 0.046032 0.064768
v 0.006 0.046032 0.062232
v 0.006 0.046032 0.062232
v 0.006 0.046032 0.064768
v 0.006 0.046968 0.064768
v 0.006 0.046968 0.062232
v 0.006 0.046968 0.062232
v 0.006 0.046968 0.064768
v 0.005961338 0.04706134 0.064768
v 0.005961338 0.04706134 0.062232
v 0.006 0.046032 0.064768
v 0.005961338 0.046032 0.06486134
v 0.005961338 0.046968 0.06486134
v 0.006 0.046968 0.064768
v -0.005961338 0.046032 0.06213867
v -0.005961338 0.046968 0.06213867
v -0.006 0.046968 0.062232
v -0.006 0.046032 0.062232
v -0.005961338 0.04593866 0.062232
v -0.006 0.046032 0.062232
v -0.006 0.046032 0.064768
v -0.005961338 0.04593866 0.064768
v -0.006 0.046032 0.062232
v -0.006 0.046968 0.062232
v -0.006 0.046968 0.064768
v -0.006 0.046032 0.064768
v -0.006 0.046968 0.062232
v -0.005961338 0.04706134 0.062232
v -0.005961338 0.04706134 0.064768
v -0.006 0.046968 0.064768
v -0.006 0.046032 0.064768
v -0.006 0.046968 0.064768
v -0.005961338 0.046968 0.06486134
v -0.005961338 0.046032 0.06486134
v 0.005961338 0.04593866 0.062232
v 0.005868 0.0459 0.062232
v 0.005868 0.0459 0.064768
v 0.005961338 0.04593866 0.064768
v 0.005868 0.04593866 0.06213867
v -0.005868 0.04593866 0.06213867
v -0.005868 0.0459 0.062232
v 0.005868 0.0459 0.062232
v 0.005868 0.0459 0.062232
v -0.005868 0.0459 0.062232
v -0.005868 0.0459 0.064768
v 0.005868 0.0459 0.064768
v 0.005868 0.0459 0.064768
v -0.005868 0.0459 0.064768
v -0.005868 0.04593866 0.06486134
v 0.005868 0.04593866 0.06486134
v -0.005868 0.0459 0.062232
v -0.005961338 0.04593866 0.062232
v -0.005961338 0.04593866 0.064768
v -0.005868 0.0459 0.064768
v 0.005961338 0.04706134 0.062232
v 0.005961338 0.04706134 0.064768
v 0.005868 0.0471 0.064768
v 0.005868 0.0471 0.062232
v 0.005868 0.04706134 0.06213867
v 0.005868 0.0471 0.062232
v -0.005868 0.0471 0.062232
v -0.005868 0.04706134 0.06213867
v 0.005868 0.0471 0.062232
v 0.005868 0.0471 0.064768
v -0.005868 0.0471 0.064768
v -0.005868 0.0471 0.062232
v 0.005868 0.0471 0.064768
v 0.005868 0.04706134 0.06486134
v -0.005868 0.04706134 0.06486134
v -0.005868 0.0471 0.064768
v -0.005868 0.0471 0.062232
v -0.005868 0.0471 0.064768
v -0.005961338 0.04706134 0.064768
v -0.005961338 0.04706134 0.062232
v 0.005868 0.04593866 0.06213867
v 0.005868 0.046032 0.0621
v -0.005868 0.046032 0.0621
v -0.005868 0.04593866 0.06213867
v 0.005961338 0.046032 0.06213867
v 0.005961338 0.046968 0.06213867
v 0.005868 0.046968 0.0621
v 0.005868 0.046032 0.0621
v 0.005868 0.046032 0.0621
v 0.005868 0.046968 0.0621
v -0.005868 0.046968 0.0621
v -0.005868 0.046032 0.0621
v -0.005868 0.046032 0.0621
v -0.005868 0.046968 0.0621
v -0.005961338 0.046968 0.06213867
v -0.005961338 0.046032 0.06213867
v 0.005868 0.046968 0.0621
v 0.005868 0.04706134 0.06213867
v -0.005868 0.04706134 0.06213867
v -0.005868 0.046968 0.0621
v 0.005868 0.04593866 0.06486134
v -0.005868 0.04593866 0.06486134
v -0.005868 0.046032 0.0649
v 0.005868 0.046032 0.0649
v 0.005961338 0.046032 0.06486134
v 0.005868 0.046032 0.0649
v 0.005868 0.046968 0.0649
v 0.005961338 0.046968 0.06486134
v 0.005868 0.046032 0.0649
v -0.005868 0.046032 0.0649
v -0.005868 0.046968 0.0649
v 0.005868 0.046968 0.0649
v -0.005868 0.046032 0.0649
v -0.005961338 0.046032 0.06486134
v -0.005961338 0.046968 0.06486134
v -0.005868 0.046968 0.0649
v 0.005868 0.046968 0.0649
v -0.005868 0.046968 0.0649
v -0.005868 0.04706134 0.06486134
v 0.005868 0.04706134 0.06486134
v -0.004919331 0.048966 -0.01278067
v -0.0049 0.048966 -0.012734
v -0.0049 0.050634 -0.012734
v -0.004919331 0.050634 -0.01278067
v -0.0049 0.048966 -0.012734
v -0.0049 0.048966 -0.012266
v -0.0049 0.050634 -0.012266
v -0.0049 0.050634 -0.012734
v -0.0049 0.048966 -0.012266
v -0.004919331 0.048966 -0.01221933
v -0.004919331 0.050634 -0.01221933
v -0.0049 0.050634 -0.012266
v -0.006680669 0.048966 -0.01278067
v -0.006680669 0.050634 -0.01278067
v -0.0067 0.050634 -0.012734
v -0.0067 0.048966 -0.012734
v -0.0067 0.048966 -0.012734
v -0.0067 0.050634 -0.012734
v -0.0067 0.050634 -0.012266
v -0.0067 0.048966 -0.012266
v -0.0067 0.048966 -0.012266
v -0.0067 0.050634 -0.012266
v -0.006680669 0.050634 -0.01221933
v -0.006680669 0.048966 -0.01221933
v -0.004966 0.04891933 -0.01278067
v -0.006634 0.04891933 -0.01278067
v -0.006634 0.0489 -0.012734
v -0.004966 0.0489 -0.012734
v -0.004966 0.0489 -0.012734
v -0.006634 0.0489 -0.012734
v -0.006634 0.0489 -0.012266
v -0.004966 0.0489 -0.012266
v -0.004966 0.0489 -0.012266
v -0.006634 0.0489 -0.012266
v -0.006634 0.04891933 -0.01221933
v -0.004966 0.04891933 -0.01221933
v -0.004966 0.05068067 -0.01278067
v -0.004966 0.0507 -0.012734
v -0.006634 0.0507 -0.012734
v -0.006634 0.05068067 -0.01278067
v -0.004966 0.0507 -0.012734
v -0.004966 0.0507 -0.012266
v -0.006634 0.0507 -0.012266
v -0.006634 0.0507 -0.012734
v -0.004966 0.0507 -0.012266
v -0.004966 0.05068067 -0.01221933
v -0.006634 0.05068067 -0.01221933
v -0.006634 0.0507 -0.012266
v -0.004966 0.04891933 -0.01278067
v -0.004966 0.048966 -0.0128
v -0.006634 0.048966 -0.0128
v -0.006634 0.04891933 -0.01278067
v -0.004919331 0.048966 -0.01278067
v -0.004919331 0.050634 -0.01278067
v -0.004966 0.050634 -0.0128
v -0.004966 0.048966 -0.0128
v -0.004966 0.048966 -0.0128
v -0.004966 0.050634 -0.0128
v -0.006634 0.050634 -0.0128
v -0.006634 0.048966 -0.0128
v -0.006634 0.048966 -0.0128
v -0.006634 0.050634 -0.0128
v -0.006680669 0.050634 -0.01278067
v -0.006680669 0.048966 -0.01278067
v -0.004966 0.050634 -0.0128
v -0.004966 0.05068067 -0.01278067
v -0.006634 0.05068067 -0.01278067
v -0.006634 0.050634 -0.0128
v -0.004966 0.04891933 -0.01221933
v -0.006634 0.04891933 -0.01221933
v -0.006634 0.048966 -0.0122
v -0.004966 0.048966 -0.0122
v -0.004919331 0.048966 -0.01221933
v -0.004966 0.048966 -0.0122
v -0.004966 0.050634 -0.0122
v -0.004919331 0.050634 -0.01221933
v -0.004966 0.048966 -0.0122
v -0.006634 0.048966 -0.0122
v -0.006634 0.050634 -0.0122
v -0.004966 0.050634 -0.0122
v -0.006634 0.048966 -0.0122
v -0.006680669 0.048966 -0.01221933
v -0.006680669 0.050634 -0.01221933
v -0.006634 0.050634 -0.0122
v -0.004966 0.050634 -0.0122
v -0.006634 0.050634 -0.0122
v -0.006634 0.05068067 -0.01221933
v -0.004966 0.05068067 -0.01221933
v 0.006680669 0.048966 -0.01278067
v 0.0067 0.048966 -0.012734
v 0.0067 0.050634 -0.012734
v 0.006680669 0.050634 -0.01278067
v 0.0067 0.048966 -0.012734
v 0.0067 0.048966 -0.012266
v 0.0067 0.050634 -0.012266
v 0.0067 0.050634 -0.012734
v 0.0067 0.048966 -0.012266
v 0.006680669 0.048966 -0.01221933
v 0.006680669 0.050634 -0.01221933
v 0.0067 0.050634 -0.012266
v 0.004919331 0.048966 -0.01278067
v 0.004919331 0.050634 -0.01278067
v 0.0049 0.050634 -0.012734
v 0.0049 0.048966 -0.012734
v 0.0049 0.048966 -0.012734
v 0.0049 0.050634 -0.012734
v 0.0049 0.050634 -0.012266
v 0.0049 0.048966 -0.012266
v 0.0049 0.048966 -0.012266
v 0.0049 0.050634 -0.012266
v 0.004919331 0.050634 -0.01221933
v 0.004919331 0.048966 -0.01221933
v 0.006634 0.04891933 -0.01278067
v 0.004966 0.04891933 -0.01278067
v 0.004966 0.0489 -0.012734
v 0.006634 0.0489 -0.012734
v 0.006634 0.0489 -0.012734
v 0.004966 0.0489 -0.012734
v 0.004966 0.0489 -0.012266
v 0.006634 0.0489 -0.012266
v 0.006634 0.0489 -0.012266
v 0.004966 0.0489 -0.012266
v 0.004966 0.04891933 -0.01221933
v 0.006634 0.04891933 -0.01221933
v 0.006634 0.05068067 -0.01278067
v 0.006634 0.0507 -0.012734
v 0.004966 0.0507 -0.012734
v 0.004966 0.05068067 -0.01278067
v 0.006634 0.0507 -0.012734
v 0.006634 0.0507 -0.012266
v 0.004966 0.0507 -0.012266
v 0.004966 0.0507 -0.012734
v 0.006634 0.0507 -0.012266
v 0.006634 0.05068067 -0.01221933
v 0.004966 0.05068067 -0.01221933
v 0.004966 0.0507 -0.012266
v 0.006634 0.04891933 -0.01278067
v 0.006634 0.048966 -0.0128
v 0.004966 0.048966 -0.0128
v 0.004966 0.04891933 -0.01278067
v 0.006680669 0.048966 -0.01278067
v 0.006680669 0.050634 -0.01278067
v 0.006634 0.050634 -0.0128
v 0.006634 0.048966 -0.0128
v 0.006634 0.048966 -0.0128
v 0.006634 0.050634 -0.0128
v 0.004966 0.050634 -0.0128
v 0.004966 0.048966 -0.0128
v 0.004966 0.048966 -0.0128
v 0.004966 0.050634 -0.0128
v 0.004919331 0.050634 -0.01278067
v 0.004919331 0.048966 -0.01278067
v 0.006634 0.050634 -0.0128
v 0.006634 0.05068067 -0.01278067
v 0.004966 0.05068067 -0.01278067
v 0.004966 0.050634 -0.0128
v 0.006634 0.04891933 -0.01221933
v 0.004966 0.04891933 -0.01221933
v 0.004966 0.048966 -0.0122
v 0.006634 0.048966 -0.0122
v 0.006680669 0.048966 -0.01221933
v 0.006634 0.048966 -0.0122
v 0.006634 0.050634 -0.0122
v 0.006680669 0.050634 -0.01221933
v 0.006634 0.048966 -0.0122
v 0.004966 0.048966 -0.0122
v 0.004966 0.050634 -0.0122
v 0.006634 0.050634 -0.0122
v 0.004966 0.048966 -0.0122
v 0.004919331 0.048966 -0.01221933
v 0.004919331 0.050634 -0.01221933
v 0.004966 0.050634 -0.0122
v 0.006634 0.050634 -0.0122
v 0.004966 0.050634 -0.0122
v 0.004966 0.05068067 -0.01221933
v 0.006634 0.05068067 -0.01221933
v 0.000880669 0.048966 0.1492193
v 0.0009 0.048966 0.149266
v 0.0009 0.050634 0.149266
v 0.000880669 0.050634 0.1492193
v 0.0009 0.048966 0.149266
v 0.0009 0.048966 0.149734
v 0.0009 0.050634 0.149734
v 0.0009 0.050634 0.149266
v 0.0009 0.048966 0.149734
v 0.000880669 0.048966 0.1497807
v 0.000880669 0.050634 0.1497807
v 0.0009 0.050634 0.149734
v -0.000880669 0.048966 0.1492193
v -0.000880669 0.050634 0.1492193
v -0.0009 0.050634 0.149266
v -0.0009 0.048966 0.149266
v -0.0009 0.048966 0.149266
v -0.0009 0.050634 0.149266
v -0.0009 0.050634 0.149734
v -0.0009 0.048966 0.149734
v -0.0009 0.048966 0.149734
v -0.0009 0.050634 0.149734
v -0.000880669 0.050634 0.1497807
v -0.000880669 0.048966 0.1497807
v 0.000834 0.04891933 0.1492193
v -0.000834 0.04891933 0.1492193
v -0.000834 0.0489 0.149266
v 0.000834 0.0489 0.149266
v 0.000834 0.0489 0.149266
v -0.000834 0.0489 0.149266
v -0.000834 0.0489 0.149734
v 0.000834 0.0489 0.149734
v 0.000834 0.0489 0.149734
v -0.000834 0.0489 0.149734
v -0.000834 0.04891933 0.1497807
v 0.000834 0.04891933 0.1497807
v 0.000834 0.05068067 0.1492193
v 0.000834 0.0507 0.149266
v -0.000834 0.0507 0.149266
v -0.000834 0.05068067 0.1492193
v 0.000834 0.0507 0.149266
v 0.000834 0.0507 0.149734
v -0.000834 0.0507 0.149734
v -0.000834 0.0507 0.149266
v 0.000834 0.0507 0.149734
v 0.000834 0.05068067 0.1497807
v -0.000834 0.05068067 0.1497807
v -0.000834 0.0507 0.149734
v 0.000834 0.04891933 0.1492193
v 0.000834 0.048966 0.1492
v -0.000834 0.048966 0.1492
v -0.000834 0.04891933 0.1492193
v 0.000880669 0.048966 0.1492193
v 0.000880669 0.050634 0.1492193
v 0.000834 0.050634 0.1492
v 0.000834 0.048966 0.1492
v 0.000834 0.048966 0.1492
v 0.000834 0.050634 0.1492
v -0.000834 0.050634 0.1492
v -0.000834 0.048966 0.1492
v -0.000834 0.048966 0.1492
v -0.000834 0.050634 0.1492
v -0.000880669 0.050634 0.1492193
v -0.000880669 0.048966 0.1492193
v 0.000834 0.050634 0.1492
v 0.000834 0.05068067 0.1492193
v -0.000834 0.05068067 0.1492193
v -0.000834 0.050634 0.1492
v 0.000834 0.04891933 0.1497807
v -0.000834 0.04891933 0.1497807
v -0.000834 0.048966 0.1498
v 0.000834 0.048966 0.1498
v 0.000880669 0.048966 0.1497807
v 0.000834 0.048966 0.1498
v 0.000834 0.050634 0.1498
v 0.000880669 0.050634 0.1497807
v 0.000834 0.048966 0.1498
v -0.000834 0.048966 0.1498
v -0.000834 0.050634 0.1498
v 0.000834 0.050634 0.1498
v -0.000834 0.048966 0.1498
v -0.000880669 0.048966 0.1497807
v -0.000880669 0.050634 0.1497807
v -0.000834 0.050634 0.1498
v 0.000834 0.050634 0.1498
v -0.000834 0.050634 0.1498
v -0.000834 0.05068067 0.1497807
v 0.000834 0.05068067 0.1497807
vt -0.1099641 0.07253589
vt -0.1065 0.07175736
vt -0.1065 0.07600001
vt -0.1107426 0.07600001
vt -0.1107426 0.07600001
vt -0.1065 0.07600001
vt -0.1065 0.209
vt -0.1107426 0.209
vt -0.1107426 0.209
vt -0.1065 0.209
vt -0.1065 0.2132426
vt -0.1099641 0.2124641
vt -0.1065 0.07175736
vt 0.8065 0.07175736
vt 0.8065 0.07600001
vt -0.1065 0.07600001
vt -0.1065 0.07600001
vt 0.8065 0.07600001
vt 0.8065 0.209
vt -0.1065 0.209
vt -0.1065 0.209
vt 0.8065 0.209
vt 0.8065 0.2132426
vt -0.1065 0.2132426
vt 0.8065 0.07175736
vt 0.8099641 0.07253589
vt 0.8107427 0.07600001
vt 0.8065 0.07600001
vt 0.8065 0.07600001
vt 0.8107427 0.07600001
vt 0.8107427 0.209
vt 0.8065 0.209
vt 0.8065 0.209
vt 0.8107427 0.209
vt 0.8099641 0.2124641
vt 0.8065 0.2132426
vt -0.1099641 0.07253589
vt -0.1107426 0.07600001
vt -0.1065 0.07600001
vt -0.1065 0.07175736
vt -0.1107426 0.07600001
vt -0.1107426 0.209
vt -0.1065 0.209
vt -0.1065 0.07600001
vt -0.1107426 0.209
vt -0.1099641 0.2124641
vt -0.1065 0.2132426
vt -0.1065 0.209
vt -0.1065 0.07175736
vt -0.1065 0.07600001
vt 0.8065 0.07600001
vt 0.8065 0.07175736
vt -0.1065 0.07600001
vt -0.1065 0.209
vt 0.8065 0.209
vt 0.8065 0.07600001
vt -0.1065 0.209
vt -0.1065 0.2132426
vt 0.8065 0.2132426
vt 0.8065 0.209
vt 0.8065 0.07175736
vt 0.8065 0.07600001
vt 0.8107427 0.07600001
vt 0.8099641 0.07253589
vt 0.8065 0.07600001
vt 0.8065 0.209
vt 0.8107427 0.209
vt 0.8107427 0.07600001
vt 0.8065 0.209
vt 0.8065 0.2132426
vt 0.8099641 0.2124641
vt 0.8107427 0.209
vt -0.06496411 -0.1099641
vt -0.0615 -0.1107426
vt -0.0615 -0.1065
vt -0.06574264 -0.1065
vt -0.06574264 -0.1065
vt -0.0615 -0.1065
vt -0.0615 0.8065
vt -0.06574264 0.8065
vt -0.06574264 0.8065
vt -0.0615 0.8065
vt -0.0615 0.8107427
vt -0.06496411 0.8099641
vt -0.0615 -0.1107426
vt 0.0615 -0.1107426
vt 0.0615 -0.1065
vt -0.0615 -0.1065
vt -0.0615 -0.1065
vt 0.0615 -0.1065
vt 0.0615 0.8065
vt -0.0615 0.8065
vt -0.0615 0.8065
vt 0.0615 0.8065
vt 0.0615 0.8107427
vt -0.0615 0.8107427
vt 0.0615 -0.1107426
vt 0.06496411 -0.1099641
vt 0.06574264 -0.1065
vt 0.0615 -0.1065
vt 0.0615 -0.1065
vt 0.06574264 -0.1065
vt 0.06574264 0.8065
vt 0.0615 0.8065
vt 0.0615 0.8065
vt 0.06574264 0.8065
vt 0.06496411 0.8099641
vt 0.0615 0.8107427
vt -0.06496411 -0.1099641
vt -0.06574264 -0.1065
vt -0.0615 -0.1065
vt -0.0615 -0.1107426
vt -0.06574264 -0.1065
vt -0.06574264 0.8065
vt -0.0615 0.8065
vt -0.0615 -0.1065
vt -0.06574264 0.8065
vt -0.06496411 0.8099641
vt -0.0615 0.8107427
vt -0.0615 0.8065
vt -0.0615 -0.1107426
vt -0.0615 -0.1065
vt 0.0615 -0.1065
vt 0.0615 -0.1107426
vt -0.0615 -0.1065
vt -0.0615 0.8065
vt 0.0615 0.8065
vt 0.0615 -0.1065
vt -0.0615 0.8065
vt -0.0615 0.8107427
vt 0.0615 0.8107427
vt 0.0615 0.8065
vt 0.0615 -0.1107426
vt 0.0615 -0.1065
vt 0.06574264 -0.1065
vt 0.06496411 -0.1099641
vt 0.0615 -0.1065
vt 0.0615 0.8065
vt 0.06574264 0.8065
vt 0.06574264 -0.1065
vt 0.0615 0.8065
vt 0.0615 0.8107427
vt 0.06496411 0.8099641
vt 0.06574264 0.8065
vt -0.06496411 0.07253589
vt -0.06574265 0.07600001
vt -0.0615 0.07600001
vt -0.0615 0.07175735
vt -0.0615 0.07175735
vt -0.0615 0.07600001
vt 0.0615 0.07600001
vt 0.0615 0.07175735
vt 0.0615 0.07175735
vt 0.0615 0.07600001
vt 0.06574265 0.07600001
vt 0.06496411 0.07253589
vt -0.06574265 0.07600001
vt -0.06574265 0.209
vt -0.0615 0.209
vt -0.0615 0.07600001
vt -0.0615 0.07600001
vt -0.0615 0.209
vt 0.0615 0.209
vt 0.0615 0.07600001
vt 0.0615 0.07600001
vt 0.0615 0.209
vt 0.06574265 0.209
vt 0.06574265 0.07600001
vt -0.06574265 0.209
vt -0.06496411 0.2124641
vt -0.0615 0.2132426
vt -0.0615 0.209
vt -0.0615 0.209
vt -0.0615 0.2132426
vt 0.0615 0.2132426
vt 0.0615 0.209
vt 0.0615 0.209
vt 0.0615 0.2132426
vt 0.06496411 0.2124641
vt 0.06574265 0.209
vt -0.06496411 0.07253589
vt -0.0615 0.07175735
vt -0.0615 0.07600001
vt -0.06574265 0.07600001
vt -0.0615 0.07175735
vt 0.0615 0.07175735
vt 0.0615 0.07600001
vt -0.0615 0.07600001
vt 0.0615 0.07175735
vt 0.06496411 0.07253589
vt 0.06574265 0.07600001
vt 0.0615 0.07600001
vt -0.06574265 0.07600001
vt -0.0615 0.07600001
vt -0.0615 0.209
vt -0.06574265 0.209
vt -0.0615 0.07600001
vt 0.0615 0.07600001
vt 0.0615 0.209
vt -0.0615 0.209
vt 0.0615 0.07600001
vt 0.06574265 0.07600001
vt 0.06574265 0.209
vt 0.0615 0.209
vt -0.06574265 0.209
vt -0.0615 0.209
vt -0.0615 0.2132426
vt -0.06496411 0.2124641
vt -0.0615 0.209
vt 0.0615 0.209
vt 0.0615 0.2132426
vt -0.0615 0.2132426
vt 0.0615 0.209
vt 0.06574265 0.209
vt 0.06496411 0.2124641
vt 0.0615 0.2132426
vt -0.09907018 0.2109298
vt -0.09780001 0.2106444
vt -0.09780001 0.2122
vt -0.09935565 0.2122
vt -0.09935565 0.2122
vt -0.09780001 0.2122
vt -0.09780001 0.2278
vt -0.09935565 0.2278
vt -0.09935565 0.2278
vt -0.09780001 0.2278
vt -0.09780001 0.2293556
vt -0.09907018 0.2290702
vt -0.09780001 0.2106444
vt 0.7977999 0.2106444
vt 0.7977999 0.2122
vt -0.09780001 0.2122
vt -0.09780001 0.2122
vt 0.7977999 0.2122
vt 0.7977999 0.2278
vt -0.09780001 0.2278
vt -0.09780001 0.2278
vt 0.7977999 0.2278
vt 0.7977999 0.2293556
vt -0.09780001 0.2293556
vt 0.7977999 0.2106444
vt 0.7990701 0.2109298
vt 0.7993556 0.2122
vt 0.7977999 0.2122
vt 0.7977999 0.2122
vt 0.7993556 0.2122
vt 0.7993556 0.2278
vt 0.7977999 0.2278
vt 0.7977999 0.2278
vt 0.7993556 0.2278
vt 0.7990701 0.2290702
vt 0.7977999 0.2293556
vt -0.09907018 0.2109298
vt -0.09935565 0.2122
vt -0.09780001 0.2122
vt -0.09780001 0.2106444
vt -0.09935565 0.2122
vt -0.09935565 0.2278
vt -0.09780001 0.2278
vt -0.09780001 0.2122
vt -0.09935565 0.2278
vt -0.09907018 0.2290702
vt -0.09780001 0.2293556
vt -0.09780001 0.2278
vt -0.09780001 0.2106444
vt -0.09780001 0.2122
vt 0.7977999 0.2122
vt 0.7977999 0.2106444
vt -0.09780001 0.2122
vt -0.09780001 0.2278
vt 0.7977999 0.2278
vt 0.7977999 0.2122
vt -0.09780001 0.2278
vt -0.09780001 0.2293556
vt 0.7977999 0.2293556
vt 0.7977999 0.2278
vt 0.7977999 0.2106444
vt 0.7977999 0.2122
vt 0.7993556 0.2122
vt 0.7990701 0.2109298
vt 0.7977999 0.2122
vt 0.7977999 0.2278
vt 0.7993556 0.2278
vt 0.7993556 0.2122
vt 0.7977999 0.2278
vt 0.7977999 0.2293556
vt 0.7990701 0.2290702
vt 0.7993556 0.2278
vt -0.04907017 -0.09907018
vt -0.0478 -0.09935565
vt -0.0478 -0.09780001
vt -0.04935563 -0.09780001
vt -0.04935563 -0.09780001
vt -0.0478 -0.09780001
vt -0.0478 0.7977999
vt -0.04935563 0.7977999
vt -0.04935563 0.7977999
vt -0.0478 0.7977999
vt -0.0478 0.7993556
vt -0.04907017 0.7990701
vt -0.0478 -0.09935565
vt 0.0478 -0.09935565
vt 0.0478 -0.09780001
vt -0.0478 -0.09780001
vt -0.0478 -0.09780001
vt 0.0478 -0.09780001
vt 0.0478 0.7977999
vt -0.0478 0.7977999
vt -0.0478 0.7977999
vt 0.0478 0.7977999
vt 0.0478 0.7993556
vt -0.0478 0.7993556
vt 0.0478 -0.09935565
vt 0.04907017 -0.09907018
vt 0.04935563 -0.09780001
vt 0.0478 -0.09780001
vt 0.0478 -0.09780001
vt 0.04935563 -0.09780001
vt 0.04935563 0.7977999
vt 0.0478 0.7977999
vt 0.0478 0.7977999
vt 0.04935563 0.7977999
vt 0.04907017 0.7990701
vt 0.0478 0.7993556
vt -0.04907017 -0.09907018
vt -0.04935563 -0.09780001
vt -0.0478 -0.09780001
vt -0.0478 -0.09935565
vt -0.04935563 -0.09780001
vt -0.04935563 0.7977999
vt -0.0478 0.7977999
vt -0.0478 -0.09780001
vt -0.04935563 0.7977999
vt -0.04907017 0.7990701
vt -0.0478 0.7993556
vt -0.0478 0.7977999
vt -0.0478 -0.09935565
vt -0.0478 -0.09780001
vt 0.0478 -0.09780001
vt 0.0478 -0.09935565
vt -0.0478 -0.09780001
vt -0.0478 0.7977999
vt 0.0478 0.7977999
vt 0.0478 -0.09780001
vt -0.0478 0.7977999
vt -0.0478 0.7993556
vt 0.0478 0.7993556
vt 0.0478 0.7977999
vt 0.0478 -0.09935565
vt 0.0478 -0.09780001
vt 0.04935563 -0.09780001
vt 0.04907017 -0.09907018
vt 0.0478 -0.09780001
vt 0.0478 0.7977999
vt 0.04935563 0.7977999
vt 0.04935563 -0.09780001
vt 0.0478 0.7977999
vt 0.0478 0.7993556
vt 0.04907017 0.7990701
vt 0.04935563 0.7977999
vt -0.04907017 0.2109298
vt -0.04935563 0.2122
vt -0.0478 0.2122
vt -0.0478 0.2106444
vt -0.0478 0.2106444
vt -0.0478 0.2122
vt 0.0478 0.2122
vt 0.0478 0.2106444
vt 0.0478 0.2106444
vt 0.0478 0.2122
vt 0.04935563 0.2122
vt 0.04907017 0.2109298
vt -0.04935563 0.2122
vt -0.04935563 0.2278
vt -0.0478 0.2278
vt -0.0478 0.2122
vt -0.0478 0.2122
vt -0.0478 0.2278
vt 0.0478 0.2278
vt 0.0478 0.2122
vt 0.0478 0.2122
vt 0.0478 0.2278
vt 0.04935563 0.2278
vt 0.04935563 0.2122
vt -0.04935563 0.2278
vt -0.04907017 0.2290702
vt -0.0478 0.2293556
vt -0.0478 0.2278
vt -0.0478 0.2278
vt -0.0478 0.2293556
vt 0.0478 0.2293556
vt 0.0478 0.2278
vt 0.0478 0.2278
vt 0.0478 0.2293556
vt 0.04907017 0.2290702
vt 0.04935563 0.2278
vt -0.04907017 0.2109298
vt -0.0478 0.2106444
vt -0.0478 0.2122
vt -0.04935563 0.2122
vt -0.0478 0.2106444
vt 0.0478 0.2106444
vt 0.0478 0.2122
vt -0.0478 0.2122
vt 0.0478 0.2106444
vt 0.04907017 0.2109298
vt 0.04935563 0.2122
vt 0.0478 0.2122
vt -0.04935563 0.2122
vt -0.0478 0.2122
vt -0.0478 0.2278
vt -0.04935563 0.2278
vt -0.0478 0.2122
vt 0.0478 0.2122
vt 0.0478 0.2278
vt -0.0478 0.2278
vt 0.0478 0.2122
vt 0.04935563 0.2122
vt 0.04935563 0.2278
vt 0.0478 0.2278
vt -0.04935563 0.2278
vt -0.0478 0.2278
vt -0.0478 0.2293556
vt -0.04907017 0.2290702
vt -0.0478 0.2278
vt 0.0478 0.2278
vt 0.0478 0.2293556
vt -0.0478 0.2293556
vt 0.0478 0.2278
vt 0.04935563 0.2278
vt 0.04907017 0.2290702
vt 0.0478 0.2293556
vt -0.0868067 0.10066
vt -0.08634 0.10066
vt -0.08634 0.19934
vt -0.0868067 0.19934
vt -0.08634 0.1001933
vt -0.07366 0.1001933
vt -0.07366 0.10066
vt -0.08634 0.10066
vt -0.08634 0.10066
vt -0.07366 0.10066
vt -0.07366 0.19934
vt -0.08634 0.19934
vt -0.08634 0.19934
vt -0.07366 0.19934
vt -0.07366 0.1998067
vt -0.08634 0.1998067
vt -0.07366 0.10066
vt -0.07319331 0.10066
vt -0.07319331 0.19934
vt -0.07366 0.19934
vt -0.0868067 0.10066
vt -0.0868067 0.19934
vt -0.08634 0.19934
vt -0.08634 0.10066
vt -0.08634 0.1001933
vt -0.08634 0.10066
vt -0.07366 0.10066
vt -0.07366 0.1001933
vt -0.08634 0.10066
vt -0.08634 0.19934
vt -0.07366 0.19934
vt -0.07366 0.10066
vt -0.08634 0.19934
vt -0.08634 0.1998067
vt -0.07366 0.1998067
vt -0.07366 0.19934
vt -0.07366 0.10066
vt -0.07366 0.19934
vt -0.07319331 0.19934
vt -0.07319331 0.10066
vt 0.06569331 -0.08634
vt 0.06616 -0.08634
vt 0.06616 -0.07366
vt 0.06569331 -0.07366
vt 0.06616 -0.0868067
vt 0.07084 -0.0868067
vt 0.07084 -0.08634
vt 0.06616 -0.08634
vt 0.06616 -0.08634
vt 0.07084 -0.08634
vt 0.07084 -0.07366
vt 0.06616 -0.07366
vt 0.06616 -0.07366
vt 0.07084 -0.07366
vt 0.07084 -0.07319331
vt 0.06616 -0.07319331
vt 0.07084 -0.08634
vt 0.07130669 -0.08634
vt 0.07130669 -0.07366
vt 0.07084 -0.07366
vt 0.06569331 -0.08634
vt 0.06569331 -0.07366
vt 0.06616 -0.07366
vt 0.06616 -0.08634
vt 0.06616 -0.0868067
vt 0.06616 -0.08634
vt 0.07084 -0.08634
vt 0.07084 -0.0868067
vt 0.06616 -0.08634
vt 0.06616 -0.07366
vt 0.07084 -0.07366
vt 0.07084 -0.08634
vt 0.06616 -0.07366
vt 0.06616 -0.07319331
vt 0.07084 -0.07319331
vt 0.07084 -0.07366
vt 0.07084 -0.08634
vt 0.07084 -0.07366
vt 0.07130669 -0.07366
vt 0.07130669 -0.08634
vt 0.06616 0.1001933
vt 0.06616 0.10066
vt 0.07084 0.10066
vt 0.07084 0.1001933
vt 0.06569331 0.10066
vt 0.06569331 0.19934
vt 0.06616 0.19934
vt 0.06616 0.10066
vt 0.06616 0.10066
vt 0.06616 0.19934
vt 0.07084 0.19934
vt 0.07084 0.10066
vt 0.07084 0.10066
vt 0.07084 0.19934
vt 0.07130669 0.19934
vt 0.07130669 0.10066
vt 0.06616 0.19934
vt 0.06616 0.1998067
vt 0.07084 0.1998067
vt 0.07084 0.19934
vt 0.06616 0.1001933
vt 0.07084 0.1001933
vt 0.07084 0.10066
vt 0.06616 0.10066
vt 0.06569331 0.10066
vt 0.06616 0.10066
vt 0.06616 0.19934
vt 0.06569331 0.19934
vt 0.06616 0.10066
vt 0.07084 0.10066
vt 0.07084 0.19934
vt 0.06616 0.19934
vt 0.07084 0.10066
vt 0.07130669 0.10066
vt 0.07130669 0.19934
vt 0.07084 0.19934
vt 0.06616 0.19934
vt 0.07084 0.19934
vt 0.07084 0.1998067
vt 0.06616 0.1998067
vt -0.0868067 0.10066
vt -0.08634 0.10066
vt -0.08634 0.19934
vt -0.0868067 0.19934
vt -0.08634 0.1001933
vt -0.07366 0.1001933
vt -0.07366 0.10066
vt -0.08634 0.10066
vt -0.08634 0.10066
vt -0.07366 0.10066
vt -0.07366 0.19934
vt -0.08634 0.19934
vt -0.08634 0.19934
vt -0.07366 0.19934
vt -0.07366 0.1998067
vt -0.08634 0.1998067
vt -0.07366 0.10066
vt -0.07319331 0.10066
vt -0.07319331 0.19934
vt -0.07366 0.19934
vt -0.0868067 0.10066
vt -0.0868067 0.19934
vt -0.08634 0.19934
vt -0.08634 0.10066
vt -0.08634 0.1001933
vt -0.08634 0.10066
vt -0.07366 0.10066
vt -0.07366 0.1001933
vt -0.08634 0.10066
vt -0.08634 0.19934
vt -0.07366 0.19934
vt -0.07366 0.10066
vt -0.08634 0.19934
vt -0.08634 0.1998067
vt -0.07366 0.1998067
vt -0.07366 0.19934
vt -0.07366 0.10066
vt -0.07366 0.19934
vt -0.07319331 0.19934
vt -0.07319331 0.10066
vt -0.07130669 -0.08634
vt -0.07084 -0.08634
vt -0.07084 -0.07366
vt -0.07130669 -0.07366
vt -0.07084 -0.0868067
vt -0.06616 -0.0868067
vt -0.06616 -0.08634
vt -0.07084 -0.08634
vt -0.07084 -0.08634
vt -0.06616 -0.08634
vt -0.06616 -0.07366
vt -0.07084 -0.07366
vt -0.07084 -0.07366
vt -0.06616 -0.07366
vt -0.06616 -0.07319331
vt -0.07084 -0.07319331
vt -0.06616 -0.08634
vt -0.06569331 -0.08634
vt -0.06569331 -0.07366
vt -0.06616 -0.07366
vt -0.07130669 -0.08634
vt -0.07130669 -0.07366
vt -0.07084 -0.07366
vt -0.07084 -0.08634
vt -0.07084 -0.0868067
vt -0.07084 -0.08634
vt -0.06616 -0.08634
vt -0.06616 -0.0868067
vt -0.07084 -0.08634
vt -0.07084 -0.07366
vt -0.06616 -0.07366
vt -0.06616 -0.08634
vt -0.07084 -0.07366
vt -0.07084 -0.07319331
vt -0.06616 -0.07319331
vt -0.06616 -0.07366
vt -0.06616 -0.08634
vt -0.06616 -0.07366
vt -0.06569331 -0.07366
vt -0.06569331 -0.08634
vt -0.07084 0.1001933
vt -0.07084 0.10066
vt -0.06616 0.10066
vt -0.06616 0.1001933
vt -0.07130669 0.10066
vt -0.07130669 0.19934
vt -0.07084 0.19934
vt -0.07084 0.10066
vt -0.07084 0.10066
vt -0.07084 0.19934
vt -0.06616 0.19934
vt -0.06616 0.10066
vt -0.06616 0.10066
vt -0.06616 0.19934
vt -0.06569331 0.19934
vt -0.06569331 0.10066
vt -0.07084 0.19934
vt -0.07084 0.1998067
vt -0.06616 0.1998067
vt -0.06616 0.19934
vt -0.07084 0.1001933
vt -0.06616 0.1001933
vt -0.06616 0.10066
vt -0.07084 0.10066
vt -0.07130669 0.10066
vt -0.07084 0.10066
vt -0.07084 0.19934
vt -0.07130669 0.19934
vt -0.07084 0.10066
vt -0.06616 0.10066
vt -0.06616 0.19934
vt -0.07084 0.19934
vt -0.06616 0.10066
vt -0.06569331 0.10066
vt -0.06569331 0.19934
vt -0.06616 0.19934
vt -0.07084 0.19934
vt -0.06616 0.19934
vt -0.06616 0.1998067
vt -0.07084 0.1998067
vt 0.6431932 0.10066
vt 0.6436599 0.10066
vt 0.6436599 0.19934
vt 0.6431932 0.19934
vt 0.6436599 0.1001933
vt 0.65634 0.1001933
vt 0.65634 0.10066
vt 0.6436599 0.10066
vt 0.6436599 0.10066
vt 0.65634 0.10066
vt 0.65634 0.19934
vt 0.6436599 0.19934
vt 0.6436599 0.19934
vt 0.65634 0.19934
vt 0.65634 0.1998067
vt 0.6436599 0.1998067
vt 0.65634 0.10066
vt 0.6568067 0.10066
vt 0.6568067 0.19934
vt 0.65634 0.19934
vt 0.6431932 0.10066
vt 0.6431932 0.19934
vt 0.6436599 0.19934
vt 0.6436599 0.10066
vt 0.6436599 0.1001933
vt 0.6436599 0.10066
vt 0.65634 0.10066
vt 0.65634 0.1001933
vt 0.6436599 0.10066
vt 0.6436599 0.19934
vt 0.65634 0.19934
vt 0.65634 0.10066
vt 0.6436599 0.19934
vt 0.6436599 0.1998067
vt 0.65634 0.1998067
vt 0.65634 0.19934
vt 0.65634 0.10066
vt 0.65634 0.19934
vt 0.6568067 0.19934
vt 0.6568067 0.10066
vt 0.06569331 0.6436599
vt 0.06616 0.6436599
vt 0.06616 0.65634
vt 0.06569331 0.65634
vt 0.06616 0.6431932
vt 0.07084 0.6431932
vt 0.07084 0.6436599
vt 0.06616 0.6436599
vt 0.06616 0.6436599
vt 0.07084 0.6436599
vt 0.07084 0.65634
vt 0.06616 0.65634
vt 0.06616 0.65634
vt 0.07084 0.65634
vt 0.07084 0.6568067
vt 0.06616 0.6568067
vt 0.07084 0.6436599
vt 0.07130669 0.6436599
vt 0.07130669 0.65634
vt 0.07084 0.65634
vt 0.06569331 0.6436599
vt 0.06569331 0.65634
vt 0.06616 0.65634
vt 0.06616 0.6436599
vt 0.06616 0.6431932
vt 0.06616 0.6436599
vt 0.07084 0.6436599
vt 0.07084 0.6431932
vt 0.06616 0.6436599
vt 0.06616 0.65634
vt 0.07084 0.65634
vt 0.07084 0.6436599
vt 0.06616 0.65634
vt 0.06616 0.6568067
vt 0.07084 0.6568067
vt 0.07084 0.65634
vt 0.07084 0.6436599
vt 0.07084 0.65634
vt 0.07130669 0.65634
vt 0.07130669 0.6436599
vt 0.06616 0.1001933
vt 0.06616 0.10066
vt 0.07084 0.10066
vt 0.07084 0.1001933
vt 0.06569331 0.10066
vt 0.06569331 0.19934
vt 0.06616 0.19934
vt 0.06616 0.10066
vt 0.06616 0.10066
vt 0.06616 0.19934
vt 0.07084 0.19934
vt 0.07084 0.10066
vt 0.07084 0.10066
vt 0.07084 0.19934
vt 0.07130669 0.19934
vt 0.07130669 0.10066
vt 0.06616 0.19934
vt 0.06616 0.1998067
vt 0.07084 0.1998067
vt 0.07084 0.19934
vt 0.06616 0.1001933
vt 0.07084 0.1001933
vt 0.07084 0.10066
vt 0.06616 0.10066
vt 0.06569331 0.10066
vt 0.06616 0.10066
vt 0.06616 0.19934
vt 0.06569331 0.19934
vt 0.06616 0.10066
vt 0.07084 0.10066
vt 0.07084 0.19934
vt 0.06616 0.19934
vt 0.07084 0.10066
vt 0.07130669 0.10066
vt 0.07130669 0.19934
vt 0.07084 0.19934
vt 0.06616 0.19934
vt 0.07084 0.19934
vt 0.07084 0.1998067
vt 0.06616 0.1998067
vt 0.6431932 0.10066
vt 0.6436599 0.10066
vt 0.6436599 0.19934
vt 0.6431932 0.19934
vt 0.6436599 0.1001933
vt 0.65634 0.1001933
vt 0.65634 0.10066
vt 0.6436599 0.10066
vt 0.6436599 0.10066
vt 0.65634 0.10066
vt 0.65634 0.19934
vt 0.6436599 0.19934
vt 0.6436599 0.19934
vt 0.65634 0.19934
vt 0.65634 0.1998067
vt 0.6436599 0.1998067
vt 0.65634 0.10066
vt 0.6568067 0.10066
vt 0.6568067 0.19934
vt 0.65634 0.19934
vt 0.6431932 0.10066
vt 0.6431932 0.19934
vt 0.6436599 0.19934
vt 0.6436599 0.10066
vt 0.6436599 0.1001933
vt 0.6436599 0.10066
vt 0.65634 0.10066
vt 0.65634 0.1001933
vt 0.6436599 0.10066
vt 0.6436599 0.19934
vt 0.65634 0.19934
vt 0.65634 0.10066
vt 0.6436599 0.19934
vt 0.6436599 0.1998067
vt 0.65634 0.1998067
vt 0.65634 0.19934
vt 0.65634 0.10066
vt 0.65634 0.19934
vt 0.6568067 0.19934
vt 0.6568067 0.10066
vt -0.07130669 0.6436599
vt -0.07084 0.6436599
vt -0.07084 0.65634
vt -0.07130669 0.65634
vt -0.07084 0.6431932
vt -0.06616 0.6431932
vt -0.06616 0.6436599
vt -0.07084 0.6436599
vt -0.07084 0.6436599
vt -0.06616 0.6436599
vt -0.06616 0.65634
vt -0.07084 0.65634
vt -0.07084 0.65634
vt -0.06616 0.65634
vt -0.06616 0.6568067
vt -0.07084 0.6568067
vt -0.06616 0.6436599
vt -0.06569331 0.6436599
vt -0.06569331 0.65634
vt -0.06616 0.65634
vt -0.07130669 0.6436599
vt -0.07130669 0.65634
vt -0.07084 0.65634
vt -0.07084 0.6436599
vt -0.07084 0.6431932
vt -0.07084 0.6436599
vt -0.06616 0.6436599
vt -0.06616 0.6431932
vt -0.07084 0.6436599
vt -0.07084 0.65634
vt -0.06616 0.65634
vt -0.06616 0.6436599
vt -0.07084 0.65634
vt -0.07084 0.6568067
vt -0.06616 0.6568067
vt -0.06616 0.65634
vt -0.06616 0.6436599
vt -0.06616 0.65634
vt -0.06569331 0.65634
vt -0.06569331 0.6436599
vt -0.07084 0.1001933
vt -0.07084 0.10066
vt -0.06616 0.10066
vt -0.06616 0.1001933
vt -0.07130669 0.10066
vt -0.07130669 0.19934
vt -0.07084 0.19934
vt -0.07084 0.10066
vt -0.07084 0.10066
vt -0.07084 0.19934
vt -0.06616 0.19934
vt -0.06616 0.10066
vt -0.06616 0.10066
vt -0.06616 0.19934
vt -0.06569331 0.19934
vt -0.06569331 0.10066
vt -0.07084 0.19934
vt -0.07084 0.1998067
vt -0.06616 0.1998067
vt -0.06616 0.19934
vt -0.07084 0.1001933
vt -0.06616 0.1001933
vt -0.06616 0.10066
vt -0.07084 0.10066
vt -0.07130669 0.10066
vt -0.07084 0.10066
vt -0.07084 0.19934
vt -0.07130669 0.19934
vt -0.07084 0.10066
vt -0.06616 0.10066
vt -0.06616 0.19934
vt -0.07084 0.19934
vt -0.06616 0.10066
vt -0.06569331 0.10066
vt -0.06569331 0.19934
vt -0.06616 0.19934
vt -0.07084 0.19934
vt -0.06616 0.19934
vt -0.06616 0.1998067
vt -0.07084 0.1998067
vt -0.05430669 0.10066
vt -0.05384 0.10066
vt -0.05384 0.19934
vt -0.05430669 0.19934
vt -0.05384 0.1001933
vt -0.04116 0.1001933
vt -0.04116 0.10066
vt -0.05384 0.10066
vt -0.05384 0.10066
vt -0.04116 0.10066
vt -0.04116 0.19934
vt -0.05384 0.19934
vt -0.05384 0.19934
vt -0.04116 0.19934
vt -0.04116 0.1998067
vt -0.05384 0.1998067
vt -0.04116 0.10066
vt -0.04069331 0.10066
vt -0.04069331 0.19934
vt -0.04116 0.19934
vt -0.05430669 0.10066
vt -0.05430669 0.19934
vt -0.05384 0.19934
vt -0.05384 0.10066
vt -0.05384 0.1001933
vt -0.05384 0.10066
vt -0.04116 0.10066
vt -0.04116 0.1001933
vt -0.05384 0.10066
vt -0.05384 0.19934
vt -0.04116 0.19934
vt -0.04116 0.10066
vt -0.05384 0.19934
vt -0.05384 0.1998067
vt -0.04116 0.1998067
vt -0.04116 0.19934
vt -0.04116 0.10066
vt -0.04116 0.19934
vt -0.04069331 0.19934
vt -0.04069331 0.10066
vt 0.06569331 -0.05384
vt 0.06616 -0.05384
vt 0.06616 -0.04116
vt 0.06569331 -0.04116
vt 0.06616 -0.05430669
vt 0.07084 -0.05430669
vt 0.07084 -0.05384
vt 0.06616 -0.05384
vt 0.06616 -0.05384
vt 0.07084 -0.05384
vt 0.07084 -0.04116
vt 0.06616 -0.04116
vt 0.06616 -0.04116
vt 0.07084 -0.04116
vt 0.07084 -0.04069331
vt 0.06616 -0.04069331
vt 0.07084 -0.05384
vt 0.07130669 -0.05384
vt 0.07130669 -0.04116
vt 0.07084 -0.04116
vt 0.06569331 -0.05384
vt 0.06569331 -0.04116
vt 0.06616 -0.04116
vt 0.06616 -0.05384
vt 0.06616 -0.05430669
vt 0.06616 -0.05384
vt 0.07084 -0.05384
vt 0.07084 -0.05430669
vt 0.06616 -0.05384
vt 0.06616 -0.04116
vt 0.07084 -0.04116
vt 0.07084 -0.05384
vt 0.06616 -0.04116
vt 0.06616 -0.04069331
vt 0.07084 -0.04069331
vt 0.07084 -0.04116
vt 0.07084 -0.05384
vt 0.07084 -0.04116
vt 0.07130669 -0.04116
vt 0.07130669 -0.05384
vt 0.06616 0.1001933
vt 0.06616 0.10066
vt 0.07084 0.10066
vt 0.07084 0.1001933
vt 0.06569331 0.10066
vt 0.06569331 0.19934
vt 0.06616 0.19934
vt 0.06616 0.10066
vt 0.06616 0.10066
vt 0.06616 0.19934
vt 0.07084 0.19934
vt 0.07084 0.10066
vt 0.07084 0.10066
vt 0.07084 0.19934
vt 0.07130669 0.19934
vt 0.07130669 0.10066
vt 0.06616 0.19934
vt 0.06616 0.1998067
vt 0.07084 0.1998067
vt 0.07084 0.19934
vt 0.06616 0.1001933
vt 0.07084 0.1001933
vt 0.07084 0.10066
vt 0.06616 0.10066
vt 0.06569331 0.10066
vt 0.06616 0.10066
vt 0.06616 0.19934
vt 0.06569331 0.19934
vt 0.06616 0.10066
vt 0.07084 0.10066
vt 0.07084 0.19934
vt 0.06616 0.19934
vt 0.07084 0.10066
vt 0.07130669 0.10066
vt 0.07130669 0.19934
vt 0.07084 0.19934
vt 0.06616 0.19934
vt 0.07084 0.19934
vt 0.07084 0.1998067
vt 0.06616 0.1998067
vt -0.05430669 0.10066
vt -0.05384 0.10066
vt -0.05384 0.19934
vt -0.05430669 0.19934
vt -0.05384 0.1001933
vt -0.04116 0.1001933
vt -0.04116 0.10066
vt -0.05384 0.10066
vt -0.05384 0.10066
vt -0.04116 0.10066
vt -0.04116 0.19934
vt -0.05384 0.19934
vt -0.05384 0.19934
vt -0.04116 0.19934
vt -0.04116 0.1998067
vt -0.05384 0.1998067
vt -0.04116 0.10066
vt -0.04069331 0.10066
vt -0.04069331 0.19934
vt -0.04116 0.19934
vt -0.05430669 0.10066
vt -0.05430669 0.19934
vt -0.05384 0.19934
vt -0.05384 0.10066
vt -0.05384 0.1001933
vt -0.05384 0.10066
vt -0.04116 0.10066
vt -0.04116 0.1001933
vt -0.05384 0.10066
vt -0.05384 0.19934
vt -0.04116 0.19934
vt -0.04116 0.10066
vt -0.05384 0.19934
vt -0.05384 0.1998067
vt -0.04116 0.1998067
vt -0.04116 0.19934
vt -0.04116 0.10066
vt -0.04116 0.19934
vt -0.04069331 0.19934
vt -0.04069331 0.10066
vt -0.07130669 -0.05384
vt -0.07084 -0.05384
vt -0.07084 -0.04116
vt -0.07130669 -0.04116
vt -0.07084 -0.05430669
vt -0.06616 -0.05430669
vt -0.06616 -0.05384
vt -0.07084 -0.05384
vt -0.07084 -0.05384
vt -0.06616 -0.05384
vt -0.06616 -0.04116
vt -0.07084 -0.04116
vt -0.07084 -0.04116
vt -0.06616 -0.04116
vt -0.06616 -0.04069331
vt -0.07084 -0.04069331
vt -0.06616 -0.05384
vt -0.06569331 -0.05384
vt -0.06569331 -0.04116
vt -0.06616 -0.04116
vt -0.07130669 -0.05384
vt -0.07130669 -0.04116
vt -0.07084 -0.04116
vt -0.07084 -0.05384
vt -0.07084 -0.05430669
vt -0.07084 -0.05384
vt -0.06616 -0.05384
vt -0.06616 -0.05430669
vt -0.07084 -0.05384
vt -0.07084 -0.04116
vt -0.06616 -0.04116
vt -0.06616 -0.05384
vt -0.07084 -0.04116
vt -0.07084 -0.04069331
vt -0.06616 -0.04069331
vt -0.06616 -0.04116
vt -0.06616 -0.05384
vt -0.06616 -0.04116
vt -0.06569331 -0.04116
vt -0.06569331 -0.05384
vt -0.07084 0.1001933
vt -0.07084 0.10066
vt -0.06616 0.10066
vt -0.06616 0.1001933
vt -0.07130669 0.10066
vt -0.07130669 0.19934
vt -0.07084 0.19934
vt -0.07084 0.10066
vt -0.07084 0.10066
vt -0.07084 0.19934
vt -0.06616 0.19934
vt -0.06616 0.10066
vt -0.06616 0.10066
vt -0.06616 0.19934
vt -0.06569331 0.19934
vt -0.06569331 0.10066
vt -0.07084 0.19934
vt -0.07084 0.1998067
vt -0.06616 0.1998067
vt -0.06616 0.19934
vt -0.07084 0.1001933
vt -0.06616 0.1001933
vt -0.06616 0.10066
vt -0.07084 0.10066
vt -0.07130669 0.10066
vt -0.07084 0.10066
vt -0.07084 0.19934
vt -0.07130669 0.19934
vt -0.07084 0.10066
vt -0.06616 0.10066
vt -0.06616 0.19934
vt -0.07084 0.19934
vt -0.06616 0.10066
vt -0.06569331 0.10066
vt -0.06569331 0.19934
vt -0.06616 0.19934
vt -0.07084 0.19934
vt -0.06616 0.19934
vt -0.06616 0.1998067
vt -0.07084 0.1998067
vt 0.6756933 0.10066
vt 0.67616 0.10066
vt 0.67616 0.19934
vt 0.6756933 0.19934
vt 0.67616 0.1001933
vt 0.68884 0.1001933
vt 0.68884 0.10066
vt 0.67616 0.10066
vt 0.67616 0.10066
vt 0.68884 0.10066
vt 0.68884 0.19934
vt 0.67616 0.19934
vt 0.67616 0.19934
vt 0.68884 0.19934
vt 0.68884 0.1998067
vt 0.67616 0.1998067
vt 0.68884 0.10066
vt 0.6893067 0.10066
vt 0.6893067 0.19934
vt 0.68884 0.19934
vt 0.6756933 0.10066
vt 0.6756933 0.19934
vt 0.67616 0.19934
vt 0.67616 0.10066
vt 0.67616 0.1001933
vt 0.67616 0.10066
vt 0.68884 0.10066
vt 0.68884 0.1001933
vt 0.67616 0.10066
vt 0.67616 0.19934
vt 0.68884 0.19934
vt 0.68884 0.10066
vt 0.67616 0.19934
vt 0.67616 0.1998067
vt 0.68884 0.1998067
vt 0.68884 0.19934
vt 0.68884 0.10066
vt 0.68884 0.19934
vt 0.6893067 0.19934
vt 0.6893067 0.10066
vt 0.06569331 0.67616
vt 0.06616 0.67616
vt 0.06616 0.68884
vt 0.06569331 0.68884
vt 0.06616 0.6756933
vt 0.07084 0.6756933
vt 0.07084 0.67616
vt 0.06616 0.67616
vt 0.06616 0.67616
vt 0.07084 0.67616
vt 0.07084 0.68884
vt 0.06616 0.68884
vt 0.06616 0.68884
vt 0.07084 0.68884
vt 0.07084 0.6893067
vt 0.06616 0.6893067
vt 0.07084 0.67616
vt 0.07130669 0.67616
vt 0.07130669 0.68884
vt 0.07084 0.68884
vt 0.06569331 0.67616
vt 0.06569331 0.68884
vt 0.06616 0.68884
vt 0.06616 0.67616
vt 0.06616 0.6756933
vt 0.06616 0.67616
vt 0.07084 0.67616
vt 0.07084 0.6756933
vt 0.06616 0.67616
vt 0.06616 0.68884
vt 0.07084 0.68884
vt 0.07084 0.67616
vt 0.06616 0.68884
vt 0.06616 0.6893067
vt 0.07084 0.6893067
vt 0.07084 0.68884
vt 0.07084 0.67616
vt 0.07084 0.68884
vt 0.07130669 0.68884
vt 0.07130669 0.67616
vt 0.06616 0.1001933
vt 0.06616 0.10066
vt 0.07084 0.10066
vt 0.07084 0.1001933
vt 0.06569331 0.10066
vt 0.06569331 0.19934
vt 0.06616 0.19934
vt 0.06616 0.10066
vt 0.06616 0.10066
vt 0.06616 0.19934
vt 0.07084 0.19934
vt 0.07084 0.10066
vt 0.07084 0.10066
vt 0.07084 0.19934
vt 0.07130669 0.19934
vt 0.07130669 0.10066
vt 0.06616 0.19934
vt 0.06616 0.1998067
vt 0.07084 0.1998067
vt 0.07084 0.19934
vt 0.06616 0.1001933
vt 0.07084 0.1001933
vt 0.07084 0.10066
vt 0.06616 0.10066
vt 0.06569331 0.10066
vt 0.06616 0.10066
vt 0.06616 0.19934
vt 0.06569331 0.19934
vt 0.06616 0.10066
vt 0.07084 0.10066
vt 0.07084 0.19934
vt 0.06616 0.19934
vt 0.07084 0.10066
vt 0.07130669 0.10066
vt 0.07130669 0.19934
vt 0.07084 0.19934
vt 0.06616 0.19934
vt 0.07084 0.19934
vt 0.07084 0.1998067
vt 0.06616 0.1998067
vt 0.6756933 0.10066
vt 0.67616 0.10066
vt 0.67616 0.19934
vt 0.6756933 0.19934
vt 0.67616 0.1001933
vt 0.68884 0.1001933
vt 0.68884 0.10066
vt 0.67616 0.10066
vt 0.67616 0.10066
vt 0.68884 0.10066
vt 0.68884 0.19934
vt 0.67616 0.19934
vt 0.67616 0.19934
vt 0.68884 0.19934
vt 0.68884 0.1998067
vt 0.67616 0.1998067
vt 0.68884 0.10066
vt 0.6893067 0.10066
vt 0.6893067 0.19934
vt 0.68884 0.19934
vt 0.6756933 0.10066
vt 0.6756933 0.19934
vt 0.67616 0.19934
vt 0.67616 0.10066
vt 0.67616 0.1001933
vt 0.67616 0.10066
vt 0.68884 0.10066
vt 0.68884 0.1001933
vt 0.67616 0.10066
vt 0.67616 0.19934
vt 0.68884 0.19934
vt 0.68884 0.10066
vt 0.67616 0.19934
vt 0.67616 0.1998067
vt 0.68884 0.1998067
vt 0.68884 0.19934
vt 0.68884 0.10066
vt 0.68884 0.19934
vt 0.6893067 0.19934
vt 0.6893067 0.10066
vt -0.07130669 0.67616
vt -0.07084 0.67616
vt -0.07084 0.68884
vt -0.07130669 0.68884
vt -0.07084 0.6756933
vt -0.06616 0.6756933
vt -0.06616 0.67616
vt -0.07084 0.67616
vt -0.07084 0.67616
vt -0.06616 0.67616
vt -0.06616 0.68884
vt -0.07084 0.68884
vt -0.07084 0.68884
vt -0.06616 0.68884
vt -0.06616 0.6893067
vt -0.07084 0.6893067
vt -0.06616 0.67616
vt -0.06569331 0.67616
vt -0.06569331 0.68884
vt -0.06616 0.68884
vt -0.07130669 0.67616
vt -0.07130669 0.68884
vt -0.07084 0.68884
vt -0.07084 0.67616
vt -0.07084 0.6756933
vt -0.07084 0.67616
vt -0.06616 0.67616
vt -0.06616 0.6756933
vt -0.07084 0.67616
vt -0.07084 0.68884
vt -0.06616 0.68884
vt -0.06616 0.67616
vt -0.07084 0.68884
vt -0.07084 0.6893067
vt -0.06616 0.6893067
vt -0.06616 0.68884
vt -0.06616 0.67616
vt -0.06616 0.68884
vt -0.06569331 0.68884
vt -0.06569331 0.67616
vt -0.07084 0.1001933
vt -0.07084 0.10066
vt -0.06616 0.10066
vt -0.06616 0.1001933
vt -0.07130669 0.10066
vt -0.07130669 0.19934
vt -0.07084 0.19934
vt -0.07084 0.10066
vt -0.07084 0.10066
vt -0.07084 0.19934
vt -0.06616 0.19934
vt -0.06616 0.10066
vt -0.06616 0.10066
vt -0.06616 0.19934
vt -0.06569331 0.19934
vt -0.06569331 0.10066
vt -0.07084 0.19934
vt -0.07084 0.1998067
vt -0.06616 0.1998067
vt -0.06616 0.19934
vt -0.07084 0.1001933
vt -0.06616 0.1001933
vt -0.06616 0.10066
vt -0.07084 0.10066
vt -0.07130669 0.10066
vt -0.07084 0.10066
vt -0.07084 0.19934
vt -0.07130669 0.19934
vt -0.07084 0.10066
vt -0.06616 0.10066
vt -0.06616 0.19934
vt -0.07084 0.19934
vt -0.06616 0.10066
vt -0.06569331 0.10066
vt -0.06569331 0.19934
vt -0.06616 0.19934
vt -0.07084 0.19934
vt -0.06616 0.19934
vt -0.06616 0.1998067
vt -0.07084 0.1998067
vt -0.02180669 0.10066
vt -0.02134 0.10066
vt -0.02134 0.19934
vt -0.02180669 0.19934
vt -0.02134 0.1001933
vt -0.008660003 0.1001933
vt -0.008660003 0.10066
vt -0.02134 0.10066
vt -0.02134 0.10066
vt -0.008660003 0.10066
vt -0.008660003 0.19934
vt -0.02134 0.19934
vt -0.02134 0.19934
vt -0.008660003 0.19934
vt -0.008660003 0.1998067
vt -0.02134 0.1998067
vt -0.008660003 0.10066
vt -0.008193312 0.10066
vt -0.008193312 0.19934
vt -0.008660003 0.19934
vt -0.02180669 0.10066
vt -0.02180669 0.19934
vt -0.02134 0.19934
vt -0.02134 0.10066
vt -0.02134 0.1001933
vt -0.02134 0.10066
vt -0.008660003 0.10066
vt -0.008660003 0.1001933
vt -0.02134 0.10066
vt -0.02134 0.19934
vt -0.008660003 0.19934
vt -0.008660003 0.10066
vt -0.02134 0.19934
vt -0.02134 0.1998067
vt -0.008660003 0.1998067
vt -0.008660003 0.19934
vt -0.008660003 0.10066
vt -0.008660003 0.19934
vt -0.008193312 0.19934
vt -0.008193312 0.10066
vt 0.06569331 -0.02134
vt 0.06616 -0.02134
vt 0.06616 -0.008660003
vt 0.06569331 -0.008660003
vt 0.06616 -0.02180669
vt 0.07084 -0.02180669
vt 0.07084 -0.02134
vt 0.06616 -0.02134
vt 0.06616 -0.02134
vt 0.07084 -0.02134
vt 0.07084 -0.008660003
vt 0.06616 -0.008660003
vt 0.06616 -0.008660003
vt 0.07084 -0.008660003
vt 0.07084 -0.008193312
vt 0.06616 -0.008193312
vt 0.07084 -0.02134
vt 0.07130669 -0.02134
vt 0.07130669 -0.008660003
vt 0.07084 -0.008660003
vt 0.06569331 -0.02134
vt 0.06569331 -0.008660003
vt 0.06616 -0.008660003
vt 0.06616 -0.02134
vt 0.06616 -0.02180669
vt 0.06616 -0.02134
vt 0.07084 -0.02134
vt 0.07084 -0.02180669
vt 0.06616 -0.02134
vt 0.06616 -0.008660003
vt 0.07084 -0.008660003
vt 0.07084 -0.02134
vt 0.06616 -0.008660003
vt 0.06616 -0.008193312
vt 0.07084 -0.008193312
vt 0.07084 -0.008660003
vt 0.07084 -0.02134
vt 0.07084 -0.008660003
vt 0.07130669 -0.008660003
vt 0.07130669 -0.02134
vt 0.06616 0.1001933
vt 0.06616 0.10066
vt 0.07084 0.10066
vt 0.07084 0.1001933
vt 0.06569331 0.10066
vt 0.06569331 0.19934
vt 0.06616 0.19934
vt 0.06616 0.10066
vt 0.06616 0.10066
vt 0.06616 0.19934
vt 0.07084 0.19934
vt 0.07084 0.10066
vt 0.07084 0.10066
vt 0.07084 0.19934
vt 0.07130669 0.19934
vt 0.07130669 0.10066
vt 0.06616 0.19934
vt 0.06616 0.1998067
vt 0.07084 0.1998067
vt 0.07084 0.19934
vt 0.06616 0.1001933
vt 0.07084 0.1001933
vt 0.07084 0.10066
vt 0.06616 0.10066
vt 0.06569331 0.10066
vt 0.06616 0.10066
vt 0.06616 0.19934
vt 0.06569331 0.19934
vt 0.06616 0.10066
vt 0.07084 0.10066
vt 0.07084 0.19934
vt 0.06616 0.19934
vt 0.07084 0.10066
vt 0.07130669 0.10066
vt 0.07130669 0.19934
vt 0.07084 0.19934
vt 0.06616 0.19934
vt 0.07084 0.19934
vt 0.07084 0.1998067
vt 0.06616 0.1998067
vt -0.02180669 0.10066
vt -0.02134 0.10066
vt -0.02134 0.19934
vt -0.02180669 0.19934
vt -0.02134 0.1001933
vt -0.008660003 0.1001933
vt -0.008660003 0.10066
vt -0.02134 0.10066
vt -0.02134 0.10066
vt -0.008660003 0.10066
vt -0.008660003 0.19934
vt -0.02134 0.19934
vt -0.02134 0.19934
vt -0.008660003 0.19934
vt -0.008660003 0.1998067
vt -0.02134 0.1998067
vt -0.008660003 0.10066
vt -0.008193312 0.10066
vt -0.008193312 0.19934
vt -0.008660003 0.19934
vt -0.02180669 0.10066
vt -0.02180669 0.19934
vt -0.02134 0.19934
vt -0.02134 0.10066
vt -0.02134 0.1001933
vt -0.02134 0.10066
vt -0.008660003 0.10066
vt -0.008660003 0.1001933
vt -0.02134 0.10066
vt -0.02134 0.19934
vt -0.008660003 0.19934
vt -0.008660003 0.10066
vt -0.02134 0.19934
vt -0.02134 0.1998067
vt -0.008660003 0.1998067
vt -0.008660003 0.19934
vt -0.008660003 0.10066
vt -0.008660003 0.19934
vt -0.008193312 0.19934
vt -0.008193312 0.10066
vt -0.07130669 -0.02134
vt -0.07084 -0.02134
vt -0.07084 -0.008660003
vt -0.07130669 -0.008660003
vt -0.07084 -0.02180669
vt -0.06616 -0.02180669
vt -0.06616 -0.02134
vt -0.07084 -0.02134
vt -0.07084 -0.02134
vt -0.06616 -0.02134
vt -0.06616 -0.008660003
vt -0.07084 -0.008660003
vt -0.07084 -0.008660003
vt -0.06616 -0.008660003
vt -0.06616 -0.008193312
vt -0.07084 -0.008193312
vt -0.06616 -0.02134
vt -0.06569331 -0.02134
vt -0.06569331 -0.008660003
vt -0.06616 -0.008660003
vt -0.07130669 -0.02134
vt -0.07130669 -0.008660003
vt -0.07084 -0.008660003
vt -0.07084 -0.02134
vt -0.07084 -0.02180669
vt -0.07084 -0.02134
vt -0.06616 -0.02134
vt -0.06616 -0.02180669
vt -0.07084 -0.02134
vt -0.07084 -0.008660003
vt -0.06616 -0.008660003
vt -0.06616 -0.02134
vt -0.07084 -0.008660003
vt -0.07084 -0.008193312
vt -0.06616 -0.008193312
vt -0.06616 -0.008660003
vt -0.06616 -0.02134
vt -0.06616 -0.008660003
vt -0.06569331 -0.008660003
vt -0.06569331 -0.02134
vt -0.07084 0.1001933
vt -0.07084 0.10066
vt -0.06616 0.10066
vt -0.06616 0.1001933
vt -0.07130669 0.10066
vt -0.07130669 0.19934
vt -0.07084 0.19934
vt -0.07084 0.10066
vt -0.07084 0.10066
vt -0.07084 0.19934
vt -0.06616 0.19934
vt -0.06616 0.10066
vt -0.06616 0.10066
vt -0.06616 0.19934
vt -0.06569331 0.19934
vt -0.06569331 0.10066
vt -0.07084 0.19934
vt -0.07084 0.1998067
vt -0.06616 0.1998067
vt -0.06616 0.19934
vt -0.07084 0.1001933
vt -0.06616 0.1001933
vt -0.06616 0.10066
vt -0.07084 0.10066
vt -0.07130669 0.10066
vt -0.07084 0.10066
vt -0.07084 0.19934
vt -0.07130669 0.19934
vt -0.07084 0.10066
vt -0.06616 0.10066
vt -0.06616 0.19934
vt -0.07084 0.19934
vt -0.06616 0.10066
vt -0.06569331 0.10066
vt -0.06569331 0.19934
vt -0.06616 0.19934
vt -0.07084 0.19934
vt -0.06616 0.19934
vt -0.06616 0.1998067
vt -0.07084 0.1998067
vt 0.7081932 0.10066
vt 0.7086599 0.10066
vt 0.7086599 0.19934
vt 0.7081932 0.19934
vt 0.7086599 0.1001933
vt 0.7213399 0.1001933
vt 0.7213399 0.10066
vt 0.7086599 0.10066
vt 0.7086599 0.10066
vt 0.7213399 0.10066
vt 0.7213399 0.19934
vt 0.7086599 0.19934
vt 0.7086599 0.19934
vt 0.7213399 0.19934
vt 0.7213399 0.1998067
vt 0.7086599 0.1998067
vt 0.7213399 0.10066
vt 0.7218066 0.10066
vt 0.7218066 0.19934
vt 0.7213399 0.19934
vt 0.7081932 0.10066
vt 0.7081932 0.19934
vt 0.7086599 0.19934
vt 0.7086599 0.10066
vt 0.7086599 0.1001933
vt 0.7086599 0.10066
vt 0.7213399 0.10066
vt 0.7213399 0.1001933
vt 0.7086599 0.10066
vt 0.7086599 0.19934
vt 0.7213399 0.19934
vt 0.7213399 0.10066
vt 0.7086599 0.19934
vt 0.7086599 0.1998067
vt 0.7213399 0.1998067
vt 0.7213399 0.19934
vt 0.7213399 0.10066
vt 0.7213399 0.19934
vt 0.7218066 0.19934
vt 0.7218066 0.10066
vt 0.06569331 0.7086599
vt 0.06616 0.7086599
vt 0.06616 0.7213399
vt 0.06569331 0.7213399
vt 0.06616 0.7081932
vt 0.07084 0.7081932
vt 0.07084 0.7086599
vt 0.06616 0.7086599
vt 0.06616 0.7086599
vt 0.07084 0.7086599
vt 0.07084 0.7213399
vt 0.06616 0.7213399
vt 0.06616 0.7213399
vt 0.07084 0.7213399
vt 0.07084 0.7218066
vt 0.06616 0.7218066
vt 0.07084 0.7086599
vt 0.07130669 0.7086599
vt 0.07130669 0.7213399
vt 0.07084 0.7213399
vt 0.06569331 0.7086599
vt 0.06569331 0.7213399
vt 0.06616 0.7213399
vt 0.06616 0.7086599
vt 0.06616 0.7081932
vt 0.06616 0.7086599
vt 0.07084 0.7086599
vt 0.07084 0.7081932
vt 0.06616 0.7086599
vt 0.06616 0.7213399
vt 0.07084 0.7213399
vt 0.07084 0.7086599
vt 0.06616 0.7213399
vt 0.06616 0.7218066
vt 0.07084 0.7218066
vt 0.07084 0.7213399
vt 0.07084 0.7086599
vt 0.07084 0.7213399
vt 0.07130669 0.7213399
vt 0.07130669 0.7086599
vt 0.06616 0.1001933
vt 0.06616 0.10066
vt 0.07084 0.10066
vt 0.07084 0.1001933
vt 0.06569331 0.10066
vt 0.06569331 0.19934
vt 0.06616 0.19934
vt 0.06616 0.10066
vt 0.06616 0.10066
vt 0.06616 0.19934
vt 0.07084 0.19934
vt 0.07084 0.10066
vt 0.07084 0.10066
vt 0.07084 0.19934
vt 0.07130669 0.19934
vt 0.07130669 0.10066
vt 0.06616 0.19934
vt 0.06616 0.1998067
vt 0.07084 0.1998067
vt 0.07084 0.19934
vt 0.06616 0.1001933
vt 0.07084 0.1001933
vt 0.07084 0.10066
vt 0.06616 0.10066
vt 0.06569331 0.10066
vt 0.06616 0.10066
vt 0.06616 0.19934
vt 0.06569331 0.19934
vt 0.06616 0.10066
vt 0.07084 0.10066
vt 0.07084 0.19934
vt 0.06616 0.19934
vt 0.07084 0.10066
vt 0.07130669 0.10066
vt 0.07130669 0.19934
vt 0.07084 0.19934
vt 0.06616 0.19934
vt 0.07084 0.19934
vt 0.07084 0.1998067
vt 0.06616 0.1998067
vt 0.7081932 0.10066
vt 0.7086599 0.10066
vt 0.7086599 0.19934
vt 0.7081932 0.19934
vt 0.7086599 0.1001933
vt 0.7213399 0.1001933
vt 0.7213399 0.10066
vt 0.7086599 0.10066
vt 0.7086599 0.10066
vt 0.7213399 0.10066
vt 0.7213399 0.19934
vt 0.7086599 0.19934
vt 0.7086599 0.19934
vt 0.7213399 0.19934
vt 0.7213399 0.1998067
vt 0.7086599 0.1998067
vt 0.7213399 0.10066
vt 0.7218066 0.10066
vt 0.7218066 0.19934
vt 0.7213399 0.19934
vt 0.7081932 0.10066
vt 0.7081932 0.19934
vt 0.7086599 0.19934
vt 0.7086599 0.10066
vt 0.7086599 0.1001933
vt 0.7086599 0.10066
vt 0.7213399 0.10066
vt 0.7213399 0.1001933
vt 0.7086599 0.10066
vt 0.7086599 0.19934
vt 0.7213399 0.19934
vt 0.7213399 0.10066
vt 0.7086599 0.19934
vt 0.7086599 0.1998067
vt 0.7213399 0.1998067
vt 0.7213399 0.19934
vt 0.7213399 0.10066
vt 0.7213399 0.19934
vt 0.7218066 0.19934
vt 0.7218066 0.10066
vt -0.07130669 0.7086599
vt -0.07084 0.7086599
vt -0.07084 0.7213399
vt -0.07130669 0.7213399
vt -0.07084 0.7081932
vt -0.06616 0.7081932
vt -0.06616 0.7086599
vt -0.07084 0.7086599
vt -0.07084 0.7086599
vt -0.06616 0.7086599
vt -0.06616 0.7213399
vt -0.07084 0.7213399
vt -0.07084 0.7213399
vt -0.06616 0.7213399
vt -0.06616 0.7218066
vt -0.07084 0.7218066
vt -0.06616 0.7086599
vt -0.06569331 0.7086599
vt -0.06569331 0.7213399
vt -0.06616 0.7213399
vt -0.07130669 0.7086599
vt -0.07130669 0.7213399
vt -0.07084 0.7213399
vt -0.07084 0.7086599
vt -0.07084 0.7081932
vt -0.07084 0.7086599
vt -0.06616 0.7086599
vt -0.06616 0.7081932
vt -0.07084 0.7086599
vt -0.07084 0.7213399
vt -0.06616 0.7213399
vt -0.06616 0.7086599
vt -0.07084 0.7213399
vt -0.07084 0.7218066
vt -0.06616 0.7218066
vt -0.06616 0.7213399
vt -0.06616 0.7086599
vt -0.06616 0.7213399
vt -0.06569331 0.7213399
vt -0.06569331 0.7086599
vt -0.07084 0.1001933
vt -0.07084 0.10066
vt -0.06616 0.10066
vt -0.06616 0.1001933
vt -0.07130669 0.10066
vt -0.07130669 0.19934
vt -0.07084 0.19934
vt -0.07084 0.10066
vt -0.07084 0.10066
vt -0.07084 0.19934
vt -0.06616 0.19934
vt -0.06616 0.10066
vt -0.06616 0.10066
vt -0.06616 0.19934
vt -0.06569331 0.19934
vt -0.06569331 0.10066
vt -0.07084 0.19934
vt -0.07084 0.1998067
vt -0.06616 0.1998067
vt -0.06616 0.19934
vt -0.07084 0.1001933
vt -0.06616 0.1001933
vt -0.06616 0.10066
vt -0.07084 0.10066
vt -0.07130669 0.10066
vt -0.07084 0.10066
vt -0.07084 0.19934
vt -0.07130669 0.19934
vt -0.07084 0.10066
vt -0.06616 0.10066
vt -0.06616 0.19934
vt -0.07084 0.19934
vt -0.06616 0.10066
vt -0.06569331 0.10066
vt -0.06569331 0.19934
vt -0.06616 0.19934
vt -0.07084 0.19934
vt -0.06616 0.19934
vt -0.06616 0.1998067
vt -0.07084 0.1998067
vt 0.01069331 0.10066
vt 0.01116 0.10066
vt 0.01116 0.19934
vt 0.01069331 0.19934
vt 0.01116 0.1001933
vt 0.02384 0.1001933
vt 0.02384 0.10066
vt 0.01116 0.10066
vt 0.01116 0.10066
vt 0.02384 0.10066
vt 0.02384 0.19934
vt 0.01116 0.19934
vt 0.01116 0.19934
vt 0.02384 0.19934
vt 0.02384 0.1998067
vt 0.01116 0.1998067
vt 0.02384 0.10066
vt 0.02430669 0.10066
vt 0.02430669 0.19934
vt 0.02384 0.19934
vt 0.01069331 0.10066
vt 0.01069331 0.19934
vt 0.01116 0.19934
vt 0.01116 0.10066
vt 0.01116 0.1001933
vt 0.01116 0.10066
vt 0.02384 0.10066
vt 0.02384 0.1001933
vt 0.01116 0.10066
vt 0.01116 0.19934
vt 0.02384 0.19934
vt 0.02384 0.10066
vt 0.01116 0.19934
vt 0.01116 0.1998067
vt 0.02384 0.1998067
vt 0.02384 0.19934
vt 0.02384 0.10066
vt 0.02384 0.19934
vt 0.02430669 0.19934
vt 0.02430669 0.10066
vt 0.06569331 0.01116
vt 0.06616 0.01116
vt 0.06616 0.02384
vt 0.06569331 0.02384
vt 0.06616 0.01069331
vt 0.07084 0.01069331
vt 0.07084 0.01116
vt 0.06616 0.01116
vt 0.06616 0.01116
vt 0.07084 0.01116
vt 0.07084 0.02384
vt 0.06616 0.02384
vt 0.06616 0.02384
vt 0.07084 0.02384
vt 0.07084 0.02430669
vt 0.06616 0.02430669
vt 0.07084 0.01116
vt 0.07130669 0.01116
vt 0.07130669 0.02384
vt 0.07084 0.02384
vt 0.06569331 0.01116
vt 0.06569331 0.02384
vt 0.06616 0.02384
vt 0.06616 0.01116
vt 0.06616 0.01069331
vt 0.06616 0.01116
vt 0.07084 0.01116
vt 0.07084 0.01069331
vt 0.06616 0.01116
vt 0.06616 0.02384
vt 0.07084 0.02384
vt 0.07084 0.01116
vt 0.06616 0.02384
vt 0.06616 0.02430669
vt 0.07084 0.02430669
vt 0.07084 0.02384
vt 0.07084 0.01116
vt 0.07084 0.02384
vt 0.07130669 0.02384
vt 0.07130669 0.01116
vt 0.06616 0.1001933
vt 0.06616 0.10066
vt 0.07084 0.10066
vt 0.07084 0.1001933
vt 0.06569331 0.10066
vt 0.06569331 0.19934
vt 0.06616 0.19934
vt 0.06616 0.10066
vt 0.06616 0.10066
vt 0.06616 0.19934
vt 0.07084 0.19934
vt 0.07084 0.10066
vt 0.07084 0.10066
vt 0.07084 0.19934
vt 0.07130669 0.19934
vt 0.07130669 0.10066
vt 0.06616 0.19934
vt 0.06616 0.1998067
vt 0.07084 0.1998067
vt 0.07084 0.19934
vt 0.06616 0.1001933
vt 0.07084 0.1001933
vt 0.07084 0.10066
vt 0.06616 0.10066
vt 0.06569331 0.10066
vt 0.06616 0.10066
vt 0.06616 0.19934
vt 0.06569331 0.19934
vt 0.06616 0.10066
vt 0.07084 0.10066
vt 0.07084 0.19934
vt 0.06616 0.19934
vt 0.07084 0.10066
vt 0.07130669 0.10066
vt 0.07130669 0.19934
vt 0.07084 0.19934
vt 0.06616 0.19934
vt 0.07084 0.19934
vt 0.07084 0.1998067
vt 0.06616 0.1998067
vt 0.01069331 0.10066
vt 0.01116 0.10066
vt 0.01116 0.19934
vt 0.01069331 0.19934
vt 0.01116 0.1001933
vt 0.02384 0.1001933
vt 0.02384 0.10066
vt 0.01116 0.10066
vt 0.01116 0.10066
vt 0.02384 0.10066
vt 0.02384 0.19934
vt 0.01116 0.19934
vt 0.01116 0.19934
vt 0.02384 0.19934
vt 0.02384 0.1998067
vt 0.01116 0.1998067
vt 0.02384 0.10066
vt 0.02430669 0.10066
vt 0.02430669 0.19934
vt 0.02384 0.19934
vt 0.01069331 0.10066
vt 0.01069331 0.19934
vt 0.01116 0.19934
vt 0.01116 0.10066
vt 0.01116 0.1001933
vt 0.01116 0.10066
vt 0.02384 0.10066
vt 0.02384 0.1001933
vt 0.01116 0.10066
vt 0.01116 0.19934
vt 0.02384 0.19934
vt 0.02384 0.10066
vt 0.01116 0.19934
vt 0.01116 0.1998067
vt 0.02384 0.1998067
vt 0.02384 0.19934
vt 0.02384 0.10066
vt 0.02384 0.19934
vt 0.02430669 0.19934
vt 0.02430669 0.10066
vt -0.07130669 0.01116
vt -0.07084 0.01116
vt -0.07084 0.02384
vt -0.07130669 0.02384
vt -0.07084 0.01069331
vt -0.06616 0.01069331
vt -0.06616 0.01116
vt -0.07084 0.01116
vt -0.07084 0.01116
vt -0.06616 0.01116
vt -0.06616 0.02384
vt -0.07084 0.02384
vt -0.07084 0.02384
vt -0.06616 0.02384
vt -0.06616 0.02430669
vt -0.07084 0.02430669
vt -0.06616 0.01116
vt -0.06569331 0.01116
vt -0.06569331 0.02384
vt -0.06616 0.02384
vt -0.07130669 0.01116
vt -0.07130669 0.02384
vt -0.07084 0.02384
vt -0.07084 0.01116
vt -0.07084 0.01069331
vt -0.07084 0.01116
vt -0.06616 0.01116
vt -0.06616 0.01069331
vt -0.07084 0.01116
vt -0.07084 0.02384
vt -0.06616 0.02384
vt -0.06616 0.01116
vt -0.07084 0.02384
vt -0.07084 0.02430669
vt -0.06616 0.02430669
vt -0.06616 0.02384
vt -0.06616 0.01116
vt -0.06616 0.02384
vt -0.06569331 0.02384
vt -0.06569331 0.01116
vt -0.07084 0.1001933
vt -0.07084 0.10066
vt -0.06616 0.10066
vt -0.06616 0.1001933
vt -0.07130669 0.10066
vt -0.07130669 0.19934
vt -0.07084 0.19934
vt -0.07084 0.10066
vt -0.07084 0.10066
vt -0.07084 0.19934
vt -0.06616 0.19934
vt -0.06616 0.10066
vt -0.06616 0.10066
vt -0.06616 0.19934
vt -0.06569331 0.19934
vt -0.06569331 0.10066
vt -0.07084 0.19934
vt -0.07084 0.1998067
vt -0.06616 0.1998067
vt -0.06616 0.19934
vt -0.07084 0.1001933
vt -0.06616 0.1001933
vt -0.06616 0.10066
vt -0.07084 0.10066
vt -0.07130669 0.10066
vt -0.07084 0.10066
vt -0.07084 0.19934
vt -0.07130669 0.19934
vt -0.07084 0.10066
vt -0.06616 0.10066
vt -0.06616 0.19934
vt -0.07084 0.19934
vt -0.06616 0.10066
vt -0.06569331 0.10066
vt -0.06569331 0.19934
vt -0.06616 0.19934
vt -0.07084 0.19934
vt -0.06616 0.19934
vt -0.06616 0.1998067
vt -0.07084 0.1998067
vt 0.7406933 0.10066
vt 0.74116 0.10066
vt 0.74116 0.19934
vt 0.7406933 0.19934
vt 0.74116 0.1001933
vt 0.75384 0.1001933
vt 0.75384 0.10066
vt 0.74116 0.10066
vt 0.74116 0.10066
vt 0.75384 0.10066
vt 0.75384 0.19934
vt 0.74116 0.19934
vt 0.74116 0.19934
vt 0.75384 0.19934
vt 0.75384 0.1998067
vt 0.74116 0.1998067
vt 0.75384 0.10066
vt 0.7543067 0.10066
vt 0.7543067 0.19934
vt 0.75384 0.19934
vt 0.7406933 0.10066
vt 0.7406933 0.19934
vt 0.74116 0.19934
vt 0.74116 0.10066
vt 0.74116 0.1001933
vt 0.74116 0.10066
vt 0.75384 0.10066
vt 0.75384 0.1001933
vt 0.74116 0.10066
vt 0.74116 0.19934
vt 0.75384 0.19934
vt 0.75384 0.10066
vt 0.74116 0.19934
vt 0.74116 0.1998067
vt 0.75384 0.1998067
vt 0.75384 0.19934
vt 0.75384 0.10066
vt 0.75384 0.19934
vt 0.7543067 0.19934
vt 0.7543067 0.10066
vt 0.06569331 0.74116
vt 0.06616 0.74116
vt 0.06616 0.75384
vt 0.06569331 0.75384
vt 0.06616 0.7406933
vt 0.07084 0.7406933
vt 0.07084 0.74116
vt 0.06616 0.74116
vt 0.06616 0.74116
vt 0.07084 0.74116
vt 0.07084 0.75384
vt 0.06616 0.75384
vt 0.06616 0.75384
vt 0.07084 0.75384
vt 0.07084 0.7543067
vt 0.06616 0.7543067
vt 0.07084 0.74116
vt 0.07130669 0.74116
vt 0.07130669 0.75384
vt 0.07084 0.75384
vt 0.06569331 0.74116
vt 0.06569331 0.75384
vt 0.06616 0.75384
vt 0.06616 0.74116
vt 0.06616 0.7406933
vt 0.06616 0.74116
vt 0.07084 0.74116
vt 0.07084 0.7406933
vt 0.06616 0.74116
vt 0.06616 0.75384
vt 0.07084 0.75384
vt 0.07084 0.74116
vt 0.06616 0.75384
vt 0.06616 0.7543067
vt 0.07084 0.7543067
vt 0.07084 0.75384
vt 0.07084 0.74116
vt 0.07084 0.75384
vt 0.07130669 0.75384
vt 0.07130669 0.74116
vt 0.06616 0.1001933
vt 0.06616 0.10066
vt 0.07084 0.10066
vt 0.07084 0.1001933
vt 0.06569331 0.10066
vt 0.06569331 0.19934
vt 0.06616 0.19934
vt 0.06616 0.10066
vt 0.06616 0.10066
vt 0.06616 0.19934
vt 0.07084 0.19934
vt 0.07084 0.10066
vt 0.07084 0.10066
vt 0.07084 0.19934
vt 0.07130669 0.19934
vt 0.07130669 0.10066
vt 0.06616 0.19934
vt 0.06616 0.1998067
vt 0.07084 0.1998067
vt 0.07084 0.19934
vt 0.06616 0.1001933
vt 0.07084 0.1001933
vt 0.07084 0.10066
vt 0.06616 0.10066
vt 0.06569331 0.10066
vt 0.06616 0.10066
vt 0.06616 0.19934
vt 0.06569331 0.19934
vt 0.06616 0.10066
vt 0.07084 0.10066
vt 0.07084 0.19934
vt 0.06616 0.19934
vt 0.07084 0.10066
vt 0.07130669 0.10066
vt 0.07130669 0.19934
vt 0.07084 0.19934
vt 0.06616 0.19934
vt 0.07084 0.19934
vt 0.07084 0.1998067
vt 0.06616 0.1998067
vt 0.7406933 0.10066
vt 0.74116 0.10066
vt 0.74116 0.19934
vt 0.7406933 0.19934
vt 0.74116 0.1001933
vt 0.75384 0.1001933
vt 0.75384 0.10066
vt 0.74116 0.10066
vt 0.74116 0.10066
vt 0.75384 0.10066
vt 0.75384 0.19934
vt 0.74116 0.19934
vt 0.74116 0.19934
vt 0.75384 0.19934
vt 0.75384 0.1998067
vt 0.74116 0.1998067
vt 0.75384 0.10066
vt 0.7543067 0.10066
vt 0.7543067 0.19934
vt 0.75384 0.19934
vt 0.7406933 0.10066
vt 0.7406933 0.19934
vt 0.74116 0.19934
vt 0.74116 0.10066
vt 0.74116 0.1001933
vt 0.74116 0.10066
vt 0.75384 0.10066
vt 0.75384 0.1001933
vt 0.74116 0.10066
vt 0.74116 0.19934
vt 0.75384 0.19934
vt 0.75384 0.10066
vt 0.74116 0.19934
vt 0.74116 0.1998067
vt 0.75384 0.1998067
vt 0.75384 0.19934
vt 0.75384 0.10066
vt 0.75384 0.19934
vt 0.7543067 0.19934
vt 0.7543067 0.10066
vt -0.07130669 0.74116
vt -0.07084 0.74116
vt -0.07084 0.75384
vt -0.07130669 0.75384
vt -0.07084 0.7406933
vt -0.06616 0.7406933
vt -0.06616 0.74116
vt -0.07084 0.74116
vt -0.07084 0.74116
vt -0.06616 0.74116
vt -0.06616 0.75384
vt -0.07084 0.75384
vt -0.07084 0.75384
vt -0.06616 0.75384
vt -0.06616 0.7543067
vt -0.07084 0.7543067
vt -0.06616 0.74116
vt -0.06569331 0.74116
vt -0.06569331 0.75384
vt -0.06616 0.75384
vt -0.07130669 0.74116
vt -0.07130669 0.75384
vt -0.07084 0.75384
vt -0.07084 0.74116
vt -0.07084 0.7406933
vt -0.07084 0.74116
vt -0.06616 0.74116
vt -0.06616 0.7406933
vt -0.07084 0.74116
vt -0.07084 0.75384
vt -0.06616 0.75384
vt -0.06616 0.74116
vt -0.07084 0.75384
vt -0.07084 0.7543067
vt -0.06616 0.7543067
vt -0.06616 0.75384
vt -0.06616 0.74116
vt -0.06616 0.75384
vt -0.06569331 0.75384
vt -0.06569331 0.74116
vt -0.07084 0.1001933
vt -0.07084 0.10066
vt -0.06616 0.10066
vt -0.06616 0.1001933
vt -0.07130669 0.10066
vt -0.07130669 0.19934
vt -0.07084 0.19934
vt -0.07084 0.10066
vt -0.07084 0.10066
vt -0.07084 0.19934
vt -0.06616 0.19934
vt -0.06616 0.10066
vt -0.06616 0.10066
vt -0.06616 0.19934
vt -0.06569331 0.19934
vt -0.06569331 0.10066
vt -0.07084 0.19934
vt -0.07084 0.1998067
vt -0.06616 0.1998067
vt -0.06616 0.19934
vt -0.07084 0.1001933
vt -0.06616 0.1001933
vt -0.06616 0.10066
vt -0.07084 0.10066
vt -0.07130669 0.10066
vt -0.07084 0.10066
vt -0.07084 0.19934
vt -0.07130669 0.19934
vt -0.07084 0.10066
vt -0.06616 0.10066
vt -0.06616 0.19934
vt -0.07084 0.19934
vt -0.06616 0.10066
vt -0.06569331 0.10066
vt -0.06569331 0.19934
vt -0.06616 0.19934
vt -0.07084 0.19934
vt -0.06616 0.19934
vt -0.06616 0.1998067
vt -0.07084 0.1998067
vt 0.2376933 0.22866
vt 0.23816 0.22866
vt 0.23816 0.23334
vt 0.2376933 0.23334
vt 0.23816 0.2281933
vt 0.41184 0.2281933
vt 0.41184 0.22866
vt 0.23816 0.22866
vt 0.23816 0.22866
vt 0.41184 0.22866
vt 0.41184 0.23334
vt 0.23816 0.23334
vt 0.23816 0.23334
vt 0.41184 0.23334
vt 0.41184 0.2338067
vt 0.23816 0.2338067
vt 0.41184 0.22866
vt 0.4123067 0.22866
vt 0.4123067 0.23334
vt 0.41184 0.23334
vt 0.2376933 0.22866
vt 0.2376933 0.23334
vt 0.23816 0.23334
vt 0.23816 0.22866
vt 0.23816 0.2281933
vt 0.23816 0.22866
vt 0.41184 0.22866
vt 0.41184 0.2281933
vt 0.23816 0.22866
vt 0.23816 0.23334
vt 0.41184 0.23334
vt 0.41184 0.22866
vt 0.23816 0.23334
vt 0.23816 0.2338067
vt 0.41184 0.2338067
vt 0.41184 0.23334
vt 0.41184 0.22866
vt 0.41184 0.23334
vt 0.4123067 0.23334
vt 0.4123067 0.22866
vt -0.00230669 0.23816
vt -0.00184 0.23816
vt -0.00184 0.41184
vt -0.00230669 0.41184
vt -0.00184 0.2376933
vt 0.06184 0.2376933
vt 0.06184 0.23816
vt -0.00184 0.23816
vt -0.00184 0.23816
vt 0.06184 0.23816
vt 0.06184 0.41184
vt -0.00184 0.41184
vt -0.00184 0.41184
vt 0.06184 0.41184
vt 0.06184 0.4123067
vt -0.00184 0.4123067
vt 0.06184 0.23816
vt 0.06230669 0.23816
vt 0.06230669 0.41184
vt 0.06184 0.41184
vt -0.00230669 0.23816
vt -0.00230669 0.41184
vt -0.00184 0.41184
vt -0.00184 0.23816
vt -0.00184 0.2376933
vt -0.00184 0.23816
vt 0.06184 0.23816
vt 0.06184 0.2376933
vt -0.00184 0.23816
vt -0.00184 0.41184
vt 0.06184 0.41184
vt 0.06184 0.23816
vt -0.00184 0.41184
vt -0.00184 0.4123067
vt 0.06184 0.4123067
vt 0.06184 0.41184
vt 0.06184 0.23816
vt 0.06184 0.41184
vt 0.06230669 0.41184
vt 0.06230669 0.23816
vt -0.00184 0.2281933
vt -0.00184 0.22866
vt 0.06184 0.22866
vt 0.06184 0.2281933
vt -0.00230669 0.22866
vt -0.00230669 0.23334
vt -0.00184 0.23334
vt -0.00184 0.22866
vt -0.00184 0.22866
vt -0.00184 0.23334
vt 0.06184 0.23334
vt 0.06184 0.22866
vt 0.06184 0.22866
vt 0.06184 0.23334
vt 0.06230669 0.23334
vt 0.06230669 0.22866
vt -0.00184 0.23334
vt -0.00184 0.2338067
vt 0.06184 0.2338067
vt 0.06184 0.23334
vt -0.00184 0.2281933
vt 0.06184 0.2281933
vt 0.06184 0.22866
vt -0.00184 0.22866
vt -0.00230669 0.22866
vt -0.00184 0.22866
vt -0.00184 0.23334
vt -0.00230669 0.23334
vt -0.00184 0.22866
vt 0.06184 0.22866
vt 0.06184 0.23334
vt -0.00184 0.23334
vt 0.06184 0.22866
vt 0.06230669 0.22866
vt 0.06230669 0.23334
vt 0.06184 0.23334
vt -0.00184 0.23334
vt 0.06184 0.23334
vt 0.06184 0.2338067
vt -0.00184 0.2338067
vt -0.07855877 0.2164412
vt -0.07659 0.2159988
vt -0.07659 0.21841
vt -0.07900123 0.21841
vt -0.07900123 0.21841
vt -0.07659 0.21841
vt -0.07659 0.24659
vt -0.07900123 0.24659
vt -0.07900123 0.24659
vt -0.07659 0.24659
vt -0.07659 0.2490012
vt -0.07855877 0.2485588
vt -0.07659 0.2159988
vt -0.04341 0.2159988
vt -0.04341 0.21841
vt -0.07659 0.21841
vt -0.07659 0.21841
vt -0.04341 0.21841
vt -0.04341 0.24659
vt -0.07659 0.24659
vt -0.07659 0.24659
vt -0.04341 0.24659
vt -0.04341 0.2490012
vt -0.07659 0.2490012
vt -0.04341 0.2159988
vt -0.04144124 0.2164412
vt -0.04099876 0.21841
vt -0.04341 0.21841
vt -0.04341 0.21841
vt -0.04099876 0.21841
vt -0.04099876 0.24659
vt -0.04341 0.24659
vt -0.04341 0.24659
vt -0.04099876 0.24659
vt -0.04144124 0.2485588
vt -0.04341 0.2490012
vt -0.07855877 0.2164412
vt -0.07900123 0.21841
vt -0.07659 0.21841
vt -0.07659 0.2159988
vt -0.07900123 0.21841
vt -0.07900123 0.24659
vt -0.07659 0.24659
vt -0.07659 0.21841
vt -0.07900123 0.24659
vt -0.07855877 0.2485588
vt -0.07659 0.2490012
vt -0.07659 0.24659
vt -0.07659 0.2159988
vt -0.07659 0.21841
vt -0.04341 0.21841
vt -0.04341 0.2159988
vt -0.07659 0.21841
vt -0.07659 0.24659
vt -0.04341 0.24659
vt -0.04341 0.21841
vt -0.07659 0.24659
vt -0.07659 0.2490012
vt -0.04341 0.2490012
vt -0.04341 0.24659
vt -0.04341 0.2159988
vt -0.04341 0.21841
vt -0.04099876 0.21841
vt -0.04144124 0.2164412
vt -0.04341 0.21841
vt -0.04341 0.24659
vt -0.04099876 0.24659
vt -0.04099876 0.21841
vt -0.04341 0.24659
vt -0.04341 0.2490012
vt -0.04144124 0.2485588
vt -0.04099876 0.24659
vt 0.01494124 -0.07855877
vt 0.01691 -0.07900123
vt 0.01691 -0.07659
vt 0.01449876 -0.07659
vt 0.01449876 -0.07659
vt 0.01691 -0.07659
vt 0.01691 -0.04341
vt 0.01449876 -0.04341
vt 0.01449876 -0.04341
vt 0.01691 -0.04341
vt 0.01691 -0.04099876
vt 0.01494124 -0.04144124
vt 0.01691 -0.07900123
vt 0.04109 -0.07900123
vt 0.04109 -0.07659
vt 0.01691 -0.07659
vt 0.01691 -0.07659
vt 0.04109 -0.07659
vt 0.04109 -0.04341
vt 0.01691 -0.04341
vt 0.01691 -0.04341
vt 0.04109 -0.04341
vt 0.04109 -0.04099876
vt 0.01691 -0.04099876
vt 0.04109 -0.07900123
vt 0.04305876 -0.07855877
vt 0.04350124 -0.07659
vt 0.04109 -0.07659
vt 0.04109 -0.07659
vt 0.04350124 -0.07659
vt 0.04350124 -0.04341
vt 0.04109 -0.04341
vt 0.04109 -0.04341
vt 0.04350124 -0.04341
vt 0.04305876 -0.04144124
vt 0.04109 -0.04099876
vt 0.01494124 -0.07855877
vt 0.01449876 -0.07659
vt 0.01691 -0.07659
vt 0.01691 -0.07900123
vt 0.01449876 -0.07659
vt 0.01449876 -0.04341
vt 0.01691 -0.04341
vt 0.01691 -0.07659
vt 0.01449876 -0.04341
vt 0.01494124 -0.04144124
vt 0.01691 -0.04099876
vt 0.01691 -0.04341
vt 0.01691 -0.07900123
vt 0.01691 -0.07659
vt 0.04109 -0.07659
vt 0.04109 -0.07900123
vt 0.01691 -0.07659
vt 0.01691 -0.04341
vt 0.04109 -0.04341
vt 0.04109 -0.07659
vt 0.01691 -0.04341
vt 0.01691 -0.04099876
vt 0.04109 -0.04099876
vt 0.04109 -0.04341
vt 0.04109 -0.07900123
vt 0.04109 -0.07659
vt 0.04350124 -0.07659
vt 0.04305876 -0.07855877
vt 0.04109 -0.07659
vt 0.04109 -0.04341
vt 0.04350124 -0.04341
vt 0.04350124 -0.07659
vt 0.04109 -0.04341
vt 0.04109 -0.04099876
vt 0.04305876 -0.04144124
vt 0.04350124 -0.04341
vt 0.01494124 0.2164412
vt 0.01449876 0.21841
vt 0.01691 0.21841
vt 0.01691 0.2159988
vt 0.01691 0.2159988
vt 0.01691 0.21841
vt 0.04109 0.21841
vt 0.04109 0.2159988
vt 0.04109 0.2159988
vt 0.04109 0.21841
vt 0.04350124 0.21841
vt 0.04305876 0.2164412
vt 0.01449876 0.21841
vt 0.01449876 0.24659
vt 0.01691 0.24659
vt 0.01691 0.21841
vt 0.01691 0.21841
vt 0.01691 0.24659
vt 0.04109 0.24659
vt 0.04109 0.21841
vt 0.04109 0.21841
vt 0.04109 0.24659
vt 0.04350124 0.24659
vt 0.04350124 0.21841
vt 0.01449876 0.24659
vt 0.01494124 0.2485588
vt 0.01691 0.2490012
vt 0.01691 0.24659
vt 0.01691 0.24659
vt 0.01691 0.2490012
vt 0.04109 0.2490012
vt 0.04109 0.24659
vt 0.04109 0.24659
vt 0.04109 0.2490012
vt 0.04305876 0.2485588
vt 0.04350124 0.24659
vt 0.01494124 0.2164412
vt 0.01691 0.2159988
vt 0.01691 0.21841
vt 0.01449876 0.21841
vt 0.01691 0.2159988
vt 0.04109 0.2159988
vt 0.04109 0.21841
vt 0.01691 0.21841
vt 0.04109 0.2159988
vt 0.04305876 0.2164412
vt 0.04350124 0.21841
vt 0.04109 0.21841
vt 0.01449876 0.21841
vt 0.01691 0.21841
vt 0.01691 0.24659
vt 0.01449876 0.24659
vt 0.01691 0.21841
vt 0.04109 0.21841
vt 0.04109 0.24659
vt 0.01691 0.24659
vt 0.04109 0.21841
vt 0.04350124 0.21841
vt 0.04350124 0.24659
vt 0.04109 0.24659
vt 0.01449876 0.24659
vt 0.01691 0.24659
vt 0.01691 0.2490012
vt 0.01494124 0.2485588
vt 0.01691 0.24659
vt 0.04109 0.24659
vt 0.04109 0.2490012
vt 0.01691 0.2490012
vt 0.04109 0.24659
vt 0.04350124 0.24659
vt 0.04305876 0.2485588
vt 0.04109 0.2490012
vt -0.07855877 0.2164412
vt -0.07659 0.2159988
vt -0.07659 0.21841
vt -0.07900123 0.21841
vt -0.07900123 0.21841
vt -0.07659 0.21841
vt -0.07659 0.24659
vt -0.07900123 0.24659
vt -0.07900123 0.24659
vt -0.07659 0.24659
vt -0.07659 0.2490012
vt -0.07855877 0.2485588
vt -0.07659 0.2159988
vt -0.04341 0.2159988
vt -0.04341 0.21841
vt -0.07659 0.21841
vt -0.07659 0.21841
vt -0.04341 0.21841
vt -0.04341 0.24659
vt -0.07659 0.24659
vt -0.07659 0.24659
vt -0.04341 0.24659
vt -0.04341 0.2490012
vt -0.07659 0.2490012
vt -0.04341 0.2159988
vt -0.04144124 0.2164412
vt -0.04099876 0.21841
vt -0.04341 0.21841
vt -0.04341 0.21841
vt -0.04099876 0.21841
vt -0.04099876 0.24659
vt -0.04341 0.24659
vt -0.04341 0.24659
vt -0.04099876 0.24659
vt -0.04144124 0.2485588
vt -0.04341 0.2490012
vt -0.07855877 0.2164412
vt -0.07900123 0.21841
vt -0.07659 0.21841
vt -0.07659 0.2159988
vt -0.07900123 0.21841
vt -0.07900123 0.24659
vt -0.07659 0.24659
vt -0.07659 0.21841
vt -0.07900123 0.24659
vt -0.07855877 0.2485588
vt -0.07659 0.2490012
vt -0.07659 0.24659
vt -0.07659 0.2159988
vt -0.07659 0.21841
vt -0.04341 0.21841
vt -0.04341 0.2159988
vt -0.07659 0.21841
vt -0.07659 0.24659
vt -0.04341 0.24659
vt -0.04341 0.21841
vt -0.07659 0.24659
vt -0.07659 0.2490012
vt -0.04341 0.2490012
vt -0.04341 0.24659
vt -0.04341 0.2159988
vt -0.04341 0.21841
vt -0.04099876 0.21841
vt -0.04144124 0.2164412
vt -0.04341 0.21841
vt -0.04341 0.24659
vt -0.04099876 0.24659
vt -0.04099876 0.21841
vt -0.04341 0.24659
vt -0.04341 0.2490012
vt -0.04144124 0.2485588
vt -0.04099876 0.24659
vt -0.04305876 -0.07855877
vt -0.04109 -0.07900123
vt -0.04109 -0.07659
vt -0.04350124 -0.07659
vt -0.04350124 -0.07659
vt -0.04109 -0.07659
vt -0.04109 -0.04341
vt -0.04350124 -0.04341
vt -0.04350124 -0.04341
vt -0.04109 -0.04341
vt -0.04109 -0.04099876
vt -0.04305876 -0.04144124
vt -0.04109 -0.07900123
vt -0.01691 -0.07900123
vt -0.01691 -0.07659
vt -0.04109 -0.07659
vt -0.04109 -0.07659
vt -0.01691 -0.07659
vt -0.01691 -0.04341
vt -0.04109 -0.04341
vt -0.04109 -0.04341
vt -0.01691 -0.04341
vt -0.01691 -0.04099876
vt -0.04109 -0.04099876
vt -0.01691 -0.07900123
vt -0.01494124 -0.07855877
vt -0.01449876 -0.07659
vt -0.01691 -0.07659
vt -0.01691 -0.07659
vt -0.01449876 -0.07659
vt -0.01449876 -0.04341
vt -0.01691 -0.04341
vt -0.01691 -0.04341
vt -0.01449876 -0.04341
vt -0.01494124 -0.04144124
vt -0.01691 -0.04099876
vt -0.04305876 -0.07855877
vt -0.04350124 -0.07659
vt -0.04109 -0.07659
vt -0.04109 -0.07900123
vt -0.04350124 -0.07659
vt -0.04350124 -0.04341
vt -0.04109 -0.04341
vt -0.04109 -0.07659
vt -0.04350124 -0.04341
vt -0.04305876 -0.04144124
vt -0.04109 -0.04099876
vt -0.04109 -0.04341
vt -0.04109 -0.07900123
vt -0.04109 -0.07659
vt -0.01691 -0.07659
vt -0.01691 -0.07900123
vt -0.04109 -0.07659
vt -0.04109 -0.04341
vt -0.01691 -0.04341
vt -0.01691 -0.07659
vt -0.04109 -0.04341
vt -0.04109 -0.04099876
vt -0.01691 -0.04099876
vt -0.01691 -0.04341
vt -0.01691 -0.07900123
vt -0.01691 -0.07659
vt -0.01449876 -0.07659
vt -0.01494124 -0.07855877
vt -0.01691 -0.07659
vt -0.01691 -0.04341
vt -0.01449876 -0.04341
vt -0.01449876 -0.07659
vt -0.01691 -0.04341
vt -0.01691 -0.04099876
vt -0.01494124 -0.04144124
vt -0.01449876 -0.04341
vt -0.04305876 0.2164412
vt -0.04350124 0.21841
vt -0.04109 0.21841
vt -0.04109 0.2159988
vt -0.04109 0.2159988
vt -0.04109 0.21841
vt -0.01691 0.21841
vt -0.01691 0.2159988
vt -0.01691 0.2159988
vt -0.01691 0.21841
vt -0.01449876 0.21841
vt -0.01494124 0.2164412
vt -0.04350124 0.21841
vt -0.04350124 0.24659
vt -0.04109 0.24659
vt -0.04109 0.21841
vt -0.04109 0.21841
vt -0.04109 0.24659
vt -0.01691 0.24659
vt -0.01691 0.21841
vt -0.01691 0.21841
vt -0.01691 0.24659
vt -0.01449876 0.24659
vt -0.01449876 0.21841
vt -0.04350124 0.24659
vt -0.04305876 0.2485588
vt -0.04109 0.2490012
vt -0.04109 0.24659
vt -0.04109 0.24659
vt -0.04109 0.2490012
vt -0.01691 0.2490012
vt -0.01691 0.24659
vt -0.01691 0.24659
vt -0.01691 0.2490012
vt -0.01494124 0.2485588
vt -0.01449876 0.24659
vt -0.04305876 0.2164412
vt -0.04109 0.2159988
vt -0.04109 0.21841
vt -0.04350124 0.21841
vt -0.04109 0.2159988
vt -0.01691 0.2159988
vt -0.01691 0.21841
vt -0.04109 0.21841
vt -0.01691 0.2159988
vt -0.01494124 0.2164412
vt -0.01449876 0.21841
vt -0.01691 0.21841
vt -0.04350124 0.21841
vt -0.04109 0.21841
vt -0.04109 0.24659
vt -0.04350124 0.24659
vt -0.04109 0.21841
vt -0.01691 0.21841
vt -0.01691 0.24659
vt -0.04109 0.24659
vt -0.01691 0.21841
vt -0.01449876 0.21841
vt -0.01449876 0.24659
vt -0.01691 0.24659
vt -0.04350124 0.24659
vt -0.04109 0.24659
vt -0.04109 0.2490012
vt -0.04305876 0.2485588
vt -0.04109 0.24659
vt -0.01691 0.24659
vt -0.01691 0.2490012
vt -0.04109 0.2490012
vt -0.01691 0.24659
vt -0.01449876 0.24659
vt -0.01494124 0.2485588
vt -0.01691 0.2490012
vt 0.7483136 0.2158136
vt 0.749425 0.2155638
vt 0.749425 0.216925
vt 0.7480638 0.216925
vt 0.7480638 0.216925
vt 0.749425 0.216925
vt 0.749425 0.248075
vt 0.7480638 0.248075
vt 0.7480638 0.248075
vt 0.749425 0.248075
vt 0.749425 0.2494362
vt 0.7483136 0.2491864
vt 0.749425 0.2155638
vt 0.7705749 0.2155638
vt 0.7705749 0.216925
vt 0.749425 0.216925
vt 0.749425 0.216925
vt 0.7705749 0.216925
vt 0.7705749 0.248075
vt 0.749425 0.248075
vt 0.749425 0.248075
vt 0.7705749 0.248075
vt 0.7705749 0.2494362
vt 0.749425 0.2494362
vt 0.7705749 0.2155638
vt 0.7716864 0.2158136
vt 0.7719362 0.216925
vt 0.7705749 0.216925
vt 0.7705749 0.216925
vt 0.7719362 0.216925
vt 0.7719362 0.248075
vt 0.7705749 0.248075
vt 0.7705749 0.248075
vt 0.7719362 0.248075
vt 0.7716864 0.2491864
vt 0.7705749 0.2494362
vt 0.7483136 0.2158136
vt 0.7480638 0.216925
vt 0.749425 0.216925
vt 0.749425 0.2155638
vt 0.7480638 0.216925
vt 0.7480638 0.248075
vt 0.749425 0.248075
vt 0.749425 0.216925
vt 0.7480638 0.248075
vt 0.7483136 0.2491864
vt 0.749425 0.2494362
vt 0.749425 0.248075
vt 0.749425 0.2155638
vt 0.749425 0.216925
vt 0.7705749 0.216925
vt 0.7705749 0.2155638
vt 0.749425 0.216925
vt 0.749425 0.248075
vt 0.7705749 0.248075
vt 0.7705749 0.216925
vt 0.749425 0.248075
vt 0.749425 0.2494362
vt 0.7705749 0.2494362
vt 0.7705749 0.248075
vt 0.7705749 0.2155638
vt 0.7705749 0.216925
vt 0.7719362 0.216925
vt 0.7716864 0.2158136
vt 0.7705749 0.216925
vt 0.7705749 0.248075
vt 0.7719362 0.248075
vt 0.7719362 0.216925
vt 0.7705749 0.248075
vt 0.7705749 0.2494362
vt 0.7716864 0.2491864
vt 0.7719362 0.248075
vt -0.007936399 0.7483136
vt -0.006825 0.7480638
vt -0.006825 0.749425
vt -0.008186181 0.749425
vt -0.008186181 0.749425
vt -0.006825 0.749425
vt -0.006825 0.7705749
vt -0.008186181 0.7705749
vt -0.008186181 0.7705749
vt -0.006825 0.7705749
vt -0.006825 0.7719362
vt -0.007936399 0.7716864
vt -0.006825 0.7480638
vt 0.006825 0.7480638
vt 0.006825 0.749425
vt -0.006825 0.749425
vt -0.006825 0.749425
vt 0.006825 0.749425
vt 0.006825 0.7705749
vt -0.006825 0.7705749
vt -0.006825 0.7705749
vt 0.006825 0.7705749
vt 0.006825 0.7719362
vt -0.006825 0.7719362
vt 0.006825 0.7480638
vt 0.007936399 0.7483136
vt 0.008186181 0.749425
vt 0.006825 0.749425
vt 0.006825 0.749425
vt 0.008186181 0.749425
vt 0.008186181 0.7705749
vt 0.006825 0.7705749
vt 0.006825 0.7705749
vt 0.008186181 0.7705749
vt 0.007936399 0.7716864
vt 0.006825 0.7719362
vt -0.007936399 0.7483136
vt -0.008186181 0.749425
vt -0.006825 0.749425
vt -0.006825 0.7480638
vt -0.008186181 0.749425
vt -0.008186181 0.7705749
vt -0.006825 0.7705749
vt -0.006825 0.749425
vt -0.008186181 0.7705749
vt -0.007936399 0.7716864
vt -0.006825 0.7719362
vt -0.006825 0.7705749
vt -0.006825 0.7480638
vt -0.006825 0.749425
vt 0.006825 0.749425
vt 0.006825 0.7480638
vt -0.006825 0.749425
vt -0.006825 0.7705749
vt 0.006825 0.7705749
vt 0.006825 0.749425
vt -0.006825 0.7705749
vt -0.006825 0.7719362
vt 0.006825 0.7719362
vt 0.006825 0.7705749
vt 0.006825 0.7480638
vt 0.006825 0.749425
vt 0.008186181 0.749425
vt 0.007936399 0.7483136
vt 0.006825 0.749425
vt 0.006825 0.7705749
vt 0.008186181 0.7705749
vt 0.008186181 0.749425
vt 0.006825 0.7705749
vt 0.006825 0.7719362
vt 0.007936399 0.7716864
vt 0.008186181 0.7705749
vt -0.007936399 0.2158136
vt -0.008186181 0.216925
vt -0.006825 0.216925
vt -0.006825 0.2155638
vt -0.006825 0.2155638
vt -0.006825 0.216925
vt 0.006825 0.216925
vt 0.006825 0.2155638
vt 0.006825 0.2155638
vt 0.006825 0.216925
vt 0.008186181 0.216925
vt 0.007936399 0.2158136
vt -0.008186181 0.216925
vt -0.008186181 0.248075
vt -0.006825 0.248075
vt -0.006825 0.216925
vt -0.006825 0.216925
vt -0.006825 0.248075
vt 0.006825 0.248075
vt 0.006825 0.216925
vt 0.006825 0.216925
vt 0.006825 0.248075
vt 0.008186181 0.248075
vt 0.008186181 0.216925
vt -0.008186181 0.248075
vt -0.007936399 0.2491864
vt -0.006825 0.2494362
vt -0.006825 0.248075
vt -0.006825 0.248075
vt -0.006825 0.2494362
vt 0.006825 0.2494362
vt 0.006825 0.248075
vt 0.006825 0.248075
vt 0.006825 0.2494362
vt 0.007936399 0.2491864
vt 0.008186181 0.248075
vt -0.007936399 0.2158136
vt -0.006825 0.2155638
vt -0.006825 0.216925
vt -0.008186181 0.216925
vt -0.006825 0.2155638
vt 0.006825 0.2155638
vt 0.006825 0.216925
vt -0.006825 0.216925
vt 0.006825 0.2155638
vt 0.007936399 0.2158136
vt 0.008186181 0.216925
vt 0.006825 0.216925
vt -0.008186181 0.216925
vt -0.006825 0.216925
vt -0.006825 0.248075
vt -0.008186181 0.248075
vt -0.006825 0.216925
vt 0.006825 0.216925
vt 0.006825 0.248075
vt -0.006825 0.248075
vt 0.006825 0.216925
vt 0.008186181 0.216925
vt 0.008186181 0.248075
vt 0.006825 0.248075
vt -0.008186181 0.248075
vt -0.006825 0.248075
vt -0.006825 0.2494362
vt -0.007936399 0.2491864
vt -0.006825 0.248075
vt 0.006825 0.248075
vt 0.006825 0.2494362
vt -0.006825 0.2494362
vt 0.006825 0.248075
vt 0.008186181 0.248075
vt 0.007936399 0.2491864
vt 0.006825 0.2494362
vt 0.8125 0.1349159
vt 0.8125 0.1252453
vt 0.8200001 0.1252453
vt 0.8200001 0.1349159
vt 0.8125 0.1252453
vt 0.8125 0.117019
vt 0.8200001 0.117019
vt 0.8200001 0.1252453
vt -0.02298097 0.8125
vt -0.01475469 0.8125
vt -0.01475469 0.8200001
vt -0.02298097 0.8200001
vt -0.01475469 0.8125
vt -0.005084117 0.8125
vt -0.005084117 0.8200001
vt -0.01475469 0.8200001
vt -0.005084117 0.8125
vt 0.00508412 0.8125
vt 0.00508412 0.8200001
vt -0.005084117 0.8200001
vt 0.00508412 0.8125
vt 0.0147547 0.8125
vt 0.0147547 0.8200001
vt 0.00508412 0.8200001
vt 0.0147547 0.8125
vt 0.02298097 0.8125
vt 0.02298097 0.8200001
vt 0.0147547 0.8200001
vt 0.8125 0.117019
vt 0.8125 0.1252453
vt 0.8200001 0.1252453
vt 0.8200001 0.117019
vt 0.8125 0.1252453
vt 0.8125 0.1349159
vt 0.8200001 0.1349159
vt 0.8200001 0.1252453
vt 0.8125 0.1349159
vt 0.8125 0.1450841
vt 0.8200001 0.1450841
vt 0.8200001 0.1349159
vt 0.8125 0.1450841
vt 0.8125 0.1547547
vt 0.8200001 0.1547547
vt 0.8200001 0.1450841
vt 0.8125 0.1547547
vt 0.8125 0.162981
vt 0.8200001 0.162981
vt 0.8200001 0.1547547
vt 0.02298097 0.8125
vt 0.01475468 0.8125
vt 0.01475468 0.8200001
vt 0.02298097 0.8200001
vt 0.01475468 0.8125
vt 0.005084122 0.8125
vt 0.005084122 0.8200001
vt 0.01475468 0.8200001
vt 0.005084122 0.8125
vt -0.005084123 0.8125
vt -0.005084123 0.8200001
vt 0.005084122 0.8200001
vt -0.005084123 0.8125
vt -0.0147547 0.8125
vt -0.0147547 0.8200001
vt -0.005084123 0.8200001
vt -0.0147547 0.8125
vt -0.02298098 0.8125
vt -0.02298098 0.8200001
vt -0.0147547 0.8200001
vt 0.8125 0.162981
vt 0.8125 0.1547547
vt 0.8200001 0.1547547
vt 0.8200001 0.162981
vt 0.8125 0.1547547
vt 0.8125 0.1450841
vt 0.8200001 0.1450841
vt 0.8200001 0.1547547
vt 0.8125 0.1450841
vt 0.8125 0.1349159
vt 0.8200001 0.1349159
vt 0.8200001 0.1450841
vt 0 0.14
vt -0.02895771 0.1252453
vt -0.03209987 0.1349159
vt 0 0.14
vt -0.02298097 0.117019
vt -0.02895771 0.1252453
vt 0 0.14
vt -0.01475469 0.1110423
vt -0.02298097 0.117019
vt 0 0.14
vt -0.005084117 0.1079001
vt -0.01475469 0.1110423
vt 0 0.14
vt 0.00508412 0.1079001
vt -0.005084117 0.1079001
vt 0 0.14
vt 0.0147547 0.1110423
vt 0.00508412 0.1079001
vt 0 0.14
vt 0.02298097 0.117019
vt 0.0147547 0.1110423
vt 0 0.14
vt 0.02895772 0.1252453
vt 0.02298097 0.117019
vt 0 0.14
vt 0.03209987 0.1349159
vt 0.02895772 0.1252453
vt 0 0.14
vt 0.03209987 0.1450841
vt 0.03209987 0.1349159
vt 0 0.14
vt 0.02895771 0.1547547
vt 0.03209987 0.1450841
vt 0 0.14
vt 0.02298097 0.162981
vt 0.02895771 0.1547547
vt 0 0.14
vt 0.01475468 0.1689577
vt 0.02298097 0.162981
vt 0 0.14
vt 0.005084122 0.1720999
vt 0.01475468 0.1689577
vt 0 0.14
vt -0.005084123 0.1720999
vt 0.005084122 0.1720999
vt 0 0.14
vt -0.0147547 0.1689577
vt -0.005084123 0.1720999
vt 0 0.14
vt -0.02298098 0.162981
vt -0.0147547 0.1689577
vt 0 0.14
vt -0.02895771 0.1547547
vt -0.02298098 0.162981
vt 0 0.14
vt -0.03209987 0.1450841
vt -0.02895771 0.1547547
vt 0 0.14
vt -0.03209987 0.1349159
vt -0.03209987 0.1450841
vt 0 0.14
vt -0.03209987 0.1349159
vt -0.02895771 0.1252453
vt 0 0.14
vt -0.02895771 0.1252453
vt -0.02298097 0.117019
vt 0 0.14
vt -0.02298097 0.117019
vt -0.01475469 0.1110423
vt 0 0.14
vt -0.01475469 0.1110423
vt -0.005084117 0.1079001
vt 0 0.14
vt -0.005084117 0.1079001
vt 0.00508412 0.1079001
vt 0 0.14
vt 0.00508412 0.1079001
vt 0.0147547 0.1110423
vt 0 0.14
vt 0.0147547 0.1110423
vt 0.02298097 0.117019
vt 0 0.14
vt 0.02298097 0.117019
vt 0.02895772 0.1252453
vt 0 0.14
vt 0.02895772 0.1252453
vt 0.03209987 0.1349159
vt 0 0.14
vt 0.03209987 0.1349159
vt 0.03209987 0.1450841
vt 0 0.14
vt 0.03209987 0.1450841
vt 0.02895771 0.1547547
vt 0 0.14
vt 0.02895771 0.1547547
vt 0.02298097 0.162981
vt 0 0.14
vt 0.02298097 0.162981
vt 0.01475468 0.1689577
vt 0 0.14
vt 0.01475468 0.1689577
vt 0.005084122 0.1720999
vt 0 0.14
vt 0.005084122 0.1720999
vt -0.005084123 0.1720999
vt 0 0.14
vt -0.005084123 0.1720999
vt -0.0147547 0.1689577
vt 0 0.14
vt -0.0147547 0.1689577
vt -0.02298098 0.162981
vt 0 0.14
vt -0.02298098 0.162981
vt -0.02895771 0.1547547
vt 0 0.14
vt -0.02895771 0.1547547
vt -0.03209987 0.1450841
vt 0 0.14
vt -0.03209987 0.1450841
vt -0.03209987 0.1349159
vt 0.0625 -0.1090702
vt 0.0625 -0.1078
vt 0.06094437 -0.1078
vt 0.0614 -0.1093556
vt 0.0614 -0.1093556
vt 0.06094437 -0.1078
vt 0.0499135 -0.1078
vt 0.05036914 -0.1093556
vt -0.1093556 0.2114
vt -0.1078 0.2109444
vt -0.1078 0.2125
vt -0.1090702 0.2125
vt 0.0625 -0.1078
vt 0.0625 0.8078
vt 0.06094437 0.8078
vt 0.06094437 -0.1078
vt 0.06094437 -0.1078
vt 0.06094437 0.8078
vt 0.0499135 0.8078
vt 0.0499135 -0.1078
vt -0.1078 0.2109444
vt 0.8078 0.2109444
vt 0.8078 0.2125
vt -0.1078 0.2125
vt 0.0625 0.8078
vt 0.0625 0.8090702
vt 0.0614 0.8093557
vt 0.06094437 0.8078
vt 0.06094437 0.8078
vt 0.0614 0.8093557
vt 0.05036914 0.8093557
vt 0.0499135 0.8078
vt 0.8078 0.2109444
vt 0.8093557 0.2114
vt 0.8090702 0.2125
vt 0.8078 0.2125
vt -0.1090702 0.2125
vt -0.1093556 0.2136
vt -0.1078 0.2140556
vt -0.1078 0.2125
vt 0.07463086 -0.1093556
vt 0.0636 -0.1093556
vt 0.06405564 -0.1078
vt 0.0750865 -0.1078
vt 0.0636 -0.1093556
vt 0.0625 -0.1090702
vt 0.0625 -0.1078
vt 0.06405564 -0.1078
vt -0.1078 0.2125
vt -0.1078 0.2140556
vt 0.8078 0.2140556
vt 0.8078 0.2125
vt 0.0750865 -0.1078
vt 0.06405564 -0.1078
vt 0.06405564 0.8078
vt 0.0750865 0.8078
vt 0.06405564 -0.1078
vt 0.0625 -0.1078
vt 0.0625 0.8078
vt 0.06405564 0.8078
vt 0.8078 0.2125
vt 0.8078 0.2140556
vt 0.8093557 0.2136
vt 0.8090702 0.2125
vt 0.0750865 0.8078
vt 0.06405564 0.8078
vt 0.0636 0.8093557
vt 0.07463086 0.8093557
vt 0.06405564 0.8078
vt 0.0625 0.8078
vt 0.0625 0.8090702
vt 0.0636 0.8093557
vt 0.0625 -0.1090702
vt 0.0636 -0.1093556
vt 0.06405564 -0.1078
vt 0.0625 -0.1078
vt 0.0625 -0.1078
vt 0.06405564 -0.1078
vt 0.06405564 0.8078
vt 0.0625 0.8078
vt 0.0625 0.8078
vt 0.06405564 0.8078
vt 0.0636 0.8093557
vt 0.0625 0.8090702
vt -0.1093556 0.2003691
vt -0.1093556 0.2114
vt -0.1078 0.2109444
vt -0.1078 0.1999135
vt -0.1078 0.1999135
vt -0.1078 0.2109444
vt 0.8078 0.2109444
vt 0.8078 0.1999135
vt 0.8078 0.1999135
vt 0.8078 0.2109444
vt 0.8093557 0.2114
vt 0.8093557 0.2003691
vt -0.1093556 0.2114
vt -0.1090702 0.2125
vt -0.1078 0.2125
vt -0.1078 0.2109444
vt -0.1078 0.2109444
vt -0.1078 0.2125
vt 0.8078 0.2125
vt 0.8078 0.2109444
vt 0.8078 0.2109444
vt 0.8078 0.2125
vt 0.8090702 0.2125
vt 0.8093557 0.2114
vt -0.1090702 0.2125
vt -0.1078 0.2125
vt -0.1078 0.2140556
vt -0.1093556 0.2136
vt -0.1078 0.2125
vt 0.8078 0.2125
vt 0.8078 0.2140556
vt -0.1078 0.2140556
vt 0.8078 0.2125
vt 0.8090702 0.2125
vt 0.8093557 0.2136
vt 0.8078 0.2140556
vt -0.1093556 0.2136
vt -0.1078 0.2140556
vt -0.1078 0.2250865
vt -0.1093556 0.2246309
vt -0.1078 0.2140556
vt 0.8078 0.2140556
vt 0.8078 0.2250865
vt -0.1078 0.2250865
vt 0.8078 0.2140556
vt 0.8093557 0.2136
vt 0.8093557 0.2246309
vt 0.8078 0.2250865
vt 0.0614 -0.1093556
vt 0.06094437 -0.1078
vt 0.0625 -0.1078
vt 0.0625 -0.1090702
vt 0.06094437 -0.1078
vt 0.06094437 0.8078
vt 0.0625 0.8078
vt 0.0625 -0.1078
vt 0.06094437 0.8078
vt 0.0614 0.8093557
vt 0.0625 0.8090702
vt 0.0625 0.8078
vt 0.0625 0.1996728
vt 0.0614 0.2003691
vt 0.0625 0.2014691
vt 0.0636 0.2003691
vt 0.0636 0.2003691
vt 0.0625 0.2014691
vt 0.07353087 0.2125
vt 0.07463086 0.2114
vt 0.07463086 0.2114
vt 0.07353087 0.2125
vt 0.07463086 0.2136
vt 0.07532716 0.2125
vt 0.0614 0.2003691
vt 0.05036914 0.2114
vt 0.05146913 0.2125
vt 0.0625 0.2014691
vt 0.0625 0.2014691
vt 0.05146913 0.2125
vt 0.0625 0.2235309
vt 0.07353087 0.2125
vt 0.07353087 0.2125
vt 0.0625 0.2235309
vt 0.0636 0.2246309
vt 0.07463086 0.2136
vt 0.05036914 0.2114
vt 0.04967284 0.2125
vt 0.05036914 0.2136
vt 0.05146913 0.2125
vt 0.05146913 0.2125
vt 0.05036914 0.2136
vt 0.0614 0.2246309
vt 0.0625 0.2235309
vt 0.0625 0.2235309
vt 0.0614 0.2246309
vt 0.0625 0.2253272
vt 0.0636 0.2246309
vt 0.0625 0.1996728
vt 0.0636 0.2003691
vt 0.0625 0.2014691
vt 0.0614 0.2003691
vt 0.0636 0.2003691
vt 0.07463086 0.2114
vt 0.07353087 0.2125
vt 0.0625 0.2014691
vt 0.07463086 0.2114
vt 0.07532716 0.2125
vt 0.07463086 0.2136
vt 0.07353087 0.2125
vt 0.0614 0.2003691
vt 0.0625 0.2014691
vt 0.05146913 0.2125
vt 0.05036914 0.2114
vt 0.0625 0.2014691
vt 0.07353087 0.2125
vt 0.0625 0.2235309
vt 0.05146913 0.2125
vt 0.07353087 0.2125
vt 0.07463086 0.2136
vt 0.0636 0.2246309
vt 0.0625 0.2235309
vt 0.05036914 0.2114
vt 0.05146913 0.2125
vt 0.05036914 0.2136
vt 0.04967284 0.2125
vt 0.05146913 0.2125
vt 0.0625 0.2235309
vt 0.0614 0.2246309
vt 0.05036914 0.2136
vt 0.0625 0.2235309
vt 0.0636 0.2246309
vt 0.0625 0.2253272
vt 0.0614 0.2246309
vt -0.0625 -0.1090702
vt -0.0625 -0.1078
vt -0.06405564 -0.1078
vt -0.0636 -0.1093556
vt -0.0636 -0.1093556
vt -0.06405564 -0.1078
vt -0.0750865 -0.1078
vt -0.07463086 -0.1093556
vt -0.1093556 0.2114
vt -0.1078 0.2109444
vt -0.1078 0.2125
vt -0.1090702 0.2125
vt -0.0625 -0.1078
vt -0.0625 0.8078
vt -0.06405564 0.8078
vt -0.06405564 -0.1078
vt -0.06405564 -0.1078
vt -0.06405564 0.8078
vt -0.0750865 0.8078
vt -0.0750865 -0.1078
vt -0.1078 0.2109444
vt 0.8078 0.2109444
vt 0.8078 0.2125
vt -0.1078 0.2125
vt -0.0625 0.8078
vt -0.0625 0.8090702
vt -0.0636 0.8093557
vt -0.06405564 0.8078
vt -0.06405564 0.8078
vt -0.0636 0.8093557
vt -0.07463086 0.8093557
vt -0.0750865 0.8078
vt 0.8078 0.2109444
vt 0.8093557 0.2114
vt 0.8090702 0.2125
vt 0.8078 0.2125
vt -0.1090702 0.2125
vt -0.1093556 0.2136
vt -0.1078 0.2140556
vt -0.1078 0.2125
vt -0.05036914 -0.1093556
vt -0.0614 -0.1093556
vt -0.06094437 -0.1078
vt -0.0499135 -0.1078
vt -0.0614 -0.1093556
vt -0.0625 -0.1090702
vt -0.0625 -0.1078
vt -0.06094437 -0.1078
vt -0.1078 0.2125
vt -0.1078 0.2140556
vt 0.8078 0.2140556
vt 0.8078 0.2125
vt -0.0499135 -0.1078
vt -0.06094437 -0.1078
vt -0.06094437 0.8078
vt -0.0499135 0.8078
vt -0.06094437 -0.1078
vt -0.0625 -0.1078
vt -0.0625 0.8078
vt -0.06094437 0.8078
vt 0.8078 0.2125
vt 0.8078 0.2140556
vt 0.8093557 0.2136
vt 0.8090702 0.2125
vt -0.0499135 0.8078
vt -0.06094437 0.8078
vt -0.0614 0.8093557
vt -0.05036914 0.8093557
vt -0.06094437 0.8078
vt -0.0625 0.8078
vt -0.0625 0.8090702
vt -0.0614 0.8093557
vt -0.0625 -0.1090702
vt -0.0614 -0.1093556
vt -0.06094437 -0.1078
vt -0.0625 -0.1078
vt -0.0625 -0.1078
vt -0.06094437 -0.1078
vt -0.06094437 0.8078
vt -0.0625 0.8078
vt -0.0625 0.8078
vt -0.06094437 0.8078
vt -0.0614 0.8093557
vt -0.0625 0.8090702
vt -0.1093556 0.2003691
vt -0.1093556 0.2114
vt -0.1078 0.2109444
vt -0.1078 0.1999135
vt -0.1078 0.1999135
vt -0.1078 0.2109444
vt 0.8078 0.2109444
vt 0.8078 0.1999135
vt 0.8078 0.1999135
vt 0.8078 0.2109444
vt 0.8093557 0.2114
vt 0.8093557 0.2003691
vt -0.1093556 0.2114
vt -0.1090702 0.2125
vt -0.1078 0.2125
vt -0.1078 0.2109444
vt -0.1078 0.2109444
vt -0.1078 0.2125
vt 0.8078 0.2125
vt 0.8078 0.2109444
vt 0.8078 0.2109444
vt 0.8078 0.2125
vt 0.8090702 0.2125
vt 0.8093557 0.2114
vt -0.1090702 0.2125
vt -0.1078 0.2125
vt -0.1078 0.2140556
vt -0.1093556 0.2136
vt -0.1078 0.2125
vt 0.8078 0.2125
vt 0.8078 0.2140556
vt -0.1078 0.2140556
vt 0.8078 0.2125
vt 0.8090702 0.2125
vt 0.8093557 0.2136
vt 0.8078 0.2140556
vt -0.1093556 0.2136
vt -0.1078 0.2140556
vt -0.1078 0.2250865
vt -0.1093556 0.2246309
vt -0.1078 0.2140556
vt 0.8078 0.2140556
vt 0.8078 0.2250865
vt -0.1078 0.2250865
vt 0.8078 0.2140556
vt 0.8093557 0.2136
vt 0.8093557 0.2246309
vt 0.8078 0.2250865
vt -0.0636 -0.1093556
vt -0.06405564 -0.1078
vt -0.0625 -0.1078
vt -0.0625 -0.1090702
vt -0.06405564 -0.1078
vt -0.06405564 0.8078
vt -0.0625 0.8078
vt -0.0625 -0.1078
vt -0.06405564 0.8078
vt -0.0636 0.8093557
vt -0.0625 0.8090702
vt -0.0625 0.8078
vt -0.0625 0.1996728
vt -0.0636 0.2003691
vt -0.0625 0.2014691
vt -0.0614 0.2003691
vt -0.0614 0.2003691
vt -0.0625 0.2014691
vt -0.05146913 0.2125
vt -0.05036914 0.2114
vt -0.05036914 0.2114
vt -0.05146913 0.2125
vt -0.05036914 0.2136
vt -0.04967284 0.2125
vt -0.0636 0.2003691
vt -0.07463086 0.2114
vt -0.07353087 0.2125
vt -0.0625 0.2014691
vt -0.0625 0.2014691
vt -0.07353087 0.2125
vt -0.0625 0.2235309
vt -0.05146913 0.2125
vt -0.05146913 0.2125
vt -0.0625 0.2235309
vt -0.0614 0.2246309
vt -0.05036914 0.2136
vt -0.07463086 0.2114
vt -0.07532716 0.2125
vt -0.07463086 0.2136
vt -0.07353087 0.2125
vt -0.07353087 0.2125
vt -0.07463086 0.2136
vt -0.0636 0.2246309
vt -0.0625 0.2235309
vt -0.0625 0.2235309
vt -0.0636 0.2246309
vt -0.0625 0.2253272
vt -0.0614 0.2246309
vt -0.0625 0.1996728
vt -0.0614 0.2003691
vt -0.0625 0.2014691
vt -0.0636 0.2003691
vt -0.0614 0.2003691
vt -0.05036914 0.2114
vt -0.05146913 0.2125
vt -0.0625 0.2014691
vt -0.05036914 0.2114
vt -0.04967284 0.2125
vt -0.05036914 0.2136
vt -0.05146913 0.2125
vt -0.0636 0.2003691
vt -0.0625 0.2014691
vt -0.07353087 0.2125
vt -0.07463086 0.2114
vt -0.0625 0.2014691
vt -0.05146913 0.2125
vt -0.0625 0.2235309
vt -0.07353087 0.2125
vt -0.05146913 0.2125
vt -0.05036914 0.2136
vt -0.0614 0.2246309
vt -0.0625 0.2235309
vt -0.07463086 0.2114
vt -0.07353087 0.2125
vt -0.07463086 0.2136
vt -0.07532716 0.2125
vt -0.07353087 0.2125
vt -0.0625 0.2235309
vt -0.0636 0.2246309
vt -0.07463086 0.2136
vt -0.0625 0.2235309
vt -0.0614 0.2246309
vt -0.0625 0.2253272
vt -0.0636 0.2246309
vt 0.2131933 0.23016
vt 0.21366 0.23016
vt 0.21366 0.23484
vt 0.2131933 0.23484
vt 0.21366 0.2296933
vt 0.22634 0.2296933
vt 0.22634 0.23016
vt 0.21366 0.23016
vt 0.21366 0.23016
vt 0.22634 0.23016
vt 0.22634 0.23484
vt 0.21366 0.23484
vt 0.21366 0.23484
vt 0.22634 0.23484
vt 0.22634 0.2353067
vt 0.21366 0.2353067
vt 0.22634 0.23016
vt 0.2268067 0.23016
vt 0.2268067 0.23484
vt 0.22634 0.23484
vt 0.2131933 0.23016
vt 0.2131933 0.23484
vt 0.21366 0.23484
vt 0.21366 0.23016
vt 0.21366 0.2296933
vt 0.21366 0.23016
vt 0.22634 0.23016
vt 0.22634 0.2296933
vt 0.21366 0.23016
vt 0.21366 0.23484
vt 0.22634 0.23484
vt 0.22634 0.23016
vt 0.21366 0.23484
vt 0.21366 0.2353067
vt 0.22634 0.2353067
vt 0.22634 0.23484
vt 0.22634 0.23016
vt 0.22634 0.23484
vt 0.2268067 0.23484
vt 0.2268067 0.23016
vt -0.02980669 0.21366
vt -0.02934 0.21366
vt -0.02934 0.22634
vt -0.02980669 0.22634
vt -0.02934 0.2131933
vt 0.02934 0.2131933
vt 0.02934 0.21366
vt -0.02934 0.21366
vt -0.02934 0.21366
vt 0.02934 0.21366
vt 0.02934 0.22634
vt -0.02934 0.22634
vt -0.02934 0.22634
vt 0.02934 0.22634
vt 0.02934 0.2268067
vt -0.02934 0.2268067
vt 0.02934 0.21366
vt 0.02980669 0.21366
vt 0.02980669 0.22634
vt 0.02934 0.22634
vt -0.02980669 0.21366
vt -0.02980669 0.22634
vt -0.02934 0.22634
vt -0.02934 0.21366
vt -0.02934 0.2131933
vt -0.02934 0.21366
vt 0.02934 0.21366
vt 0.02934 0.2131933
vt -0.02934 0.21366
vt -0.02934 0.22634
vt 0.02934 0.22634
vt 0.02934 0.21366
vt -0.02934 0.22634
vt -0.02934 0.2268067
vt 0.02934 0.2268067
vt 0.02934 0.22634
vt 0.02934 0.21366
vt 0.02934 0.22634
vt 0.02980669 0.22634
vt 0.02980669 0.21366
vt -0.02934 0.2296933
vt -0.02934 0.23016
vt 0.02934 0.23016
vt 0.02934 0.2296933
vt -0.02980669 0.23016
vt -0.02980669 0.23484
vt -0.02934 0.23484
vt -0.02934 0.23016
vt -0.02934 0.23016
vt -0.02934 0.23484
vt 0.02934 0.23484
vt 0.02934 0.23016
vt 0.02934 0.23016
vt 0.02934 0.23484
vt 0.02980669 0.23484
vt 0.02980669 0.23016
vt -0.02934 0.23484
vt -0.02934 0.2353067
vt 0.02934 0.2353067
vt 0.02934 0.23484
vt -0.02934 0.2296933
vt 0.02934 0.2296933
vt 0.02934 0.23016
vt -0.02934 0.23016
vt -0.02980669 0.23016
vt -0.02934 0.23016
vt -0.02934 0.23484
vt -0.02980669 0.23484
vt -0.02934 0.23016
vt 0.02934 0.23016
vt 0.02934 0.23484
vt -0.02934 0.23484
vt 0.02934 0.23016
vt 0.02980669 0.23016
vt 0.02980669 0.23484
vt 0.02934 0.23484
vt -0.02934 0.23484
vt 0.02934 0.23484
vt 0.02934 0.2353067
vt -0.02934 0.2353067
vt 0.2456933 0.23016
vt 0.24616 0.23016
vt 0.24616 0.23484
vt 0.2456933 0.23484
vt 0.24616 0.2296933
vt 0.25884 0.2296933
vt 0.25884 0.23016
vt 0.24616 0.23016
vt 0.24616 0.23016
vt 0.25884 0.23016
vt 0.25884 0.23484
vt 0.24616 0.23484
vt 0.24616 0.23484
vt 0.25884 0.23484
vt 0.25884 0.2353067
vt 0.24616 0.2353067
vt 0.25884 0.23016
vt 0.2593067 0.23016
vt 0.2593067 0.23484
vt 0.25884 0.23484
vt 0.2456933 0.23016
vt 0.2456933 0.23484
vt 0.24616 0.23484
vt 0.24616 0.23016
vt 0.24616 0.2296933
vt 0.24616 0.23016
vt 0.25884 0.23016
vt 0.25884 0.2296933
vt 0.24616 0.23016
vt 0.24616 0.23484
vt 0.25884 0.23484
vt 0.25884 0.23016
vt 0.24616 0.23484
vt 0.24616 0.2353067
vt 0.25884 0.2353067
vt 0.25884 0.23484
vt 0.25884 0.23016
vt 0.25884 0.23484
vt 0.2593067 0.23484
vt 0.2593067 0.23016
vt -0.02980669 0.24616
vt -0.02934 0.24616
vt -0.02934 0.25884
vt -0.02980669 0.25884
vt -0.02934 0.2456933
vt 0.02934 0.2456933
vt 0.02934 0.24616
vt -0.02934 0.24616
vt -0.02934 0.24616
vt 0.02934 0.24616
vt 0.02934 0.25884
vt -0.02934 0.25884
vt -0.02934 0.25884
vt 0.02934 0.25884
vt 0.02934 0.2593067
vt -0.02934 0.2593067
vt 0.02934 0.24616
vt 0.02980669 0.24616
vt 0.02980669 0.25884
vt 0.02934 0.25884
vt -0.02980669 0.24616
vt -0.02980669 0.25884
vt -0.02934 0.25884
vt -0.02934 0.24616
vt -0.02934 0.2456933
vt -0.02934 0.24616
vt 0.02934 0.24616
vt 0.02934 0.2456933
vt -0.02934 0.24616
vt -0.02934 0.25884
vt 0.02934 0.25884
vt 0.02934 0.24616
vt -0.02934 0.25884
vt -0.02934 0.2593067
vt 0.02934 0.2593067
vt 0.02934 0.25884
vt 0.02934 0.24616
vt 0.02934 0.25884
vt 0.02980669 0.25884
vt 0.02980669 0.24616
vt -0.02934 0.2296933
vt -0.02934 0.23016
vt 0.02934 0.23016
vt 0.02934 0.2296933
vt -0.02980669 0.23016
vt -0.02980669 0.23484
vt -0.02934 0.23484
vt -0.02934 0.23016
vt -0.02934 0.23016
vt -0.02934 0.23484
vt 0.02934 0.23484
vt 0.02934 0.23016
vt 0.02934 0.23016
vt 0.02934 0.23484
vt 0.02980669 0.23484
vt 0.02980669 0.23016
vt -0.02934 0.23484
vt -0.02934 0.2353067
vt 0.02934 0.2353067
vt 0.02934 0.23484
vt -0.02934 0.2296933
vt 0.02934 0.2296933
vt 0.02934 0.23016
vt -0.02934 0.23016
vt -0.02980669 0.23016
vt -0.02934 0.23016
vt -0.02934 0.23484
vt -0.02980669 0.23484
vt -0.02934 0.23016
vt 0.02934 0.23016
vt 0.02934 0.23484
vt -0.02934 0.23484
vt 0.02934 0.23016
vt 0.02980669 0.23016
vt 0.02980669 0.23484
vt 0.02934 0.23484
vt -0.02934 0.23484
vt 0.02934 0.23484
vt 0.02934 0.2353067
vt -0.02934 0.2353067
vt 0.2781933 0.23016
vt 0.27866 0.23016
vt 0.27866 0.23484
vt 0.2781933 0.23484
vt 0.27866 0.2296933
vt 0.29134 0.2296933
vt 0.29134 0.23016
vt 0.27866 0.23016
vt 0.27866 0.23016
vt 0.29134 0.23016
vt 0.29134 0.23484
vt 0.27866 0.23484
vt 0.27866 0.23484
vt 0.29134 0.23484
vt 0.29134 0.2353067
vt 0.27866 0.2353067
vt 0.29134 0.23016
vt 0.2918067 0.23016
vt 0.2918067 0.23484
vt 0.29134 0.23484
vt 0.2781933 0.23016
vt 0.2781933 0.23484
vt 0.27866 0.23484
vt 0.27866 0.23016
vt 0.27866 0.2296933
vt 0.27866 0.23016
vt 0.29134 0.23016
vt 0.29134 0.2296933
vt 0.27866 0.23016
vt 0.27866 0.23484
vt 0.29134 0.23484
vt 0.29134 0.23016
vt 0.27866 0.23484
vt 0.27866 0.2353067
vt 0.29134 0.2353067
vt 0.29134 0.23484
vt 0.29134 0.23016
vt 0.29134 0.23484
vt 0.2918067 0.23484
vt 0.2918067 0.23016
vt -0.02980669 0.27866
vt -0.02934 0.27866
vt -0.02934 0.29134
vt -0.02980669 0.29134
vt -0.02934 0.2781933
vt 0.02934 0.2781933
vt 0.02934 0.27866
vt -0.02934 0.27866
vt -0.02934 0.27866
vt 0.02934 0.27866
vt 0.02934 0.29134
vt -0.02934 0.29134
vt -0.02934 0.29134
vt 0.02934 0.29134
vt 0.02934 0.2918067
vt -0.02934 0.2918067
vt 0.02934 0.27866
vt 0.02980669 0.27866
vt 0.02980669 0.29134
vt 0.02934 0.29134
vt -0.02980669 0.27866
vt -0.02980669 0.29134
vt -0.02934 0.29134
vt -0.02934 0.27866
vt -0.02934 0.2781933
vt -0.02934 0.27866
vt 0.02934 0.27866
vt 0.02934 0.2781933
vt -0.02934 0.27866
vt -0.02934 0.29134
vt 0.02934 0.29134
vt 0.02934 0.27866
vt -0.02934 0.29134
vt -0.02934 0.2918067
vt 0.02934 0.2918067
vt 0.02934 0.29134
vt 0.02934 0.27866
vt 0.02934 0.29134
vt 0.02980669 0.29134
vt 0.02980669 0.27866
vt -0.02934 0.2296933
vt -0.02934 0.23016
vt 0.02934 0.23016
vt 0.02934 0.2296933
vt -0.02980669 0.23016
vt -0.02980669 0.23484
vt -0.02934 0.23484
vt -0.02934 0.23016
vt -0.02934 0.23016
vt -0.02934 0.23484
vt 0.02934 0.23484
vt 0.02934 0.23016
vt 0.02934 0.23016
vt 0.02934 0.23484
vt 0.02980669 0.23484
vt 0.02980669 0.23016
vt -0.02934 0.23484
vt -0.02934 0.2353067
vt 0.02934 0.2353067
vt 0.02934 0.23484
vt -0.02934 0.2296933
vt 0.02934 0.2296933
vt 0.02934 0.23016
vt -0.02934 0.23016
vt -0.02980669 0.23016
vt -0.02934 0.23016
vt -0.02934 0.23484
vt -0.02980669 0.23484
vt -0.02934 0.23016
vt 0.02934 0.23016
vt 0.02934 0.23484
vt -0.02934 0.23484
vt 0.02934 0.23016
vt 0.02980669 0.23016
vt 0.02980669 0.23484
vt 0.02934 0.23484
vt -0.02934 0.23484
vt 0.02934 0.23484
vt 0.02934 0.2353067
vt -0.02934 0.2353067
vt 0.3106933 0.23016
vt 0.31116 0.23016
vt 0.31116 0.23484
vt 0.3106933 0.23484
vt 0.31116 0.2296933
vt 0.32384 0.2296933
vt 0.32384 0.23016
vt 0.31116 0.23016
vt 0.31116 0.23016
vt 0.32384 0.23016
vt 0.32384 0.23484
vt 0.31116 0.23484
vt 0.31116 0.23484
vt 0.32384 0.23484
vt 0.32384 0.2353067
vt 0.31116 0.2353067
vt 0.32384 0.23016
vt 0.3243067 0.23016
vt 0.3243067 0.23484
vt 0.32384 0.23484
vt 0.3106933 0.23016
vt 0.3106933 0.23484
vt 0.31116 0.23484
vt 0.31116 0.23016
vt 0.31116 0.2296933
vt 0.31116 0.23016
vt 0.32384 0.23016
vt 0.32384 0.2296933
vt 0.31116 0.23016
vt 0.31116 0.23484
vt 0.32384 0.23484
vt 0.32384 0.23016
vt 0.31116 0.23484
vt 0.31116 0.2353067
vt 0.32384 0.2353067
vt 0.32384 0.23484
vt 0.32384 0.23016
vt 0.32384 0.23484
vt 0.3243067 0.23484
vt 0.3243067 0.23016
vt -0.02980669 0.31116
vt -0.02934 0.31116
vt -0.02934 0.32384
vt -0.02980669 0.32384
vt -0.02934 0.3106933
vt 0.02934 0.3106933
vt 0.02934 0.31116
vt -0.02934 0.31116
vt -0.02934 0.31116
vt 0.02934 0.31116
vt 0.02934 0.32384
vt -0.02934 0.32384
vt -0.02934 0.32384
vt 0.02934 0.32384
vt 0.02934 0.3243067
vt -0.02934 0.3243067
vt 0.02934 0.31116
vt 0.02980669 0.31116
vt 0.02980669 0.32384
vt 0.02934 0.32384
vt -0.02980669 0.31116
vt -0.02980669 0.32384
vt -0.02934 0.32384
vt -0.02934 0.31116
vt -0.02934 0.3106933
vt -0.02934 0.31116
vt 0.02934 0.31116
vt 0.02934 0.3106933
vt -0.02934 0.31116
vt -0.02934 0.32384
vt 0.02934 0.32384
vt 0.02934 0.31116
vt -0.02934 0.32384
vt -0.02934 0.3243067
vt 0.02934 0.3243067
vt 0.02934 0.32384
vt 0.02934 0.31116
vt 0.02934 0.32384
vt 0.02980669 0.32384
vt 0.02980669 0.31116
vt -0.02934 0.2296933
vt -0.02934 0.23016
vt 0.02934 0.23016
vt 0.02934 0.2296933
vt -0.02980669 0.23016
vt -0.02980669 0.23484
vt -0.02934 0.23484
vt -0.02934 0.23016
vt -0.02934 0.23016
vt -0.02934 0.23484
vt 0.02934 0.23484
vt 0.02934 0.23016
vt 0.02934 0.23016
vt 0.02934 0.23484
vt 0.02980669 0.23484
vt 0.02980669 0.23016
vt -0.02934 0.23484
vt -0.02934 0.2353067
vt 0.02934 0.2353067
vt 0.02934 0.23484
vt -0.02934 0.2296933
vt 0.02934 0.2296933
vt 0.02934 0.23016
vt -0.02934 0.23016
vt -0.02980669 0.23016
vt -0.02934 0.23016
vt -0.02934 0.23484
vt -0.02980669 0.23484
vt -0.02934 0.23016
vt 0.02934 0.23016
vt 0.02934 0.23484
vt -0.02934 0.23484
vt 0.02934 0.23016
vt 0.02980669 0.23016
vt 0.02980669 0.23484
vt 0.02934 0.23484
vt -0.02934 0.23484
vt 0.02934 0.23484
vt 0.02934 0.2353067
vt -0.02934 0.2353067
vt -0.06390335 0.24483
vt -0.06367 0.24483
vt -0.06367 0.25317
vt -0.06390335 0.25317
vt -0.06367 0.24483
vt -0.06133 0.24483
vt -0.06133 0.25317
vt -0.06367 0.25317
vt -0.06133 0.24483
vt -0.06109666 0.24483
vt -0.06109666 0.25317
vt -0.06133 0.25317
vt -0.06390335 0.24483
vt -0.06390335 0.25317
vt -0.06367 0.25317
vt -0.06367 0.24483
vt -0.06367 0.24483
vt -0.06367 0.25317
vt -0.06133 0.25317
vt -0.06133 0.24483
vt -0.06133 0.24483
vt -0.06133 0.25317
vt -0.06109666 0.25317
vt -0.06109666 0.24483
vt 0.02483 -0.06390335
vt 0.03317 -0.06390335
vt 0.03317 -0.06367
vt 0.02483 -0.06367
vt 0.02483 -0.06367
vt 0.03317 -0.06367
vt 0.03317 -0.06133
vt 0.02483 -0.06133
vt 0.02483 -0.06133
vt 0.03317 -0.06133
vt 0.03317 -0.06109666
vt 0.02483 -0.06109666
vt 0.02483 -0.06390335
vt 0.02483 -0.06367
vt 0.03317 -0.06367
vt 0.03317 -0.06390335
vt 0.02483 -0.06367
vt 0.02483 -0.06133
vt 0.03317 -0.06133
vt 0.03317 -0.06367
vt 0.02483 -0.06133
vt 0.02483 -0.06109666
vt 0.03317 -0.06109666
vt 0.03317 -0.06133
vt 0.02483 0.2445967
vt 0.02483 0.24483
vt 0.03317 0.24483
vt 0.03317 0.2445967
vt 0.02459666 0.24483
vt 0.02459666 0.25317
vt 0.02483 0.25317
vt 0.02483 0.24483
vt 0.02483 0.24483
vt 0.02483 0.25317
vt 0.03317 0.25317
vt 0.03317 0.24483
vt 0.03317 0.24483
vt 0.03317 0.25317
vt 0.03340334 0.25317
vt 0.03340334 0.24483
vt 0.02483 0.25317
vt 0.02483 0.2534034
vt 0.03317 0.2534034
vt 0.03317 0.25317
vt 0.02483 0.2445967
vt 0.03317 0.2445967
vt 0.03317 0.24483
vt 0.02483 0.24483
vt 0.02459666 0.24483
vt 0.02483 0.24483
vt 0.02483 0.25317
vt 0.02459666 0.25317
vt 0.02483 0.24483
vt 0.03317 0.24483
vt 0.03317 0.25317
vt 0.02483 0.25317
vt 0.03317 0.24483
vt 0.03340334 0.24483
vt 0.03340334 0.25317
vt 0.03317 0.25317
vt 0.02483 0.25317
vt 0.03317 0.25317
vt 0.03317 0.2534034
vt 0.02483 0.2534034
vt -0.06390335 0.24483
vt -0.06367 0.24483
vt -0.06367 0.25317
vt -0.06390335 0.25317
vt -0.06367 0.24483
vt -0.06133 0.24483
vt -0.06133 0.25317
vt -0.06367 0.25317
vt -0.06133 0.24483
vt -0.06109666 0.24483
vt -0.06109666 0.25317
vt -0.06133 0.25317
vt -0.06390335 0.24483
vt -0.06390335 0.25317
vt -0.06367 0.25317
vt -0.06367 0.24483
vt -0.06367 0.24483
vt -0.06367 0.25317
vt -0.06133 0.25317
vt -0.06133 0.24483
vt -0.06133 0.24483
vt -0.06133 0.25317
vt -0.06109666 0.25317
vt -0.06109666 0.24483
vt -0.03317 -0.06390335
vt -0.02483 -0.06390335
vt -0.02483 -0.06367
vt -0.03317 -0.06367
vt -0.03317 -0.06367
vt -0.02483 -0.06367
vt -0.02483 -0.06133
vt -0.03317 -0.06133
vt -0.03317 -0.06133
vt -0.02483 -0.06133
vt -0.02483 -0.06109666
vt -0.03317 -0.06109666
vt -0.03317 -0.06390335
vt -0.03317 -0.06367
vt -0.02483 -0.06367
vt -0.02483 -0.06390335
vt -0.03317 -0.06367
vt -0.03317 -0.06133
vt -0.02483 -0.06133
vt -0.02483 -0.06367
vt -0.03317 -0.06133
vt -0.03317 -0.06109666
vt -0.02483 -0.06109666
vt -0.02483 -0.06133
vt -0.03317 0.2445967
vt -0.03317 0.24483
vt -0.02483 0.24483
vt -0.02483 0.2445967
vt -0.03340334 0.24483
vt -0.03340334 0.25317
vt -0.03317 0.25317
vt -0.03317 0.24483
vt -0.03317 0.24483
vt -0.03317 0.25317
vt -0.02483 0.25317
vt -0.02483 0.24483
vt -0.02483 0.24483
vt -0.02483 0.25317
vt -0.02459666 0.25317
vt -0.02459666 0.24483
vt -0.03317 0.25317
vt -0.03317 0.2534034
vt -0.02483 0.2534034
vt -0.02483 0.25317
vt -0.03317 0.2445967
vt -0.02483 0.2445967
vt -0.02483 0.24483
vt -0.03317 0.24483
vt -0.03340334 0.24483
vt -0.03317 0.24483
vt -0.03317 0.25317
vt -0.03340334 0.25317
vt -0.03317 0.24483
vt -0.02483 0.24483
vt -0.02483 0.25317
vt -0.03317 0.25317
vt -0.02483 0.24483
vt -0.02459666 0.24483
vt -0.02459666 0.25317
vt -0.02483 0.25317
vt -0.03317 0.25317
vt -0.02483 0.25317
vt -0.02483 0.2534034
vt -0.03317 0.2534034
vt 0.7460967 0.24483
vt 0.74633 0.24483
vt 0.74633 0.25317
vt 0.7460967 0.25317
vt 0.74633 0.24483
vt 0.74867 0.24483
vt 0.74867 0.25317
vt 0.74633 0.25317
vt 0.74867 0.24483
vt 0.7489033 0.24483
vt 0.7489033 0.25317
vt 0.74867 0.25317
vt 0.7460967 0.24483
vt 0.7460967 0.25317
vt 0.74633 0.25317
vt 0.74633 0.24483
vt 0.74633 0.24483
vt 0.74633 0.25317
vt 0.74867 0.25317
vt 0.74867 0.24483
vt 0.74867 0.24483
vt 0.74867 0.25317
vt 0.7489033 0.25317
vt 0.7489033 0.24483
vt -0.00417 0.7460967
vt 0.00417 0.7460967
vt 0.00417 0.74633
vt -0.00417 0.74633
vt -0.00417 0.74633
vt 0.00417 0.74633
vt 0.00417 0.74867
vt -0.00417 0.74867
vt -0.00417 0.74867
vt 0.00417 0.74867
vt 0.00417 0.7489033
vt -0.00417 0.7489033
vt -0.00417 0.7460967
vt -0.00417 0.74633
vt 0.00417 0.74633
vt 0.00417 0.7460967
vt -0.00417 0.74633
vt -0.00417 0.74867
vt 0.00417 0.74867
vt 0.00417 0.74633
vt -0.00417 0.74867
vt -0.00417 0.7489033
vt 0.00417 0.7489033
vt 0.00417 0.74867
vt -0.00417 0.2445967
vt -0.00417 0.24483
vt 0.00417 0.24483
vt 0.00417 0.2445967
vt -0.004403345 0.24483
vt -0.004403345 0.25317
vt -0.00417 0.25317
vt -0.00417 0.24483
vt -0.00417 0.24483
vt -0.00417 0.25317
vt 0.00417 0.25317
vt 0.00417 0.24483
vt 0.00417 0.24483
vt 0.00417 0.25317
vt 0.004403345 0.25317
vt 0.004403345 0.24483
vt -0.00417 0.25317
vt -0.00417 0.2534034
vt 0.00417 0.2534034
vt 0.00417 0.25317
vt -0.00417 0.2445967
vt 0.00417 0.2445967
vt 0.00417 0.24483
vt -0.00417 0.24483
vt -0.004403345 0.24483
vt -0.00417 0.24483
vt -0.00417 0.25317
vt -0.004403345 0.25317
vt -0.00417 0.24483
vt 0.00417 0.24483
vt 0.00417 0.25317
vt -0.00417 0.25317
vt 0.00417 0.24483
vt 0.004403345 0.24483
vt 0.004403345 0.25317
vt 0.00417 0.25317
vt -0.00417 0.25317
vt 0.00417 0.25317
vt 0.00417 0.2534034
vt -0.00417 0.2534034
vn 0.5773506 -0.5773506 -0.5773497
vn 0.7071068 -0.7071068 0
vn 1 0 0
vn 0.7071073 0 -0.7071062
vn 0.7071073 0 -0.7071062
vn 1 0 0
vn 1 0 0
vn 0.7071073 0 -0.7071062
vn 0.7071073 0 -0.7071062
vn 1 0 0
vn 0.7071068 0.7071068 0
vn 0.5773506 0.5773506 -0.5773497
vn 0.7071068 -0.7071068 0
vn 0.7071068 -0.7071068 0
vn 1 0 0
vn 1 0 0
vn 1 0 0
vn 1 0 0
vn 1 0 0
vn 1 0 0
vn 1 0 0
vn 1 0 0
vn 0.7071068 0.7071068 0
vn 0.7071068 0.7071068 0
vn 0.7071068 -0.7071068 0
vn 0.5773506 -0.5773506 0.5773497
vn 0.7071073 0 0.7071062
vn 1 0 0
vn 1 0 0
vn 0.7071073 0 0.7071062
vn 0.7071073 0 0.7071062
vn 1 0 0
vn 1 0 0
vn 0.7071073 0 0.7071062
vn 0.5773506 0.5773506 0.5773497
vn 0.7071068 0.7071068 0
vn -0.5773506 -0.5773506 -0.5773497
vn -0.7071073 0 -0.7071062
vn -1 0 0
vn -0.7071068 -0.7071068 0
vn -0.7071073 0 -0.7071062
vn -0.7071073 0 -0.7071062
vn -1 0 0
vn -1 0 0
vn -0.7071073 0 -0.7071062
vn -0.5773506 0.5773506 -0.5773497
vn -0.7071068 0.7071068 0
vn -1 0 0
vn -0.7071068 -0.7071068 0
vn -1 0 0
vn -1 0 0
vn -0.7071068 -0.7071068 0
vn -1 0 0
vn -1 0 0
vn -1 0 0
vn -1 0 0
vn -1 0 0
vn -0.7071068 0.7071068 0
vn -0.7071068 0.7071068 0
vn -1 0 0
vn -0.7071068 -0.7071068 0
vn -1 0 0
vn -0.7071073 0 0.7071062
vn -0.5773506 -0.5773506 0.5773497
vn -1 0 0
vn -1 0 0
vn -0.7071073 0 0.7071062
vn -0.7071073 0 0.7071062
vn -1 0 0
vn -0.7071068 0.7071068 0
vn -0.5773506 0.5773506 0.5773497
vn -0.7071073 0 0.7071062
vn 0.5773506 -0.5773506 -0.5773497
vn 0 -0.7071073 -0.7071062
vn 0 -1 0
vn 0.7071068 -0.7071068 0
vn 0.7071068 -0.7071068 0
vn 0 -1 0
vn 0 -1 0
vn 0.7071068 -0.7071068 0
vn 0.7071068 -0.7071068 0
vn 0 -1 0
vn 0 -0.7071073 0.7071062
vn 0.5773506 -0.5773506 0.5773497
vn 0 -0.7071073 -0.7071062
vn 0 -0.7071073 -0.7071062
vn 0 -1 0
vn 0 -1 0
vn 0 -1 0
vn 0 -1 0
vn 0 -1 0
vn 0 -1 0
vn 0 -1 0
vn 0 -1 0
vn 0 -0.7071073 0.7071062
vn 0 -0.7071073 0.7071062
vn 0 -0.7071073 -0.7071062
vn -0.5773506 -0.5773506 -0.5773497
vn -0.7071068 -0.7071068 0
vn 0 -1 0
vn 0 -1 0
vn -0.7071068 -0.7071068 0
vn -0.7071068 -0.7071068 0
vn 0 -1 0
vn 0 -1 0
vn -0.7071068 -0.7071068 0
vn -0.5773506 -0.5773506 0.5773497
vn 0 -0.7071073 0.7071062
vn 0.5773506 0.5773506 -0.5773497
vn 0.7071068 0.7071068 0
vn 0 1 0
vn 0 0.7071073 -0.7071062
vn 0.7071068 0.7071068 0
vn 0.7071068 0.7071068 0
vn 0 1 0
vn 0 1 0
vn 0.7071068 0.7071068 0
vn 0.5773506 0.5773506 0.5773497
vn 0 0.7071073 0.7071062
vn 0 1 0
vn 0 0.7071073 -0.7071062
vn 0 1 0
vn 0 1 0
vn 0 0.7071073 -0.7071062
vn 0 1 0
vn 0 1 0
vn 0 1 0
vn 0 1 0
vn 0 1 0
vn 0 0.7071073 0.7071062
vn 0 0.7071073 0.7071062
vn 0 1 0
vn 0 0.7071073 -0.7071062
vn 0 1 0
vn -0.7071068 0.7071068 0
vn -0.5773506 0.5773506 -0.5773497
vn 0 1 0
vn 0 1 0
vn -0.7071068 0.7071068 0
vn -0.7071068 0.7071068 0
vn 0 1 0
vn 0 0.7071073 0.7071062
vn -0.5773506 0.5773506 0.5773497
vn -0.7071068 0.7071068 0
vn 0.5773506 -0.5773506 -0.5773497
vn 0.7071073 0 -0.7071062
vn 0 0 -1
vn 0 -0.7071073 -0.7071062
vn 0 -0.7071073 -0.7071062
vn 0 0 -1
vn 0 0 -1
vn 0 -0.7071073 -0.7071062
vn 0 -0.7071073 -0.7071062
vn 0 0 -1
vn -0.7071073 0 -0.7071062
vn -0.5773506 -0.5773506 -0.5773497
vn 0.7071073 0 -0.7071062
vn 0.7071073 0 -0.7071062
vn 0 0 -1
vn 0 0 -1
vn 0 0 -1
vn 0 0 -1
vn 0 0 -1
vn 0 0 -1
vn 0 0 -1
vn 0 0 -1
vn -0.7071073 0 -0.7071062
vn -0.7071073 0 -0.7071062
vn 0.7071073 0 -0.7071062
vn 0.5773506 0.5773506 -0.5773497
vn 0 0.7071073 -0.7071062
vn 0 0 -1
vn 0 0 -1
vn 0 0.7071073 -0.7071062
vn 0 0.7071073 -0.7071062
vn 0 0 -1
vn 0 0 -1
vn 0 0.7071073 -0.7071062
vn -0.5773506 0.5773506 -0.5773497
vn -0.7071073 0 -0.7071062
vn 0.5773506 -0.5773506 0.5773497
vn 0 -0.7071073 0.7071062
vn 0 0 1
vn 0.7071073 0 0.7071062
vn 0 -0.7071073 0.7071062
vn 0 -0.7071073 0.7071062
vn 0 0 1
vn 0 0 1
vn 0 -0.7071073 0.7071062
vn -0.5773506 -0.5773506 0.5773497
vn -0.7071073 0 0.7071062
vn 0 0 1
vn 0.7071073 0 0.7071062
vn 0 0 1
vn 0 0 1
vn 0.7071073 0 0.7071062
vn 0 0 1
vn 0 0 1
vn 0 0 1
vn 0 0 1
vn 0 0 1
vn -0.7071073 0 0.7071062
vn -0.7071073 0 0.7071062
vn 0 0 1
vn 0.7071073 0 0.7071062
vn 0 0 1
vn 0 0.7071073 0.7071062
vn 0.5773506 0.5773506 0.5773497
vn 0 0 1
vn 0 0 1
vn 0 0.7071073 0.7071062
vn 0 0.7071073 0.7071062
vn 0 0 1
vn -0.7071073 0 0.7071062
vn -0.5773506 0.5773506 0.5773497
vn 0 0.7071073 0.7071062
vn 0.5773492 -0.5773498 -0.5773517
vn 0.7071064 -0.7071072 0
vn 1 0 0
vn 0.7071053 0 -0.7071083
vn 0.7071053 0 -0.7071083
vn 1 0 0
vn 1 0 0
vn 0.7071053 0 -0.7071083
vn 0.7071053 0 -0.7071083
vn 1 0 0
vn 0.7071064 0.7071072 0
vn 0.5773492 0.5773498 -0.5773517
vn 0.7071064 -0.7071072 0
vn 0.7071064 -0.7071072 0
vn 1 0 0
vn 1 0 0
vn 1 0 0
vn 1 0 0
vn 1 0 0
vn 1 0 0
vn 1 0 0
vn 1 0 0
vn 0.7071064 0.7071072 0
vn 0.7071064 0.7071072 0
vn 0.7071064 -0.7071072 0
vn 0.5773492 -0.5773498 0.5773517
vn 0.7071053 0 0.7071083
vn 1 0 0
vn 1 0 0
vn 0.7071053 0 0.7071083
vn 0.7071053 0 0.7071083
vn 1 0 0
vn 1 0 0
vn 0.7071053 0 0.7071083
vn 0.5773492 0.5773498 0.5773517
vn 0.7071064 0.7071072 0
vn -0.5773492 -0.5773498 -0.5773517
vn -0.7071053 0 -0.7071083
vn -1 0 0
vn -0.7071064 -0.7071072 0
vn -0.7071053 0 -0.7071083
vn -0.7071053 0 -0.7071083
vn -1 0 0
vn -1 0 0
vn -0.7071053 0 -0.7071083
vn -0.5773492 0.5773498 -0.5773517
vn -0.7071064 0.7071072 0
vn -1 0 0
vn -0.7071064 -0.7071072 0
vn -1 0 0
vn -1 0 0
vn -0.7071064 -0.7071072 0
vn -1 0 0
vn -1 0 0
vn -1 0 0
vn -1 0 0
vn -1 0 0
vn -0.7071064 0.7071072 0
vn -0.7071064 0.7071072 0
vn -1 0 0
vn -0.7071064 -0.7071072 0
vn -1 0 0
vn -0.7071053 0 0.7071083
vn -0.5773492 -0.5773498 0.5773517
vn -1 0 0
vn -1 0 0
vn -0.7071053 0 0.7071083
vn -0.7071053 0 0.7071083
vn -1 0 0
vn -0.7071064 0.7071072 0
vn -0.5773492 0.5773498 0.5773517
vn -0.7071053 0 0.7071083
vn 0.5773492 -0.5773498 -0.5773517
vn 0 -0.7071056 -0.7071079
vn 0 -1 0
vn 0.7071064 -0.7071072 0
vn 0.7071064 -0.7071072 0
vn 0 -1 0
vn 0 -1 0
vn 0.7071064 -0.7071072 0
vn 0.7071064 -0.7071072 0
vn 0 -1 0
vn 0 -0.7071056 0.7071079
vn 0.5773492 -0.5773498 0.5773517
vn 0 -0.7071056 -0.7071079
vn 0 -0.7071056 -0.7071079
vn 0 -1 0
vn 0 -1 0
vn 0 -1 0
vn 0 -1 0
vn 0 -1 0
vn 0 -1 0
vn 0 -1 0
vn 0 -1 0
vn 0 -0.7071056 0.7071079
vn 0 -0.7071056 0.7071079
vn 0 -0.7071056 -0.7071079
vn -0.5773492 -0.5773498 -0.5773517
vn -0.7071064 -0.7071072 0
vn 0 -1 0
vn 0 -1 0
vn -0.7071064 -0.7071072 0
vn -0.7071064 -0.7071072 0
vn 0 -1 0
vn 0 -1 0
vn -0.7071064 -0.7071072 0
vn -0.5773492 -0.5773498 0.5773517
vn 0 -0.7071056 0.7071079
vn 0.5773492 0.5773498 -0.5773517
vn 0.7071064 0.7071072 0
vn 0 1 0
vn 0 0.7071056 -0.7071079
vn 0.7071064 0.7071072 0
vn 0.7071064 0.7071072 0
vn 0 1 0
vn 0 1 0
vn 0.7071064 0.7071072 0
vn 0.5773492 0.5773498 0.5773517
vn 0 0.7071056 0.7071079
vn 0 1 0
vn 0 0.7071056 -0.7071079
vn 0 1 0
vn 0 1 0
vn 0 0.7071056 -0.7071079
vn 0 1 0
vn 0 1 0
vn 0 1 0
vn 0 1 0
vn 0 1 0
vn 0 0.7071056 0.7071079
vn 0 0.7071056 0.7071079
vn 0 1 0
vn 0 0.7071056 -0.7071079
vn 0 1 0
vn -0.7071064 0.7071072 0
vn -0.5773492 0.5773498 -0.5773517
vn 0 1 0
vn 0 1 0
vn -0.7071064 0.7071072 0
vn -0.7071064 0.7071072 0
vn 0 1 0
vn 0 0.7071056 0.7071079
vn -0.5773492 0.5773498 0.5773517
vn -0.7071064 0.7071072 0
vn 0.5773492 -0.5773498 -0.5773517
vn 0.7071053 0 -0.7071083
vn 0 0 -1
vn 0 -0.7071056 -0.7071079
vn 0 -0.7071056 -0.7071079
vn 0 0 -1
vn 0 0 -1
vn 0 -0.7071056 -0.7071079
vn 0 -0.7071056 -0.7071079
vn 0 0 -1
vn -0.7071053 0 -0.7071083
vn -0.5773492 -0.5773498 -0.5773517
vn 0.7071053 0 -0.7071083
vn 0.7071053 0 -0.7071083
vn 0 0 -1
vn 0 0 -1
vn 0 0 -1
vn 0 0 -1
vn 0 0 -1
vn 0 0 -1
vn 0 0 -1
vn 0 0 -1
vn -0.7071053 0 -0.7071083
vn -0.7071053 0 -0.7071083
vn 0.7071053 0 -0.7071083
vn 0.5773492 0.5773498 -0.5773517
vn 0 0.7071056 -0.7071079
vn 0 0 -1
vn 0 0 -1
vn 0 0.7071056 -0.7071079
vn 0 0.7071056 -0.7071079
vn 0 0 -1
vn 0 0 -1
vn 0 0.7071056 -0.7071079
vn -0.5773492 0.5773498 -0.5773517
vn -0.7071053 0 -0.7071083
vn 0.5773492 -0.5773498 0.5773517
vn 0 -0.7071056 0.7071079
vn 0 0 1
vn 0.7071053 0 0.7071083
vn 0 -0.7071056 0.7071079
vn 0 -0.7071056 0.7071079
vn 0 0 1
vn 0 0 1
vn 0 -0.7071056 0.7071079
vn -0.5773492 -0.5773498 0.5773517
vn -0.7071053 0 0.7071083
vn 0 0 1
vn 0.7071053 0 0.7071083
vn 0 0 1
vn 0 0 1
vn 0.7071053 0 0.7071083
vn 0 0 1
vn 0 0 1
vn 0 0 1
vn 0 0 1
vn 0 0 1
vn -0.7071053 0 0.7071083
vn -0.7071053 0 0.7071083
vn 0 0 1
vn 0.7071053 0 0.7071083
vn 0 0 1
vn 0 0.7071056 0.7071079
vn 0.5773492 0.5773498 0.5773517
vn 0 0 1
vn 0 0 1
vn 0 0.7071056 0.7071079
vn 0 0.7071056 0.7071079
vn 0 0 1
vn -0.7071053 0 0.7071083
vn -0.5773492 0.5773498 0.5773517
vn 0 0.7071056 0.7071079
vn 0.7071069 0 -0.7071066
vn 1 0 0
vn 1 0 0
vn 0.7071069 0 -0.7071066
vn 0.7071066 -0.7071069 0
vn 0.7071066 -0.7071069 0
vn 1 0 0
vn 1 0 0
vn 1 0 0
vn 1 0 0
vn 1 0 0
vn 1 0 0
vn 1 0 0
vn 1 0 0
vn 0.7071066 0.7071069 0
vn 0.7071066 0.7071069 0
vn 1 0 0
vn 0.7071069 0 0.7071066
vn 0.7071069 0 0.7071066
vn 1 0 0
vn -0.7071069 0 -0.7071066
vn -0.7071069 0 -0.7071066
vn -1 0 0
vn -1 0 0
vn -0.7071066 -0.7071069 0
vn -1 0 0
vn -1 0 0
vn -0.7071066 -0.7071069 0
vn -1 0 0
vn -1 0 0
vn -1 0 0
vn -1 0 0
vn -1 0 0
vn -0.7071066 0.7071069 0
vn -0.7071066 0.7071069 0
vn -1 0 0
vn -1 0 0
vn -1 0 0
vn -0.7071069 0 0.7071066
vn -0.7071069 0 0.7071066
vn 0.7071066 -0.7071069 0
vn 0 -1 0
vn 0 -1 0
vn 0.7071066 -0.7071069 0
vn 0 -0.7071071 -0.7071065
vn 0 -0.7071071 -0.7071065
vn 0 -1 0
vn 0 -1 0
vn 0 -1 0
vn 0 -1 0
vn 0 -1 0
vn 0 -1 0
vn 0 -1 0
vn 0 -1 0
vn 0 -0.7071071 0.7071065
vn 0 -0.7071071 0.7071065
vn 0 -1 0
vn -0.7071066 -0.7071069 0
vn -0.7071066 -0.7071069 0
vn 0 -1 0
vn 0.7071066 0.7071069 0
vn 0.7071066 0.7071069 0
vn 0 1 0
vn 0 1 0
vn 0 0.7071071 -0.7071065
vn 0 1 0
vn 0 1 0
vn 0 0.7071071 -0.7071065
vn 0 1 0
vn 0 1 0
vn 0 1 0
vn 0 1 0
vn 0 1 0
vn 0 0.7071071 0.7071065
vn 0 0.7071071 0.7071065
vn 0 1 0
vn 0 1 0
vn 0 1 0
vn -0.7071066 0.7071069 0
vn -0.7071066 0.7071069 0
vn 0 -0.7071071 -0.7071065
vn 0 0 -1
vn 0 0 -1
vn 0 -0.7071071 -0.7071065
vn 0.7071069 0 -0.7071066
vn 0.7071069 0 -0.7071066
vn 0 0 -1
vn 0 0 -1
vn 0 0 -1
vn 0 0 -1
vn 0 0 -1
vn 0 0 -1
vn 0 0 -1
vn 0 0 -1
vn -0.7071069 0 -0.7071066
vn -0.7071069 0 -0.7071066
vn 0 0 -1
vn 0 0.7071071 -0.7071065
vn 0 0.7071071 -0.7071065
vn 0 0 -1
vn 0 -0.7071071 0.7071065
vn 0 -0.7071071 0.7071065
vn 0 0 1
vn 0 0 1
vn 0.7071069 0 0.7071066
vn 0 0 1
vn 0 0 1
vn 0.7071069 0 0.7071066
vn 0 0 1
vn 0 0 1
vn 0 0 1
vn 0 0 1
vn 0 0 1
vn -0.7071069 0 0.7071066
vn -0.7071069 0 0.7071066
vn 0 0 1
vn 0 0 1
vn 0 0 1
vn 0 0.7071071 0.7071065
vn 0 0.7071071 0.7071065
vn 0.7071069 0 -0.7071066
vn 1 0 0
vn 1 0 0
vn 0.7071069 0 -0.7071066
vn 0.7071066 -0.7071069 0
vn 0.7071066 -0.7071069 0
vn 1 0 0
vn 1 0 0
vn 1 0 0
vn 1 0 0
vn 1 0 0
vn 1 0 0
vn 1 0 0
vn 1 0 0
vn 0.7071066 0.7071069 0
vn 0.7071066 0.7071069 0
vn 1 0 0
vn 0.7071069 0 0.7071066
vn 0.7071069 0 0.7071066
vn 1 0 0
vn -0.7071069 0 -0.7071066
vn -0.7071069 0 -0.7071066
vn -1 0 0
vn -1 0 0
vn -0.7071066 -0.7071069 0
vn -1 0 0
vn -1 0 0
vn -0.7071066 -0.7071069 0
vn -1 0 0
vn -1 0 0
vn -1 0 0
vn -1 0 0
vn -1 0 0
vn -0.7071066 0.7071069 0
vn -0.7071066 0.7071069 0
vn -1 0 0
vn -1 0 0
vn -1 0 0
vn -0.7071069 0 0.7071066
vn -0.7071069 0 0.7071066
vn 0.7071066 -0.7071069 0
vn 0 -1 0
vn 0 -1 0
vn 0.7071066 -0.7071069 0
vn 0 -0.7071071 -0.7071065
vn 0 -0.7071071 -0.7071065
vn 0 -1 0
vn 0 -1 0
vn 0 -1 0
vn 0 -1 0
vn 0 -1 0
vn 0 -1 0
vn 0 -1 0
vn 0 -1 0
vn 0 -0.7071071 0.7071065
vn 0 -0.7071071 0.7071065
vn 0 -1 0
vn -0.7071066 -0.7071069 0
vn -0.7071066 -0.7071069 0
vn 0 -1 0
vn 0.7071066 0.7071069 0
vn 0.7071066 0.7071069 0
vn 0 1 0
vn 0 1 0
vn 0 0.7071071 -0.7071065
vn 0 1 0
vn 0 1 0
vn 0 0.7071071 -0.7071065
vn 0 1 0
vn 0 1 0
vn 0 1 0
vn 0 1 0
vn 0 1 0
vn 0 0.7071071 0.7071065
vn 0 0.7071071 0.7071065
vn 0 1 0
vn 0 1 0
vn 0 1 0
vn -0.7071066 0.7071069 0
vn -0.7071066 0.7071069 0
vn 0 -0.7071071 -0.7071065
vn 0 0 -1
vn 0 0 -1
vn 0 -0.7071071 -0.7071065
vn 0.7071069 0 -0.7071066
vn 0.7071069 0 -0.7071066
vn 0 0 -1
vn 0 0 -1
vn 0 0 -1
vn 0 0 -1
vn 0 0 -1
vn 0 0 -1
vn 0 0 -1
vn 0 0 -1
vn -0.7071069 0 -0.7071066
vn -0.7071069 0 -0.7071066
vn 0 0 -1
vn 0 0.7071071 -0.7071065
vn 0 0.7071071 -0.7071065
vn 0 0 -1
vn 0 -0.7071071 0.7071065
vn 0 -0.7071071 0.7071065
vn 0 0 1
vn 0 0 1
vn 0.7071069 0 0.7071066
vn 0 0 1
vn 0 0 1
vn 0.7071069 0 0.7071066
vn 0 0 1
vn 0 0 1
vn 0 0 1
vn 0 0 1
vn 0 0 1
vn -0.7071069 0 0.7071066
vn -0.7071069 0 0.7071066
vn 0 0 1
vn 0 0 1
vn 0 0 1
vn 0 0.7071071 0.7071065
vn 0 0.7071071 0.7071065
vn 0.7071069 0 -0.7071066
vn 1 0 0
vn 1 0 0
vn 0.7071069 0 -0.7071066
vn 0.7071066 -0.7071069 0
vn 0.7071066 -0.7071069 0
vn 1 0 0
vn 1 0 0
vn 1 0 0
vn 1 0 0
vn 1 0 0
vn 1 0 0
vn 1 0 0
vn 1 0 0
vn 0.7071066 0.7071069 0
vn 0.7071066 0.7071069 0
vn 1 0 0
vn 0.7071069 0 0.7071066
vn 0.7071069 0 0.7071066
vn 1 0 0
vn -0.7071069 0 -0.7071066
vn -0.7071069 0 -0.7071066
vn -1 0 0
vn -1 0 0
vn -0.7071066 -0.7071069 0
vn -1 0 0
vn -1 0 0
vn -0.7071066 -0.7071069 0
vn -1 0 0
vn -1 0 0
vn -1 0 0
vn -1 0 0
vn -1 0 0
vn -0.7071066 0.7071069 0
vn -0.7071066 0.7071069 0
vn -1 0 0
vn -1 0 0
vn -1 0 0
vn -0.7071069 0 0.7071066
vn -0.7071069 0 0.7071066
vn 0.7071066 -0.7071069 0
vn 0 -1 0
vn 0 -1 0
vn 0.7071066 -0.7071069 0
vn 0 -0.7071071 -0.7071065
vn 0 -0.7071071 -0.7071065
vn 0 -1 0
vn 0 -1 0
vn 0 -1 0
vn 0 -1 0
vn 0 -1 0
vn 0 -1 0
vn 0 -1 0
vn 0 -1 0
vn 0 -0.7071071 0.7071065
vn 0 -0.7071071 0.7071065
vn 0 -1 0
vn -0.7071066 -0.7071069 0
vn -0.7071066 -0.7071069 0
vn 0 -1 0
vn 0.7071066 0.7071069 0
vn 0.7071066 0.7071069 0
vn 0 1 0
vn 0 1 0
vn 0 0.7071071 -0.7071065
vn 0 1 0
vn 0 1 0
vn 0 0.7071071 -0.7071065
vn 0 1 0
vn 0 1 0
vn 0 1 0
vn 0 1 0
vn 0 1 0
vn 0 0.7071071 0.7071065
vn 0 0.7071071 0.7071065
vn 0 1 0
vn 0 1 0
vn 0 1 0
vn -0.7071066 0.7071069 0
vn -0.7071066 0.7071069 0
vn 0 -0.7071071 -0.7071065
vn 0 0 -1
vn 0 0 -1
vn 0 -0.7071071 -0.7071065
vn 0.7071069 0 -0.7071066
vn 0.7071069 0 -0.7071066
vn 0 0 -1
vn 0 0 -1
vn 0 0 -1
vn 0 0 -1
vn 0 0 -1
vn 0 0 -1
vn 0 0 -1
vn 0 0 -1
vn -0.7071069 0 -0.7071066
vn -0.7071069 0 -0.7071066
vn 0 0 -1
vn 0 0.7071071 -0.7071065
vn 0 0.7071071 -0.7071065
vn 0 0 -1
vn 0 -0.7071071 0.7071065
vn 0 -0.7071071 0.7071065
vn 0 0 1
vn 0 0 1
vn 0.7071069 0 0.7071066
vn 0 0 1
vn 0 0 1
vn 0.7071069 0 0.7071066
vn 0 0 1
vn 0 0 1
vn 0 0 1
vn 0 0 1
vn 0 0 1
vn -0.7071069 0 0.7071066
vn -0.7071069 0 0.7071066
vn 0 0 1
vn 0 0 1
vn 0 0 1
vn 0 0.7071071 0.7071065
vn 0 0.7071071 0.7071065
vn 0.7071069 0 -0.7071066
vn 1 0 0
vn 1 0 0
vn 0.7071069 0 -0.7071066
vn 0.7071066 -0.7071069 0
vn 0.7071066 -0.7071069 0
vn 1 0 0
vn 1 0 0
vn 1 0 0
vn 1 0 0
vn 1 0 0
vn 1 0 0
vn 1 0 0
vn 1 0 0
vn 0.7071066 0.7071069 0
vn 0.7071066 0.7071069 0
vn 1 0 0
vn 0.7071069 0 0.7071066
vn 0.7071069 0 0.7071066
vn 1 0 0
vn -0.7071069 0 -0.7071066
vn -0.7071069 0 -0.7071066
vn -1 0 0
vn -1 0 0
vn -0.7071066 -0.7071069 0
vn -1 0 0
vn -1 0 0
vn -0.7071066 -0.7071069 0
vn -1 0 0
vn -1 0 0
vn -1 0 0
vn -1 0 0
vn -1 0 0
vn -0.7071066 0.7071069 0
vn -0.7071066 0.7071069 0
vn -1 0 0
vn -1 0 0
vn -1 0 0
vn -0.7071069 0 0.7071066
vn -0.7071069 0 0.7071066
vn 0.7071066 -0.7071069 0
vn 0 -1 0
vn 0 -1 0
vn 0.7071066 -0.7071069 0
vn 0 -0.7071071 -0.7071065
vn 0 -0.7071071 -0.7071065
vn 0 -1 0
vn 0 -1 0
vn 0 -1 0
vn 0 -1 0
vn 0 -1 0
vn 0 -1 0
vn 0 -1 0
vn 0 -1 0
vn 0 -0.7071071 0.7071065
vn 0 -0.7071071 0.7071065
vn 0 -1 0
vn -0.7071066 -0.7071069 0
vn -0.7071066 -0.7071069 0
vn 0 -1 0
vn 0.7071066 0.7071069 0
vn 0.7071066 0.7071069 0
vn 0 1 0
vn 0 1 0
vn 0 0.7071071 -0.7071065
vn 0 1 0
vn 0 1 0
vn 0 0.7071071 -0.7071065
vn 0 1 0
vn 0 1 0
vn 0 1 0
vn 0 1 0
vn 0 1 0
vn 0 0.7071071 0.7071065
vn 0 0.7071071 0.7071065
vn 0 1 0
vn 0 1 0
vn 0 1 0
vn -0.7071066 0.7071069 0
vn -0.7071066 0.7071069 0
vn 0 -0.7071071 -0.7071065
vn 0 0 -1
vn 0 0 -1
vn 0 -0.7071071 -0.7071065
vn 0.7071069 0 -0.7071066
vn 0.7071069 0 -0.7071066
vn 0 0 -1
vn 0 0 -1
vn 0 0 -1
vn 0 0 -1
vn 0 0 -1
vn 0 0 -1
vn 0 0 -1
vn 0 0 -1
vn -0.7071069 0 -0.7071066
vn -0.7071069 0 -0.7071066
vn 0 0 -1
vn 0 0.7071071 -0.7071065
vn 0 0.7071071 -0.7071065
vn 0 0 -1
vn 0 -0.7071071 0.7071065
vn 0 -0.7071071 0.7071065
vn 0 0 1
vn 0 0 1
vn 0.7071069 0 0.7071066
vn 0 0 1
vn 0 0 1
vn 0.7071069 0 0.7071066
vn 0 0 1
vn 0 0 1
vn 0 0 1
vn 0 0 1
vn 0 0 1
vn -0.7071069 0 0.7071066
vn -0.7071069 0 0.7071066
vn 0 0 1
vn 0 0 1
vn 0 0 1
vn 0 0.7071071 0.7071065
vn 0 0.7071071 0.7071065
vn 0.7071069 0 -0.7071066
vn 1 0 0
vn 1 0 0
vn 0.7071069 0 -0.7071066
vn 0.7071066 -0.7071069 0
vn 0.7071066 -0.7071069 0
vn 1 0 0
vn 1 0 0
vn 1 0 0
vn 1 0 0
vn 1 0 0
vn 1 0 0
vn 1 0 0
vn 1 0 0
vn 0.7071066 0.7071069 0
vn 0.7071066 0.7071069 0
vn 1 0 0
vn 0.7071069 0 0.7071066
vn 0.7071069 0 0.7071066
vn 1 0 0
vn -0.7071069 0 -0.7071066
vn -0.7071069 0 -0.7071066
vn -1 0 0
vn -1 0 0
vn -0.7071066 -0.7071069 0
vn -1 0 0
vn -1 0 0
vn -0.7071066 -0.7071069 0
vn -1 0 0
vn -1 0 0
vn -1 0 0
vn -1 0 0
vn -1 0 0
vn -0.7071066 0.7071069 0
vn -0.7071066 0.7071069 0
vn -1 0 0
vn -1 0 0
vn -1 0 0
vn -0.7071069 0 0.7071066
vn -0.7071069 0 0.7071066
vn 0.7071066 -0.7071069 0
vn 0 -1 0
vn 0 -1 0
vn 0.7071066 -0.7071069 0
vn 0 -0.7071071 -0.7071065
vn 0 -0.7071071 -0.7071065
vn 0 -1 0
vn 0 -1 0
vn 0 -1 0
vn 0 -1 0
vn 0 -1 0
vn 0 -1 0
vn 0 -1 0
vn 0 -1 0
vn 0 -0.7071071 0.7071065
vn 0 -0.7071071 0.7071065
vn 0 -1 0
vn -0.7071066 -0.7071069 0
vn -0.7071066 -0.7071069 0
vn 0 -1 0
vn 0.7071066 0.7071069 0
vn 0.7071066 0.7071069 0
vn 0 1 0
vn 0 1 0
vn 0 0.7071071 -0.7071065
vn 0 1 0
vn 0 1 0
vn 0 0.7071071 -0.7071065
vn 0 1 0
vn 0 1 0
vn 0 1 0
vn 0 1 0
vn 0 1 0
vn 0 0.7071071 0.7071065
vn 0 0.7071071 0.7071065
vn 0 1 0
vn 0 1 0
vn 0 1 0
vn -0.7071066 0.7071069 0
vn -0.7071066 0.7071069 0
vn 0 -0.7071071 -0.7071065
vn 0 0 -1
vn 0 0 -1
vn 0 -0.7071071 -0.7071065
vn 0.7071069 0 -0.7071066
vn 0.7071069 0 -0.7071066
vn 0 0 -1
vn 0 0 -1
vn 0 0 -1
vn 0 0 -1
vn 0 0 -1
vn 0 0 -1
vn 0 0 -1
vn 0 0 -1
vn -0.7071069 0 -0.7071066
vn -0.7071069 0 -0.7071066
vn 0 0 -1
vn 0 0.7071071 -0.7071065
vn 0 0.7071071 -0.7071065
vn 0 0 -1
vn 0 -0.7071071 0.7071065
vn 0 -0.7071071 0.7071065
vn 0 0 1
vn 0 0 1
vn 0.7071069 0 0.7071066
vn 0 0 1
vn 0 0 1
vn 0.7071069 0 0.7071066
vn 0 0 1
vn 0 0 1
vn 0 0 1
vn 0 0 1
vn 0 0 1
vn -0.7071069 0 0.7071066
vn -0.7071069 0 0.7071066
vn 0 0 1
vn 0 0 1
vn 0 0 1
vn 0 0.7071071 0.7071065
vn 0 0.7071071 0.7071065
vn 0.7071069 0 -0.7071066
vn 1 0 0
vn 1 0 0
vn 0.7071069 0 -0.7071066
vn 0.7071066 -0.7071069 0
vn 0.7071066 -0.7071069 0
vn 1 0 0
vn 1 0 0
vn 1 0 0
vn 1 0 0
vn 1 0 0
vn 1 0 0
vn 1 0 0
vn 1 0 0
vn 0.7071066 0.7071069 0
vn 0.7071066 0.7071069 0
vn 1 0 0
vn 0.7071069 0 0.7071066
vn 0.7071069 0 0.7071066
vn 1 0 0
vn -0.7071069 0 -0.7071066
vn -0.7071069 0 -0.7071066
vn -1 0 0
vn -1 0 0
vn -0.7071066 -0.7071069 0
vn -1 0 0
vn -1 0 0
vn -0.7071066 -0.7071069 0
vn -1 0 0
vn -1 0 0
vn -1 0 0
vn -1 0 0
vn -1 0 0
vn -0.7071066 0.7071069 0
vn -0.7071066 0.7071069 0
vn -1 0 0
vn -1 0 0
vn -1 0 0
vn -0.7071069 0 0.7071066
vn -0.7071069 0 0.7071066
vn 0.7071066 -0.7071069 0
vn 0 -1 0
vn 0 -1 0
vn 0.7071066 -0.7071069 0
vn 0 -0.7071071 -0.7071065
vn 0 -0.7071071 -0.7071065
vn 0 -1 0
vn 0 -1 0
vn 0 -1 0
vn 0 -1 0
vn 0 -1 0
vn 0 -1 0
vn 0 -1 0
vn 0 -1 0
vn 0 -0.7071071 0.7071065
vn 0 -0.7071071 0.7071065
vn 0 -1 0
vn -0.7071066 -0.7071069 0
vn -0.7071066 -0.7071069 0
vn 0 -1 0
vn 0.7071066 0.7071069 0
vn 0.7071066 0.7071069 0
vn 0 1 0
vn 0 1 0
vn 0 0.7071071 -0.7071065
vn 0 1 0
vn 0 1 0
vn 0 0.7071071 -0.7071065
vn 0 1 0
vn 0 1 0
vn 0 1 0
vn 0 1 0
vn 0 1 0
vn 0 0.7071071 0.7071065
vn 0 0.7071071 0.7071065
vn 0 1 0
vn 0 1 0
vn 0 1 0
vn -0.7071066 0.7071069 0
vn -0.7071066 0.7071069 0
vn 0 -0.7071071 -0.7071065
vn 0 0 -1
vn 0 0 -1
vn 0 -0.7071071 -0.7071065
vn 0.7071069 0 -0.7071066
vn 0.7071069 0 -0.7071066
vn 0 0 -1
vn 0 0 -1
vn 0 0 -1
vn 0 0 -1
vn 0 0 -1
vn 0 0 -1
vn 0 0 -1
vn 0 0 -1
vn -0.7071069 0 -0.7071066
vn -0.7071069 0 -0.7071066
vn 0 0 -1
vn 0 0.7071071 -0.7071065
vn 0 0.7071071 -0.7071065
vn 0 0 -1
vn 0 -0.7071071 0.7071065
vn 0 -0.7071071 0.7071065
vn 0 0 1
vn 0 0 1
vn 0.7071069 0 0.7071066
vn 0 0 1
vn 0 0 1
vn 0.7071069 0 0.7071066
vn 0 0 1
vn 0 0 1
vn 0 0 1
vn 0 0 1
vn 0 0 1
vn -0.7071069 0 0.7071066
vn -0.7071069 0 0.7071066
vn 0 0 1
vn 0 0 1
vn 0 0 1
vn 0 0.7071071 0.7071065
vn 0 0.7071071 0.7071065
vn 0.7071069 0 -0.7071066
vn 1 0 0
vn 1 0 0
vn 0.7071069 0 -0.7071066
vn 0.7071066 -0.7071069 0
vn 0.7071066 -0.7071069 0
vn 1 0 0
vn 1 0 0
vn 1 0 0
vn 1 0 0
vn 1 0 0
vn 1 0 0
vn 1 0 0
vn 1 0 0
vn 0.7071066 0.7071069 0
vn 0.7071066 0.7071069 0
vn 1 0 0
vn 0.7071069 0 0.7071066
vn 0.7071069 0 0.7071066
vn 1 0 0
vn -0.7071069 0 -0.7071066
vn -0.7071069 0 -0.7071066
vn -1 0 0
vn -1 0 0
vn -0.7071066 -0.7071069 0
vn -1 0 0
vn -1 0 0
vn -0.7071066 -0.7071069 0
vn -1 0 0
vn -1 0 0
vn -1 0 0
vn -1 0 0
vn -1 0 0
vn -0.7071066 0.7071069 0
vn -0.7071066 0.7071069 0
vn -1 0 0
vn -1 0 0
vn -1 0 0
vn -0.7071069 0 0.7071066
vn -0.7071069 0 0.7071066
vn 0.7071066 -0.7071069 0
vn 0 -1 0
vn 0 -1 0
vn 0.7071066 -0.7071069 0
vn 0 -0.7071071 -0.7071065
vn 0 -0.7071071 -0.7071065
vn 0 -1 0
vn 0 -1 0
vn 0 -1 0
vn 0 -1 0
vn 0 -1 0
vn 0 -1 0
vn 0 -1 0
vn 0 -1 0
vn 0 -0.7071071 0.7071065
vn 0 -0.7071071 0.7071065
vn 0 -1 0
vn -0.7071066 -0.7071069 0
vn -0.7071066 -0.7071069 0
vn 0 -1 0
vn 0.7071066 0.7071069 0
vn 0.7071066 0.7071069 0
vn 0 1 0
vn 0 1 0
vn 0 0.7071071 -0.7071065
vn 0 1 0
vn 0 1 0
vn 0 0.7071071 -0.7071065
vn 0 1 0
vn 0 1 0
vn 0 1 0
vn 0 1 0
vn 0 1 0
vn 0 0.7071071 0.7071065
vn 0 0.7071071 0.7071065
vn 0 1 0
vn 0 1 0
vn 0 1 0
vn -0.7071066 0.7071069 0
vn -0.7071066 0.7071069 0
vn 0 -0.7071071 -0.7071065
vn 0 0 -1
vn 0 0 -1
vn 0 -0.7071071 -0.7071065
vn 0.7071069 0 -0.7071066
vn 0.7071069 0 -0.7071066
vn 0 0 -1
vn 0 0 -1
vn 0 0 -1
vn 0 0 -1
vn 0 0 -1
vn 0 0 -1
vn 0 0 -1
vn 0 0 -1
vn -0.7071069 0 -0.7071066
vn -0.7071069 0 -0.7071066
vn 0 0 -1
vn 0 0.7071071 -0.7071065
vn 0 0.7071071 -0.7071065
vn 0 0 -1
vn 0 -0.7071071 0.7071065
vn 0 -0.7071071 0.7071065
vn 0 0 1
vn 0 0 1
vn 0.7071069 0 0.7071066
vn 0 0 1
vn 0 0 1
vn 0.7071069 0 0.7071066
vn 0 0 1
vn 0 0 1
vn 0 0 1
vn 0 0 1
vn 0 0 1
vn -0.7071069 0 0.7071066
vn -0.7071069 0 0.7071066
vn 0 0 1
vn 0 0 1
vn 0 0 1
vn 0 0.7071071 0.7071065
vn 0 0.7071071 0.7071065
vn 0.7071069 0 -0.7071066
vn 1 0 0
vn 1 0 0
vn 0.7071069 0 -0.7071066
vn 0.7071066 -0.7071069 0
vn 0.7071066 -0.7071069 0
vn 1 0 0
vn 1 0 0
vn 1 0 0
vn 1 0 0
vn 1 0 0
vn 1 0 0
vn 1 0 0
vn 1 0 0
vn 0.7071066 0.7071069 0
vn 0.7071066 0.7071069 0
vn 1 0 0
vn 0.7071069 0 0.7071066
vn 0.7071069 0 0.7071066
vn 1 0 0
vn -0.7071069 0 -0.7071066
vn -0.7071069 0 -0.7071066
vn -1 0 0
vn -1 0 0
vn -0.7071066 -0.7071069 0
vn -1 0 0
vn -1 0 0
vn -0.7071066 -0.7071069 0
vn -1 0 0
vn -1 0 0
vn -1 0 0
vn -1 0 0
vn -1 0 0
vn -0.7071066 0.7071069 0
vn -0.7071066 0.7071069 0
vn -1 0 0
vn -1 0 0
vn -1 0 0
vn -0.7071069 0 0.7071066
vn -0.7071069 0 0.7071066
vn 0.7071066 -0.7071069 0
vn 0 -1 0
vn 0 -1 0
vn 0.7071066 -0.7071069 0
vn 0 -0.7071071 -0.7071065
vn 0 -0.7071071 -0.7071065
vn 0 -1 0
vn 0 -1 0
vn 0 -1 0
vn 0 -1 0
vn 0 -1 0
vn 0 -1 0
vn 0 -1 0
vn 0 -1 0
vn 0 -0.7071071 0.7071065
vn 0 -0.7071071 0.7071065
vn 0 -1 0
vn -0.7071066 -0.7071069 0
vn -0.7071066 -0.7071069 0
vn 0 -1 0
vn 0.7071066 0.7071069 0
vn 0.7071066 0.7071069 0
vn 0 1 0
vn 0 1 0
vn 0 0.7071071 -0.7071065
vn 0 1 0
vn 0 1 0
vn 0 0.7071071 -0.7071065
vn 0 1 0
vn 0 1 0
vn 0 1 0
vn 0 1 0
vn 0 1 0
vn 0 0.7071071 0.7071065
vn 0 0.7071071 0.7071065
vn 0 1 0
vn 0 1 0
vn 0 1 0
vn -0.7071066 0.7071069 0
vn -0.7071066 0.7071069 0
vn 0 -0.7071071 -0.7071065
vn 0 0 -1
vn 0 0 -1
vn 0 -0.7071071 -0.7071065
vn 0.7071069 0 -0.7071066
vn 0.7071069 0 -0.7071066
vn 0 0 -1
vn 0 0 -1
vn 0 0 -1
vn 0 0 -1
vn 0 0 -1
vn 0 0 -1
vn 0 0 -1
vn 0 0 -1
vn -0.7071069 0 -0.7071066
vn -0.7071069 0 -0.7071066
vn 0 0 -1
vn 0 0.7071071 -0.7071065
vn 0 0.7071071 -0.7071065
vn 0 0 -1
vn 0 -0.7071071 0.7071065
vn 0 -0.7071071 0.7071065
vn 0 0 1
vn 0 0 1
vn 0.7071069 0 0.7071066
vn 0 0 1
vn 0 0 1
vn 0.7071069 0 0.7071066
vn 0 0 1
vn 0 0 1
vn 0 0 1
vn 0 0 1
vn 0 0 1
vn -0.7071069 0 0.7071066
vn -0.7071069 0 0.7071066
vn 0 0 1
vn 0 0 1
vn 0 0 1
vn 0 0.7071071 0.7071065
vn 0 0.7071071 0.7071065
vn 0.7071069 0 -0.7071066
vn 1 0 0
vn 1 0 0
vn 0.7071069 0 -0.7071066
vn 0.7071066 -0.7071069 0
vn 0.7071066 -0.7071069 0
vn 1 0 0
vn 1 0 0
vn 1 0 0
vn 1 0 0
vn 1 0 0
vn 1 0 0
vn 1 0 0
vn 1 0 0
vn 0.7071066 0.7071069 0
vn 0.7071066 0.7071069 0
vn 1 0 0
vn 0.7071069 0 0.7071066
vn 0.7071069 0 0.7071066
vn 1 0 0
vn -0.7071069 0 -0.7071066
vn -0.7071069 0 -0.7071066
vn -1 0 0
vn -1 0 0
vn -0.7071066 -0.7071069 0
vn -1 0 0
vn -1 0 0
vn -0.7071066 -0.7071069 0
vn -1 0 0
vn -1 0 0
vn -1 0 0
vn -1 0 0
vn -1 0 0
vn -0.7071066 0.7071069 0
vn -0.7071066 0.7071069 0
vn -1 0 0
vn -1 0 0
vn -1 0 0
vn -0.7071069 0 0.7071066
vn -0.7071069 0 0.7071066
vn 0.7071066 -0.7071069 0
vn 0 -1 0
vn 0 -1 0
vn 0.7071066 -0.7071069 0
vn 0 -0.7071071 -0.7071065
vn 0 -0.7071071 -0.7071065
vn 0 -1 0
vn 0 -1 0
vn 0 -1 0
vn 0 -1 0
vn 0 -1 0
vn 0 -1 0
vn 0 -1 0
vn 0 -1 0
vn 0 -0.7071071 0.7071065
vn 0 -0.7071071 0.7071065
vn 0 -1 0
vn -0.7071066 -0.7071069 0
vn -0.7071066 -0.7071069 0
vn 0 -1 0
vn 0.7071066 0.7071069 0
vn 0.7071066 0.7071069 0
vn 0 1 0
vn 0 1 0
vn 0 0.7071071 -0.7071065
vn 0 1 0
vn 0 1 0
vn 0 0.7071071 -0.7071065
vn 0 1 0
vn 0 1 0
vn 0 1 0
vn 0 1 0
vn 0 1 0
vn 0 0.7071071 0.7071065
vn 0 0.7071071 0.7071065
vn 0 1 0
vn 0 1 0
vn 0 1 0
vn -0.7071066 0.7071069 0
vn -0.7071066 0.7071069 0
vn 0 -0.7071071 -0.7071065
vn 0 0 -1
vn 0 0 -1
vn 0 -0.7071071 -0.7071065
vn 0.7071069 0 -0.7071066
vn 0.7071069 0 -0.7071066
vn 0 0 -1
vn 0 0 -1
vn 0 0 -1
vn 0 0 -1
vn 0 0 -1
vn 0 0 -1
vn 0 0 -1
vn 0 0 -1
vn -0.7071069 0 -0.7071066
vn -0.7071069 0 -0.7071066
vn 0 0 -1
vn 0 0.7071071 -0.7071065
vn 0 0.7071071 -0.7071065
vn 0 0 -1
vn 0 -0.7071071 0.7071065
vn 0 -0.7071071 0.7071065
vn 0 0 1
vn 0 0 1
vn 0.7071069 0 0.7071066
vn 0 0 1
vn 0 0 1
vn 0.7071069 0 0.7071066
vn 0 0 1
vn 0 0 1
vn 0 0 1
vn 0 0 1
vn 0 0 1
vn -0.7071069 0 0.7071066
vn -0.7071069 0 0.7071066
vn 0 0 1
vn 0 0 1
vn 0 0 1
vn 0 0.7071071 0.7071065
vn 0 0.7071071 0.7071065
vn 0.7071069 0 -0.7071066
vn 1 0 0
vn 1 0 0
vn 0.7071069 0 -0.7071066
vn 0.7071066 -0.7071069 0
vn 0.7071066 -0.7071069 0
vn 1 0 0
vn 1 0 0
vn 1 0 0
vn 1 0 0
vn 1 0 0
vn 1 0 0
vn 1 0 0
vn 1 0 0
vn 0.7071066 0.7071069 0
vn 0.7071066 0.7071069 0
vn 1 0 0
vn 0.7071069 0 0.7071066
vn 0.7071069 0 0.7071066
vn 1 0 0
vn -0.7071069 0 -0.7071066
vn -0.7071069 0 -0.7071066
vn -1 0 0
vn -1 0 0
vn -0.7071066 -0.7071069 0
vn -1 0 0
vn -1 0 0
vn -0.7071066 -0.7071069 0
vn -1 0 0
vn -1 0 0
vn -1 0 0
vn -1 0 0
vn -1 0 0
vn -0.7071066 0.7071069 0
vn -0.7071066 0.7071069 0
vn -1 0 0
vn -1 0 0
vn -1 0 0
vn -0.7071069 0 0.7071066
vn -0.7071069 0 0.7071066
vn 0.7071066 -0.7071069 0
vn 0 -1 0
vn 0 -1 0
vn 0.7071066 -0.7071069 0
vn 0 -0.7071071 -0.7071065
vn 0 -0.7071071 -0.7071065
vn 0 -1 0
vn 0 -1 0
vn 0 -1 0
vn 0 -1 0
vn 0 -1 0
vn 0 -1 0
vn 0 -1 0
vn 0 -1 0
vn 0 -0.7071071 0.7071065
vn 0 -0.7071071 0.7071065
vn 0 -1 0
vn -0.7071066 -0.7071069 0
vn -0.7071066 -0.7071069 0
vn 0 -1 0
vn 0.7071066 0.7071069 0
vn 0.7071066 0.7071069 0
vn 0 1 0
vn 0 1 0
vn 0 0.7071071 -0.7071065
vn 0 1 0
vn 0 1 0
vn 0 0.7071071 -0.7071065
vn 0 1 0
vn 0 1 0
vn 0 1 0
vn 0 1 0
vn 0 1 0
vn 0 0.7071071 0.7071065
vn 0 0.7071071 0.7071065
vn 0 1 0
vn 0 1 0
vn 0 1 0
vn -0.7071066 0.7071069 0
vn -0.7071066 0.7071069 0
vn 0 -0.7071071 -0.7071065
vn 0 0 -1
vn 0 0 -1
vn 0 -0.7071071 -0.7071065
vn 0.7071069 0 -0.7071066
vn 0.7071069 0 -0.7071066
vn 0 0 -1
vn 0 0 -1
vn 0 0 -1
vn 0 0 -1
vn 0 0 -1
vn 0 0 -1
vn 0 0 -1
vn 0 0 -1
vn -0.7071069 0 -0.7071066
vn -0.7071069 0 -0.7071066
vn 0 0 -1
vn 0 0.7071071 -0.7071065
vn 0 0.7071071 -0.7071065
vn 0 0 -1
vn 0 -0.7071071 0.7071065
vn 0 -0.7071071 0.7071065
vn 0 0 1
vn 0 0 1
vn 0.7071069 0 0.7071066
vn 0 0 1
vn 0 0 1
vn 0.7071069 0 0.7071066
vn 0 0 1
vn 0 0 1
vn 0 0 1
vn 0 0 1
vn 0 0 1
vn -0.7071069 0 0.7071066
vn -0.7071069 0 0.7071066
vn 0 0 1
vn 0 0 1
vn 0 0 1
vn 0 0.7071071 0.7071065
vn 0 0.7071071 0.7071065
vn 0.7071069 0 -0.7071066
vn 1 0 0
vn 1 0 0
vn 0.7071069 0 -0.7071066
vn 0.7071066 -0.7071069 0
vn 0.7071066 -0.7071069 0
vn 1 0 0
vn 1 0 0
vn 1 0 0
vn 1 0 0
vn 1 0 0
vn 1 0 0
vn 1 0 0
vn 1 0 0
vn 0.7071066 0.7071069 0
vn 0.7071066 0.7071069 0
vn 1 0 0
vn 0.7071069 0 0.7071066
vn 0.7071069 0 0.7071066
vn 1 0 0
vn -0.7071069 0 -0.7071066
vn -0.7071069 0 -0.7071066
vn -1 0 0
vn -1 0 0
vn -0.7071066 -0.7071069 0
vn -1 0 0
vn -1 0 0
vn -0.7071066 -0.7071069 0
vn -1 0 0
vn -1 0 0
vn -1 0 0
vn -1 0 0
vn -1 0 0
vn -0.7071066 0.7071069 0
vn -0.7071066 0.7071069 0
vn -1 0 0
vn -1 0 0
vn -1 0 0
vn -0.7071069 0 0.7071066
vn -0.7071069 0 0.7071066
vn 0.7071066 -0.7071069 0
vn 0 -1 0
vn 0 -1 0
vn 0.7071066 -0.7071069 0
vn 0 -0.7071071 -0.7071065
vn 0 -0.7071071 -0.7071065
vn 0 -1 0
vn 0 -1 0
vn 0 -1 0
vn 0 -1 0
vn 0 -1 0
vn 0 -1 0
vn 0 -1 0
vn 0 -1 0
vn 0 -0.7071071 0.7071065
vn 0 -0.7071071 0.7071065
vn 0 -1 0
vn -0.7071066 -0.7071069 0
vn -0.7071066 -0.7071069 0
vn 0 -1 0
vn 0.7071066 0.7071069 0
vn 0.7071066 0.7071069 0
vn 0 1 0
vn 0 1 0
vn 0 0.7071071 -0.7071065
vn 0 1 0
vn 0 1 0
vn 0 0.7071071 -0.7071065
vn 0 1 0
vn 0 1 0
vn 0 1 0
vn 0 1 0
vn 0 1 0
vn 0 0.7071071 0.7071065
vn 0 0.7071071 0.7071065
vn 0 1 0
vn 0 1 0
vn 0 1 0
vn -0.7071066 0.7071069 0
vn -0.7071066 0.7071069 0
vn 0 -0.7071071 -0.7071065
vn 0 0 -1
vn 0 0 -1
vn 0 -0.7071071 -0.7071065
vn 0.7071069 0 -0.7071066
vn 0.7071069 0 -0.7071066
vn 0 0 -1
vn 0 0 -1
vn 0 0 -1
vn 0 0 -1
vn 0 0 -1
vn 0 0 -1
vn 0 0 -1
vn 0 0 -1
vn -0.7071069 0 -0.7071066
vn -0.7071069 0 -0.7071066
vn 0 0 -1
vn 0 0.7071071 -0.7071065
vn 0 0.7071071 -0.7071065
vn 0 0 -1
vn 0 -0.7071071 0.7071065
vn 0 -0.7071071 0.7071065
vn 0 0 1
vn 0 0 1
vn 0.7071069 0 0.7071066
vn 0 0 1
vn 0 0 1
vn 0.7071069 0 0.7071066
vn 0 0 1
vn 0 0 1
vn 0 0 1
vn 0 0 1
vn 0 0 1
vn -0.7071069 0 0.7071066
vn -0.7071069 0 0.7071066
vn 0 0 1
vn 0 0 1
vn 0 0 1
vn 0 0.7071071 0.7071065
vn 0 0.7071071 0.7071065
vn 0.7071069 0 -0.7071066
vn 1 0 0
vn 1 0 0
vn 0.7071069 0 -0.7071066
vn 0.7071066 -0.7071069 0
vn 0.7071066 -0.7071069 0
vn 1 0 0
vn 1 0 0
vn 1 0 0
vn 1 0 0
vn 1 0 0
vn 1 0 0
vn 1 0 0
vn 1 0 0
vn 0.7071066 0.7071069 0
vn 0.7071066 0.7071069 0
vn 1 0 0
vn 0.7071069 0 0.7071066
vn 0.7071069 0 0.7071066
vn 1 0 0
vn -0.7071069 0 -0.7071066
vn -0.7071069 0 -0.7071066
vn -1 0 0
vn -1 0 0
vn -0.7071066 -0.7071069 0
vn -1 0 0
vn -1 0 0
vn -0.7071066 -0.7071069 0
vn -1 0 0
vn -1 0 0
vn -1 0 0
vn -1 0 0
vn -1 0 0
vn -0.7071066 0.7071069 0
vn -0.7071066 0.7071069 0
vn -1 0 0
vn -1 0 0
vn -1 0 0
vn -0.7071069 0 0.7071066
vn -0.7071069 0 0.7071066
vn 0.7071066 -0.7071069 0
vn 0 -1 0
vn 0 -1 0
vn 0.7071066 -0.7071069 0
vn 0 -0.7071071 -0.7071065
vn 0 -0.7071071 -0.7071065
vn 0 -1 0
vn 0 -1 0
vn 0 -1 0
vn 0 -1 0
vn 0 -1 0
vn 0 -1 0
vn 0 -1 0
vn 0 -1 0
vn 0 -0.7071071 0.7071065
vn 0 -0.7071071 0.7071065
vn 0 -1 0
vn -0.7071066 -0.7071069 0
vn -0.7071066 -0.7071069 0
vn 0 -1 0
vn 0.7071066 0.7071069 0
vn 0.7071066 0.7071069 0
vn 0 1 0
vn 0 1 0
vn 0 0.7071071 -0.7071065
vn 0 1 0
vn 0 1 0
vn 0 0.7071071 -0.7071065
vn 0 1 0
vn 0 1 0
vn 0 1 0
vn 0 1 0
vn 0 1 0
vn 0 0.7071071 0.7071065
vn 0 0.7071071 0.7071065
vn 0 1 0
vn 0 1 0
vn 0 1 0
vn -0.7071066 0.7071069 0
vn -0.7071066 0.7071069 0
vn 0 -0.7071071 -0.7071065
vn 0 0 -1
vn 0 0 -1
vn 0 -0.7071071 -0.7071065
vn 0.7071069 0 -0.7071066
vn 0.7071069 0 -0.7071066
vn 0 0 -1
vn 0 0 -1
vn 0 0 -1
vn 0 0 -1
vn 0 0 -1
vn 0 0 -1
vn 0 0 -1
vn 0 0 -1
vn -0.7071069 0 -0.7071066
vn -0.7071069 0 -0.7071066
vn 0 0 -1
vn 0 0.7071071 -0.7071065
vn 0 0.7071071 -0.7071065
vn 0 0 -1
vn 0 -0.7071071 0.7071065
vn 0 -0.7071071 0.7071065
vn 0 0 1
vn 0 0 1
vn 0.7071069 0 0.7071066
vn 0 0 1
vn 0 0 1
vn 0.7071069 0 0.7071066
vn 0 0 1
vn 0 0 1
vn 0 0 1
vn 0 0 1
vn 0 0 1
vn -0.7071069 0 0.7071066
vn -0.7071069 0 0.7071066
vn 0 0 1
vn 0 0 1
vn 0 0 1
vn 0 0.7071071 0.7071065
vn 0 0.7071071 0.7071065
vn 0.7071069 0 -0.7071066
vn 1 0 0
vn 1 0 0
vn 0.7071069 0 -0.7071066
vn 0.7071066 -0.7071069 0
vn 0.7071066 -0.7071069 0
vn 1 0 0
vn 1 0 0
vn 1 0 0
vn 1 0 0
vn 1 0 0
vn 1 0 0
vn 1 0 0
vn 1 0 0
vn 0.7071066 0.7071069 0
vn 0.7071066 0.7071069 0
vn 1 0 0
vn 0.7071069 0 0.7071066
vn 0.7071069 0 0.7071066
vn 1 0 0
vn -0.7071069 0 -0.7071066
vn -0.7071069 0 -0.7071066
vn -1 0 0
vn -1 0 0
vn -0.7071066 -0.7071069 0
vn -1 0 0
vn -1 0 0
vn -0.7071066 -0.7071069 0
vn -1 0 0
vn -1 0 0
vn -1 0 0
vn -1 0 0
vn -1 0 0
vn -0.7071066 0.7071069 0
vn -0.7071066 0.7071069 0
vn -1 0 0
vn -1 0 0
vn -1 0 0
vn -0.7071069 0 0.7071066
vn -0.7071069 0 0.7071066
vn 0.7071066 -0.7071069 0
vn 0 -1 0
vn 0 -1 0
vn 0.7071066 -0.7071069 0
vn 0 -0.7071071 -0.7071065
vn 0 -0.7071071 -0.7071065
vn 0 -1 0
vn 0 -1 0
vn 0 -1 0
vn 0 -1 0
vn 0 -1 0
vn 0 -1 0
vn 0 -1 0
vn 0 -1 0
vn 0 -0.7071071 0.7071065
vn 0 -0.7071071 0.7071065
vn 0 -1 0
vn -0.7071066 -0.7071069 0
vn -0.7071066 -0.7071069 0
vn 0 -1 0
vn 0.7071066 0.7071069 0
vn 0.7071066 0.7071069 0
vn 0 1 0
vn 0 1 0
vn 0 0.7071071 -0.7071065
vn 0 1 0
vn 0 1 0
vn 0 0.7071071 -0.7071065
vn 0 1 0
vn 0 1 0
vn 0 1 0
vn 0 1 0
vn 0 1 0
vn 0 0.7071071 0.7071065
vn 0 0.7071071 0.7071065
vn 0 1 0
vn 0 1 0
vn 0 1 0
vn -0.7071066 0.7071069 0
vn -0.7071066 0.7071069 0
vn 0 -0.7071071 -0.7071065
vn 0 0 -1
vn 0 0 -1
vn 0 -0.7071071 -0.7071065
vn 0.7071069 0 -0.7071066
vn 0.7071069 0 -0.7071066
vn 0 0 -1
vn 0 0 -1
vn 0 0 -1
vn 0 0 -1
vn 0 0 -1
vn 0 0 -1
vn 0 0 -1
vn 0 0 -1
vn -0.7071069 0 -0.7071066
vn -0.7071069 0 -0.7071066
vn 0 0 -1
vn 0 0.7071071 -0.7071065
vn 0 0.7071071 -0.7071065
vn 0 0 -1
vn 0 -0.7071071 0.7071065
vn 0 -0.7071071 0.7071065
vn 0 0 1
vn 0 0 1
vn 0.7071069 0 0.7071066
vn 0 0 1
vn 0 0 1
vn 0.7071069 0 0.7071066
vn 0 0 1
vn 0 0 1
vn 0 0 1
vn 0 0 1
vn 0 0 1
vn -0.7071069 0 0.7071066
vn -0.7071069 0 0.7071066
vn 0 0 1
vn 0 0 1
vn 0 0 1
vn 0 0.7071071 0.7071065
vn 0 0.7071071 0.7071065
vn 0.7071069 0 -0.7071066
vn 1 0 0
vn 1 0 0
vn 0.7071069 0 -0.7071066
vn 0.7071066 -0.7071069 0
vn 0.7071066 -0.7071069 0
vn 1 0 0
vn 1 0 0
vn 1 0 0
vn 1 0 0
vn 1 0 0
vn 1 0 0
vn 1 0 0
vn 1 0 0
vn 0.7071066 0.7071069 0
vn 0.7071066 0.7071069 0
vn 1 0 0
vn 0.7071069 0 0.7071066
vn 0.7071069 0 0.7071066
vn 1 0 0
vn -0.7071069 0 -0.7071066
vn -0.7071069 0 -0.7071066
vn -1 0 0
vn -1 0 0
vn -0.7071066 -0.7071069 0
vn -1 0 0
vn -1 0 0
vn -0.7071066 -0.7071069 0
vn -1 0 0
vn -1 0 0
vn -1 0 0
vn -1 0 0
vn -1 0 0
vn -0.7071066 0.7071069 0
vn -0.7071066 0.7071069 0
vn -1 0 0
vn -1 0 0
vn -1 0 0
vn -0.7071069 0 0.7071066
vn -0.7071069 0 0.7071066
vn 0.7071066 -0.7071069 0
vn 0 -1 0
vn 0 -1 0
vn 0.7071066 -0.7071069 0
vn 0 -0.7071071 -0.7071065
vn 0 -0.7071071 -0.7071065
vn 0 -1 0
vn 0 -1 0
vn 0 -1 0
vn 0 -1 0
vn 0 -1 0
vn 0 -1 0
vn 0 -1 0
vn 0 -1 0
vn 0 -0.7071071 0.7071065
vn 0 -0.7071071 0.7071065
vn 0 -1 0
vn -0.7071066 -0.7071069 0
vn -0.7071066 -0.7071069 0
vn 0 -1 0
vn 0.7071066 0.7071069 0
vn 0.7071066 0.7071069 0
vn 0 1 0
vn 0 1 0
vn 0 0.7071071 -0.7071065
vn 0 1 0
vn 0 1 0
vn 0 0.7071071 -0.7071065
vn 0 1 0
vn 0 1 0
vn 0 1 0
vn 0 1 0
vn 0 1 0
vn 0 0.7071071 0.7071065
vn 0 0.7071071 0.7071065
vn 0 1 0
vn 0 1 0
vn 0 1 0
vn -0.7071066 0.7071069 0
vn -0.7071066 0.7071069 0
vn 0 -0.7071071 -0.7071065
vn 0 0 -1
vn 0 0 -1
vn 0 -0.7071071 -0.7071065
vn 0.7071069 0 -0.7071066
vn 0.7071069 0 -0.7071066
vn 0 0 -1
vn 0 0 -1
vn 0 0 -1
vn 0 0 -1
vn 0 0 -1
vn 0 0 -1
vn 0 0 -1
vn 0 0 -1
vn -0.7071069 0 -0.7071066
vn -0.7071069 0 -0.7071066
vn 0 0 -1
vn 0 0.7071071 -0.7071065
vn 0 0.7071071 -0.7071065
vn 0 0 -1
vn 0 -0.7071071 0.7071065
vn 0 -0.7071071 0.7071065
vn 0 0 1
vn 0 0 1
vn 0.7071069 0 0.7071066
vn 0 0 1
vn 0 0 1
vn 0.7071069 0 0.7071066
vn 0 0 1
vn 0 0 1
vn 0 0 1
vn 0 0 1
vn 0 0 1
vn -0.7071069 0 0.7071066
vn -0.7071069 0 0.7071066
vn 0 0 1
vn 0 0 1
vn 0 0 1
vn 0 0.7071071 0.7071065
vn 0 0.7071071 0.7071065
vn 0.7071069 0 -0.7071066
vn 1 0 0
vn 1 0 0
vn 0.7071069 0 -0.7071066
vn 0.7071066 -0.7071069 0
vn 0.7071066 -0.7071069 0
vn 1 0 0
vn 1 0 0
vn 1 0 0
vn 1 0 0
vn 1 0 0
vn 1 0 0
vn 1 0 0
vn 1 0 0
vn 0.7071066 0.7071069 0
vn 0.7071066 0.7071069 0
vn 1 0 0
vn 0.7071069 0 0.7071066
vn 0.7071069 0 0.7071066
vn 1 0 0
vn -0.7071069 0 -0.7071066
vn -0.7071069 0 -0.7071066
vn -1 0 0
vn -1 0 0
vn -0.7071066 -0.7071069 0
vn -1 0 0
vn -1 0 0
vn -0.7071066 -0.7071069 0
vn -1 0 0
vn -1 0 0
vn -1 0 0
vn -1 0 0
vn -1 0 0
vn -0.7071066 0.7071069 0
vn -0.7071066 0.7071069 0
vn -1 0 0
vn -1 0 0
vn -1 0 0
vn -0.7071069 0 0.7071066
vn -0.7071069 0 0.7071066
vn 0.7071066 -0.7071069 0
vn 0 -1 0
vn 0 -1 0
vn 0.7071066 -0.7071069 0
vn 0 -0.7071071 -0.7071065
vn 0 -0.7071071 -0.7071065
vn 0 -1 0
vn 0 -1 0
vn 0 -1 0
vn 0 -1 0
vn 0 -1 0
vn 0 -1 0
vn 0 -1 0
vn 0 -1 0
vn 0 -0.7071071 0.7071065
vn 0 -0.7071071 0.7071065
vn 0 -1 0
vn -0.7071066 -0.7071069 0
vn -0.7071066 -0.7071069 0
vn 0 -1 0
vn 0.7071066 0.7071069 0
vn 0.7071066 0.7071069 0
vn 0 1 0
vn 0 1 0
vn 0 0.7071071 -0.7071065
vn 0 1 0
vn 0 1 0
vn 0 0.7071071 -0.7071065
vn 0 1 0
vn 0 1 0
vn 0 1 0
vn 0 1 0
vn 0 1 0
vn 0 0.7071071 0.7071065
vn 0 0.7071071 0.7071065
vn 0 1 0
vn 0 1 0
vn 0 1 0
vn -0.7071066 0.7071069 0
vn -0.7071066 0.7071069 0
vn 0 -0.7071071 -0.7071065
vn 0 0 -1
vn 0 0 -1
vn 0 -0.7071071 -0.7071065
vn 0.7071069 0 -0.7071066
vn 0.7071069 0 -0.7071066
vn 0 0 -1
vn 0 0 -1
vn 0 0 -1
vn 0 0 -1
vn 0 0 -1
vn 0 0 -1
vn 0 0 -1
vn 0 0 -1
vn -0.7071069 0 -0.7071066
vn -0.7071069 0 -0.7071066
vn 0 0 -1
vn 0 0.7071071 -0.7071065
vn 0 0.7071071 -0.7071065
vn 0 0 -1
vn 0 -0.7071071 0.7071065
vn 0 -0.7071071 0.7071065
vn 0 0 1
vn 0 0 1
vn 0.7071069 0 0.7071066
vn 0 0 1
vn 0 0 1
vn 0.7071069 0 0.7071066
vn 0 0 1
vn 0 0 1
vn 0 0 1
vn 0 0 1
vn 0 0 1
vn -0.7071069 0 0.7071066
vn -0.7071069 0 0.7071066
vn 0 0 1
vn 0 0 1
vn 0 0 1
vn 0 0.7071071 0.7071065
vn 0 0.7071071 0.7071065
vn 0.7071069 0 -0.7071066
vn 1 0 0
vn 1 0 0
vn 0.7071069 0 -0.7071066
vn 0.7071066 -0.7071069 0
vn 0.7071066 -0.7071069 0
vn 1 0 0
vn 1 0 0
vn 1 0 0
vn 1 0 0
vn 1 0 0
vn 1 0 0
vn 1 0 0
vn 1 0 0
vn 0.7071066 0.7071069 0
vn 0.7071066 0.7071069 0
vn 1 0 0
vn 0.7071069 0 0.7071066
vn 0.7071069 0 0.7071066
vn 1 0 0
vn -0.7071069 0 -0.7071066
vn -0.7071069 0 -0.7071066
vn -1 0 0
vn -1 0 0
vn -0.7071066 -0.7071069 0
vn -1 0 0
vn -1 0 0
vn -0.7071066 -0.7071069 0
vn -1 0 0
vn -1 0 0
vn -1 0 0
vn -1 0 0
vn -1 0 0
vn -0.7071066 0.7071069 0
vn -0.7071066 0.7071069 0
vn -1 0 0
vn -1 0 0
vn -1 0 0
vn -0.7071069 0 0.7071066
vn -0.7071069 0 0.7071066
vn 0.7071066 -0.7071069 0
vn 0 -1 0
vn 0 -1 0
vn 0.7071066 -0.7071069 0
vn 0 -0.7071071 -0.7071065
vn 0 -0.7071071 -0.7071065
vn 0 -1 0
vn 0 -1 0
vn 0 -1 0
vn 0 -1 0
vn 0 -1 0
vn 0 -1 0
vn 0 -1 0
vn 0 -1 0
vn 0 -0.7071071 0.7071065
vn 0 -0.7071071 0.7071065
vn 0 -1 0
vn -0.7071066 -0.7071069 0
vn -0.7071066 -0.7071069 0
vn 0 -1 0
vn 0.7071066 0.7071069 0
vn 0.7071066 0.7071069 0
vn 0 1 0
vn 0 1 0
vn 0 0.7071071 -0.7071065
vn 0 1 0
vn 0 1 0
vn 0 0.7071071 -0.7071065
vn 0 1 0
vn 0 1 0
vn 0 1 0
vn 0 1 0
vn 0 1 0
vn 0 0.7071071 0.7071065
vn 0 0.7071071 0.7071065
vn 0 1 0
vn 0 1 0
vn 0 1 0
vn -0.7071066 0.7071069 0
vn -0.7071066 0.7071069 0
vn 0 -0.7071071 -0.7071065
vn 0 0 -1
vn 0 0 -1
vn 0 -0.7071071 -0.7071065
vn 0.7071069 0 -0.7071066
vn 0.7071069 0 -0.7071066
vn 0 0 -1
vn 0 0 -1
vn 0 0 -1
vn 0 0 -1
vn 0 0 -1
vn 0 0 -1
vn 0 0 -1
vn 0 0 -1
vn -0.7071069 0 -0.7071066
vn -0.7071069 0 -0.7071066
vn 0 0 -1
vn 0 0.7071071 -0.7071065
vn 0 0.7071071 -0.7071065
vn 0 0 -1
vn 0 -0.7071071 0.7071065
vn 0 -0.7071071 0.7071065
vn 0 0 1
vn 0 0 1
vn 0.7071069 0 0.7071066
vn 0 0 1
vn 0 0 1
vn 0.7071069 0 0.7071066
vn 0 0 1
vn 0 0 1
vn 0 0 1
vn 0 0 1
vn 0 0 1
vn -0.7071069 0 0.7071066
vn -0.7071069 0 0.7071066
vn 0 0 1
vn 0 0 1
vn 0 0 1
vn 0 0.7071071 0.7071065
vn 0 0.7071071 0.7071065
vn 0.7071068 0 -0.7071068
vn 1 0 0
vn 1 0 0
vn 0.7071068 0 -0.7071068
vn 0.7071069 -0.7071066 0
vn 0.7071069 -0.7071066 0
vn 1 0 0
vn 1 0 0
vn 1 0 0
vn 1 0 0
vn 1 0 0
vn 1 0 0
vn 1 0 0
vn 1 0 0
vn 0.7071069 0.7071066 0
vn 0.7071069 0.7071066 0
vn 1 0 0
vn 0.7071068 0 0.7071068
vn 0.7071068 0 0.7071068
vn 1 0 0
vn -0.7071068 0 -0.7071068
vn -0.7071068 0 -0.7071068
vn -1 0 0
vn -1 0 0
vn -0.7071069 -0.7071066 0
vn -1 0 0
vn -1 0 0
vn -0.7071069 -0.7071066 0
vn -1 0 0
vn -1 0 0
vn -1 0 0
vn -1 0 0
vn -1 0 0
vn -0.7071069 0.7071066 0
vn -0.7071069 0.7071066 0
vn -1 0 0
vn -1 0 0
vn -1 0 0
vn -0.7071068 0 0.7071068
vn -0.7071068 0 0.7071068
vn 0.7071069 -0.7071066 0
vn 0 -1 0
vn 0 -1 0
vn 0.7071069 -0.7071066 0
vn 0 -0.7071066 -0.7071069
vn 0 -0.7071066 -0.7071069
vn 0 -1 0
vn 0 -1 0
vn 0 -1 0
vn 0 -1 0
vn 0 -1 0
vn 0 -1 0
vn 0 -1 0
vn 0 -1 0
vn 0 -0.7071066 0.7071069
vn 0 -0.7071066 0.7071069
vn 0 -1 0
vn -0.7071069 -0.7071066 0
vn -0.7071069 -0.7071066 0
vn 0 -1 0
vn 0.7071069 0.7071066 0
vn 0.7071069 0.7071066 0
vn 0 1 0
vn 0 1 0
vn 0 0.7071066 -0.7071069
vn 0 1 0
vn 0 1 0
vn 0 0.7071066 -0.7071069
vn 0 1 0
vn 0 1 0
vn 0 1 0
vn 0 1 0
vn 0 1 0
vn 0 0.7071066 0.7071069
vn 0 0.7071066 0.7071069
vn 0 1 0
vn 0 1 0
vn 0 1 0
vn -0.7071069 0.7071066 0
vn -0.7071069 0.7071066 0
vn 0 -0.7071066 -0.7071069
vn 0 0 -1
vn 0 0 -1
vn 0 -0.7071066 -0.7071069
vn 0.7071068 0 -0.7071068
vn 0.7071068 0 -0.7071068
vn 0 0 -1
vn 0 0 -1
vn 0 0 -1
vn 0 0 -1
vn 0 0 -1
vn 0 0 -1
vn 0 0 -1
vn 0 0 -1
vn -0.7071068 0 -0.7071068
vn -0.7071068 0 -0.7071068
vn 0 0 -1
vn 0 0.7071066 -0.7071069
vn 0 0.7071066 -0.7071069
vn 0 0 -1
vn 0 -0.7071066 0.7071069
vn 0 -0.7071066 0.7071069
vn 0 0 1
vn 0 0 1
vn 0.7071068 0 0.7071068
vn 0 0 1
vn 0 0 1
vn 0.7071068 0 0.7071068
vn 0 0 1
vn 0 0 1
vn 0 0 1
vn 0 0 1
vn 0 0 1
vn -0.7071068 0 0.7071068
vn -0.7071068 0 0.7071068
vn 0 0 1
vn 0 0 1
vn 0 0 1
vn 0 0.7071066 0.7071069
vn 0 0.7071066 0.7071069
vn 0.5773503 -0.5773503 -0.5773503
vn 0.7071068 -0.7071068 0
vn 1 0 0
vn 0.7071068 0 -0.7071068
vn 0.7071068 0 -0.7071068
vn 1 0 0
vn 1 0 0
vn 0.7071068 0 -0.7071068
vn 0.7071068 0 -0.7071068
vn 1 0 0
vn 0.7071068 0.7071068 0
vn 0.5773503 0.5773503 -0.5773503
vn 0.7071068 -0.7071068 0
vn 0.7071068 -0.7071068 0
vn 1 0 0
vn 1 0 0
vn 1 0 0
vn 1 0 0
vn 1 0 0
vn 1 0 0
vn 1 0 0
vn 1 0 0
vn 0.7071068 0.7071068 0
vn 0.7071068 0.7071068 0
vn 0.7071068 -0.7071068 0
vn 0.5773503 -0.5773503 0.5773503
vn 0.7071068 0 0.7071068
vn 1 0 0
vn 1 0 0
vn 0.7071068 0 0.7071068
vn 0.7071068 0 0.7071068
vn 1 0 0
vn 1 0 0
vn 0.7071068 0 0.7071068
vn 0.5773503 0.5773503 0.5773503
vn 0.7071068 0.7071068 0
vn -0.5773503 -0.5773503 -0.5773503
vn -0.7071068 0 -0.7071068
vn -1 0 0
vn -0.7071068 -0.7071068 0
vn -0.7071068 0 -0.7071068
vn -0.7071068 0 -0.7071068
vn -1 0 0
vn -1 0 0
vn -0.7071068 0 -0.7071068
vn -0.5773503 0.5773503 -0.5773503
vn -0.7071068 0.7071068 0
vn -1 0 0
vn -0.7071068 -0.7071068 0
vn -1 0 0
vn -1 0 0
vn -0.7071068 -0.7071068 0
vn -1 0 0
vn -1 0 0
vn -1 0 0
vn -1 0 0
vn -1 0 0
vn -0.7071068 0.7071068 0
vn -0.7071068 0.7071068 0
vn -1 0 0
vn -0.7071068 -0.7071068 0
vn -1 0 0
vn -0.7071068 0 0.7071068
vn -0.5773503 -0.5773503 0.5773503
vn -1 0 0
vn -1 0 0
vn -0.7071068 0 0.7071068
vn -0.7071068 0 0.7071068
vn -1 0 0
vn -0.7071068 0.7071068 0
vn -0.5773503 0.5773503 0.5773503
vn -0.7071068 0 0.7071068
vn 0.5773503 -0.5773503 -0.5773503
vn 0 -0.7071068 -0.7071068
vn 0 -1 0
vn 0.7071068 -0.7071068 0
vn 0.7071068 -0.7071068 0
vn 0 -1 0
vn 0 -1 0
vn 0.7071068 -0.7071068 0
vn 0.7071068 -0.7071068 0
vn 0 -1 0
vn 0 -0.7071068 0.7071068
vn 0.5773503 -0.5773503 0.5773503
vn 0 -0.7071068 -0.7071068
vn 0 -0.7071068 -0.7071068
vn 0 -1 0
vn 0 -1 0
vn 0 -1 0
vn 0 -1 0
vn 0 -1 0
vn 0 -1 0
vn 0 -1 0
vn 0 -1 0
vn 0 -0.7071068 0.7071068
vn 0 -0.7071068 0.7071068
vn 0 -0.7071068 -0.7071068
vn -0.5773503 -0.5773503 -0.5773503
vn -0.7071068 -0.7071068 0
vn 0 -1 0
vn 0 -1 0
vn -0.7071068 -0.7071068 0
vn -0.7071068 -0.7071068 0
vn 0 -1 0
vn 0 -1 0
vn -0.7071068 -0.7071068 0
vn -0.5773503 -0.5773503 0.5773503
vn 0 -0.7071068 0.7071068
vn 0.5773503 0.5773503 -0.5773503
vn 0.7071068 0.7071068 0
vn 0 1 0
vn 0 0.7071068 -0.7071068
vn 0.7071068 0.7071068 0
vn 0.7071068 0.7071068 0
vn 0 1 0
vn 0 1 0
vn 0.7071068 0.7071068 0
vn 0.5773503 0.5773503 0.5773503
vn 0 0.7071068 0.7071068
vn 0 1 0
vn 0 0.7071068 -0.7071068
vn 0 1 0
vn 0 1 0
vn 0 0.7071068 -0.7071068
vn 0 1 0
vn 0 1 0
vn 0 1 0
vn 0 1 0
vn 0 1 0
vn 0 0.7071068 0.7071068
vn 0 0.7071068 0.7071068
vn 0 1 0
vn 0 0.7071068 -0.7071068
vn 0 1 0
vn -0.7071068 0.7071068 0
vn -0.5773503 0.5773503 -0.5773503
vn 0 1 0
vn 0 1 0
vn -0.7071068 0.7071068 0
vn -0.7071068 0.7071068 0
vn 0 1 0
vn 0 0.7071068 0.7071068
vn -0.5773503 0.5773503 0.5773503
vn -0.7071068 0.7071068 0
vn 0.5773503 -0.5773503 -0.5773503
vn 0.7071068 0 -0.7071068
vn 0 0 -1
vn 0 -0.7071068 -0.7071068
vn 0 -0.7071068 -0.7071068
vn 0 0 -1
vn 0 0 -1
vn 0 -0.7071068 -0.7071068
vn 0 -0.7071068 -0.7071068
vn 0 0 -1
vn -0.7071068 0 -0.7071068
vn -0.5773503 -0.5773503 -0.5773503
vn 0.7071068 0 -0.7071068
vn 0.7071068 0 -0.7071068
vn 0 0 -1
vn 0 0 -1
vn 0 0 -1
vn 0 0 -1
vn 0 0 -1
vn 0 0 -1
vn 0 0 -1
vn 0 0 -1
vn -0.7071068 0 -0.7071068
vn -0.7071068 0 -0.7071068
vn 0.7071068 0 -0.7071068
vn 0.5773503 0.5773503 -0.5773503
vn 0 0.7071068 -0.7071068
vn 0 0 -1
vn 0 0 -1
vn 0 0.7071068 -0.7071068
vn 0 0.7071068 -0.7071068
vn 0 0 -1
vn 0 0 -1
vn 0 0.7071068 -0.7071068
vn -0.5773503 0.5773503 -0.5773503
vn -0.7071068 0 -0.7071068
vn 0.5773503 -0.5773503 0.5773503
vn 0 -0.7071068 0.7071068
vn 0 0 1
vn 0.7071068 0 0.7071068
vn 0 -0.7071068 0.7071068
vn 0 -0.7071068 0.7071068
vn 0 0 1
vn 0 0 1
vn 0 -0.7071068 0.7071068
vn -0.5773503 -0.5773503 0.5773503
vn -0.7071068 0 0.7071068
vn 0 0 1
vn 0.7071068 0 0.7071068
vn 0 0 1
vn 0 0 1
vn 0.7071068 0 0.7071068
vn 0 0 1
vn 0 0 1
vn 0 0 1
vn 0 0 1
vn 0 0 1
vn -0.7071068 0 0.7071068
vn -0.7071068 0 0.7071068
vn 0 0 1
vn 0.7071068 0 0.7071068
vn 0 0 1
vn 0 0.7071068 0.7071068
vn 0.5773503 0.5773503 0.5773503
vn 0 0 1
vn 0 0 1
vn 0 0.7071068 0.7071068
vn 0 0.7071068 0.7071068
vn 0 0 1
vn -0.7071068 0 0.7071068
vn -0.5773503 0.5773503 0.5773503
vn 0 0.7071068 0.7071068
vn 0.5773503 -0.5773503 -0.5773503
vn 0.7071068 -0.7071068 0
vn 1 0 0
vn 0.7071068 0 -0.7071068
vn 0.7071068 0 -0.7071068
vn 1 0 0
vn 1 0 0
vn 0.7071068 0 -0.7071068
vn 0.7071068 0 -0.7071068
vn 1 0 0
vn 0.7071068 0.7071068 0
vn 0.5773503 0.5773503 -0.5773503
vn 0.7071068 -0.7071068 0
vn 0.7071068 -0.7071068 0
vn 1 0 0
vn 1 0 0
vn 1 0 0
vn 1 0 0
vn 1 0 0
vn 1 0 0
vn 1 0 0
vn 1 0 0
vn 0.7071068 0.7071068 0
vn 0.7071068 0.7071068 0
vn 0.7071068 -0.7071068 0
vn 0.5773503 -0.5773503 0.5773503
vn 0.7071068 0 0.7071068
vn 1 0 0
vn 1 0 0
vn 0.7071068 0 0.7071068
vn 0.7071068 0 0.7071068
vn 1 0 0
vn 1 0 0
vn 0.7071068 0 0.7071068
vn 0.5773503 0.5773503 0.5773503
vn 0.7071068 0.7071068 0
vn -0.5773503 -0.5773503 -0.5773503
vn -0.7071068 0 -0.7071068
vn -1 0 0
vn -0.7071068 -0.7071068 0
vn -0.7071068 0 -0.7071068
vn -0.7071068 0 -0.7071068
vn -1 0 0
vn -1 0 0
vn -0.7071068 0 -0.7071068
vn -0.5773503 0.5773503 -0.5773503
vn -0.7071068 0.7071068 0
vn -1 0 0
vn -0.7071068 -0.7071068 0
vn -1 0 0
vn -1 0 0
vn -0.7071068 -0.7071068 0
vn -1 0 0
vn -1 0 0
vn -1 0 0
vn -1 0 0
vn -1 0 0
vn -0.7071068 0.7071068 0
vn -0.7071068 0.7071068 0
vn -1 0 0
vn -0.7071068 -0.7071068 0
vn -1 0 0
vn -0.7071068 0 0.7071068
vn -0.5773503 -0.5773503 0.5773503
vn -1 0 0
vn -1 0 0
vn -0.7071068 0 0.7071068
vn -0.7071068 0 0.7071068
vn -1 0 0
vn -0.7071068 0.7071068 0
vn -0.5773503 0.5773503 0.5773503
vn -0.7071068 0 0.7071068
vn 0.5773503 -0.5773503 -0.5773503
vn 0 -0.7071068 -0.7071068
vn 0 -1 0
vn 0.7071068 -0.7071068 0
vn 0.7071068 -0.7071068 0
vn 0 -1 0
vn 0 -1 0
vn 0.7071068 -0.7071068 0
vn 0.7071068 -0.7071068 0
vn 0 -1 0
vn 0 -0.7071068 0.7071068
vn 0.5773503 -0.5773503 0.5773503
vn 0 -0.7071068 -0.7071068
vn 0 -0.7071068 -0.7071068
vn 0 -1 0
vn 0 -1 0
vn 0 -1 0
vn 0 -1 0
vn 0 -1 0
vn 0 -1 0
vn 0 -1 0
vn 0 -1 0
vn 0 -0.7071068 0.7071068
vn 0 -0.7071068 0.7071068
vn 0 -0.7071068 -0.7071068
vn -0.5773503 -0.5773503 -0.5773503
vn -0.7071068 -0.7071068 0
vn 0 -1 0
vn 0 -1 0
vn -0.7071068 -0.7071068 0
vn -0.7071068 -0.7071068 0
vn 0 -1 0
vn 0 -1 0
vn -0.7071068 -0.7071068 0
vn -0.5773503 -0.5773503 0.5773503
vn 0 -0.7071068 0.7071068
vn 0.5773503 0.5773503 -0.5773503
vn 0.7071068 0.7071068 0
vn 0 1 0
vn 0 0.7071068 -0.7071068
vn 0.7071068 0.7071068 0
vn 0.7071068 0.7071068 0
vn 0 1 0
vn 0 1 0
vn 0.7071068 0.7071068 0
vn 0.5773503 0.5773503 0.5773503
vn 0 0.7071068 0.7071068
vn 0 1 0
vn 0 0.7071068 -0.7071068
vn 0 1 0
vn 0 1 0
vn 0 0.7071068 -0.7071068
vn 0 1 0
vn 0 1 0
vn 0 1 0
vn 0 1 0
vn 0 1 0
vn 0 0.7071068 0.7071068
vn 0 0.7071068 0.7071068
vn 0 1 0
vn 0 0.7071068 -0.7071068
vn 0 1 0
vn -0.7071068 0.7071068 0
vn -0.5773503 0.5773503 -0.5773503
vn 0 1 0
vn 0 1 0
vn -0.7071068 0.7071068 0
vn -0.7071068 0.7071068 0
vn 0 1 0
vn 0 0.7071068 0.7071068
vn -0.5773503 0.5773503 0.5773503
vn -0.7071068 0.7071068 0
vn 0.5773503 -0.5773503 -0.5773503
vn 0.7071068 0 -0.7071068
vn 0 0 -1
vn 0 -0.7071068 -0.7071068
vn 0 -0.7071068 -0.7071068
vn 0 0 -1
vn 0 0 -1
vn 0 -0.7071068 -0.7071068
vn 0 -0.7071068 -0.7071068
vn 0 0 -1
vn -0.7071068 0 -0.7071068
vn -0.5773503 -0.5773503 -0.5773503
vn 0.7071068 0 -0.7071068
vn 0.7071068 0 -0.7071068
vn 0 0 -1
vn 0 0 -1
vn 0 0 -1
vn 0 0 -1
vn 0 0 -1
vn 0 0 -1
vn 0 0 -1
vn 0 0 -1
vn -0.7071068 0 -0.7071068
vn -0.7071068 0 -0.7071068
vn 0.7071068 0 -0.7071068
vn 0.5773503 0.5773503 -0.5773503
vn 0 0.7071068 -0.7071068
vn 0 0 -1
vn 0 0 -1
vn 0 0.7071068 -0.7071068
vn 0 0.7071068 -0.7071068
vn 0 0 -1
vn 0 0 -1
vn 0 0.7071068 -0.7071068
vn -0.5773503 0.5773503 -0.5773503
vn -0.7071068 0 -0.7071068
vn 0.5773503 -0.5773503 0.5773503
vn 0 -0.7071068 0.7071068
vn 0 0 1
vn 0.7071068 0 0.7071068
vn 0 -0.7071068 0.7071068
vn 0 -0.7071068 0.7071068
vn 0 0 1
vn 0 0 1
vn 0 -0.7071068 0.7071068
vn -0.5773503 -0.5773503 0.5773503
vn -0.7071068 0 0.7071068
vn 0 0 1
vn 0.7071068 0 0.7071068
vn 0 0 1
vn 0 0 1
vn 0.7071068 0 0.7071068
vn 0 0 1
vn 0 0 1
vn 0 0 1
vn 0 0 1
vn 0 0 1
vn -0.7071068 0 0.7071068
vn -0.7071068 0 0.7071068
vn 0 0 1
vn 0.7071068 0 0.7071068
vn 0 0 1
vn 0 0.7071068 0.7071068
vn 0.5773503 0.5773503 0.5773503
vn 0 0 1
vn 0 0 1
vn 0 0.7071068 0.7071068
vn 0 0.7071068 0.7071068
vn 0 0 1
vn -0.7071068 0 0.7071068
vn -0.5773503 0.5773503 0.5773503
vn 0 0.7071068 0.7071068
vn 0.5773504 -0.5773502 -0.5773502
vn 0.7071069 -0.7071066 0
vn 1 0 0
vn 0.7071069 0 -0.7071066
vn 0.7071069 0 -0.7071066
vn 1 0 0
vn 1 0 0
vn 0.7071069 0 -0.7071066
vn 0.7071069 0 -0.7071066
vn 1 0 0
vn 0.7071069 0.7071066 0
vn 0.5773504 0.5773502 -0.5773502
vn 0.7071069 -0.7071066 0
vn 0.7071069 -0.7071066 0
vn 1 0 0
vn 1 0 0
vn 1 0 0
vn 1 0 0
vn 1 0 0
vn 1 0 0
vn 1 0 0
vn 1 0 0
vn 0.7071069 0.7071066 0
vn 0.7071069 0.7071066 0
vn 0.7071069 -0.7071066 0
vn 0.5773504 -0.5773502 0.5773502
vn 0.7071069 0 0.7071066
vn 1 0 0
vn 1 0 0
vn 0.7071069 0 0.7071066
vn 0.7071069 0 0.7071066
vn 1 0 0
vn 1 0 0
vn 0.7071069 0 0.7071066
vn 0.5773504 0.5773502 0.5773502
vn 0.7071069 0.7071066 0
vn -0.5773504 -0.5773502 -0.5773502
vn -0.7071069 0 -0.7071066
vn -1 0 0
vn -0.7071069 -0.7071066 0
vn -0.7071069 0 -0.7071066
vn -0.7071069 0 -0.7071066
vn -1 0 0
vn -1 0 0
vn -0.7071069 0 -0.7071066
vn -0.5773504 0.5773502 -0.5773502
vn -0.7071069 0.7071066 0
vn -1 0 0
vn -0.7071069 -0.7071066 0
vn -1 0 0
vn -1 0 0
vn -0.7071069 -0.7071066 0
vn -1 0 0
vn -1 0 0
vn -1 0 0
vn -1 0 0
vn -1 0 0
vn -0.7071069 0.7071066 0
vn -0.7071069 0.7071066 0
vn -1 0 0
vn -0.7071069 -0.7071066 0
vn -1 0 0
vn -0.7071069 0 0.7071066
vn -0.5773504 -0.5773502 0.5773502
vn -1 0 0
vn -1 0 0
vn -0.7071069 0 0.7071066
vn -0.7071069 0 0.7071066
vn -1 0 0
vn -0.7071069 0.7071066 0
vn -0.5773504 0.5773502 0.5773502
vn -0.7071069 0 0.7071066
vn 0.5773504 -0.5773502 -0.5773502
vn 0 -0.7071068 -0.7071068
vn 0 -1 0
vn 0.7071069 -0.7071066 0
vn 0.7071069 -0.7071066 0
vn 0 -1 0
vn 0 -1 0
vn 0.7071069 -0.7071066 0
vn 0.7071069 -0.7071066 0
vn 0 -1 0
vn 0 -0.7071068 0.7071068
vn 0.5773504 -0.5773502 0.5773502
vn 0 -0.7071068 -0.7071068
vn 0 -0.7071068 -0.7071068
vn 0 -1 0
vn 0 -1 0
vn 0 -1 0
vn 0 -1 0
vn 0 -1 0
vn 0 -1 0
vn 0 -1 0
vn 0 -1 0
vn 0 -0.7071068 0.7071068
vn 0 -0.7071068 0.7071068
vn 0 -0.7071068 -0.7071068
vn -0.5773504 -0.5773502 -0.5773502
vn -0.7071069 -0.7071066 0
vn 0 -1 0
vn 0 -1 0
vn -0.7071069 -0.7071066 0
vn -0.7071069 -0.7071066 0
vn 0 -1 0
vn 0 -1 0
vn -0.7071069 -0.7071066 0
vn -0.5773504 -0.5773502 0.5773502
vn 0 -0.7071068 0.7071068
vn 0.5773504 0.5773502 -0.5773502
vn 0.7071069 0.7071066 0
vn 0 1 0
vn 0 0.7071068 -0.7071068
vn 0.7071069 0.7071066 0
vn 0.7071069 0.7071066 0
vn 0 1 0
vn 0 1 0
vn 0.7071069 0.7071066 0
vn 0.5773504 0.5773502 0.5773502
vn 0 0.7071068 0.7071068
vn 0 1 0
vn 0 0.7071068 -0.7071068
vn 0 1 0
vn 0 1 0
vn 0 0.7071068 -0.7071068
vn 0 1 0
vn 0 1 0
vn 0 1 0
vn 0 1 0
vn 0 1 0
vn 0 0.7071068 0.7071068
vn 0 0.7071068 0.7071068
vn 0 1 0
vn 0 0.7071068 -0.7071068
vn 0 1 0
vn -0.7071069 0.7071066 0
vn -0.5773504 0.5773502 -0.5773502
vn 0 1 0
vn 0 1 0
vn -0.7071069 0.7071066 0
vn -0.7071069 0.7071066 0
vn 0 1 0
vn 0 0.7071068 0.7071068
vn -0.5773504 0.5773502 0.5773502
vn -0.7071069 0.7071066 0
vn 0.5773504 -0.5773502 -0.5773502
vn 0.7071069 0 -0.7071066
vn 0 0 -1
vn 0 -0.7071068 -0.7071068
vn 0 -0.7071068 -0.7071068
vn 0 0 -1
vn 0 0 -1
vn 0 -0.7071068 -0.7071068
vn 0 -0.7071068 -0.7071068
vn 0 0 -1
vn -0.7071069 0 -0.7071066
vn -0.5773504 -0.5773502 -0.5773502
vn 0.7071069 0 -0.7071066
vn 0.7071069 0 -0.7071066
vn 0 0 -1
vn 0 0 -1
vn 0 0 -1
vn 0 0 -1
vn 0 0 -1
vn 0 0 -1
vn 0 0 -1
vn 0 0 -1
vn -0.7071069 0 -0.7071066
vn -0.7071069 0 -0.7071066
vn 0.7071069 0 -0.7071066
vn 0.5773504 0.5773502 -0.5773502
vn 0 0.7071068 -0.7071068
vn 0 0 -1
vn 0 0 -1
vn 0 0.7071068 -0.7071068
vn 0 0.7071068 -0.7071068
vn 0 0 -1
vn 0 0 -1
vn 0 0.7071068 -0.7071068
vn -0.5773504 0.5773502 -0.5773502
vn -0.7071069 0 -0.7071066
vn 0.5773504 -0.5773502 0.5773502
vn 0 -0.7071068 0.7071068
vn 0 0 1
vn 0.7071069 0 0.7071066
vn 0 -0.7071068 0.7071068
vn 0 -0.7071068 0.7071068
vn 0 0 1
vn 0 0 1
vn 0 -0.7071068 0.7071068
vn -0.5773504 -0.5773502 0.5773502
vn -0.7071069 0 0.7071066
vn 0 0 1
vn 0.7071069 0 0.7071066
vn 0 0 1
vn 0 0 1
vn 0.7071069 0 0.7071066
vn 0 0 1
vn 0 0 1
vn 0 0 1
vn 0 0 1
vn 0 0 1
vn -0.7071069 0 0.7071066
vn -0.7071069 0 0.7071066
vn 0 0 1
vn 0.7071069 0 0.7071066
vn 0 0 1
vn 0 0.7071068 0.7071068
vn 0.5773504 0.5773502 0.5773502
vn 0 0 1
vn 0 0 1
vn 0 0.7071068 0.7071068
vn 0 0.7071068 0.7071068
vn 0 0 1
vn -0.7071069 0 0.7071066
vn -0.5773504 0.5773502 0.5773502
vn 0 0.7071068 0.7071068
vn 0.9876884 -0.1564344 0
vn 0.8910065 -0.4539905 0
vn 0.8910065 -0.4539905 0
vn 0.9876884 -0.1564344 0
vn 0.8910065 -0.4539905 0
vn 0.7071068 -0.7071068 0
vn 0.7071068 -0.7071068 0
vn 0.8910065 -0.4539905 0
vn 0.7071068 -0.7071068 0
vn 0.4539905 -0.8910065 0
vn 0.4539905 -0.8910065 0
vn 0.7071068 -0.7071068 0
vn 0.4539905 -0.8910065 0
vn 0.1564344 -0.9876884 0
vn 0.1564344 -0.9876884 0
vn 0.4539905 -0.8910065 0
vn 0.1564344 -0.9876884 0
vn -0.1564344 -0.9876884 0
vn -0.1564344 -0.9876884 0
vn 0.1564344 -0.9876884 0
vn -0.1564344 -0.9876884 0
vn -0.4539907 -0.8910065 0
vn -0.4539907 -0.8910065 0
vn -0.1564344 -0.9876884 0
vn -0.4539907 -0.8910065 0
vn -0.7071068 -0.7071068 0
vn -0.7071068 -0.7071068 0
vn -0.4539907 -0.8910065 0
vn -0.7071068 -0.7071068 0
vn -0.8910066 -0.4539903 0
vn -0.8910066 -0.4539903 0
vn -0.7071068 -0.7071068 0
vn -0.8910066 -0.4539903 0
vn -0.9876884 -0.1564344 0
vn -0.9876884 -0.1564344 0
vn -0.8910066 -0.4539903 0
vn -0.9876884 -0.1564344 0
vn -0.9876883 0.1564347 0
vn -0.9876883 0.1564347 0
vn -0.9876884 -0.1564344 0
vn -0.9876883 0.1564347 0
vn -0.8910065 0.4539905 0
vn -0.8910065 0.4539905 0
vn -0.9876883 0.1564347 0
vn -0.8910065 0.4539905 0
vn -0.7071065 0.707107 0
vn -0.7071065 0.707107 0
vn -0.8910065 0.4539905 0
vn -0.7071065 0.707107 0
vn -0.4539901 0.8910067 0
vn -0.4539901 0.8910067 0
vn -0.7071065 0.707107 0
vn -0.4539901 0.8910067 0
vn -0.1564345 0.9876884 0
vn -0.1564345 0.9876884 0
vn -0.4539901 0.8910067 0
vn -0.1564345 0.9876884 0
vn 0.1564345 0.9876884 0
vn 0.1564345 0.9876884 0
vn -0.1564345 0.9876884 0
vn 0.1564345 0.9876884 0
vn 0.4539907 0.8910065 0
vn 0.4539907 0.8910065 0
vn 0.1564345 0.9876884 0
vn 0.4539907 0.8910065 0
vn 0.707107 0.7071065 0
vn 0.707107 0.7071065 0
vn 0.4539907 0.8910065 0
vn 0.707107 0.7071065 0
vn 0.8910065 0.4539905 0
vn 0.8910065 0.4539905 0
vn 0.707107 0.7071065 0
vn 0.8910065 0.4539905 0
vn 0.9876884 0.1564344 0
vn 0.9876884 0.1564344 0
vn 0.8910065 0.4539905 0
vn 0.9876884 0.1564344 0
vn 0.9876884 -0.1564344 0
vn 0.9876884 -0.1564344 0
vn 0.9876884 0.1564344 0
vn 0 0 -1
vn 0 0 -1
vn 0 0 -1
vn 0 0 -1
vn 0 0 -1
vn 0 0 -1
vn 0 0 -1
vn 0 0 -1
vn 0 0 -1
vn 0 0 -1
vn 0 0 -1
vn 0 0 -1
vn 0 0 -1
vn 0 0 -1
vn 0 0 -1
vn 0 0 -1
vn 0 0 -1
vn 0 0 -1
vn 0 0 -1
vn 0 0 -1
vn 0 0 -1
vn 0 0 -1
vn 0 0 -1
vn 0 0 -1
vn 0 0 -1
vn 0 0 -1
vn 0 0 -1
vn 0 0 -1
vn 0 0 -1
vn 0 0 -1
vn 0 0 -1
vn 0 0 -1
vn 0 0 -1
vn 0 0 -1
vn 0 0 -1
vn 0 0 -1
vn 0 0 -1
vn 0 0 -1
vn 0 0 -1
vn 0 0 -1
vn 0 0 -1
vn 0 0 -1
vn 0 0 -1
vn 0 0 -1
vn 0 0 -1
vn 0 0 -1
vn 0 0 -1
vn 0 0 -1
vn 0 0 -1
vn 0 0 -1
vn 0 0 -1
vn 0 0 -1
vn 0 0 -1
vn 0 0 -1
vn 0 0 -1
vn 0 0 -1
vn 0 0 -1
vn 0 0 -1
vn 0 0 -1
vn 0 0 -1
vn 0 0 1
vn 0 0 1
vn 0 0 1
vn 0 0 1
vn 0 0 1
vn 0 0 1
vn 0 0 1
vn 0 0 1
vn 0 0 1
vn 0 0 1
vn 0 0 1
vn 0 0 1
vn 0 0 1
vn 0 0 1
vn 0 0 1
vn 0 0 1
vn 0 0 1
vn 0 0 1
vn 0 0 1
vn 0 0 1
vn 0 0 1
vn 0 0 1
vn 0 0 1
vn 0 0 1
vn 0 0 1
vn 0 0 1
vn 0 0 1
vn 0 0 1
vn 0 0 1
vn 0 0 1
vn 0 0 1
vn 0 0 1
vn 0 0 1
vn 0 0 1
vn 0 0 1
vn 0 0 1
vn 0 0 1
vn 0 0 1
vn 0 0 1
vn 0 0 1
vn 0 0 1
vn 0 0 1
vn 0 0 1
vn 0 0 1
vn 0 0 1
vn 0 0 1
vn 0 0 1
vn 0 0 1
vn 0 0 1
vn 0 0 1
vn 0 0 1
vn 0 0 1
vn 0 0 1
vn 0 0 1
vn 0 0 1
vn 0 0 1
vn 0 0 1
vn 0 0 1
vn 0 0 1
vn 0 0 1
vn -5.161908E-08 -0.8164957 -0.5773515
vn -6.322027E-08 -1 0
vn 0.7071067 -0.7071068 0
vn 0.4999992 -0.4999992 -0.7071079
vn 0.4999992 -0.4999992 -0.7071079
vn 0.7071067 -0.7071068 0
vn 0.7071067 -0.7071068 0
vn 0.4999992 -0.4999992 -0.7071079
vn 0.4999992 -0.4999992 -0.7071079
vn 0.7071067 -0.7071068 0
vn 1 -6.322027E-08 0
vn 0.8164957 -5.161908E-08 -0.5773515
vn -6.322027E-08 -1 0
vn -6.322027E-08 -1 0
vn 0.7071067 -0.7071068 0
vn 0.7071067 -0.7071068 0
vn 0.7071067 -0.7071068 0
vn 0.7071067 -0.7071068 0
vn 0.7071067 -0.7071068 0
vn 0.7071067 -0.7071068 0
vn 0.7071067 -0.7071068 0
vn 0.7071067 -0.7071068 0
vn 1 -6.322027E-08 0
vn 1 -6.322027E-08 0
vn -6.322027E-08 -1 0
vn -5.161908E-08 -0.8164957 0.5773515
vn 0.4999992 -0.4999992 0.7071079
vn 0.7071067 -0.7071068 0
vn 0.7071067 -0.7071068 0
vn 0.4999992 -0.4999992 0.7071079
vn 0.4999992 -0.4999992 0.7071079
vn 0.7071067 -0.7071068 0
vn 0.7071067 -0.7071068 0
vn 0.4999992 -0.4999992 0.7071079
vn 0.8164957 -5.161908E-08 0.5773515
vn 1 -6.322027E-08 0
vn -0.8164957 5.161908E-08 -0.5773515
vn -0.4999992 0.4999992 -0.7071079
vn -0.7071067 0.7071068 0
vn -1 6.322027E-08 0
vn -0.4999992 0.4999992 -0.7071079
vn -0.4999992 0.4999992 -0.7071079
vn -0.7071067 0.7071068 0
vn -0.7071067 0.7071068 0
vn -0.4999992 0.4999992 -0.7071079
vn 5.161908E-08 0.8164957 -0.5773515
vn 6.322027E-08 1 0
vn -0.7071067 0.7071068 0
vn -1 6.322027E-08 0
vn -0.7071067 0.7071068 0
vn -0.7071067 0.7071068 0
vn -1 6.322027E-08 0
vn -0.7071067 0.7071068 0
vn -0.7071067 0.7071068 0
vn -0.7071067 0.7071068 0
vn -0.7071067 0.7071068 0
vn -0.7071067 0.7071068 0
vn 6.322027E-08 1 0
vn 6.322027E-08 1 0
vn -0.7071067 0.7071068 0
vn -1 6.322027E-08 0
vn -0.7071067 0.7071068 0
vn -0.4999992 0.4999992 0.7071079
vn -0.8164957 5.161908E-08 0.5773515
vn -0.7071067 0.7071068 0
vn -0.7071067 0.7071068 0
vn -0.4999992 0.4999992 0.7071079
vn -0.4999992 0.4999992 0.7071079
vn -0.7071067 0.7071068 0
vn 6.322027E-08 1 0
vn 5.161908E-08 0.8164957 0.5773515
vn -0.4999992 0.4999992 0.7071079
vn -5.161908E-08 -0.8164957 -0.5773515
vn -0.4999992 -0.4999992 -0.7071079
vn -0.7071068 -0.7071067 0
vn -6.322027E-08 -1 0
vn -6.322027E-08 -1 0
vn -0.7071068 -0.7071067 0
vn -0.7071068 -0.7071067 0
vn -6.322027E-08 -1 0
vn -6.322027E-08 -1 0
vn -0.7071068 -0.7071067 0
vn -0.4999992 -0.4999992 0.7071079
vn -5.161908E-08 -0.8164957 0.5773515
vn -0.4999992 -0.4999992 -0.7071079
vn -0.4999992 -0.4999992 -0.7071079
vn -0.7071068 -0.7071067 0
vn -0.7071068 -0.7071067 0
vn -0.7071068 -0.7071067 0
vn -0.7071068 -0.7071067 0
vn -0.7071068 -0.7071067 0
vn -0.7071068 -0.7071067 0
vn -0.7071068 -0.7071067 0
vn -0.7071068 -0.7071067 0
vn -0.4999992 -0.4999992 0.7071079
vn -0.4999992 -0.4999992 0.7071079
vn -0.4999992 -0.4999992 -0.7071079
vn -0.8164957 5.161908E-08 -0.5773515
vn -1 6.322027E-08 0
vn -0.7071068 -0.7071067 0
vn -0.7071068 -0.7071067 0
vn -1 6.322027E-08 0
vn -1 6.322027E-08 0
vn -0.7071068 -0.7071067 0
vn -0.7071068 -0.7071067 0
vn -1 6.322027E-08 0
vn -0.8164957 5.161908E-08 0.5773515
vn -0.4999992 -0.4999992 0.7071079
vn 0.8164957 -5.161908E-08 -0.5773515
vn 1 -6.322027E-08 0
vn 0.7071068 0.7071067 0
vn 0.4999992 0.4999992 -0.7071079
vn 1 -6.322027E-08 0
vn 1 -6.322027E-08 0
vn 0.7071068 0.7071067 0
vn 0.7071068 0.7071067 0
vn 1 -6.322027E-08 0
vn 0.8164957 -5.161908E-08 0.5773515
vn 0.4999992 0.4999992 0.7071079
vn 0.7071068 0.7071067 0
vn 0.4999992 0.4999992 -0.7071079
vn 0.7071068 0.7071067 0
vn 0.7071068 0.7071067 0
vn 0.4999992 0.4999992 -0.7071079
vn 0.7071068 0.7071067 0
vn 0.7071068 0.7071067 0
vn 0.7071068 0.7071067 0
vn 0.7071068 0.7071067 0
vn 0.7071068 0.7071067 0
vn 0.4999992 0.4999992 0.7071079
vn 0.4999992 0.4999992 0.7071079
vn 0.7071068 0.7071067 0
vn 0.4999992 0.4999992 -0.7071079
vn 0.7071068 0.7071067 0
vn 6.322027E-08 1 0
vn 5.161908E-08 0.8164957 -0.5773515
vn 0.7071068 0.7071067 0
vn 0.7071068 0.7071067 0
vn 6.322027E-08 1 0
vn 6.322027E-08 1 0
vn 0.7071068 0.7071067 0
vn 0.4999992 0.4999992 0.7071079
vn 5.161908E-08 0.8164957 0.5773515
vn 6.322027E-08 1 0
vn -5.161908E-08 -0.8164957 -0.5773515
vn 0.4999992 -0.4999992 -0.7071079
vn 0 0 -1
vn -0.4999992 -0.4999992 -0.7071079
vn -0.4999992 -0.4999992 -0.7071079
vn 0 0 -1
vn 0 0 -1
vn -0.4999992 -0.4999992 -0.7071079
vn -0.4999992 -0.4999992 -0.7071079
vn 0 0 -1
vn -0.4999992 0.4999992 -0.7071079
vn -0.8164957 5.161908E-08 -0.5773515
vn 0.4999992 -0.4999992 -0.7071079
vn 0.4999992 -0.4999992 -0.7071079
vn 0 0 -1
vn 0 0 -1
vn 0 0 -1
vn 0 0 -1
vn 0 0 -1
vn 0 0 -1
vn 0 0 -1
vn 0 0 -1
vn -0.4999992 0.4999992 -0.7071079
vn -0.4999992 0.4999992 -0.7071079
vn 0.4999992 -0.4999992 -0.7071079
vn 0.8164957 -5.161908E-08 -0.5773515
vn 0.4999992 0.4999992 -0.7071079
vn 0 0 -1
vn 0 0 -1
vn 0.4999992 0.4999992 -0.7071079
vn 0.4999992 0.4999992 -0.7071079
vn 0 0 -1
vn 0 0 -1
vn 0.4999992 0.4999992 -0.7071079
vn 5.161908E-08 0.8164957 -0.5773515
vn -0.4999992 0.4999992 -0.7071079
vn -5.161908E-08 -0.8164957 0.5773515
vn -0.4999992 -0.4999992 0.7071079
vn 0 0 1
vn 0.4999992 -0.4999992 0.7071079
vn -0.4999992 -0.4999992 0.7071079
vn -0.4999992 -0.4999992 0.7071079
vn 0 0 1
vn 0 0 1
vn -0.4999992 -0.4999992 0.7071079
vn -0.8164957 5.161908E-08 0.5773515
vn -0.4999992 0.4999992 0.7071079
vn 0 0 1
vn 0.4999992 -0.4999992 0.7071079
vn 0 0 1
vn 0 0 1
vn 0.4999992 -0.4999992 0.7071079
vn 0 0 1
vn 0 0 1
vn 0 0 1
vn 0 0 1
vn 0 0 1
vn -0.4999992 0.4999992 0.7071079
vn -0.4999992 0.4999992 0.7071079
vn 0 0 1
vn 0.4999992 -0.4999992 0.7071079
vn 0 0 1
vn 0.4999992 0.4999992 0.7071079
vn 0.8164957 -5.161908E-08 0.5773515
vn 0 0 1
vn 0 0 1
vn 0.4999992 0.4999992 0.7071079
vn 0.4999992 0.4999992 0.7071079
vn 0 0 1
vn -0.4999992 0.4999992 0.7071079
vn 5.161908E-08 0.8164957 0.5773515
vn 0.4999992 0.4999992 0.7071079
vn -5.161908E-08 -0.8164957 -0.5773515
vn -6.322027E-08 -1 0
vn 0.7071067 -0.7071068 0
vn 0.4999992 -0.4999992 -0.7071079
vn 0.4999992 -0.4999992 -0.7071079
vn 0.7071067 -0.7071068 0
vn 0.7071067 -0.7071068 0
vn 0.4999992 -0.4999992 -0.7071079
vn 0.4999992 -0.4999992 -0.7071079
vn 0.7071067 -0.7071068 0
vn 1 -6.322027E-08 0
vn 0.8164957 -5.161908E-08 -0.5773515
vn -6.322027E-08 -1 0
vn -6.322027E-08 -1 0
vn 0.7071067 -0.7071068 0
vn 0.7071067 -0.7071068 0
vn 0.7071067 -0.7071068 0
vn 0.7071067 -0.7071068 0
vn 0.7071067 -0.7071068 0
vn 0.7071067 -0.7071068 0
vn 0.7071067 -0.7071068 0
vn 0.7071067 -0.7071068 0
vn 1 -6.322027E-08 0
vn 1 -6.322027E-08 0
vn -6.322027E-08 -1 0
vn -5.161908E-08 -0.8164957 0.5773515
vn 0.4999992 -0.4999992 0.7071079
vn 0.7071067 -0.7071068 0
vn 0.7071067 -0.7071068 0
vn 0.4999992 -0.4999992 0.7071079
vn 0.4999992 -0.4999992 0.7071079
vn 0.7071067 -0.7071068 0
vn 0.7071067 -0.7071068 0
vn 0.4999992 -0.4999992 0.7071079
vn 0.8164957 -5.161908E-08 0.5773515
vn 1 -6.322027E-08 0
vn -0.8164957 5.161908E-08 -0.5773515
vn -0.4999992 0.4999992 -0.7071079
vn -0.7071067 0.7071068 0
vn -1 6.322027E-08 0
vn -0.4999992 0.4999992 -0.7071079
vn -0.4999992 0.4999992 -0.7071079
vn -0.7071067 0.7071068 0
vn -0.7071067 0.7071068 0
vn -0.4999992 0.4999992 -0.7071079
vn 5.161908E-08 0.8164957 -0.5773515
vn 6.322027E-08 1 0
vn -0.7071067 0.7071068 0
vn -1 6.322027E-08 0
vn -0.7071067 0.7071068 0
vn -0.7071067 0.7071068 0
vn -1 6.322027E-08 0
vn -0.7071067 0.7071068 0
vn -0.7071067 0.7071068 0
vn -0.7071067 0.7071068 0
vn -0.7071067 0.7071068 0
vn -0.7071067 0.7071068 0
vn 6.322027E-08 1 0
vn 6.322027E-08 1 0
vn -0.7071067 0.7071068 0
vn -1 6.322027E-08 0
vn -0.7071067 0.7071068 0
vn -0.4999992 0.4999992 0.7071079
vn -0.8164957 5.161908E-08 0.5773515
vn -0.7071067 0.7071068 0
vn -0.7071067 0.7071068 0
vn -0.4999992 0.4999992 0.7071079
vn -0.4999992 0.4999992 0.7071079
vn -0.7071067 0.7071068 0
vn 6.322027E-08 1 0
vn 5.161908E-08 0.8164957 0.5773515
vn -0.4999992 0.4999992 0.7071079
vn -5.161908E-08 -0.8164957 -0.5773515
vn -0.4999992 -0.4999992 -0.7071079
vn -0.7071068 -0.7071067 0
vn -6.322027E-08 -1 0
vn -6.322027E-08 -1 0
vn -0.7071068 -0.7071067 0
vn -0.7071068 -0.7071067 0
vn -6.322027E-08 -1 0
vn -6.322027E-08 -1 0
vn -0.7071068 -0.7071067 0
vn -0.4999992 -0.4999992 0.7071079
vn -5.161908E-08 -0.8164957 0.5773515
vn -0.4999992 -0.4999992 -0.7071079
vn -0.4999992 -0.4999992 -0.7071079
vn -0.7071068 -0.7071067 0
vn -0.7071068 -0.7071067 0
vn -0.7071068 -0.7071067 0
vn -0.7071068 -0.7071067 0
vn -0.7071068 -0.7071067 0
vn -0.7071068 -0.7071067 0
vn -0.7071068 -0.7071067 0
vn -0.7071068 -0.7071067 0
vn -0.4999992 -0.4999992 0.7071079
vn -0.4999992 -0.4999992 0.7071079
vn -0.4999992 -0.4999992 -0.7071079
vn -0.8164957 5.161908E-08 -0.5773515
vn -1 6.322027E-08 0
vn -0.7071068 -0.7071067 0
vn -0.7071068 -0.7071067 0
vn -1 6.322027E-08 0
vn -1 6.322027E-08 0
vn -0.7071068 -0.7071067 0
vn -0.7071068 -0.7071067 0
vn -1 6.322027E-08 0
vn -0.8164957 5.161908E-08 0.5773515
vn -0.4999992 -0.4999992 0.7071079
vn 0.8164957 -5.161908E-08 -0.5773515
vn 1 -6.322027E-08 0
vn 0.7071068 0.7071067 0
vn 0.4999992 0.4999992 -0.7071079
vn 1 -6.322027E-08 0
vn 1 -6.322027E-08 0
vn 0.7071068 0.7071067 0
vn 0.7071068 0.7071067 0
vn 1 -6.322027E-08 0
vn 0.8164957 -5.161908E-08 0.5773515
vn 0.4999992 0.4999992 0.7071079
vn 0.7071068 0.7071067 0
vn 0.4999992 0.4999992 -0.7071079
vn 0.7071068 0.7071067 0
vn 0.7071068 0.7071067 0
vn 0.4999992 0.4999992 -0.7071079
vn 0.7071068 0.7071067 0
vn 0.7071068 0.7071067 0
vn 0.7071068 0.7071067 0
vn 0.7071068 0.7071067 0
vn 0.7071068 0.7071067 0
vn 0.4999992 0.4999992 0.7071079
vn 0.4999992 0.4999992 0.7071079
vn 0.7071068 0.7071067 0
vn 0.4999992 0.4999992 -0.7071079
vn 0.7071068 0.7071067 0
vn 6.322027E-08 1 0
vn 5.161908E-08 0.8164957 -0.5773515
vn 0.7071068 0.7071067 0
vn 0.7071068 0.7071067 0
vn 6.322027E-08 1 0
vn 6.322027E-08 1 0
vn 0.7071068 0.7071067 0
vn 0.4999992 0.4999992 0.7071079
vn 5.161908E-08 0.8164957 0.5773515
vn 6.322027E-08 1 0
vn -5.161908E-08 -0.8164957 -0.5773515
vn 0.4999992 -0.4999992 -0.7071079
vn 0 0 -1
vn -0.4999992 -0.4999992 -0.7071079
vn -0.4999992 -0.4999992 -0.7071079
vn 0 0 -1
vn 0 0 -1
vn -0.4999992 -0.4999992 -0.7071079
vn -0.4999992 -0.4999992 -0.7071079
vn 0 0 -1
vn -0.4999992 0.4999992 -0.7071079
vn -0.8164957 5.161908E-08 -0.5773515
vn 0.4999992 -0.4999992 -0.7071079
vn 0.4999992 -0.4999992 -0.7071079
vn 0 0 -1
vn 0 0 -1
vn 0 0 -1
vn 0 0 -1
vn 0 0 -1
vn 0 0 -1
vn 0 0 -1
vn 0 0 -1
vn -0.4999992 0.4999992 -0.7071079
vn -0.4999992 0.4999992 -0.7071079
vn 0.4999992 -0.4999992 -0.7071079
vn 0.8164957 -5.161908E-08 -0.5773515
vn 0.4999992 0.4999992 -0.7071079
vn 0 0 -1
vn 0 0 -1
vn 0.4999992 0.4999992 -0.7071079
vn 0.4999992 0.4999992 -0.7071079
vn 0 0 -1
vn 0 0 -1
vn 0.4999992 0.4999992 -0.7071079
vn 5.161908E-08 0.8164957 -0.5773515
vn -0.4999992 0.4999992 -0.7071079
vn -5.161908E-08 -0.8164957 0.5773515
vn -0.4999992 -0.4999992 0.7071079
vn 0 0 1
vn 0.4999992 -0.4999992 0.7071079
vn -0.4999992 -0.4999992 0.7071079
vn -0.4999992 -0.4999992 0.7071079
vn 0 0 1
vn 0 0 1
vn -0.4999992 -0.4999992 0.7071079
vn -0.8164957 5.161908E-08 0.5773515
vn -0.4999992 0.4999992 0.7071079
vn 0 0 1
vn 0.4999992 -0.4999992 0.7071079
vn 0 0 1
vn 0 0 1
vn 0.4999992 -0.4999992 0.7071079
vn 0 0 1
vn 0 0 1
vn 0 0 1
vn 0 0 1
vn 0 0 1
vn -0.4999992 0.4999992 0.7071079
vn -0.4999992 0.4999992 0.7071079
vn 0 0 1
vn 0.4999992 -0.4999992 0.7071079
vn 0 0 1
vn 0.4999992 0.4999992 0.7071079
vn 0.8164957 -5.161908E-08 0.5773515
vn 0 0 1
vn 0 0 1
vn 0.4999992 0.4999992 0.7071079
vn 0.4999992 0.4999992 0.7071079
vn 0 0 1
vn -0.4999992 0.4999992 0.7071079
vn 5.161908E-08 0.8164957 0.5773515
vn 0.4999992 0.4999992 0.7071079
vn 0.7071071 0 -0.7071065
vn 1 0 0
vn 1 0 0
vn 0.7071071 0 -0.7071065
vn 0.7071069 -0.7071066 0
vn 0.7071069 -0.7071066 0
vn 1 0 0
vn 1 0 0
vn 1 0 0
vn 1 0 0
vn 1 0 0
vn 1 0 0
vn 1 0 0
vn 1 0 0
vn 0.7071069 0.7071066 0
vn 0.7071069 0.7071066 0
vn 1 0 0
vn 0.7071071 0 0.7071065
vn 0.7071071 0 0.7071065
vn 1 0 0
vn -0.7071071 0 -0.7071065
vn -0.7071071 0 -0.7071065
vn -1 0 0
vn -1 0 0
vn -0.7071069 -0.7071066 0
vn -1 0 0
vn -1 0 0
vn -0.7071069 -0.7071066 0
vn -1 0 0
vn -1 0 0
vn -1 0 0
vn -1 0 0
vn -1 0 0
vn -0.7071069 0.7071066 0
vn -0.7071069 0.7071066 0
vn -1 0 0
vn -1 0 0
vn -1 0 0
vn -0.7071071 0 0.7071065
vn -0.7071071 0 0.7071065
vn 0.7071069 -0.7071066 0
vn 0 -1 0
vn 0 -1 0
vn 0.7071069 -0.7071066 0
vn 0 -0.7071069 -0.7071066
vn 0 -0.7071069 -0.7071066
vn 0 -1 0
vn 0 -1 0
vn 0 -1 0
vn 0 -1 0
vn 0 -1 0
vn 0 -1 0
vn 0 -1 0
vn 0 -1 0
vn 0 -0.7071069 0.7071066
vn 0 -0.7071069 0.7071066
vn 0 -1 0
vn -0.7071069 -0.7071066 0
vn -0.7071069 -0.7071066 0
vn 0 -1 0
vn 0.7071069 0.7071066 0
vn 0.7071069 0.7071066 0
vn 0 1 0
vn 0 1 0
vn 0 0.7071069 -0.7071066
vn 0 1 0
vn 0 1 0
vn 0 0.7071069 -0.7071066
vn 0 1 0
vn 0 1 0
vn 0 1 0
vn 0 1 0
vn 0 1 0
vn 0 0.7071069 0.7071066
vn 0 0.7071069 0.7071066
vn 0 1 0
vn 0 1 0
vn 0 1 0
vn -0.7071069 0.7071066 0
vn -0.7071069 0.7071066 0
vn 0 -0.7071069 -0.7071066
vn 0 0 -1
vn 0 0 -1
vn 0 -0.7071069 -0.7071066
vn 0.7071071 0 -0.7071065
vn 0.7071071 0 -0.7071065
vn 0 0 -1
vn 0 0 -1
vn 0 0 -1
vn 0 0 -1
vn 0 0 -1
vn 0 0 -1
vn 0 0 -1
vn 0 0 -1
vn -0.7071071 0 -0.7071065
vn -0.7071071 0 -0.7071065
vn 0 0 -1
vn 0 0.7071069 -0.7071066
vn 0 0.7071069 -0.7071066
vn 0 0 -1
vn 0 -0.7071069 0.7071066
vn 0 -0.7071069 0.7071066
vn 0 0 1
vn 0 0 1
vn 0.7071071 0 0.7071065
vn 0 0 1
vn 0 0 1
vn 0.7071071 0 0.7071065
vn 0 0 1
vn 0 0 1
vn 0 0 1
vn 0 0 1
vn 0 0 1
vn -0.7071071 0 0.7071065
vn -0.7071071 0 0.7071065
vn 0 0 1
vn 0 0 1
vn 0 0 1
vn 0 0.7071069 0.7071066
vn 0 0.7071069 0.7071066
vn 0.7071071 0 -0.7071065
vn 1 0 0
vn 1 0 0
vn 0.7071071 0 -0.7071065
vn 0.7071069 -0.7071066 0
vn 0.7071069 -0.7071066 0
vn 1 0 0
vn 1 0 0
vn 1 0 0
vn 1 0 0
vn 1 0 0
vn 1 0 0
vn 1 0 0
vn 1 0 0
vn 0.7071069 0.7071066 0
vn 0.7071069 0.7071066 0
vn 1 0 0
vn 0.7071071 0 0.7071065
vn 0.7071071 0 0.7071065
vn 1 0 0
vn -0.7071071 0 -0.7071065
vn -0.7071071 0 -0.7071065
vn -1 0 0
vn -1 0 0
vn -0.7071069 -0.7071066 0
vn -1 0 0
vn -1 0 0
vn -0.7071069 -0.7071066 0
vn -1 0 0
vn -1 0 0
vn -1 0 0
vn -1 0 0
vn -1 0 0
vn -0.7071069 0.7071066 0
vn -0.7071069 0.7071066 0
vn -1 0 0
vn -1 0 0
vn -1 0 0
vn -0.7071071 0 0.7071065
vn -0.7071071 0 0.7071065
vn 0.7071069 -0.7071066 0
vn 0 -1 0
vn 0 -1 0
vn 0.7071069 -0.7071066 0
vn 0 -0.7071069 -0.7071066
vn 0 -0.7071069 -0.7071066
vn 0 -1 0
vn 0 -1 0
vn 0 -1 0
vn 0 -1 0
vn 0 -1 0
vn 0 -1 0
vn 0 -1 0
vn 0 -1 0
vn 0 -0.7071069 0.7071066
vn 0 -0.7071069 0.7071066
vn 0 -1 0
vn -0.7071069 -0.7071066 0
vn -0.7071069 -0.7071066 0
vn 0 -1 0
vn 0.7071069 0.7071066 0
vn 0.7071069 0.7071066 0
vn 0 1 0
vn 0 1 0
vn 0 0.7071069 -0.7071066
vn 0 1 0
vn 0 1 0
vn 0 0.7071069 -0.7071066
vn 0 1 0
vn 0 1 0
vn 0 1 0
vn 0 1 0
vn 0 1 0
vn 0 0.7071069 0.7071066
vn 0 0.7071069 0.7071066
vn 0 1 0
vn 0 1 0
vn 0 1 0
vn -0.7071069 0.7071066 0
vn -0.7071069 0.7071066 0
vn 0 -0.7071069 -0.7071066
vn 0 0 -1
vn 0 0 -1
vn 0 -0.7071069 -0.7071066
vn 0.7071071 0 -0.7071065
vn 0.7071071 0 -0.7071065
vn 0 0 -1
vn 0 0 -1
vn 0 0 -1
vn 0 0 -1
vn 0 0 -1
vn 0 0 -1
vn 0 0 -1
vn 0 0 -1
vn -0.7071071 0 -0.7071065
vn -0.7071071 0 -0.7071065
vn 0 0 -1
vn 0 0.7071069 -0.7071066
vn 0 0.7071069 -0.7071066
vn 0 0 -1
vn 0 -0.7071069 0.7071066
vn 0 -0.7071069 0.7071066
vn 0 0 1
vn 0 0 1
vn 0.7071071 0 0.7071065
vn 0 0 1
vn 0 0 1
vn 0.7071071 0 0.7071065
vn 0 0 1
vn 0 0 1
vn 0 0 1
vn 0 0 1
vn 0 0 1
vn -0.7071071 0 0.7071065
vn -0.7071071 0 0.7071065
vn 0 0 1
vn 0 0 1
vn 0 0 1
vn 0 0.7071069 0.7071066
vn 0 0.7071069 0.7071066
vn 0.7071071 0 -0.7071065
vn 1 0 0
vn 1 0 0
vn 0.7071071 0 -0.7071065
vn 0.7071069 -0.7071066 0
vn 0.7071069 -0.7071066 0
vn 1 0 0
vn 1 0 0
vn 1 0 0
vn 1 0 0
vn 1 0 0
vn 1 0 0
vn 1 0 0
vn 1 0 0
vn 0.7071069 0.7071066 0
vn 0.7071069 0.7071066 0
vn 1 0 0
vn 0.7071071 0 0.7071065
vn 0.7071071 0 0.7071065
vn 1 0 0
vn -0.7071071 0 -0.7071065
vn -0.7071071 0 -0.7071065
vn -1 0 0
vn -1 0 0
vn -0.7071069 -0.7071066 0
vn -1 0 0
vn -1 0 0
vn -0.7071069 -0.7071066 0
vn -1 0 0
vn -1 0 0
vn -1 0 0
vn -1 0 0
vn -1 0 0
vn -0.7071069 0.7071066 0
vn -0.7071069 0.7071066 0
vn -1 0 0
vn -1 0 0
vn -1 0 0
vn -0.7071071 0 0.7071065
vn -0.7071071 0 0.7071065
vn 0.7071069 -0.7071066 0
vn 0 -1 0
vn 0 -1 0
vn 0.7071069 -0.7071066 0
vn 0 -0.7071069 -0.7071066
vn 0 -0.7071069 -0.7071066
vn 0 -1 0
vn 0 -1 0
vn 0 -1 0
vn 0 -1 0
vn 0 -1 0
vn 0 -1 0
vn 0 -1 0
vn 0 -1 0
vn 0 -0.7071069 0.7071066
vn 0 -0.7071069 0.7071066
vn 0 -1 0
vn -0.7071069 -0.7071066 0
vn -0.7071069 -0.7071066 0
vn 0 -1 0
vn 0.7071069 0.7071066 0
vn 0.7071069 0.7071066 0
vn 0 1 0
vn 0 1 0
vn 0 0.7071069 -0.7071066
vn 0 1 0
vn 0 1 0
vn 0 0.7071069 -0.7071066
vn 0 1 0
vn 0 1 0
vn 0 1 0
vn 0 1 0
vn 0 1 0
vn 0 0.7071069 0.7071066
vn 0 0.7071069 0.7071066
vn 0 1 0
vn 0 1 0
vn 0 1 0
vn -0.7071069 0.7071066 0
vn -0.7071069 0.7071066 0
vn 0 -0.7071069 -0.7071066
vn 0 0 -1
vn 0 0 -1
vn 0 -0.7071069 -0.7071066
vn 0.7071071 0 -0.7071065
vn 0.7071071 0 -0.7071065
vn 0 0 -1
vn 0 0 -1
vn 0 0 -1
vn 0 0 -1
vn 0 0 -1
vn 0 0 -1
vn 0 0 -1
vn 0 0 -1
vn -0.7071071 0 -0.7071065
vn -0.7071071 0 -0.7071065
vn 0 0 -1
vn 0 0.7071069 -0.7071066
vn 0 0.7071069 -0.7071066
vn 0 0 -1
vn 0 -0.7071069 0.7071066
vn 0 -0.7071069 0.7071066
vn 0 0 1
vn 0 0 1
vn 0.7071071 0 0.7071065
vn 0 0 1
vn 0 0 1
vn 0.7071071 0 0.7071065
vn 0 0 1
vn 0 0 1
vn 0 0 1
vn 0 0 1
vn 0 0 1
vn -0.7071071 0 0.7071065
vn -0.7071071 0 0.7071065
vn 0 0 1
vn 0 0 1
vn 0 0 1
vn 0 0.7071069 0.7071066
vn 0 0.7071069 0.7071066
vn 0.7071071 0 -0.7071065
vn 1 0 0
vn 1 0 0
vn 0.7071071 0 -0.7071065
vn 0.7071069 -0.7071066 0
vn 0.7071069 -0.7071066 0
vn 1 0 0
vn 1 0 0
vn 1 0 0
vn 1 0 0
vn 1 0 0
vn 1 0 0
vn 1 0 0
vn 1 0 0
vn 0.7071069 0.7071066 0
vn 0.7071069 0.7071066 0
vn 1 0 0
vn 0.7071071 0 0.7071065
vn 0.7071071 0 0.7071065
vn 1 0 0
vn -0.7071071 0 -0.7071065
vn -0.7071071 0 -0.7071065
vn -1 0 0
vn -1 0 0
vn -0.7071069 -0.7071066 0
vn -1 0 0
vn -1 0 0
vn -0.7071069 -0.7071066 0
vn -1 0 0
vn -1 0 0
vn -1 0 0
vn -1 0 0
vn -1 0 0
vn -0.7071069 0.7071066 0
vn -0.7071069 0.7071066 0
vn -1 0 0
vn -1 0 0
vn -1 0 0
vn -0.7071071 0 0.7071065
vn -0.7071071 0 0.7071065
vn 0.7071069 -0.7071066 0
vn 0 -1 0
vn 0 -1 0
vn 0.7071069 -0.7071066 0
vn 0 -0.7071069 -0.7071066
vn 0 -0.7071069 -0.7071066
vn 0 -1 0
vn 0 -1 0
vn 0 -1 0
vn 0 -1 0
vn 0 -1 0
vn 0 -1 0
vn 0 -1 0
vn 0 -1 0
vn 0 -0.7071069 0.7071066
vn 0 -0.7071069 0.7071066
vn 0 -1 0
vn -0.7071069 -0.7071066 0
vn -0.7071069 -0.7071066 0
vn 0 -1 0
vn 0.7071069 0.7071066 0
vn 0.7071069 0.7071066 0
vn 0 1 0
vn 0 1 0
vn 0 0.7071069 -0.7071066
vn 0 1 0
vn 0 1 0
vn 0 0.7071069 -0.7071066
vn 0 1 0
vn 0 1 0
vn 0 1 0
vn 0 1 0
vn 0 1 0
vn 0 0.7071069 0.7071066
vn 0 0.7071069 0.7071066
vn 0 1 0
vn 0 1 0
vn 0 1 0
vn -0.7071069 0.7071066 0
vn -0.7071069 0.7071066 0
vn 0 -0.7071069 -0.7071066
vn 0 0 -1
vn 0 0 -1
vn 0 -0.7071069 -0.7071066
vn 0.7071071 0 -0.7071065
vn 0.7071071 0 -0.7071065
vn 0 0 -1
vn 0 0 -1
vn 0 0 -1
vn 0 0 -1
vn 0 0 -1
vn 0 0 -1
vn 0 0 -1
vn 0 0 -1
vn -0.7071071 0 -0.7071065
vn -0.7071071 0 -0.7071065
vn 0 0 -1
vn 0 0.7071069 -0.7071066
vn 0 0.7071069 -0.7071066
vn 0 0 -1
vn 0 -0.7071069 0.7071066
vn 0 -0.7071069 0.7071066
vn 0 0 1
vn 0 0 1
vn 0.7071071 0 0.7071065
vn 0 0 1
vn 0 0 1
vn 0.7071071 0 0.7071065
vn 0 0 1
vn 0 0 1
vn 0 0 1
vn 0 0 1
vn 0 0 1
vn -0.7071071 0 0.7071065
vn -0.7071071 0 0.7071065
vn 0 0 1
vn 0 0 1
vn 0 0 1
vn 0 0.7071069 0.7071066
vn 0 0.7071069 0.7071066
vn 0.7071066 0 -0.7071069
vn 1 0 0
vn 1 0 0
vn 0.7071066 0 -0.7071069
vn 1 0 0
vn 1 0 0
vn 1 0 0
vn 1 0 0
vn 1 0 0
vn 0.7071066 0 0.7071069
vn 0.7071066 0 0.7071069
vn 1 0 0
vn -0.7071066 0 -0.7071069
vn -0.7071066 0 -0.7071069
vn -1 0 0
vn -1 0 0
vn -1 0 0
vn -1 0 0
vn -1 0 0
vn -1 0 0
vn -1 0 0
vn -1 0 0
vn -0.7071066 0 0.7071069
vn -0.7071066 0 0.7071069
vn 0 -0.7071066 -0.7071069
vn 0 -0.7071066 -0.7071069
vn 0 -1 0
vn 0 -1 0
vn 0 -1 0
vn 0 -1 0
vn 0 -1 0
vn 0 -1 0
vn 0 -1 0
vn 0 -1 0
vn 0 -0.7071066 0.7071069
vn 0 -0.7071066 0.7071069
vn 0 0.7071066 -0.7071069
vn 0 1 0
vn 0 1 0
vn 0 0.7071066 -0.7071069
vn 0 1 0
vn 0 1 0
vn 0 1 0
vn 0 1 0
vn 0 1 0
vn 0 0.7071066 0.7071069
vn 0 0.7071066 0.7071069
vn 0 1 0
vn 0 -0.7071066 -0.7071069
vn 0 0 -1
vn 0 0 -1
vn 0 -0.7071066 -0.7071069
vn 0.7071066 0 -0.7071069
vn 0.7071066 0 -0.7071069
vn 0 0 -1
vn 0 0 -1
vn 0 0 -1
vn 0 0 -1
vn 0 0 -1
vn 0 0 -1
vn 0 0 -1
vn 0 0 -1
vn -0.7071066 0 -0.7071069
vn -0.7071066 0 -0.7071069
vn 0 0 -1
vn 0 0.7071066 -0.7071069
vn 0 0.7071066 -0.7071069
vn 0 0 -1
vn 0 -0.7071066 0.7071069
vn 0 -0.7071066 0.7071069
vn 0 0 1
vn 0 0 1
vn 0.7071066 0 0.7071069
vn 0 0 1
vn 0 0 1
vn 0.7071066 0 0.7071069
vn 0 0 1
vn 0 0 1
vn 0 0 1
vn 0 0 1
vn 0 0 1
vn -0.7071066 0 0.7071069
vn -0.7071066 0 0.7071069
vn 0 0 1
vn 0 0 1
vn 0 0 1
vn 0 0.7071066 0.7071069
vn 0 0.7071066 0.7071069
vn 0.7071066 0 -0.7071069
vn 1 0 0
vn 1 0 0
vn 0.7071066 0 -0.7071069
vn 1 0 0
vn 1 0 0
vn 1 0 0
vn 1 0 0
vn 1 0 0
vn 0.7071066 0 0.7071069
vn 0.7071066 0 0.7071069
vn 1 0 0
vn -0.7071066 0 -0.7071069
vn -0.7071066 0 -0.7071069
vn -1 0 0
vn -1 0 0
vn -1 0 0
vn -1 0 0
vn -1 0 0
vn -1 0 0
vn -1 0 0
vn -1 0 0
vn -0.7071066 0 0.7071069
vn -0.7071066 0 0.7071069
vn 0 -0.7071066 -0.7071069
vn 0 -0.7071066 -0.7071069
vn 0 -1 0
vn 0 -1 0
vn 0 -1 0
vn 0 -1 0
vn 0 -1 0
vn 0 -1 0
vn 0 -1 0
vn 0 -1 0
vn 0 -0.7071066 0.7071069
vn 0 -0.7071066 0.7071069
vn 0 0.7071066 -0.7071069
vn 0 1 0
vn 0 1 0
vn 0 0.7071066 -0.7071069
vn 0 1 0
vn 0 1 0
vn 0 1 0
vn 0 1 0
vn 0 1 0
vn 0 0.7071066 0.7071069
vn 0 0.7071066 0.7071069
vn 0 1 0
vn 0 -0.7071066 -0.7071069
vn 0 0 -1
vn 0 0 -1
vn 0 -0.7071066 -0.7071069
vn 0.7071066 0 -0.7071069
vn 0.7071066 0 -0.7071069
vn 0 0 -1
vn 0 0 -1
vn 0 0 -1
vn 0 0 -1
vn 0 0 -1
vn 0 0 -1
vn 0 0 -1
vn 0 0 -1
vn -0.7071066 0 -0.7071069
vn -0.7071066 0 -0.7071069
vn 0 0 -1
vn 0 0.7071066 -0.7071069
vn 0 0.7071066 -0.7071069
vn 0 0 -1
vn 0 -0.7071066 0.7071069
vn 0 -0.7071066 0.7071069
vn 0 0 1
vn 0 0 1
vn 0.7071066 0 0.7071069
vn 0 0 1
vn 0 0 1
vn 0.7071066 0 0.7071069
vn 0 0 1
vn 0 0 1
vn 0 0 1
vn 0 0 1
vn 0 0 1
vn -0.7071066 0 0.7071069
vn -0.7071066 0 0.7071069
vn 0 0 1
vn 0 0 1
vn 0 0 1
vn 0 0.7071066 0.7071069
vn 0 0.7071066 0.7071069
vn 0.7071066 0 -0.7071069
vn 1 0 0
vn 1 0 0
vn 0.7071066 0 -0.7071069
vn 1 0 0
vn 1 0 0
vn 1 0 0
vn 1 0 0
vn 1 0 0
vn 0.7071066 0 0.7071069
vn 0.7071066 0 0.7071069
vn 1 0 0
vn -0.7071066 0 -0.7071069
vn -0.7071066 0 -0.7071069
vn -1 0 0
vn -1 0 0
vn -1 0 0
vn -1 0 0
vn -1 0 0
vn -1 0 0
vn -1 0 0
vn -1 0 0
vn -0.7071066 0 0.7071069
vn -0.7071066 0 0.7071069
vn 0 -0.7071066 -0.7071069
vn 0 -0.7071066 -0.7071069
vn 0 -1 0
vn 0 -1 0
vn 0 -1 0
vn 0 -1 0
vn 0 -1 0
vn 0 -1 0
vn 0 -1 0
vn 0 -1 0
vn 0 -0.7071066 0.7071069
vn 0 -0.7071066 0.7071069
vn 0 0.7071066 -0.7071069
vn 0 1 0
vn 0 1 0
vn 0 0.7071066 -0.7071069
vn 0 1 0
vn 0 1 0
vn 0 1 0
vn 0 1 0
vn 0 1 0
vn 0 0.7071066 0.7071069
vn 0 0.7071066 0.7071069
vn 0 1 0
vn 0 -0.7071066 -0.7071069
vn 0 0 -1
vn 0 0 -1
vn 0 -0.7071066 -0.7071069
vn 0.7071066 0 -0.7071069
vn 0.7071066 0 -0.7071069
vn 0 0 -1
vn 0 0 -1
vn 0 0 -1
vn 0 0 -1
vn 0 0 -1
vn 0 0 -1
vn 0 0 -1
vn 0 0 -1
vn -0.7071066 0 -0.7071069
vn -0.7071066 0 -0.7071069
vn 0 0 -1
vn 0 0.7071066 -0.7071069
vn 0 0.7071066 -0.7071069
vn 0 0 -1
vn 0 -0.7071066 0.7071069
vn 0 -0.7071066 0.7071069
vn 0 0 1
vn 0 0 1
vn 0.7071066 0 0.7071069
vn 0 0 1
vn 0 0 1
vn 0.7071066 0 0.7071069
vn 0 0 1
vn 0 0 1
vn 0 0 1
vn 0 0 1
vn 0 0 1
vn -0.7071066 0 0.7071069
vn -0.7071066 0 0.7071069
vn 0 0 1
vn 0 0 1
vn 0 0 1
vn 0 0.7071066 0.7071069
vn 0 0.7071066 0.7071069
usemtl material_4
f 2941/2941/2941 2943/2943/2943 2942/2942/2942
f 2941/2941/2941 2944/2944/2944 2943/2943/2943
f 2945/2945/2945 2947/2947/2947 2946/2946/2946
f 2945/2945/2945 2948/2948/2948 2947/2947/2947
f 2949/2949/2949 2951/2951/2951 2950/2950/2950
f 2949/2949/2949 2952/2952/2952 2951/2951/2951
f 2953/2953/2953 2955/2955/2955 2954/2954/2954
f 2953/2953/2953 2956/2956/2956 2955/2955/2955
f 2957/2957/2957 2959/2959/2959 2958/2958/2958
f 2957/2957/2957 2960/2960/2960 2959/2959/2959
f 2961/2961/2961 2963/2963/2963 2962/2962/2962
f 2961/2961/2961 2964/2964/2964 2963/2963/2963
f 2965/2965/2965 2967/2967/2967 2966/2966/2966
f 2965/2965/2965 2968/2968/2968 2967/2967/2967
f 2969/2969/2969 2971/2971/2971 2970/2970/2970
f 2969/2969/2969 2972/2972/2972 2971/2971/2971
f 2973/2973/2973 2975/2975/2975 2974/2974/2974
f 2973/2973/2973 2976/2976/2976 2975/2975/2975
f 2977/2977/2977 2979/2979/2979 2978/2978/2978
f 2977/2977/2977 2980/2980/2980 2979/2979/2979
f 2981/2981/2981 2983/2983/2983 2982/2982/2982
f 2981/2981/2981 2984/2984/2984 2983/2983/2983
f 2985/2985/2985 2987/2987/2987 2986/2986/2986
f 2985/2985/2985 2988/2988/2988 2987/2987/2987
f 2989/2989/2989 2991/2991/2991 2990/2990/2990
f 2989/2989/2989 2992/2992/2992 2991/2991/2991
f 2993/2993/2993 2995/2995/2995 2994/2994/2994
f 2993/2993/2993 2996/2996/2996 2995/2995/2995
f 2997/2997/2997 2999/2999/2999 2998/2998/2998
f 2997/2997/2997 3000/3000/3000 2999/2999/2999
f 3001/3001/3001 3003/3003/3003 3002/3002/3002
f 3001/3001/3001 3004/3004/3004 3003/3003/3003
f 3005/3005/3005 3007/3007/3007 3006/3006/3006
f 3005/3005/3005 3008/3008/3008 3007/3007/3007
f 3009/3009/3009 3011/3011/3011 3010/3010/3010
f 3009/3009/3009 3012/3012/3012 3011/3011/3011
f 3013/3013/3013 3015/3015/3015 3014/3014/3014
f 3013/3013/3013 3016/3016/3016 3015/3015/3015
f 3017/3017/3017 3019/3019/3019 3018/3018/3018
f 3017/3017/3017 3020/3020/3020 3019/3019/3019
f 3021/3021/3021 3023/3023/3023 3022/3022/3022
f 3021/3021/3021 3024/3024/3024 3023/3023/3023
f 3025/3025/3025 3027/3027/3027 3026/3026/3026
f 3025/3025/3025 3028/3028/3028 3027/3027/3027
f 3029/3029/3029 3031/3031/3031 3030/3030/3030
f 3029/3029/3029 3032/3032/3032 3031/3031/3031
f 3033/3033/3033 3035/3035/3035 3034/3034/3034
f 3033/3033/3033 3036/3036/3036 3035/3035/3035
f 3037/3037/3037 3039/3039/3039 3038/3038/3038
f 3037/3037/3037 3040/3040/3040 3039/3039/3039
f 3041/3041/3041 3043/3043/3043 3042/3042/3042
f 3041/3041/3041 3044/3044/3044 3043/3043/3043
f 3045/3045/3045 3047/3047/3047 3046/3046/3046
f 3045/3045/3045 3048/3048/3048 3047/3047/3047
f 3049/3049/3049 3051/3051/3051 3050/3050/3050
f 3049/3049/3049 3052/3052/3052 3051/3051/3051
f 3053/3053/3053 3055/3055/3055 3054/3054/3054
f 3053/3053/3053 3056/3056/3056 3055/3055/3055
f 3057/3057/3057 3059/3059/3059 3058/3058/3058
f 3057/3057/3057 3060/3060/3060 3059/3059/3059
f 3061/3061/3061 3063/3063/3063 3062/3062/3062
f 3061/3061/3061 3064/3064/3064 3063/3063/3063
f 3065/3065/3065 3067/3067/3067 3066/3066/3066
f 3065/3065/3065 3068/3068/3068 3067/3067/3067
f 3069/3069/3069 3071/3071/3071 3070/3070/3070
f 3069/3069/3069 3072/3072/3072 3071/3071/3071
f 3073/3073/3073 3075/3075/3075 3074/3074/3074
f 3073/3073/3073 3076/3076/3076 3075/3075/3075
f 3077/3077/3077 3079/3079/3079 3078/3078/3078
f 3077/3077/3077 3080/3080/3080 3079/3079/3079
f 3081/3081/3081 3083/3083/3083 3082/3082/3082
f 3081/3081/3081 3084/3084/3084 3083/3083/3083
f 3085/3085/3085 3087/3087/3087 3086/3086/3086
f 3085/3085/3085 3088/3088/3088 3087/3087/3087
f 3089/3089/3089 3091/3091/3091 3090/3090/3090
f 3089/3089/3089 3092/3092/3092 3091/3091/3091
f 3093/3093/3093 3095/3095/3095 3094/3094/3094
f 3093/3093/3093 3096/3096/3096 3095/3095/3095
f 3097/3097/3097 3099/3099/3099 3098/3098/3098
f 3097/3097/3097 3100/3100/3100 3099/3099/3099
f 3101/3101/3101 3103/3103/3103 3102/3102/3102
f 3101/3101/3101 3104/3104/3104 3103/3103/3103
f 3105/3105/3105 3107/3107/3107 3106/3106/3106
f 3105/3105/3105 3108/3108/3108 3107/3107/3107
f 3109/3109/3109 3111/3111/3111 3110/3110/3110
f 3109/3109/3109 3112/3112/3112 3111/3111/3111
f 3113/3113/3113 3115/3115/3115 3114/3114/3114
f 3113/3113/3113 3116/3116/3116 3115/3115/3115
f 3117/3117/3117 3119/3119/3119 3118/3118/3118
f 3117/3117/3117 3120/3120/3120 3119/3119/3119
f 3121/3121/3121 3123/3123/3123 3122/3122/3122
f 3121/3121/3121 3124/3124/3124 3123/3123/3123
f 3125/3125/3125 3127/3127/3127 3126/3126/3126
f 3125/3125/3125 3128/3128/3128 3127/3127/3127
f 3129/3129/3129 3131/3131/3131 3130/3130/3130
f 3129/3129/3129 3132/3132/3132 3131/3131/3131
f 3133/3133/3133 3135/3135/3135 3134/3134/3134
f 3133/3133/3133 3136/3136/3136 3135/3135/3135
f 3137/3137/3137 3139/3139/3139 3138/3138/3138
f 3137/3137/3137 3140/3140/3140 3139/3139/3139
f 3141/3141/3141 3143/3143/3143 3142/3142/3142
f 3141/3141/3141 3144/3144/3144 3143/3143/3143
f 3145/3145/3145 3147/3147/3147 3146/3146/3146
f 3145/3145/3145 3148/3148/3148 3147/3147/3147
f 3149/3149/3149 3151/3151/3151 3150/3150/3150
f 3149/3149/3149 3152/3152/3152 3151/3151/3151
f 3153/3153/3153 3155/3155/3155 3154/3154/3154
f 3153/3153/3153 3156/3156/3156 3155/3155/3155
f 3157/3157/3157 3159/3159/3159 3158/3158/3158
f 3157/3157/3157 3160/3160/3160 3159/3159/3159
f 3161/3161/3161 3163/3163/3163 3162/3162/3162
f 3161/3161/3161 3164/3164/3164 3163/3163/3163
f 3165/3165/3165 3167/3167/3167 3166/3166/3166
f 3165/3165/3165 3168/3168/3168 3167/3167/3167
f 3169/3169/3169 3171/3171/3171 3170/3170/3170
f 3169/3169/3169 3172/3172/3172 3171/3171/3171
f 3173/3173/3173 3175/3175/3175 3174/3174/3174
f 3173/3173/3173 3176/3176/3176 3175/3175/3175
f 3177/3177/3177 3179/3179/3179 3178/3178/3178
f 3177/3177/3177 3180/3180/3180 3179/3179/3179
f 3181/3181/3181 3183/3183/3183 3182/3182/3182
f 3181/3181/3181 3184/3184/3184 3183/3183/3183
f 3185/3185/3185 3187/3187/3187 3186/3186/3186
f 3185/3185/3185 3188/3188/3188 3187/3187/3187
f 3189/3189/3189 3191/3191/3191 3190/3190/3190
f 3189/3189/3189 3192/3192/3192 3191/3191/3191
f 3193/3193/3193 3195/3195/3195 3194/3194/3194
f 3193/3193/3193 3196/3196/3196 3195/3195/3195
f 3197/3197/3197 3199/3199/3199 3198/3198/3198
f 3197/3197/3197 3200/3200/3200 3199/3199/3199
f 3201/3201/3201 3203/3203/3203 3202/3202/3202
f 3201/3201/3201 3204/3204/3204 3203/3203/3203
f 3205/3205/3205 3207/3207/3207 3206/3206/3206
f 3205/3205/3205 3208/3208/3208 3207/3207/3207
f 3209/3209/3209 3211/3211/3211 3210/3210/3210
f 3209/3209/3209 3212/3212/3212 3211/3211/3211
f 3213/3213/3213 3215/3215/3215 3214/3214/3214
f 3213/3213/3213 3216/3216/3216 3215/3215/3215
f 3217/3217/3217 3219/3219/3219 3218/3218/3218
f 3217/3217/3217 3220/3220/3220 3219/3219/3219
f 3221/3221/3221 3223/3223/3223 3222/3222/3222
f 3221/3221/3221 3224/3224/3224 3223/3223/3223
f 3225/3225/3225 3227/3227/3227 3226/3226/3226
f 3225/3225/3225 3228/3228/3228 3227/3227/3227
f 3229/3229/3229 3231/3231/3231 3230/3230/3230
f 3229/3229/3229 3232/3232/3232 3231/3231/3231
f 3233/3233/3233 3235/3235/3235 3234/3234/3234
f 3233/3233/3233 3236/3236/3236 3235/3235/3235
f 3237/3237/3237 3239/3239/3239 3238/3238/3238
f 3237/3237/3237 3240/3240/3240 3239/3239/3239
f 3241/3241/3241 3243/3243/3243 3242/3242/3242
f 3241/3241/3241 3244/3244/3244 3243/3243/3243
f 3245/3245/3245 3247/3247/3247 3246/3246/3246
f 3245/3245/3245 3248/3248/3248 3247/3247/3247
f 3249/3249/3249 3251/3251/3251 3250/3250/3250
f 3249/3249/3249 3252/3252/3252 3251/3251/3251
f 3253/3253/3253 3255/3255/3255 3254/3254/3254
f 3253/3253/3253 3256/3256/3256 3255/3255/3255
f 3257/3257/3257 3259/3259/3259 3258/3258/3258
f 3257/3257/3257 3260/3260/3260 3259/3259/3259
f 3261/3261/3261 3263/3263/3263 3262/3262/3262
f 3261/3261/3261 3264/3264/3264 3263/3263/3263
f 3265/3265/3265 3267/3267/3267 3266/3266/3266
f 3265/3265/3265 3268/3268/3268 3267/3267/3267
f 3269/3269/3269 3271/3271/3271 3270/3270/3270
f 3269/3269/3269 3272/3272/3272 3271/3271/3271
f 3273/3273/3273 3275/3275/3275 3274/3274/3274
f 3273/3273/3273 3276/3276/3276 3275/3275/3275
f 3277/3277/3277 3279/3279/3279 3278/3278/3278
f 3277/3277/3277 3280/3280/3280 3279/3279/3279
f 3281/3281/3281 3283/3283/3283 3282/3282/3282
f 3281/3281/3281 3284/3284/3284 3283/3283/3283
f 3285/3285/3285 3287/3287/3287 3286/3286/3286
f 3285/3285/3285 3288/3288/3288 3287/3287/3287
f 3289/3289/3289 3291/3291/3291 3290/3290/3290
f 3289/3289/3289 3292/3292/3292 3291/3291/3291
f 3293/3293/3293 3295/3295/3295 3294/3294/3294
f 3293/3293/3293 3296/3296/3296 3295/3295/3295
f 3297/3297/3297 3299/3299/3299 3298/3298/3298
f 3297/3297/3297 3300/3300/3300 3299/3299/3299
f 3301/3301/3301 3303/3303/3303 3302/3302/3302
f 3301/3301/3301 3304/3304/3304 3303/3303/3303
f 3305/3305/3305 3307/3307/3307 3306/3306/3306
f 3305/3305/3305 3308/3308/3308 3307/3307/3307
f 3309/3309/3309 3311/3311/3311 3310/3310/3310
f 3309/3309/3309 3312/3312/3312 3311/3311/3311
f 3313/3313/3313 3315/3315/3315 3314/3314/3314
f 3313/3313/3313 3316/3316/3316 3315/3315/3315
f 3317/3317/3317 3319/3319/3319 3318/3318/3318
f 3317/3317/3317 3320/3320/3320 3319/3319/3319
f 3321/3321/3321 3323/3323/3323 3322/3322/3322
f 3321/3321/3321 3324/3324/3324 3323/3323/3323
f 3325/3325/3325 3327/3327/3327 3326/3326/3326
f 3325/3325/3325 3328/3328/3328 3327/3327/3327
f 3329/3329/3329 3331/3331/3331 3330/3330/3330
f 3329/3329/3329 3332/3332/3332 3331/3331/3331
f 3333/3333/3333 3335/3335/3335 3334/3334/3334
f 3333/3333/3333 3336/3336/3336 3335/3335/3335
f 3337/3337/3337 3339/3339/3339 3338/3338/3338
f 3337/3337/3337 3340/3340/3340 3339/3339/3339
f 3341/3341/3341 3343/3343/3343 3342/3342/3342
f 3341/3341/3341 3344/3344/3344 3343/3343/3343
f 3345/3345/3345 3347/3347/3347 3346/3346/3346
f 3345/3345/3345 3348/3348/3348 3347/3347/3347
f 3349/3349/3349 3351/3351/3351 3350/3350/3350
f 3349/3349/3349 3352/3352/3352 3351/3351/3351
f 3353/3353/3353 3355/3355/3355 3354/3354/3354
f 3353/3353/3353 3356/3356/3356 3355/3355/3355
f 3357/3357/3357 3359/3359/3359 3358/3358/3358
f 3357/3357/3357 3360/3360/3360 3359/3359/3359
f 3361/3361/3361 3363/3363/3363 3362/3362/3362
f 3361/3361/3361 3364/3364/3364 3363/3363/3363
f 3365/3365/3365 3367/3367/3367 3366/3366/3366
f 3365/3365/3365 3368/3368/3368 3367/3367/3367
f 3369/3369/3369 3371/3371/3371 3370/3370/3370
f 3369/3369/3369 3372/3372/3372 3371/3371/3371
usemtl material_5
f 3373/3373/3373 3375/3375/3375 3374/3374/3374
f 3373/3373/3373 3376/3376/3376 3375/3375/3375
f 3377/3377/3377 3379/3379/3379 3378/3378/3378
f 3377/3377/3377 3380/3380/3380 3379/3379/3379
f 3381/3381/3381 3383/3383/3383 3382/3382/3382
f 3381/3381/3381 3384/3384/3384 3383/3383/3383
f 3385/3385/3385 3387/3387/3387 3386/3386/3386
f 3385/3385/3385 3388/3388/3388 3387/3387/3387
f 3389/3389/3389 3391/3391/3391 3390/3390/3390
f 3389/3389/3389 3392/3392/3392 3391/3391/3391
f 3393/3393/3393 3395/3395/3395 3394/3394/3394
f 3393/3393/3393 3396/3396/3396 3395/3395/3395
f 3397/3397/3397 3399/3399/3399 3398/3398/3398
f 3397/3397/3397 3400/3400/3400 3399/3399/3399
f 3401/3401/3401 3403/3403/3403 3402/3402/3402
f 3401/3401/3401 3404/3404/3404 3403/3403/3403
f 3405/3405/3405 3407/3407/3407 3406/3406/3406
f 3405/3405/3405 3408/3408/3408 3407/3407/3407
f 3409/3409/3409 3411/3411/3411 3410/3410/3410
f 3409/3409/3409 3412/3412/3412 3411/3411/3411
f 3413/3413/3413 3415/3415/3415 3414/3414/3414
f 3413/3413/3413 3416/3416/3416 3415/3415/3415
f 3417/3417/3417 3419/3419/3419 3418/3418/3418
f 3417/3417/3417 3420/3420/3420 3419/3419/3419
f 3421/3421/3421 3423/3423/3423 3422/3422/3422
f 3421/3421/3421 3424/3424/3424 3423/3423/3423
f 3425/3425/3425 3427/3427/3427 3426/3426/3426
f 3425/3425/3425 3428/3428/3428 3427/3427/3427
f 3429/3429/3429 3431/3431/3431 3430/3430/3430
f 3429/3429/3429 3432/3432/3432 3431/3431/3431
f 3433/3433/3433 3435/3435/3435 3434/3434/3434
f 3433/3433/3433 3436/3436/3436 3435/3435/3435
f 3437/3437/3437 3439/3439/3439 3438/3438/3438
f 3437/3437/3437 3440/3440/3440 3439/3439/3439
f 3441/3441/3441 3443/3443/3443 3442/3442/3442
f 3441/3441/3441 3444/3444/3444 3443/3443/3443
f 3445/3445/3445 3447/3447/3447 3446/3446/3446
f 3445/3445/3445 3448/3448/3448 3447/3447/3447
f 3449/3449/3449 3451/3451/3451 3450/3450/3450
f 3449/3449/3449 3452/3452/3452 3451/3451/3451
f 3453/3453/3453 3455/3455/3455 3454/3454/3454
f 3453/3453/3453 3456/3456/3456 3455/3455/3455
f 3457/3457/3457 3459/3459/3459 3458/3458/3458
f 3457/3457/3457 3460/3460/3460 3459/3459/3459
f 3461/3461/3461 3463/3463/3463 3462/3462/3462
f 3461/3461/3461 3464/3464/3464 3463/3463/3463
f 3465/3465/3465 3467/3467/3467 3466/3466/3466
f 3465/3465/3465 3468/3468/3468 3467/3467/3467
f 3469/3469/3469 3471/3471/3471 3470/3470/3470
f 3469/3469/3469 3472/3472/3472 3471/3471/3471
f 3473/3473/3473 3475/3475/3475 3474/3474/3474
f 3473/3473/3473 3476/3476/3476 3475/3475/3475
f 3477/3477/3477 3479/3479/3479 3478/3478/3478
f 3477/3477/3477 3480/3480/3480 3479/3479/3479
f 3481/3481/3481 3483/3483/3483 3482/3482/3482
f 3481/3481/3481 3484/3484/3484 3483/3483/3483
f 3485/3485/3485 3487/3487/3487 3486/3486/3486
f 3485/3485/3485 3488/3488/3488 3487/3487/3487
f 3489/3489/3489 3491/3491/3491 3490/3490/3490
f 3489/3489/3489 3492/3492/3492 3491/3491/3491
f 3493/3493/3493 3495/3495/3495 3494/3494/3494
f 3493/3493/3493 3496/3496/3496 3495/3495/3495
f 3497/3497/3497 3499/3499/3499 3498/3498/3498
f 3497/3497/3497 3500/3500/3500 3499/3499/3499
f 3501/3501/3501 3503/3503/3503 3502/3502/3502
f 3501/3501/3501 3504/3504/3504 3503/3503/3503
f 3505/3505/3505 3507/3507/3507 3506/3506/3506
f 3505/3505/3505 3508/3508/3508 3507/3507/3507
f 3509/3509/3509 3511/3511/3511 3510/3510/3510
f 3509/3509/3509 3512/3512/3512 3511/3511/3511
f 3513/3513/3513 3515/3515/3515 3514/3514/3514
f 3513/3513/3513 3516/3516/3516 3515/3515/3515
f 3517/3517/3517 3519/3519/3519 3518/3518/3518
f 3517/3517/3517 3520/3520/3520 3519/3519/3519
f 3521/3521/3521 3523/3523/3523 3522/3522/3522
f 3521/3521/3521 3524/3524/3524 3523/3523/3523
f 3525/3525/3525 3527/3527/3527 3526/3526/3526
f 3525/3525/3525 3528/3528/3528 3527/3527/3527
f 3529/3529/3529 3531/3531/3531 3530/3530/3530
f 3529/3529/3529 3532/3532/3532 3531/3531/3531
f 3533/3533/3533 3535/3535/3535 3534/3534/3534
f 3533/3533/3533 3536/3536/3536 3535/3535/3535
f 3537/3537/3537 3539/3539/3539 3538/3538/3538
f 3537/3537/3537 3540/3540/3540 3539/3539/3539
f 3541/3541/3541 3543/3543/3543 3542/3542/3542
f 3541/3541/3541 3544/3544/3544 3543/3543/3543
f 3545/3545/3545 3547/3547/3547 3546/3546/3546
f 3545/3545/3545 3548/3548/3548 3547/3547/3547
f 3549/3549/3549 3551/3551/3551 3550/3550/3550
f 3549/3549/3549 3552/3552/3552 3551/3551/3551
f 3553/3553/3553 3555/3555/3555 3554/3554/3554
f 3553/3553/3553 3556/3556/3556 3555/3555/3555
f 3557/3557/3557 3559/3559/3559 3558/3558/3558
f 3557/3557/3557 3560/3560/3560 3559/3559/3559
f 3561/3561/3561 3563/3563/3563 3562/3562/3562
f 3561/3561/3561 3564/3564/3564 3563/3563/3563
f 3565/3565/3565 3567/3567/3567 3566/3566/3566
f 3565/3565/3565 3568/3568/3568 3567/3567/3567
f 3569/3569/3569 3571/3571/3571 3570/3570/3570
f 3569/3569/3569 3572/3572/3572 3571/3571/3571
f 3573/3573/3573 3575/3575/3575 3574/3574/3574
f 3573/3573/3573 3576/3576/3576 3575/3575/3575
f 3577/3577/3577 3579/3579/3579 3578/3578/3578
f 3577/3577/3577 3580/3580/3580 3579/3579/3579
f 3581/3581/3581 3583/3583/3583 3582/3582/3582
f 3581/3581/3581 3584/3584/3584 3583/3583/3583
f 3585/3585/3585 3587/3587/3587 3586/3586/3586
f 3585/3585/3585 3588/3588/3588 3587/3587/3587
f 3589/3589/3589 3591/3591/3591 3590/3590/3590
f 3589/3589/3589 3592/3592/3592 3591/3591/3591
f 3593/3593/3593 3595/3595/3595 3594/3594/3594
f 3593/3593/3593 3596/3596/3596 3595/3595/3595
f 3597/3597/3597 3599/3599/3599 3598/3598/3598
f 3597/3597/3597 3600/3600/3600 3599/3599/3599
f 3601/3601/3601 3603/3603/3603 3602/3602/3602
f 3601/3601/3601 3604/3604/3604 3603/3603/3603
f 3605/3605/3605 3607/3607/3607 3606/3606/3606
f 3605/3605/3605 3608/3608/3608 3607/3607/3607
f 3609/3609/3609 3611/3611/3611 3610/3610/3610
f 3609/3609/3609 3612/3612/3612 3611/3611/3611
f 3613/3613/3613 3615/3615/3615 3614/3614/3614
f 3613/3613/3613 3616/3616/3616 3615/3615/3615
f 3617/3617/3617 3619/3619/3619 3618/3618/3618
f 3617/3617/3617 3620/3620/3620 3619/3619/3619
f 3621/3621/3621 3623/3623/3623 3622/3622/3622
f 3621/3621/3621 3624/3624/3624 3623/3623/3623
f 3625/3625/3625 3627/3627/3627 3626/3626/3626
f 3625/3625/3625 3628/3628/3628 3627/3627/3627
f 3629/3629/3629 3631/3631/3631 3630/3630/3630
f 3629/3629/3629 3632/3632/3632 3631/3631/3631
f 3633/3633/3633 3635/3635/3635 3634/3634/3634
f 3633/3633/3633 3636/3636/3636 3635/3635/3635
f 3637/3637/3637 3639/3639/3639 3638/3638/3638
f 3637/3637/3637 3640/3640/3640 3639/3639/3639
f 3641/3641/3641 3643/3643/3643 3642/3642/3642
f 3641/3641/3641 3644/3644/3644 3643/3643/3643
f 3645/3645/3645 3647/3647/3647 3646/3646/3646
f 3645/3645/3645 3648/3648/3648 3647/3647/3647
f 3649/3649/3649 3651/3651/3651 3650/3650/3650
f 3649/3649/3649 3652/3652/3652 3651/3651/3651
f 3653/3653/3653 3655/3655/3655 3654/3654/3654
f 3653/3653/3653 3656/3656/3656 3655/3655/3655
f 3657/3657/3657 3659/3659/3659 3658/3658/3658
f 3657/3657/3657 3660/3660/3660 3659/3659/3659
f 3661/3661/3661 3663/3663/3663 3662/3662/3662
f 3661/3661/3661 3664/3664/3664 3663/3663/3663
f 3665/3665/3665 3667/3667/3667 3666/3666/3666
f 3665/3665/3665 3668/3668/3668 3667/3667/3667
f 3669/3669/3669 3671/3671/3671 3670/3670/3670
f 3669/3669/3669 3672/3672/3672 3671/3671/3671
f 3673/3673/3673 3675/3675/3675 3674/3674/3674
f 3673/3673/3673 3676/3676/3676 3675/3675/3675
f 3677/3677/3677 3679/3679/3679 3678/3678/3678
f 3677/3677/3677 3680/3680/3680 3679/3679/3679
f 3681/3681/3681 3683/3683/3683 3682/3682/3682
f 3681/3681/3681 3684/3684/3684 3683/3683/3683
f 3685/3685/3685 3687/3687/3687 3686/3686/3686
f 3685/3685/3685 3688/3688/3688 3687/3687/3687
f 3689/3689/3689 3691/3691/3691 3690/3690/3690
f 3689/3689/3689 3692/3692/3692 3691/3691/3691
f 3693/3693/3693 3695/3695/3695 3694/3694/3694
f 3693/3693/3693 3696/3696/3696 3695/3695/3695
f 3697/3697/3697 3699/3699/3699 3698/3698/3698
f 3697/3697/3697 3700/3700/3700 3699/3699/3699
f 3701/3701/3701 3703/3703/3703 3702/3702/3702
f 3701/3701/3701 3704/3704/3704 3703/3703/3703
f 3705/3705/3705 3707/3707/3707 3706/3706/3706
f 3705/3705/3705 3708/3708/3708 3707/3707/3707
f 3709/3709/3709 3711/3711/3711 3710/3710/3710
f 3709/3709/3709 3712/3712/3712 3711/3711/3711
f 3713/3713/3713 3715/3715/3715 3714/3714/3714
f 3713/3713/3713 3716/3716/3716 3715/3715/3715
f 3717/3717/3717 3719/3719/3719 3718/3718/3718
f 3717/3717/3717 3720/3720/3720 3719/3719/3719
f 3721/3721/3721 3723/3723/3723 3722/3722/3722
f 3721/3721/3721 3724/3724/3724 3723/3723/3723
f 3725/3725/3725 3727/3727/3727 3726/3726/3726
f 3725/3725/3725 3728/3728/3728 3727/3727/3727
f 3729/3729/3729 3731/3731/3731 3730/3730/3730
f 3729/3729/3729 3732/3732/3732 3731/3731/3731
f 3733/3733/3733 3735/3735/3735 3734/3734/3734
f 3733/3733/3733 3736/3736/3736 3735/3735/3735
f 3737/3737/3737 3739/3739/3739 3738/3738/3738
f 3737/3737/3737 3740/3740/3740 3739/3739/3739
f 3741/3741/3741 3743/3743/3743 3742/3742/3742
f 3741/3741/3741 3744/3744/3744 3743/3743/3743
f 3745/3745/3745 3747/3747/3747 3746/3746/3746
f 3745/3745/3745 3748/3748/3748 3747/3747/3747
f 3749/3749/3749 3751/3751/3751 3750/3750/3750
f 3749/3749/3749 3752/3752/3752 3751/3751/3751
f 3753/3753/3753 3755/3755/3755 3754/3754/3754
f 3753/3753/3753 3756/3756/3756 3755/3755/3755
f 3757/3757/3757 3759/3759/3759 3758/3758/3758
f 3757/3757/3757 3760/3760/3760 3759/3759/3759
f 3761/3761/3761 3763/3763/3763 3762/3762/3762
f 3761/3761/3761 3764/3764/3764 3763/3763/3763
f 3765/3765/3765 3767/3767/3767 3766/3766/3766
f 3765/3765/3765 3768/3768/3768 3767/3767/3767
f 3769/3769/3769 3771/3771/3771 3770/3770/3770
f 3769/3769/3769 3772/3772/3772 3771/3771/3771
f 3773/3773/3773 3775/3775/3775 3774/3774/3774
f 3773/3773/3773 3776/3776/3776 3775/3775/3775
f 3777/3777/3777 3779/3779/3779 3778/3778/3778
f 3777/3777/3777 3780/3780/3780 3779/3779/3779
f 3781/3781/3781 3783/3783/3783 3782/3782/3782
f 3781/3781/3781 3784/3784/3784 3783/3783/3783
f 3785/3785/3785 3787/3787/3787 3786/3786/3786
f 3785/3785/3785 3788/3788/3788 3787/3787/3787
f 3789/3789/3789 3791/3791/3791 3790/3790/3790
f 3789/3789/3789 3792/3792/3792 3791/3791/3791
f 3793/3793/3793 3795/3795/3795 3794/3794/3794
f 3793/3793/3793 3796/3796/3796 3795/3795/3795
f 3797/3797/3797 3799/3799/3799 3798/3798/3798
f 3797/3797/3797 3800/3800/3800 3799/3799/3799
f 3801/3801/3801 3803/3803/3803 3802/3802/3802
f 3801/3801/3801 3804/3804/3804 3803/3803/3803
f 3805/3805/3805 3807/3807/3807 3806/3806/3806
f 3805/3805/3805 3808/3808/3808 3807/3807/3807
f 3809/3809/3809 3811/3811/3811 3810/3810/3810
f 3809/3809/3809 3812/3812/3812 3811/3811/3811
f 3813/3813/3813 3815/3815/3815 3814/3814/3814
f 3813/3813/3813 3816/3816/3816 3815/3815/3815
f 3817/3817/3817 3819/3819/3819 3818/3818/3818
f 3817/3817/3817 3820/3820/3820 3819/3819/3819
f 3821/3821/3821 3823/3823/3823 3822/3822/3822
f 3821/3821/3821 3824/3824/3824 3823/3823/3823
f 3825/3825/3825 3827/3827/3827 3826/3826/3826
f 3825/3825/3825 3828/3828/3828 3827/3827/3827
f 3829/3829/3829 3831/3831/3831 3830/3830/3830
f 3829/3829/3829 3832/3832/3832 3831/3831/3831
f 3833/3833/3833 3835/3835/3835 3834/3834/3834
f 3833/3833/3833 3836/3836/3836 3835/3835/3835
f 3837/3837/3837 3839/3839/3839 3838/3838/3838
f 3837/3837/3837 3840/3840/3840 3839/3839/3839
f 3841/3841/3841 3843/3843/3843 3842/3842/3842
f 3841/3841/3841 3844/3844/3844 3843/3843/3843
f 3845/3845/3845 3847/3847/3847 3846/3846/3846
f 3845/3845/3845 3848/3848/3848 3847/3847/3847
f 3849/3849/3849 3851/3851/3851 3850/3850/3850
f 3849/3849/3849 3852/3852/3852 3851/3851/3851
f 3853/3853/3853 3855/3855/3855 3854/3854/3854
f 3853/3853/3853 3856/3856/3856 3855/3855/3855
f 3857/3857/3857 3859/3859/3859 3858/3858/3858
f 3857/3857/3857 3860/3860/3860 3859/3859/3859
f 3861/3861/3861 3863/3863/3863 3862/3862/3862
f 3861/3861/3861 3864/3864/3864 3863/3863/3863
f 3865/3865/3865 3867/3867/3867 3866/3866/3866
f 3865/3865/3865 3868/3868/3868 3867/3867/3867
f 3869/3869/3869 3871/3871/3871 3870/3870/3870
f 3869/3869/3869 3872/3872/3872 3871/3871/3871
f 3873/3873/3873 3875/3875/3875 3874/3874/3874
f 3873/3873/3873 3876/3876/3876 3875/3875/3875
f 3877/3877/3877 3879/3879/3879 3878/3878/3878
f 3877/3877/3877 3880/3880/3880 3879/3879/3879
f 3881/3881/3881 3883/3883/3883 3882/3882/3882
f 3881/3881/3881 3884/3884/3884 3883/3883/3883
f 3885/3885/3885 3887/3887/3887 3886/3886/3886
f 3885/3885/3885 3888/3888/3888 3887/3887/3887
f 3889/3889/3889 3891/3891/3891 3890/3890/3890
f 3889/3889/3889 3892/3892/3892 3891/3891/3891
f 3893/3893/3893 3895/3895/3895 3894/3894/3894
f 3893/3893/3893 3896/3896/3896 3895/3895/3895
f 3897/3897/3897 3899/3899/3899 3898/3898/3898
f 3897/3897/3897 3900/3900/3900 3899/3899/3899
f 3901/3901/3901 3903/3903/3903 3902/3902/3902
f 3901/3901/3901 3904/3904/3904 3903/3903/3903
f 3905/3905/3905 3907/3907/3907 3906/3906/3906
f 3905/3905/3905 3908/3908/3908 3907/3907/3907
f 3909/3909/3909 3911/3911/3911 3910/3910/3910
f 3909/3909/3909 3912/3912/3912 3911/3911/3911
f 3913/3913/3913 3915/3915/3915 3914/3914/3914
f 3913/3913/3913 3916/3916/3916 3915/3915/3915
f 3917/3917/3917 3919/3919/3919 3918/3918/3918
f 3917/3917/3917 3920/3920/3920 3919/3919/3919
f 3921/3921/3921 3923/3923/3923 3922/3922/3922
f 3921/3921/3921 3924/3924/3924 3923/3923/3923
f 3925/3925/3925 3927/3927/3927 3926/3926/3926
f 3925/3925/3925 3928/3928/3928 3927/3927/3927
f 3929/3929/3929 3931/3931/3931 3930/3930/3930
f 3929/3929/3929 3932/3932/3932 3931/3931/3931
f 3933/3933/3933 3935/3935/3935 3934/3934/3934
f 3933/3933/3933 3936/3936/3936 3935/3935/3935
f 3937/3937/3937 3939/3939/3939 3938/3938/3938
f 3937/3937/3937 3940/3940/3940 3939/3939/3939
f 3941/3941/3941 3943/3943/3943 3942/3942/3942
f 3941/3941/3941 3944/3944/3944 3943/3943/3943
f 3945/3945/3945 3947/3947/3947 3946/3946/3946
f 3945/3945/3945 3948/3948/3948 3947/3947/3947
f 3949/3949/3949 3951/3951/3951 3950/3950/3950
f 3949/3949/3949 3952/3952/3952 3951/3951/3951
f 3953/3953/3953 3955/3955/3955 3954/3954/3954
f 3953/3953/3953 3956/3956/3956 3955/3955/3955
f 3957/3957/3957 3959/3959/3959 3958/3958/3958
f 3957/3957/3957 3960/3960/3960 3959/3959/3959
f 3961/3961/3961 3963/3963/3963 3962/3962/3962
f 3961/3961/3961 3964/3964/3964 3963/3963/3963
f 3965/3965/3965 3967/3967/3967 3966/3966/3966
f 3965/3965/3965 3968/3968/3968 3967/3967/3967
f 3969/3969/3969 3971/3971/3971 3970/3970/3970
f 3969/3969/3969 3972/3972/3972 3971/3971/3971
f 3973/3973/3973 3975/3975/3975 3974/3974/3974
f 3973/3973/3973 3976/3976/3976 3975/3975/3975
f 3977/3977/3977 3979/3979/3979 3978/3978/3978
f 3977/3977/3977 3980/3980/3980 3979/3979/3979
f 3981/3981/3981 3983/3983/3983 3982/3982/3982
f 3981/3981/3981 3984/3984/3984 3983/3983/3983
f 3985/3985/3985 3987/3987/3987 3986/3986/3986
f 3985/3985/3985 3988/3988/3988 3987/3987/3987
f 3989/3989/3989 3991/3991/3991 3990/3990/3990
f 3989/3989/3989 3992/3992/3992 3991/3991/3991
f 3993/3993/3993 3995/3995/3995 3994/3994/3994
f 3993/3993/3993 3996/3996/3996 3995/3995/3995
f 3997/3997/3997 3999/3999/3999 3998/3998/3998
f 3997/3997/3997 4000/4000/4000 3999/3999/3999
f 4001/4001/4001 4003/4003/4003 4002/4002/4002
f 4001/4001/4001 4004/4004/4004 4003/4003/4003
f 4005/4005/4005 4007/4007/4007 4006/4006/4006
f 4005/4005/4005 4008/4008/4008 4007/4007/4007
f 4009/4009/4009 4011/4011/4011 4010/4010/4010
f 4009/4009/4009 4012/4012/4012 4011/4011/4011
f 4013/4013/4013 4015/4015/4015 4014/4014/4014
f 4013/4013/4013 4016/4016/4016 4015/4015/4015
f 4017/4017/4017 4019/4019/4019 4018/4018/4018
f 4017/4017/4017 4020/4020/4020 4019/4019/4019
f 4021/4021/4021 4023/4023/4023 4022/4022/4022
f 4021/4021/4021 4024/4024/4024 4023/4023/4023
f 4025/4025/4025 4027/4027/4027 4026/4026/4026
f 4025/4025/4025 4028/4028/4028 4027/4027/4027
f 4029/4029/4029 4031/4031/4031 4030/4030/4030
f 4029/4029/4029 4032/4032/4032 4031/4031/4031
f 4033/4033/4033 4035/4035/4035 4034/4034/4034
f 4033/4033/4033 4036/4036/4036 4035/4035/4035
f 4037/4037/4037 4039/4039/4039 4038/4038/4038
f 4037/4037/4037 4040/4040/4040 4039/4039/4039
f 4041/4041/4041 4043/4043/4043 4042/4042/4042
f 4041/4041/4041 4044/4044/4044 4043/4043/4043
f 4045/4045/4045 4047/4047/4047 4046/4046/4046
f 4045/4045/4045 4048/4048/4048 4047/4047/4047
f 4049/4049/4049 4051/4051/4051 4050/4050/4050
f 4049/4049/4049 4052/4052/4052 4051/4051/4051
f 4053/4053/4053 4055/4055/4055 4054/4054/4054
f 4053/4053/4053 4056/4056/4056 4055/4055/4055
f 4057/4057/4057 4059/4059/4059 4058/4058/4058
f 4057/4057/4057 4060/4060/4060 4059/4059/4059
f 4061/4061/4061 4063/4063/4063 4062/4062/4062
f 4061/4061/4061 4064/4064/4064 4063/4063/4063
f 4065/4065/4065 4067/4067/4067 4066/4066/4066
f 4065/4065/4065 4068/4068/4068 4067/4067/4067
f 4069/4069/4069 4071/4071/4071 4070/4070/4070
f 4069/4069/4069 4072/4072/4072 4071/4071/4071
f 4073/4073/4073 4075/4075/4075 4074/4074/4074
f 4073/4073/4073 4076/4076/4076 4075/4075/4075
f 4077/4077/4077 4079/4079/4079 4078/4078/4078
f 4077/4077/4077 4080/4080/4080 4079/4079/4079
f 4081/4081/4081 4083/4083/4083 4082/4082/4082
f 4081/4081/4081 4084/4084/4084 4083/4083/4083
f 4085/4085/4085 4087/4087/4087 4086/4086/4086
f 4085/4085/4085 4088/4088/4088 4087/4087/4087
f 4089/4089/4089 4091/4091/4091 4090/4090/4090
f 4089/4089/4089 4092/4092/4092 4091/4091/4091
f 4093/4093/4093 4095/4095/4095 4094/4094/4094
f 4093/4093/4093 4096/4096/4096 4095/4095/4095
f 4097/4097/4097 4099/4099/4099 4098/4098/4098
f 4097/4097/4097 4100/4100/4100 4099/4099/4099
f 4101/4101/4101 4103/4103/4103 4102/4102/4102
f 4101/4101/4101 4104/4104/4104 4103/4103/4103
f 4105/4105/4105 4107/4107/4107 4106/4106/4106
f 4105/4105/4105 4108/4108/4108 4107/4107/4107
f 4109/4109/4109 4111/4111/4111 4110/4110/4110
f 4109/4109/4109 4112/4112/4112 4111/4111/4111
f 4113/4113/4113 4115/4115/4115 4114/4114/4114
f 4113/4113/4113 4116/4116/4116 4115/4115/4115
f 4117/4117/4117 4119/4119/4119 4118/4118/4118
f 4117/4117/4117 4120/4120/4120 4119/4119/4119
f 4121/4121/4121 4123/4123/4123 4122/4122/4122
f 4121/4121/4121 4124/4124/4124 4123/4123/4123
f 4125/4125/4125 4127/4127/4127 4126/4126/4126
f 4125/4125/4125 4128/4128/4128 4127/4127/4127
f 4129/4129/4129 4131/4131/4131 4130/4130/4130
f 4129/4129/4129 4132/4132/4132 4131/4131/4131
f 4133/4133/4133 4135/4135/4135 4134/4134/4134
f 4133/4133/4133 4136/4136/4136 4135/4135/4135
f 4137/4137/4137 4139/4139/4139 4138/4138/4138
f 4137/4137/4137 4140/4140/4140 4139/4139/4139
f 4141/4141/4141 4143/4143/4143 4142/4142/4142
f 4141/4141/4141 4144/4144/4144 4143/4143/4143
f 4145/4145/4145 4147/4147/4147 4146/4146/4146
f 4145/4145/4145 4148/4148/4148 4147/4147/4147
f 4149/4149/4149 4151/4151/4151 4150/4150/4150
f 4149/4149/4149 4152/4152/4152 4151/4151/4151
f 4153/4153/4153 4155/4155/4155 4154/4154/4154
f 4153/4153/4153 4156/4156/4156 4155/4155/4155
f 4157/4157/4157 4159/4159/4159 4158/4158/4158
f 4157/4157/4157 4160/4160/4160 4159/4159/4159
f 4161/4161/4161 4163/4163/4163 4162/4162/4162
f 4161/4161/4161 4164/4164/4164 4163/4163/4163
f 4165/4165/4165 4167/4167/4167 4166/4166/4166
f 4165/4165/4165 4168/4168/4168 4167/4167/4167
f 4169/4169/4169 4171/4171/4171 4170/4170/4170
f 4169/4169/4169 4172/4172/4172 4171/4171/4171
f 4173/4173/4173 4175/4175/4175 4174/4174/4174
f 4173/4173/4173 4176/4176/4176 4175/4175/4175
f 4177/4177/4177 4179/4179/4179 4178/4178/4178
f 4177/4177/4177 4180/4180/4180 4179/4179/4179
f 4181/4181/4181 4183/4183/4183 4182/4182/4182
f 4181/4181/4181 4184/4184/4184 4183/4183/4183
f 4185/4185/4185 4187/4187/4187 4186/4186/4186
f 4185/4185/4185 4188/4188/4188 4187/4187/4187
f 4189/4189/4189 4191/4191/4191 4190/4190/4190
f 4189/4189/4189 4192/4192/4192 4191/4191/4191
f 4193/4193/4193 4195/4195/4195 4194/4194/4194
f 4193/4193/4193 4196/4196/4196 4195/4195/4195
f 4197/4197/4197 4199/4199/4199 4198/4198/4198
f 4197/4197/4197 4200/4200/4200 4199/4199/4199
f 4201/4201/4201 4203/4203/4203 4202/4202/4202
f 4201/4201/4201 4204/4204/4204 4203/4203/4203
f 4205/4205/4205 4207/4207/4207 4206/4206/4206
f 4205/4205/4205 4208/4208/4208 4207/4207/4207
f 4209/4209/4209 4211/4211/4211 4210/4210/4210
f 4209/4209/4209 4212/4212/4212 4211/4211/4211
f 4213/4213/4213 4215/4215/4215 4214/4214/4214
f 4213/4213/4213 4216/4216/4216 4215/4215/4215
f 4217/4217/4217 4219/4219/4219 4218/4218/4218
f 4217/4217/4217 4220/4220/4220 4219/4219/4219
f 4221/4221/4221 4223/4223/4223 4222/4222/4222
f 4221/4221/4221 4224/4224/4224 4223/4223/4223
f 4225/4225/4225 4227/4227/4227 4226/4226/4226
f 4225/4225/4225 4228/4228/4228 4227/4227/4227
f 4229/4229/4229 4231/4231/4231 4230/4230/4230
f 4229/4229/4229 4232/4232/4232 4231/4231/4231
f 4233/4233/4233 4235/4235/4235 4234/4234/4234
f 4233/4233/4233 4236/4236/4236 4235/4235/4235
f 4237/4237/4237 4239/4239/4239 4238/4238/4238
f 4237/4237/4237 4240/4240/4240 4239/4239/4239
f 4241/4241/4241 4243/4243/4243 4242/4242/4242
f 4241/4241/4241 4244/4244/4244 4243/4243/4243
f 4245/4245/4245 4247/4247/4247 4246/4246/4246
f 4245/4245/4245 4248/4248/4248 4247/4247/4247
f 4249/4249/4249 4251/4251/4251 4250/4250/4250
f 4249/4249/4249 4252/4252/4252 4251/4251/4251
f 4253/4253/4253 4255/4255/4255 4254/4254/4254
f 4253/4253/4253 4256/4256/4256 4255/4255/4255
f 4257/4257/4257 4259/4259/4259 4258/4258/4258
f 4257/4257/4257 4260/4260/4260 4259/4259/4259
f 4261/4261/4261 4263/4263/4263 4262/4262/4262
f 4261/4261/4261 4264/4264/4264 4263/4263/4263
f 4265/4265/4265 4267/4267/4267 4266/4266/4266
f 4265/4265/4265 4268/4268/4268 4267/4267/4267
f 4269/4269/4269 4271/4271/4271 4270/4270/4270
f 4269/4269/4269 4272/4272/4272 4271/4271/4271
f 4273/4273/4273 4275/4275/4275 4274/4274/4274
f 4273/4273/4273 4276/4276/4276 4275/4275/4275
f 4277/4277/4277 4279/4279/4279 4278/4278/4278
f 4277/4277/4277 4280/4280/4280 4279/4279/4279
f 4281/4281/4281 4283/4283/4283 4282/4282/4282
f 4281/4281/4281 4284/4284/4284 4283/4283/4283
f 4285/4285/4285 4287/4287/4287 4286/4286/4286
f 4285/4285/4285 4288/4288/4288 4287/4287/4287
f 4289/4289/4289 4291/4291/4291 4290/4290/4290
f 4289/4289/4289 4292/4292/4292 4291/4291/4291
f 4293/4293/4293 4295/4295/4295 4294/4294/4294
f 4293/4293/4293 4296/4296/4296 4295/4295/4295
f 4297/4297/4297 4299/4299/4299 4298/4298/4298
f 4297/4297/4297 4300/4300/4300 4299/4299/4299
f 4301/4301/4301 4303/4303/4303 4302/4302/4302
f 4301/4301/4301 4304/4304/4304 4303/4303/4303
f 4305/4305/4305 4307/4307/4307 4306/4306/4306
f 4305/4305/4305 4308/4308/4308 4307/4307/4307
f 4309/4309/4309 4311/4311/4311 4310/4310/4310
f 4309/4309/4309 4312/4312/4312 4311/4311/4311
f 4313/4313/4313 4315/4315/4315 4314/4314/4314
f 4313/4313/4313 4316/4316/4316 4315/4315/4315
f 4317/4317/4317 4319/4319/4319 4318/4318/4318
f 4317/4317/4317 4320/4320/4320 4319/4319/4319
f 4321/4321/4321 4323/4323/4323 4322/4322/4322
f 4321/4321/4321 4324/4324/4324 4323/4323/4323
f 4325/4325/4325 4327/4327/4327 4326/4326/4326
f 4325/4325/4325 4328/4328/4328 4327/4327/4327
f 4329/4329/4329 4331/4331/4331 4330/4330/4330
f 4329/4329/4329 4332/4332/4332 4331/4331/4331
f 4333/4333/4333 4335/4335/4335 4334/4334/4334
f 4333/4333/4333 4336/4336/4336 4335/4335/4335
f 4337/4337/4337 4339/4339/4339 4338/4338/4338
f 4337/4337/4337 4340/4340/4340 4339/4339/4339
f 4341/4341/4341 4343/4343/4343 4342/4342/4342
f 4341/4341/4341 4344/4344/4344 4343/4343/4343
f 4345/4345/4345 4347/4347/4347 4346/4346/4346
f 4345/4345/4345 4348/4348/4348 4347/4347/4347
f 4349/4349/4349 4351/4351/4351 4350/4350/4350
f 4349/4349/4349 4352/4352/4352 4351/4351/4351
f 4353/4353/4353 4355/4355/4355 4354/4354/4354
f 4353/4353/4353 4356/4356/4356 4355/4355/4355
f 4357/4357/4357 4359/4359/4359 4358/4358/4358
f 4357/4357/4357 4360/4360/4360 4359/4359/4359
f 4361/4361/4361 4363/4363/4363 4362/4362/4362
f 4361/4361/4361 4364/4364/4364 4363/4363/4363
f 4365/4365/4365 4367/4367/4367 4366/4366/4366
f 4365/4365/4365 4368/4368/4368 4367/4367/4367
f 4369/4369/4369 4371/4371/4371 4370/4370/4370
f 4369/4369/4369 4372/4372/4372 4371/4371/4371
f 4373/4373/4373 4375/4375/4375 4374/4374/4374
f 4373/4373/4373 4376/4376/4376 4375/4375/4375
f 4377/4377/4377 4379/4379/4379 4378/4378/4378
f 4377/4377/4377 4380/4380/4380 4379/4379/4379
f 4381/4381/4381 4383/4383/4383 4382/4382/4382
f 4381/4381/4381 4384/4384/4384 4383/4383/4383
f 4385/4385/4385 4387/4387/4387 4386/4386/4386
f 4385/4385/4385 4388/4388/4388 4387/4387/4387
f 4389/4389/4389 4391/4391/4391 4390/4390/4390
f 4389/4389/4389 4392/4392/4392 4391/4391/4391
f 4393/4393/4393 4395/4395/4395 4394/4394/4394
f 4393/4393/4393 4396/4396/4396 4395/4395/4395
f 4397/4397/4397 4399/4399/4399 4398/4398/4398
f 4397/4397/4397 4400/4400/4400 4399/4399/4399
f 4401/4401/4401 4403/4403/4403 4402/4402/4402
f 4401/4401/4401 4404/4404/4404 4403/4403/4403
f 4405/4405/4405 4407/4407/4407 4406/4406/4406
f 4405/4405/4405 4408/4408/4408 4407/4407/4407
f 4409/4409/4409 4411/4411/4411 4410/4410/4410
f 4409/4409/4409 4412/4412/4412 4411/4411/4411
f 4413/4413/4413 4415/4415/4415 4414/4414/4414
f 4413/4413/4413 4416/4416/4416 4415/4415/4415
f 4417/4417/4417 4419/4419/4419 4418/4418/4418
f 4417/4417/4417 4420/4420/4420 4419/4419/4419
f 4421/4421/4421 4423/4423/4423 4422/4422/4422
f 4421/4421/4421 4424/4424/4424 4423/4423/4423
f 4425/4425/4425 4427/4427/4427 4426/4426/4426
f 4425/4425/4425 4428/4428/4428 4427/4427/4427
f 4429/4429/4429 4431/4431/4431 4430/4430/4430
f 4429/4429/4429 4432/4432/4432 4431/4431/4431
f 4433/4433/4433 4435/4435/4435 4434/4434/4434
f 4433/4433/4433 4436/4436/4436 4435/4435/4435
f 4437/4437/4437 4439/4439/4439 4438/4438/4438
f 4437/4437/4437 4440/4440/4440 4439/4439/4439
f 4441/4441/4441 4443/4443/4443 4442/4442/4442
f 4441/4441/4441 4444/4444/4444 4443/4443/4443
f 4445/4445/4445 4447/4447/4447 4446/4446/4446
f 4445/4445/4445 4448/4448/4448 4447/4447/4447
f 4449/4449/4449 4451/4451/4451 4450/4450/4450
f 4449/4449/4449 4452/4452/4452 4451/4451/4451
f 4453/4453/4453 4455/4455/4455 4454/4454/4454
f 4453/4453/4453 4456/4456/4456 4455/4455/4455
f 4457/4457/4457 4459/4459/4459 4458/4458/4458
f 4457/4457/4457 4460/4460/4460 4459/4459/4459
f 4461/4461/4461 4463/4463/4463 4462/4462/4462
f 4461/4461/4461 4464/4464/4464 4463/4463/4463
f 4465/4465/4465 4467/4467/4467 4466/4466/4466
f 4465/4465/4465 4468/4468/4468 4467/4467/4467
f 4469/4469/4469 4471/4471/4471 4470/4470/4470
f 4469/4469/4469 4472/4472/4472 4471/4471/4471
f 4473/4473/4473 4475/4475/4475 4474/4474/4474
f 4473/4473/4473 4476/4476/4476 4475/4475/4475
f 4477/4477/4477 4479/4479/4479 4478/4478/4478
f 4477/4477/4477 4480/4480/4480 4479/4479/4479
f 4481/4481/4481 4483/4483/4483 4482/4482/4482
f 4481/4481/4481 4484/4484/4484 4483/4483/4483
f 4485/4485/4485 4487/4487/4487 4486/4486/4486
f 4485/4485/4485 4488/4488/4488 4487/4487/4487
f 4489/4489/4489 4491/4491/4491 4490/4490/4490
f 4489/4489/4489 4492/4492/4492 4491/4491/4491
f 4493/4493/4493 4495/4495/4495 4494/4494/4494
f 4493/4493/4493 4496/4496/4496 4495/4495/4495
f 4497/4497/4497 4499/4499/4499 4498/4498/4498
f 4497/4497/4497 4500/4500/4500 4499/4499/4499
f 4501/4501/4501 4503/4503/4503 4502/4502/4502
f 4501/4501/4501 4504/4504/4504 4503/4503/4503
f 4505/4505/4505 4507/4507/4507 4506/4506/4506
f 4505/4505/4505 4508/4508/4508 4507/4507/4507
f 4509/4509/4509 4511/4511/4511 4510/4510/4510
f 4509/4509/4509 4512/4512/4512 4511/4511/4511
f 4513/4513/4513 4515/4515/4515 4514/4514/4514
f 4513/4513/4513 4516/4516/4516 4515/4515/4515
f 4517/4517/4517 4519/4519/4519 4518/4518/4518
f 4517/4517/4517 4520/4520/4520 4519/4519/4519
f 4521/4521/4521 4523/4523/4523 4522/4522/4522
f 4521/4521/4521 4524/4524/4524 4523/4523/4523
f 4525/4525/4525 4527/4527/4527 4526/4526/4526
f 4525/4525/4525 4528/4528/4528 4527/4527/4527
f 4529/4529/4529 4531/4531/4531 4530/4530/4530
f 4529/4529/4529 4532/4532/4532 4531/4531/4531
f 4533/4533/4533 4535/4535/4535 4534/4534/4534
f 4533/4533/4533 4536/4536/4536 4535/4535/4535
f 4537/4537/4537 4539/4539/4539 4538/4538/4538
f 4537/4537/4537 4540/4540/4540 4539/4539/4539
f 4541/4541/4541 4543/4543/4543 4542/4542/4542
f 4541/4541/4541 4544/4544/4544 4543/4543/4543
f 4545/4545/4545 4547/4547/4547 4546/4546/4546
f 4545/4545/4545 4548/4548/4548 4547/4547/4547
f 4549/4549/4549 4551/4551/4551 4550/4550/4550
f 4549/4549/4549 4552/4552/4552 4551/4551/4551
f 4553/4553/4553 4555/4555/4555 4554/4554/4554
f 4553/4553/4553 4556/4556/4556 4555/4555/4555
f 4557/4557/4557 4559/4559/4559 4558/4558/4558
f 4557/4557/4557 4560/4560/4560 4559/4559/4559
f 4561/4561/4561 4563/4563/4563 4562/4562/4562
f 4561/4561/4561 4564/4564/4564 4563/4563/4563
f 4565/4565/4565 4567/4567/4567 4566/4566/4566
f 4565/4565/4565 4568/4568/4568 4567/4567/4567
f 4569/4569/4569 4571/4571/4571 4570/4570/4570
f 4569/4569/4569 4572/4572/4572 4571/4571/4571
f 4573/4573/4573 4575/4575/4575 4574/4574/4574
f 4573/4573/4573 4576/4576/4576 4575/4575/4575
f 4577/4577/4577 4579/4579/4579 4578/4578/4578
f 4577/4577/4577 4580/4580/4580 4579/4579/4579
f 4581/4581/4581 4583/4583/4583 4582/4582/4582
f 4581/4581/4581 4584/4584/4584 4583/4583/4583
f 4585/4585/4585 4587/4587/4587 4586/4586/4586
f 4585/4585/4585 4588/4588/4588 4587/4587/4587
f 4589/4589/4589 4591/4591/4591 4590/4590/4590
f 4589/4589/4589 4592/4592/4592 4591/4591/4591
f 4593/4593/4593 4595/4595/4595 4594/4594/4594
f 4593/4593/4593 4596/4596/4596 4595/4595/4595
f 4597/4597/4597 4599/4599/4599 4598/4598/4598
f 4597/4597/4597 4600/4600/4600 4599/4599/4599
f 4601/4601/4601 4603/4603/4603 4602/4602/4602
f 4601/4601/4601 4604/4604/4604 4603/4603/4603
f 4605/4605/4605 4607/4607/4607 4606/4606/4606
f 4605/4605/4605 4608/4608/4608 4607/4607/4607
f 4609/4609/4609 4611/4611/4611 4610/4610/4610
f 4609/4609/4609 4612/4612/4612 4611/4611/4611
f 4613/4613/4613 4615/4615/4615 4614/4614/4614
f 4613/4613/4613 4616/4616/4616 4615/4615/4615
f 4617/4617/4617 4619/4619/4619 4618/4618/4618
f 4617/4617/4617 4620/4620/4620 4619/4619/4619
f 4621/4621/4621 4623/4623/4623 4622/4622/4622
f 4621/4621/4621 4624/4624/4624 4623/4623/4623
f 4625/4625/4625 4627/4627/4627 4626/4626/4626
f 4625/4625/4625 4628/4628/4628 4627/4627/4627
f 4629/4629/4629 4631/4631/4631 4630/4630/4630
f 4629/4629/4629 4632/4632/4632 4631/4631/4631
f 4633/4633/4633 4635/4635/4635 4634/4634/4634
f 4633/4633/4633 4636/4636/4636 4635/4635/4635
f 4637/4637/4637 4639/4639/4639 4638/4638/4638
f 4637/4637/4637 4640/4640/4640 4639/4639/4639
f 4641/4641/4641 4643/4643/4643 4642/4642/4642
f 4641/4641/4641 4644/4644/4644 4643/4643/4643
f 4645/4645/4645 4647/4647/4647 4646/4646/4646
f 4645/4645/4645 4648/4648/4648 4647/4647/4647
f 4649/4649/4649 4651/4651/4651 4650/4650/4650
f 4649/4649/4649 4652/4652/4652 4651/4651/4651
f 4653/4653/4653 4655/4655/4655 4654/4654/4654
f 4653/4653/4653 4656/4656/4656 4655/4655/4655
f 4657/4657/4657 4659/4659/4659 4658/4658/4658
f 4657/4657/4657 4660/4660/4660 4659/4659/4659
f 4661/4661/4661 4663/4663/4663 4662/4662/4662
f 4661/4661/4661 4664/4664/4664 4663/4663/4663
f 4665/4665/4665 4667/4667/4667 4666/4666/4666
f 4665/4665/4665 4668/4668/4668 4667/4667/4667
f 4669/4669/4669 4671/4671/4671 4670/4670/4670
f 4669/4669/4669 4672/4672/4672 4671/4671/4671
f 4673/4673/4673 4675/4675/4675 4674/4674/4674
f 4673/4673/4673 4676/4676/4676 4675/4675/4675
f 4677/4677/4677 4679/4679/4679 4678/4678/4678
f 4677/4677/4677 4680/4680/4680 4679/4679/4679
f 4681/4681/4681 4683/4683/4683 4682/4682/4682
f 4681/4681/4681 4684/4684/4684 4683/4683/4683
f 4685/4685/4685 4687/4687/4687 4686/4686/4686
f 4685/4685/4685 4688/4688/4688 4687/4687/4687
f 4689/4689/4689 4691/4691/4691 4690/4690/4690
f 4689/4689/4689 4692/4692/4692 4691/4691/4691
f 4693/4693/4693 4695/4695/4695 4694/4694/4694
f 4693/4693/4693 4696/4696/4696 4695/4695/4695
f 4697/4697/4697 4699/4699/4699 4698/4698/4698
f 4697/4697/4697 4700/4700/4700 4699/4699/4699
f 4701/4701/4701 4703/4703/4703 4702/4702/4702
f 4701/4701/4701 4704/4704/4704 4703/4703/4703
f 4705/4705/4705 4707/4707/4707 4706/4706/4706
f 4705/4705/4705 4708/4708/4708 4707/4707/4707
f 4709/4709/4709 4711/4711/4711 4710/4710/4710
f 4709/4709/4709 4712/4712/4712 4711/4711/4711
f 4713/4713/4713 4715/4715/4715 4714/4714/4714
f 4713/4713/4713 4716/4716/4716 4715/4715/4715
f 4717/4717/4717 4719/4719/4719 4718/4718/4718
f 4717/4717/4717 4720/4720/4720 4719/4719/4719
f 4721/4721/4721 4723/4723/4723 4722/4722/4722
f 4721/4721/4721 4724/4724/4724 4723/4723/4723
f 4725/4725/4725 4727/4727/4727 4726/4726/4726
f 4725/4725/4725 4728/4728/4728 4727/4727/4727
f 4729/4729/4729 4731/4731/4731 4730/4730/4730
f 4729/4729/4729 4732/4732/4732 4731/4731/4731
f 4733/4733/4733 4735/4735/4735 4734/4734/4734
f 4733/4733/4733 4736/4736/4736 4735/4735/4735
f 4737/4737/4737 4739/4739/4739 4738/4738/4738
f 4737/4737/4737 4740/4740/4740 4739/4739/4739
f 4741/4741/4741 4743/4743/4743 4742/4742/4742
f 4741/4741/4741 4744/4744/4744 4743/4743/4743
f 4745/4745/4745 4747/4747/4747 4746/4746/4746
f 4745/4745/4745 4748/4748/4748 4747/4747/4747
f 4749/4749/4749 4751/4751/4751 4750/4750/4750
f 4749/4749/4749 4752/4752/4752 4751/4751/4751
f 4753/4753/4753 4755/4755/4755 4754/4754/4754
f 4753/4753/4753 4756/4756/4756 4755/4755/4755
f 4757/4757/4757 4759/4759/4759 4758/4758/4758
f 4757/4757/4757 4760/4760/4760 4759/4759/4759
f 4761/4761/4761 4763/4763/4763 4762/4762/4762
f 4761/4761/4761 4764/4764/4764 4763/4763/4763
f 4765/4765/4765 4767/4767/4767 4766/4766/4766
f 4765/4765/4765 4768/4768/4768 4767/4767/4767
f 4769/4769/4769 4771/4771/4771 4770/4770/4770
f 4769/4769/4769 4772/4772/4772 4771/4771/4771
f 4773/4773/4773 4775/4775/4775 4774/4774/4774
f 4773/4773/4773 4776/4776/4776 4775/4775/4775
f 4777/4777/4777 4779/4779/4779 4778/4778/4778
f 4777/4777/4777 4780/4780/4780 4779/4779/4779
f 4781/4781/4781 4783/4783/4783 4782/4782/4782
f 4781/4781/4781 4784/4784/4784 4783/4783/4783
f 4785/4785/4785 4787/4787/4787 4786/4786/4786
f 4785/4785/4785 4788/4788/4788 4787/4787/4787
f 4789/4789/4789 4791/4791/4791 4790/4790/4790
f 4789/4789/4789 4792/4792/4792 4791/4791/4791
f 4793/4793/4793 4795/4795/4795 4794/4794/4794
f 4793/4793/4793 4796/4796/4796 4795/4795/4795
f 4797/4797/4797 4799/4799/4799 4798/4798/4798
f 4797/4797/4797 4800/4800/4800 4799/4799/4799
f 4801/4801/4801 4803/4803/4803 4802/4802/4802
f 4801/4801/4801 4804/4804/4804 4803/4803/4803
f 4805/4805/4805 4807/4807/4807 4806/4806/4806
f 4805/4805/4805 4808/4808/4808 4807/4807/4807
f 4809/4809/4809 4811/4811/4811 4810/4810/4810
f 4809/4809/4809 4812/4812/4812 4811/4811/4811
f 4813/4813/4813 4815/4815/4815 4814/4814/4814
f 4813/4813/4813 4816/4816/4816 4815/4815/4815
f 4817/4817/4817 4819/4819/4819 4818/4818/4818
f 4817/4817/4817 4820/4820/4820 4819/4819/4819
f 4821/4821/4821 4823/4823/4823 4822/4822/4822
f 4821/4821/4821 4824/4824/4824 4823/4823/4823
f 4825/4825/4825 4827/4827/4827 4826/4826/4826
f 4825/4825/4825 4828/4828/4828 4827/4827/4827
f 4829/4829/4829 4831/4831/4831 4830/4830/4830
f 4829/4829/4829 4832/4832/4832 4831/4831/4831
f 4833/4833/4833 4835/4835/4835 4834/4834/4834
f 4833/4833/4833 4836/4836/4836 4835/4835/4835
f 4837/4837/4837 4839/4839/4839 4838/4838/4838
f 4837/4837/4837 4840/4840/4840 4839/4839/4839
f 4841/4841/4841 4843/4843/4843 4842/4842/4842
f 4841/4841/4841 4844/4844/4844 4843/4843/4843
f 4845/4845/4845 4847/4847/4847 4846/4846/4846
f 4845/4845/4845 4848/4848/4848 4847/4847/4847
f 4849/4849/4849 4851/4851/4851 4850/4850/4850
f 4849/4849/4849 4852/4852/4852 4851/4851/4851
f 4853/4853/4853 4855/4855/4855 4854/4854/4854
f 4853/4853/4853 4856/4856/4856 4855/4855/4855
f 4857/4857/4857 4859/4859/4859 4858/4858/4858
f 4857/4857/4857 4860/4860/4860 4859/4859/4859
f 4861/4861/4861 4863/4863/4863 4862/4862/4862
f 4861/4861/4861 4864/4864/4864 4863/4863/4863
f 4865/4865/4865 4867/4867/4867 4866/4866/4866
f 4865/4865/4865 4868/4868/4868 4867/4867/4867
f 4869/4869/4869 4871/4871/4871 4870/4870/4870
f 4869/4869/4869 4872/4872/4872 4871/4871/4871
f 4873/4873/4873 4875/4875/4875 4874/4874/4874
f 4873/4873/4873 4876/4876/4876 4875/4875/4875
f 4877/4877/4877 4879/4879/4879 4878/4878/4878
f 4877/4877/4877 4880/4880/4880 4879/4879/4879
f 4881/4881/4881 4883/4883/4883 4882/4882/4882
f 4881/4881/4881 4884/4884/4884 4883/4883/4883
f 4885/4885/4885 4887/4887/4887 4886/4886/4886
f 4885/4885/4885 4888/4888/4888 4887/4887/4887
f 4889/4889/4889 4891/4891/4891 4890/4890/4890
f 4889/4889/4889 4892/4892/4892 4891/4891/4891
f 4893/4893/4893 4895/4895/4895 4894/4894/4894
f 4893/4893/4893 4896/4896/4896 4895/4895/4895
f 4897/4897/4897 4899/4899/4899 4898/4898/4898
f 4897/4897/4897 4900/4900/4900 4899/4899/4899
f 4901/4901/4901 4903/4903/4903 4902/4902/4902
f 4901/4901/4901 4904/4904/4904 4903/4903/4903
f 4905/4905/4905 4907/4907/4907 4906/4906/4906
f 4905/4905/4905 4908/4908/4908 4907/4907/4907
f 4909/4909/4909 4911/4911/4911 4910/4910/4910
f 4909/4909/4909 4912/4912/4912 4911/4911/4911
f 4913/4913/4913 4915/4915/4915 4914/4914/4914
f 4913/4913/4913 4916/4916/4916 4915/4915/4915
f 4917/4917/4917 4919/4919/4919 4918/4918/4918
f 4917/4917/4917 4920/4920/4920 4919/4919/4919
f 4921/4921/4921 4923/4923/4923 4922/4922/4922
f 4921/4921/4921 4924/4924/4924 4923/4923/4923
f 4925/4925/4925 4927/4927/4927 4926/4926/4926
f 4925/4925/4925 4928/4928/4928 4927/4927/4927
f 4929/4929/4929 4931/4931/4931 4930/4930/4930
f 4929/4929/4929 4932/4932/4932 4931/4931/4931
f 4933/4933/4933 4935/4935/4935 4934/4934/4934
f 4933/4933/4933 4936/4936/4936 4935/4935/4935
f 4937/4937/4937 4939/4939/4939 4938/4938/4938
f 4937/4937/4937 4940/4940/4940 4939/4939/4939
f 4941/4941/4941 4943/4943/4943 4942/4942/4942
f 4941/4941/4941 4944/4944/4944 4943/4943/4943
f 4945/4945/4945 4947/4947/4947 4946/4946/4946
f 4945/4945/4945 4948/4948/4948 4947/4947/4947
f 4949/4949/4949 4951/4951/4951 4950/4950/4950
f 4949/4949/4949 4952/4952/4952 4951/4951/4951
f 4953/4953/4953 4955/4955/4955 4954/4954/4954
f 4953/4953/4953 4956/4956/4956 4955/4955/4955
f 4957/4957/4957 4959/4959/4959 4958/4958/4958
f 4957/4957/4957 4960/4960/4960 4959/4959/4959
f 4961/4961/4961 4963/4963/4963 4962/4962/4962
f 4961/4961/4961 4964/4964/4964 4963/4963/4963
f 4965/4965/4965 4967/4967/4967 4966/4966/4966
f 4965/4965/4965 4968/4968/4968 4967/4967/4967
f 4969/4969/4969 4971/4971/4971 4970/4970/4970
f 4969/4969/4969 4972/4972/4972 4971/4971/4971
f 4973/4973/4973 4975/4975/4975 4974/4974/4974
f 4973/4973/4973 4976/4976/4976 4975/4975/4975
f 4977/4977/4977 4979/4979/4979 4978/4978/4978
f 4977/4977/4977 4980/4980/4980 4979/4979/4979
f 4981/4981/4981 4983/4983/4983 4982/4982/4982
f 4981/4981/4981 4984/4984/4984 4983/4983/4983
f 4985/4985/4985 4987/4987/4987 4986/4986/4986
f 4985/4985/4985 4988/4988/4988 4987/4987/4987
f 4989/4989/4989 4991/4991/4991 4990/4990/4990
f 4989/4989/4989 4992/4992/4992 4991/4991/4991
f 4993/4993/4993 4995/4995/4995 4994/4994/4994
f 4993/4993/4993 4996/4996/4996 4995/4995/4995
f 4997/4997/4997 4999/4999/4999 4998/4998/4998
f 4997/4997/4997 5000/5000/5000 4999/4999/4999
f 5001/5001/5001 5003/5003/5003 5002/5002/5002
f 5001/5001/5001 5004/5004/5004 5003/5003/5003
f 5005/5005/5005 5007/5007/5007 5006/5006/5006
f 5005/5005/5005 5008/5008/5008 5007/5007/5007
f 5009/5009/5009 5011/5011/5011 5010/5010/5010
f 5009/5009/5009 5012/5012/5012 5011/5011/5011
f 5013/5013/5013 5015/5015/5015 5014/5014/5014
f 5013/5013/5013 5016/5016/5016 5015/5015/5015
f 5017/5017/5017 5019/5019/5019 5018/5018/5018
f 5017/5017/5017 5020/5020/5020 5019/5019/5019
f 5021/5021/5021 5023/5023/5023 5022/5022/5022
f 5021/5021/5021 5024/5024/5024 5023/5023/5023
f 5025/5025/5025 5027/5027/5027 5026/5026/5026
f 5025/5025/5025 5028/5028/5028 5027/5027/5027
f 5029/5029/5029 5031/5031/5031 5030/5030/5030
f 5029/5029/5029 5032/5032/5032 5031/5031/5031
f 5033/5033/5033 5035/5035/5035 5034/5034/5034
f 5033/5033/5033 5036/5036/5036 5035/5035/5035
f 5037/5037/5037 5039/5039/5039 5038/5038/5038
f 5037/5037/5037 5040/5040/5040 5039/5039/5039
f 5041/5041/5041 5043/5043/5043 5042/5042/5042
f 5041/5041/5041 5044/5044/5044 5043/5043/5043
f 5045/5045/5045 5047/5047/5047 5046/5046/5046
f 5045/5045/5045 5048/5048/5048 5047/5047/5047
f 5049/5049/5049 5051/5051/5051 5050/5050/5050
f 5049/5049/5049 5052/5052/5052 5051/5051/5051
f 5053/5053/5053 5055/5055/5055 5054/5054/5054
f 5053/5053/5053 5056/5056/5056 5055/5055/5055
f 5057/5057/5057 5059/5059/5059 5058/5058/5058
f 5057/5057/5057 5060/5060/5060 5059/5059/5059
f 5061/5061/5061 5063/5063/5063 5062/5062/5062
f 5061/5061/5061 5064/5064/5064 5063/5063/5063
f 5065/5065/5065 5067/5067/5067 5066/5066/5066
f 5065/5065/5065 5068/5068/5068 5067/5067/5067
f 5069/5069/5069 5071/5071/5071 5070/5070/5070
f 5069/5069/5069 5072/5072/5072 5071/5071/5071
f 5073/5073/5073 5075/5075/5075 5074/5074/5074
f 5073/5073/5073 5076/5076/5076 5075/5075/5075
f 5077/5077/5077 5079/5079/5079 5078/5078/5078
f 5077/5077/5077 5080/5080/5080 5079/5079/5079
f 5081/5081/5081 5083/5083/5083 5082/5082/5082
f 5081/5081/5081 5084/5084/5084 5083/5083/5083
f 5085/5085/5085 5087/5087/5087 5086/5086/5086
f 5085/5085/5085 5088/5088/5088 5087/5087/5087
f 5089/5089/5089 5091/5091/5091 5090/5090/5090
f 5089/5089/5089 5092/5092/5092 5091/5091/5091
f 5093/5093/5093 5095/5095/5095 5094/5094/5094
f 5093/5093/5093 5096/5096/5096 5095/5095/5095
f 5097/5097/5097 5099/5099/5099 5098/5098/5098
f 5097/5097/5097 5100/5100/5100 5099/5099/5099
f 5101/5101/5101 5103/5103/5103 5102/5102/5102
f 5101/5101/5101 5104/5104/5104 5103/5103/5103
f 5105/5105/5105 5107/5107/5107 5106/5106/5106
f 5105/5105/5105 5108/5108/5108 5107/5107/5107
f 5109/5109/5109 5111/5111/5111 5110/5110/5110
f 5109/5109/5109 5112/5112/5112 5111/5111/5111
f 5113/5113/5113 5115/5115/5115 5114/5114/5114
f 5113/5113/5113 5116/5116/5116 5115/5115/5115
f 5117/5117/5117 5119/5119/5119 5118/5118/5118
f 5117/5117/5117 5120/5120/5120 5119/5119/5119
f 5121/5121/5121 5123/5123/5123 5122/5122/5122
f 5121/5121/5121 5124/5124/5124 5123/5123/5123
f 5125/5125/5125 5127/5127/5127 5126/5126/5126
f 5125/5125/5125 5128/5128/5128 5127/5127/5127
f 5129/5129/5129 5131/5131/5131 5130/5130/5130
f 5129/5129/5129 5132/5132/5132 5131/5131/5131
f 5133/5133/5133 5135/5135/5135 5134/5134/5134
f 5133/5133/5133 5136/5136/5136 5135/5135/5135
f 5137/5137/5137 5139/5139/5139 5138/5138/5138
f 5137/5137/5137 5140/5140/5140 5139/5139/5139
f 5141/5141/5141 5143/5143/5143 5142/5142/5142
f 5141/5141/5141 5144/5144/5144 5143/5143/5143
f 5145/5145/5145 5147/5147/5147 5146/5146/5146
f 5145/5145/5145 5148/5148/5148 5147/5147/5147
f 5149/5149/5149 5151/5151/5151 5150/5150/5150
f 5149/5149/5149 5152/5152/5152 5151/5151/5151
f 5153/5153/5153 5155/5155/5155 5154/5154/5154
f 5153/5153/5153 5156/5156/5156 5155/5155/5155
f 5157/5157/5157 5159/5159/5159 5158/5158/5158
f 5157/5157/5157 5160/5160/5160 5159/5159/5159
f 5161/5161/5161 5163/5163/5163 5162/5162/5162
f 5161/5161/5161 5164/5164/5164 5163/5163/5163
f 5165/5165/5165 5167/5167/5167 5166/5166/5166
f 5165/5165/5165 5168/5168/5168 5167/5167/5167
f 5169/5169/5169 5171/5171/5171 5170/5170/5170
f 5169/5169/5169 5172/5172/5172 5171/5171/5171
f 5173/5173/5173 5175/5175/5175 5174/5174/5174
f 5173/5173/5173 5176/5176/5176 5175/5175/5175
f 5177/5177/5177 5179/5179/5179 5178/5178/5178
f 5177/5177/5177 5180/5180/5180 5179/5179/5179
f 5181/5181/5181 5183/5183/5183 5182/5182/5182
f 5181/5181/5181 5184/5184/5184 5183/5183/5183
f 5185/5185/5185 5187/5187/5187 5186/5186/5186
f 5185/5185/5185 5188/5188/5188 5187/5187/5187
f 5189/5189/5189 5191/5191/5191 5190/5190/5190
f 5189/5189/5189 5192/5192/5192 5191/5191/5191
f 5193/5193/5193 5195/5195/5195 5194/5194/5194
f 5193/5193/5193 5196/5196/5196 5195/5195/5195
f 5197/5197/5197 5199/5199/5199 5198/5198/5198
f 5197/5197/5197 5200/5200/5200 5199/5199/5199
f 5201/5201/5201 5203/5203/5203 5202/5202/5202
f 5201/5201/5201 5204/5204/5204 5203/5203/5203
f 5205/5205/5205 5207/5207/5207 5206/5206/5206
f 5205/5205/5205 5208/5208/5208 5207/5207/5207
f 5209/5209/5209 5211/5211/5211 5210/5210/5210
f 5209/5209/5209 5212/5212/5212 5211/5211/5211
f 5213/5213/5213 5215/5215/5215 5214/5214/5214
f 5213/5213/5213 5216/5216/5216 5215/5215/5215
f 5217/5217/5217 5219/5219/5219 5218/5218/5218
f 5217/5217/5217 5220/5220/5220 5219/5219/5219
f 5221/5221/5221 5223/5223/5223 5222/5222/5222
f 5221/5221/5221 5224/5224/5224 5223/5223/5223
f 5225/5225/5225 5227/5227/5227 5226/5226/5226
f 5225/5225/5225 5228/5228/5228 5227/5227/5227
f 5229/5229/5229 5231/5231/5231 5230/5230/5230
f 5229/5229/5229 5232/5232/5232 5231/5231/5231
f 5233/5233/5233 5235/5235/5235 5234/5234/5234
f 5233/5233/5233 5236/5236/5236 5235/5235/5235
f 5237/5237/5237 5239/5239/5239 5238/5238/5238
f 5237/5237/5237 5240/5240/5240 5239/5239/5239
f 5241/5241/5241 5243/5243/5243 5242/5242/5242
f 5241/5241/5241 5244/5244/5244 5243/5243/5243
f 5245/5245/5245 5247/5247/5247 5246/5246/5246
f 5245/5245/5245 5248/5248/5248 5247/5247/5247
f 5249/5249/5249 5251/5251/5251 5250/5250/5250
f 5249/5249/5249 5252/5252/5252 5251/5251/5251
f 5253/5253/5253 5255/5255/5255 5254/5254/5254
f 5253/5253/5253 5256/5256/5256 5255/5255/5255
f 5257/5257/5257 5259/5259/5259 5258/5258/5258
f 5257/5257/5257 5260/5260/5260 5259/5259/5259
f 5261/5261/5261 5263/5263/5263 5262/5262/5262
f 5261/5261/5261 5264/5264/5264 5263/5263/5263
f 5265/5265/5265 5267/5267/5267 5266/5266/5266
f 5265/5265/5265 5268/5268/5268 5267/5267/5267
f 5269/5269/5269 5271/5271/5271 5270/5270/5270
f 5269/5269/5269 5272/5272/5272 5271/5271/5271
f 5273/5273/5273 5275/5275/5275 5274/5274/5274
f 5273/5273/5273 5276/5276/5276 5275/5275/5275
f 5277/5277/5277 5279/5279/5279 5278/5278/5278
f 5277/5277/5277 5280/5280/5280 5279/5279/5279
f 5281/5281/5281 5283/5283/5283 5282/5282/5282
f 5281/5281/5281 5284/5284/5284 5283/5283/5283
f 5285/5285/5285 5287/5287/5287 5286/5286/5286
f 5285/5285/5285 5288/5288/5288 5287/5287/5287
f 5289/5289/5289 5291/5291/5291 5290/5290/5290
f 5289/5289/5289 5292/5292/5292 5291/5291/5291
f 6061/6061/6061 6063/6063/6063 6062/6062/6062
f 6061/6061/6061 6064/6064/6064 6063/6063/6063
f 6065/6065/6065 6067/6067/6067 6066/6066/6066
f 6065/6065/6065 6068/6068/6068 6067/6067/6067
f 6069/6069/6069 6071/6071/6071 6070/6070/6070
f 6069/6069/6069 6072/6072/6072 6071/6071/6071
f 6073/6073/6073 6075/6075/6075 6074/6074/6074
f 6073/6073/6073 6076/6076/6076 6075/6075/6075
f 6077/6077/6077 6079/6079/6079 6078/6078/6078
f 6077/6077/6077 6080/6080/6080 6079/6079/6079
f 6081/6081/6081 6083/6083/6083 6082/6082/6082
f 6081/6081/6081 6084/6084/6084 6083/6083/6083
f 6085/6085/6085 6087/6087/6087 6086/6086/6086
f 6085/6085/6085 6088/6088/6088 6087/6087/6087
f 6089/6089/6089 6091/6091/6091 6090/6090/6090
f 6089/6089/6089 6092/6092/6092 6091/6091/6091
f 6093/6093/6093 6095/6095/6095 6094/6094/6094
f 6093/6093/6093 6096/6096/6096 6095/6095/6095
f 6097/6097/6097 6099/6099/6099 6098/6098/6098
f 6097/6097/6097 6100/6100/6100 6099/6099/6099
f 6101/6101/6101 6103/6103/6103 6102/6102/6102
f 6101/6101/6101 6104/6104/6104 6103/6103/6103
f 6105/6105/6105 6107/6107/6107 6106/6106/6106
f 6105/6105/6105 6108/6108/6108 6107/6107/6107
f 6109/6109/6109 6111/6111/6111 6110/6110/6110
f 6109/6109/6109 6112/6112/6112 6111/6111/6111
f 6113/6113/6113 6115/6115/6115 6114/6114/6114
f 6113/6113/6113 6116/6116/6116 6115/6115/6115
f 6117/6117/6117 6119/6119/6119 6118/6118/6118
f 6117/6117/6117 6120/6120/6120 6119/6119/6119
f 6121/6121/6121 6123/6123/6123 6122/6122/6122
f 6121/6121/6121 6124/6124/6124 6123/6123/6123
f 6125/6125/6125 6127/6127/6127 6126/6126/6126
f 6125/6125/6125 6128/6128/6128 6127/6127/6127
f 6129/6129/6129 6131/6131/6131 6130/6130/6130
f 6129/6129/6129 6132/6132/6132 6131/6131/6131
f 6133/6133/6133 6135/6135/6135 6134/6134/6134
f 6133/6133/6133 6136/6136/6136 6135/6135/6135
f 6137/6137/6137 6139/6139/6139 6138/6138/6138
f 6137/6137/6137 6140/6140/6140 6139/6139/6139
f 6141/6141/6141 6143/6143/6143 6142/6142/6142
f 6144/6144/6144 6146/6146/6146 6145/6145/6145
f 6147/6147/6147 6149/6149/6149 6148/6148/6148
f 6150/6150/6150 6152/6152/6152 6151/6151/6151
f 6153/6153/6153 6155/6155/6155 6154/6154/6154
f 6156/6156/6156 6158/6158/6158 6157/6157/6157
f 6159/6159/6159 6161/6161/6161 6160/6160/6160
f 6162/6162/6162 6164/6164/6164 6163/6163/6163
f 6165/6165/6165 6167/6167/6167 6166/6166/6166
f 6168/6168/6168 6170/6170/6170 6169/6169/6169
f 6171/6171/6171 6173/6173/6173 6172/6172/6172
f 6174/6174/6174 6176/6176/6176 6175/6175/6175
f 6177/6177/6177 6179/6179/6179 6178/6178/6178
f 6180/6180/6180 6182/6182/6182 6181/6181/6181
f 6183/6183/6183 6185/6185/6185 6184/6184/6184
f 6186/6186/6186 6188/6188/6188 6187/6187/6187
f 6189/6189/6189 6191/6191/6191 6190/6190/6190
f 6192/6192/6192 6194/6194/6194 6193/6193/6193
f 6195/6195/6195 6197/6197/6197 6196/6196/6196
f 6198/6198/6198 6200/6200/6200 6199/6199/6199
f 6201/6201/6201 6203/6203/6203 6202/6202/6202
f 6204/6204/6204 6206/6206/6206 6205/6205/6205
f 6207/6207/6207 6209/6209/6209 6208/6208/6208
f 6210/6210/6210 6212/6212/6212 6211/6211/6211
f 6213/6213/6213 6215/6215/6215 6214/6214/6214
f 6216/6216/6216 6218/6218/6218 6217/6217/6217
f 6219/6219/6219 6221/6221/6221 6220/6220/6220
f 6222/6222/6222 6224/6224/6224 6223/6223/6223
f 6225/6225/6225 6227/6227/6227 6226/6226/6226
f 6228/6228/6228 6230/6230/6230 6229/6229/6229
f 6231/6231/6231 6233/6233/6233 6232/6232/6232
f 6234/6234/6234 6236/6236/6236 6235/6235/6235
f 6237/6237/6237 6239/6239/6239 6238/6238/6238
f 6240/6240/6240 6242/6242/6242 6241/6241/6241
f 6243/6243/6243 6245/6245/6245 6244/6244/6244
f 6246/6246/6246 6248/6248/6248 6247/6247/6247
f 6249/6249/6249 6251/6251/6251 6250/6250/6250
f 6252/6252/6252 6254/6254/6254 6253/6253/6253
f 6255/6255/6255 6257/6257/6257 6256/6256/6256
f 6258/6258/6258 6260/6260/6260 6259/6259/6259
f 6261/6261/6261 6263/6263/6263 6262/6262/6262
f 6261/6261/6261 6264/6264/6264 6263/6263/6263
f 6265/6265/6265 6267/6267/6267 6266/6266/6266
f 6265/6265/6265 6268/6268/6268 6267/6267/6267
f 6269/6269/6269 6271/6271/6271 6270/6270/6270
f 6269/6269/6269 6272/6272/6272 6271/6271/6271
f 6273/6273/6273 6275/6275/6275 6274/6274/6274
f 6273/6273/6273 6276/6276/6276 6275/6275/6275
f 6277/6277/6277 6279/6279/6279 6278/6278/6278
f 6277/6277/6277 6280/6280/6280 6279/6279/6279
f 6281/6281/6281 6283/6283/6283 6282/6282/6282
f 6281/6281/6281 6284/6284/6284 6283/6283/6283
f 6285/6285/6285 6287/6287/6287 6286/6286/6286
f 6285/6285/6285 6288/6288/6288 6287/6287/6287
f 6289/6289/6289 6291/6291/6291 6290/6290/6290
f 6289/6289/6289 6292/6292/6292 6291/6291/6291
f 6293/6293/6293 6295/6295/6295 6294/6294/6294
f 6293/6293/6293 6296/6296/6296 6295/6295/6295
f 6297/6297/6297 6299/6299/6299 6298/6298/6298
f 6297/6297/6297 6300/6300/6300 6299/6299/6299
f 6301/6301/6301 6303/6303/6303 6302/6302/6302
f 6301/6301/6301 6304/6304/6304 6303/6303/6303
f 6305/6305/6305 6307/6307/6307 6306/6306/6306
f 6305/6305/6305 6308/6308/6308 6307/6307/6307
f 6309/6309/6309 6311/6311/6311 6310/6310/6310
f 6309/6309/6309 6312/6312/6312 6311/6311/6311
f 6313/6313/6313 6315/6315/6315 6314/6314/6314
f 6313/6313/6313 6316/6316/6316 6315/6315/6315
f 6317/6317/6317 6319/6319/6319 6318/6318/6318
f 6317/6317/6317 6320/6320/6320 6319/6319/6319
f 6321/6321/6321 6323/6323/6323 6322/6322/6322
f 6321/6321/6321 6324/6324/6324 6323/6323/6323
f 6325/6325/6325 6327/6327/6327 6326/6326/6326
f 6325/6325/6325 6328/6328/6328 6327/6327/6327
f 6329/6329/6329 6331/6331/6331 6330/6330/6330
f 6329/6329/6329 6332/6332/6332 6331/6331/6331
f 6333/6333/6333 6335/6335/6335 6334/6334/6334
f 6333/6333/6333 6336/6336/6336 6335/6335/6335
f 6337/6337/6337 6339/6339/6339 6338/6338/6338
f 6337/6337/6337 6340/6340/6340 6339/6339/6339
f 6341/6341/6341 6343/6343/6343 6342/6342/6342
f 6341/6341/6341 6344/6344/6344 6343/6343/6343
f 6345/6345/6345 6347/6347/6347 6346/6346/6346
f 6345/6345/6345 6348/6348/6348 6347/6347/6347
f 6349/6349/6349 6351/6351/6351 6350/6350/6350
f 6349/6349/6349 6352/6352/6352 6351/6351/6351
f 6353/6353/6353 6355/6355/6355 6354/6354/6354
f 6353/6353/6353 6356/6356/6356 6355/6355/6355
f 6357/6357/6357 6359/6359/6359 6358/6358/6358
f 6357/6357/6357 6360/6360/6360 6359/6359/6359
f 6361/6361/6361 6363/6363/6363 6362/6362/6362
f 6361/6361/6361 6364/6364/6364 6363/6363/6363
f 6365/6365/6365 6367/6367/6367 6366/6366/6366
f 6365/6365/6365 6368/6368/6368 6367/6367/6367
f 6369/6369/6369 6371/6371/6371 6370/6370/6370
f 6369/6369/6369 6372/6372/6372 6371/6371/6371
f 6373/6373/6373 6375/6375/6375 6374/6374/6374
f 6373/6373/6373 6376/6376/6376 6375/6375/6375
f 6377/6377/6377 6379/6379/6379 6378/6378/6378
f 6377/6377/6377 6380/6380/6380 6379/6379/6379
f 6381/6381/6381 6383/6383/6383 6382/6382/6382
f 6381/6381/6381 6384/6384/6384 6383/6383/6383
f 6385/6385/6385 6387/6387/6387 6386/6386/6386
f 6385/6385/6385 6388/6388/6388 6387/6387/6387
f 6389/6389/6389 6391/6391/6391 6390/6390/6390
f 6389/6389/6389 6392/6392/6392 6391/6391/6391
f 6393/6393/6393 6395/6395/6395 6394/6394/6394
f 6393/6393/6393 6396/6396/6396 6395/6395/6395
f 6397/6397/6397 6399/6399/6399 6398/6398/6398
f 6397/6397/6397 6400/6400/6400 6399/6399/6399
f 6401/6401/6401 6403/6403/6403 6402/6402/6402
f 6401/6401/6401 6404/6404/6404 6403/6403/6403
f 6405/6405/6405 6407/6407/6407 6406/6406/6406
f 6405/6405/6405 6408/6408/6408 6407/6407/6407
f 6409/6409/6409 6411/6411/6411 6410/6410/6410
f 6409/6409/6409 6412/6412/6412 6411/6411/6411
f 6413/6413/6413 6415/6415/6415 6414/6414/6414
f 6413/6413/6413 6416/6416/6416 6415/6415/6415
f 6417/6417/6417 6419/6419/6419 6418/6418/6418
f 6417/6417/6417 6420/6420/6420 6419/6419/6419
f 6421/6421/6421 6423/6423/6423 6422/6422/6422
f 6421/6421/6421 6424/6424/6424 6423/6423/6423
f 6425/6425/6425 6427/6427/6427 6426/6426/6426
f 6425/6425/6425 6428/6428/6428 6427/6427/6427
f 6429/6429/6429 6431/6431/6431 6430/6430/6430
f 6429/6429/6429 6432/6432/6432 6431/6431/6431
f 6433/6433/6433 6435/6435/6435 6434/6434/6434
f 6433/6433/6433 6436/6436/6436 6435/6435/6435
f 6437/6437/6437 6439/6439/6439 6438/6438/6438
f 6437/6437/6437 6440/6440/6440 6439/6439/6439
f 6441/6441/6441 6443/6443/6443 6442/6442/6442
f 6441/6441/6441 6444/6444/6444 6443/6443/6443
f 6445/6445/6445 6447/6447/6447 6446/6446/6446
f 6445/6445/6445 6448/6448/6448 6447/6447/6447
f 6449/6449/6449 6451/6451/6451 6450/6450/6450
f 6449/6449/6449 6452/6452/6452 6451/6451/6451
f 6453/6453/6453 6455/6455/6455 6454/6454/6454
f 6453/6453/6453 6456/6456/6456 6455/6455/6455
f 6457/6457/6457 6459/6459/6459 6458/6458/6458
f 6457/6457/6457 6460/6460/6460 6459/6459/6459
f 6461/6461/6461 6463/6463/6463 6462/6462/6462
f 6461/6461/6461 6464/6464/6464 6463/6463/6463
f 6465/6465/6465 6467/6467/6467 6466/6466/6466
f 6465/6465/6465 6468/6468/6468 6467/6467/6467
f 6469/6469/6469 6471/6471/6471 6470/6470/6470
f 6469/6469/6469 6472/6472/6472 6471/6471/6471
f 6473/6473/6473 6475/6475/6475 6474/6474/6474
f 6473/6473/6473 6476/6476/6476 6475/6475/6475
f 6477/6477/6477 6479/6479/6479 6478/6478/6478
f 6477/6477/6477 6480/6480/6480 6479/6479/6479
f 6481/6481/6481 6483/6483/6483 6482/6482/6482
f 6481/6481/6481 6484/6484/6484 6483/6483/6483
f 6485/6485/6485 6487/6487/6487 6486/6486/6486
f 6485/6485/6485 6488/6488/6488 6487/6487/6487
f 6489/6489/6489 6491/6491/6491 6490/6490/6490
f 6489/6489/6489 6492/6492/6492 6491/6491/6491
f 6493/6493/6493 6495/6495/6495 6494/6494/6494
f 6493/6493/6493 6496/6496/6496 6495/6495/6495
f 6497/6497/6497 6499/6499/6499 6498/6498/6498
f 6497/6497/6497 6500/6500/6500 6499/6499/6499
f 6501/6501/6501 6503/6503/6503 6502/6502/6502
f 6501/6501/6501 6504/6504/6504 6503/6503/6503
f 6505/6505/6505 6507/6507/6507 6506/6506/6506
f 6505/6505/6505 6508/6508/6508 6507/6507/6507
f 6509/6509/6509 6511/6511/6511 6510/6510/6510
f 6509/6509/6509 6512/6512/6512 6511/6511/6511
f 6513/6513/6513 6515/6515/6515 6514/6514/6514
f 6513/6513/6513 6516/6516/6516 6515/6515/6515
f 6517/6517/6517 6519/6519/6519 6518/6518/6518
f 6517/6517/6517 6520/6520/6520 6519/6519/6519
f 6521/6521/6521 6523/6523/6523 6522/6522/6522
f 6521/6521/6521 6524/6524/6524 6523/6523/6523
f 6525/6525/6525 6527/6527/6527 6526/6526/6526
f 6525/6525/6525 6528/6528/6528 6527/6527/6527
f 6529/6529/6529 6531/6531/6531 6530/6530/6530
f 6529/6529/6529 6532/6532/6532 6531/6531/6531
f 6533/6533/6533 6535/6535/6535 6534/6534/6534
f 6533/6533/6533 6536/6536/6536 6535/6535/6535
f 6537/6537/6537 6539/6539/6539 6538/6538/6538
f 6537/6537/6537 6540/6540/6540 6539/6539/6539
f 6541/6541/6541 6543/6543/6543 6542/6542/6542
f 6541/6541/6541 6544/6544/6544 6543/6543/6543
f 6545/6545/6545 6547/6547/6547 6546/6546/6546
f 6545/6545/6545 6548/6548/6548 6547/6547/6547
f 6549/6549/6549 6551/6551/6551 6550/6550/6550
f 6549/6549/6549 6552/6552/6552 6551/6551/6551
f 6553/6553/6553 6555/6555/6555 6554/6554/6554
f 6553/6553/6553 6556/6556/6556 6555/6555/6555
f 6557/6557/6557 6559/6559/6559 6558/6558/6558
f 6557/6557/6557 6560/6560/6560 6559/6559/6559
f 6561/6561/6561 6563/6563/6563 6562/6562/6562
f 6561/6561/6561 6564/6564/6564 6563/6563/6563
f 6565/6565/6565 6567/6567/6567 6566/6566/6566
f 6565/6565/6565 6568/6568/6568 6567/6567/6567
f 6569/6569/6569 6571/6571/6571 6570/6570/6570
f 6569/6569/6569 6572/6572/6572 6571/6571/6571
f 6573/6573/6573 6575/6575/6575 6574/6574/6574
f 6573/6573/6573 6576/6576/6576 6575/6575/6575
f 6577/6577/6577 6579/6579/6579 6578/6578/6578
f 6577/6577/6577 6580/6580/6580 6579/6579/6579
f 6581/6581/6581 6583/6583/6583 6582/6582/6582
f 6581/6581/6581 6584/6584/6584 6583/6583/6583
f 6585/6585/6585 6587/6587/6587 6586/6586/6586
f 6585/6585/6585 6588/6588/6588 6587/6587/6587
f 6589/6589/6589 6591/6591/6591 6590/6590/6590
f 6589/6589/6589 6592/6592/6592 6591/6591/6591
f 6593/6593/6593 6595/6595/6595 6594/6594/6594
f 6593/6593/6593 6596/6596/6596 6595/6595/6595
f 6597/6597/6597 6599/6599/6599 6598/6598/6598
f 6597/6597/6597 6600/6600/6600 6599/6599/6599
f 6601/6601/6601 6603/6603/6603 6602/6602/6602
f 6601/6601/6601 6604/6604/6604 6603/6603/6603
f 6605/6605/6605 6607/6607/6607 6606/6606/6606
f 6605/6605/6605 6608/6608/6608 6607/6607/6607
f 6609/6609/6609 6611/6611/6611 6610/6610/6610
f 6609/6609/6609 6612/6612/6612 6611/6611/6611
f 6613/6613/6613 6615/6615/6615 6614/6614/6614
f 6613/6613/6613 6616/6616/6616 6615/6615/6615
f 6617/6617/6617 6619/6619/6619 6618/6618/6618
f 6617/6617/6617 6620/6620/6620 6619/6619/6619
f 6621/6621/6621 6623/6623/6623 6622/6622/6622
f 6621/6621/6621 6624/6624/6624 6623/6623/6623
f 6625/6625/6625 6627/6627/6627 6626/6626/6626
f 6625/6625/6625 6628/6628/6628 6627/6627/6627
f 6629/6629/6629 6631/6631/6631 6630/6630/6630
f 6629/6629/6629 6632/6632/6632 6631/6631/6631
f 6633/6633/6633 6635/6635/6635 6634/6634/6634
f 6633/6633/6633 6636/6636/6636 6635/6635/6635
f 6637/6637/6637 6639/6639/6639 6638/6638/6638
f 6637/6637/6637 6640/6640/6640 6639/6639/6639
f 6641/6641/6641 6643/6643/6643 6642/6642/6642
f 6641/6641/6641 6644/6644/6644 6643/6643/6643
f 6645/6645/6645 6647/6647/6647 6646/6646/6646
f 6645/6645/6645 6648/6648/6648 6647/6647/6647
f 6649/6649/6649 6651/6651/6651 6650/6650/6650
f 6649/6649/6649 6652/6652/6652 6651/6651/6651
f 6653/6653/6653 6655/6655/6655 6654/6654/6654
f 6653/6653/6653 6656/6656/6656 6655/6655/6655
f 6657/6657/6657 6659/6659/6659 6658/6658/6658
f 6657/6657/6657 6660/6660/6660 6659/6659/6659
f 6661/6661/6661 6663/6663/6663 6662/6662/6662
f 6661/6661/6661 6664/6664/6664 6663/6663/6663
f 6665/6665/6665 6667/6667/6667 6666/6666/6666
f 6665/6665/6665 6668/6668/6668 6667/6667/6667
f 6669/6669/6669 6671/6671/6671 6670/6670/6670
f 6669/6669/6669 6672/6672/6672 6671/6671/6671
f 6673/6673/6673 6675/6675/6675 6674/6674/6674
f 6673/6673/6673 6676/6676/6676 6675/6675/6675
f 6677/6677/6677 6679/6679/6679 6678/6678/6678
f 6677/6677/6677 6680/6680/6680 6679/6679/6679
f 6681/6681/6681 6683/6683/6683 6682/6682/6682
f 6681/6681/6681 6684/6684/6684 6683/6683/6683
f 6685/6685/6685 6687/6687/6687 6686/6686/6686
f 6685/6685/6685 6688/6688/6688 6687/6687/6687
f 6689/6689/6689 6691/6691/6691 6690/6690/6690
f 6689/6689/6689 6692/6692/6692 6691/6691/6691
f 6693/6693/6693 6695/6695/6695 6694/6694/6694
f 6693/6693/6693 6696/6696/6696 6695/6695/6695
f 6697/6697/6697 6699/6699/6699 6698/6698/6698
f 6697/6697/6697 6700/6700/6700 6699/6699/6699
f 6701/6701/6701 6703/6703/6703 6702/6702/6702
f 6701/6701/6701 6704/6704/6704 6703/6703/6703
f 6705/6705/6705 6707/6707/6707 6706/6706/6706
f 6705/6705/6705 6708/6708/6708 6707/6707/6707
f 6709/6709/6709 6711/6711/6711 6710/6710/6710
f 6709/6709/6709 6712/6712/6712 6711/6711/6711
f 6713/6713/6713 6715/6715/6715 6714/6714/6714
f 6713/6713/6713 6716/6716/6716 6715/6715/6715
f 6717/6717/6717 6719/6719/6719 6718/6718/6718
f 6717/6717/6717 6720/6720/6720 6719/6719/6719
f 6721/6721/6721 6723/6723/6723 6722/6722/6722
f 6721/6721/6721 6724/6724/6724 6723/6723/6723
f 6725/6725/6725 6727/6727/6727 6726/6726/6726
f 6725/6725/6725 6728/6728/6728 6727/6727/6727
f 6729/6729/6729 6731/6731/6731 6730/6730/6730
f 6729/6729/6729 6732/6732/6732 6731/6731/6731
f 6733/6733/6733 6735/6735/6735 6734/6734/6734
f 6733/6733/6733 6736/6736/6736 6735/6735/6735
f 6737/6737/6737 6739/6739/6739 6738/6738/6738
f 6737/6737/6737 6740/6740/6740 6739/6739/6739
f 6741/6741/6741 6743/6743/6743 6742/6742/6742
f 6741/6741/6741 6744/6744/6744 6743/6743/6743
f 6745/6745/6745 6747/6747/6747 6746/6746/6746
f 6745/6745/6745 6748/6748/6748 6747/6747/6747
f 6749/6749/6749 6751/6751/6751 6750/6750/6750
f 6749/6749/6749 6752/6752/6752 6751/6751/6751
f 6753/6753/6753 6755/6755/6755 6754/6754/6754
f 6753/6753/6753 6756/6756/6756 6755/6755/6755
f 6757/6757/6757 6759/6759/6759 6758/6758/6758
f 6757/6757/6757 6760/6760/6760 6759/6759/6759
f 6761/6761/6761 6763/6763/6763 6762/6762/6762
f 6761/6761/6761 6764/6764/6764 6763/6763/6763
f 6765/6765/6765 6767/6767/6767 6766/6766/6766
f 6765/6765/6765 6768/6768/6768 6767/6767/6767
f 6769/6769/6769 6771/6771/6771 6770/6770/6770
f 6769/6769/6769 6772/6772/6772 6771/6771/6771
f 6773/6773/6773 6775/6775/6775 6774/6774/6774
f 6773/6773/6773 6776/6776/6776 6775/6775/6775
f 6777/6777/6777 6779/6779/6779 6778/6778/6778
f 6777/6777/6777 6780/6780/6780 6779/6779/6779
f 6781/6781/6781 6783/6783/6783 6782/6782/6782
f 6781/6781/6781 6784/6784/6784 6783/6783/6783
f 6785/6785/6785 6787/6787/6787 6786/6786/6786
f 6785/6785/6785 6788/6788/6788 6787/6787/6787
f 6789/6789/6789 6791/6791/6791 6790/6790/6790
f 6789/6789/6789 6792/6792/6792 6791/6791/6791
f 6793/6793/6793 6795/6795/6795 6794/6794/6794
f 6793/6793/6793 6796/6796/6796 6795/6795/6795
f 6797/6797/6797 6799/6799/6799 6798/6798/6798
f 6797/6797/6797 6800/6800/6800 6799/6799/6799
f 6801/6801/6801 6803/6803/6803 6802/6802/6802
f 6801/6801/6801 6804/6804/6804 6803/6803/6803
f 6805/6805/6805 6807/6807/6807 6806/6806/6806
f 6805/6805/6805 6808/6808/6808 6807/6807/6807
f 6809/6809/6809 6811/6811/6811 6810/6810/6810
f 6809/6809/6809 6812/6812/6812 6811/6811/6811
f 6813/6813/6813 6815/6815/6815 6814/6814/6814
f 6813/6813/6813 6816/6816/6816 6815/6815/6815
f 6817/6817/6817 6819/6819/6819 6818/6818/6818
f 6817/6817/6817 6820/6820/6820 6819/6819/6819
f 6821/6821/6821 6823/6823/6823 6822/6822/6822
f 6821/6821/6821 6824/6824/6824 6823/6823/6823
f 6825/6825/6825 6827/6827/6827 6826/6826/6826
f 6825/6825/6825 6828/6828/6828 6827/6827/6827
f 6829/6829/6829 6831/6831/6831 6830/6830/6830
f 6829/6829/6829 6832/6832/6832 6831/6831/6831
f 6833/6833/6833 6835/6835/6835 6834/6834/6834
f 6833/6833/6833 6836/6836/6836 6835/6835/6835
f 6837/6837/6837 6839/6839/6839 6838/6838/6838
f 6837/6837/6837 6840/6840/6840 6839/6839/6839
f 6841/6841/6841 6843/6843/6843 6842/6842/6842
f 6841/6841/6841 6844/6844/6844 6843/6843/6843
f 6845/6845/6845 6847/6847/6847 6846/6846/6846
f 6845/6845/6845 6848/6848/6848 6847/6847/6847
f 6849/6849/6849 6851/6851/6851 6850/6850/6850
f 6849/6849/6849 6852/6852/6852 6851/6851/6851
f 6853/6853/6853 6855/6855/6855 6854/6854/6854
f 6853/6853/6853 6856/6856/6856 6855/6855/6855
f 6857/6857/6857 6859/6859/6859 6858/6858/6858
f 6857/6857/6857 6860/6860/6860 6859/6859/6859
f 6861/6861/6861 6863/6863/6863 6862/6862/6862
f 6861/6861/6861 6864/6864/6864 6863/6863/6863
f 6865/6865/6865 6867/6867/6867 6866/6866/6866
f 6865/6865/6865 6868/6868/6868 6867/6867/6867
f 6869/6869/6869 6871/6871/6871 6870/6870/6870
f 6869/6869/6869 6872/6872/6872 6871/6871/6871
f 6873/6873/6873 6875/6875/6875 6874/6874/6874
f 6873/6873/6873 6876/6876/6876 6875/6875/6875
f 6877/6877/6877 6879/6879/6879 6878/6878/6878
f 6877/6877/6877 6880/6880/6880 6879/6879/6879
f 6881/6881/6881 6883/6883/6883 6882/6882/6882
f 6881/6881/6881 6884/6884/6884 6883/6883/6883
f 6885/6885/6885 6887/6887/6887 6886/6886/6886
f 6885/6885/6885 6888/6888/6888 6887/6887/6887
f 6889/6889/6889 6891/6891/6891 6890/6890/6890
f 6889/6889/6889 6892/6892/6892 6891/6891/6891
f 6893/6893/6893 6895/6895/6895 6894/6894/6894
f 6893/6893/6893 6896/6896/6896 6895/6895/6895
f 6897/6897/6897 6899/6899/6899 6898/6898/6898
f 6897/6897/6897 6900/6900/6900 6899/6899/6899
f 6901/6901/6901 6903/6903/6903 6902/6902/6902
f 6901/6901/6901 6904/6904/6904 6903/6903/6903
f 6905/6905/6905 6907/6907/6907 6906/6906/6906
f 6905/6905/6905 6908/6908/6908 6907/6907/6907
f 6909/6909/6909 6911/6911/6911 6910/6910/6910
f 6909/6909/6909 6912/6912/6912 6911/6911/6911
f 6913/6913/6913 6915/6915/6915 6914/6914/6914
f 6913/6913/6913 6916/6916/6916 6915/6915/6915
f 6917/6917/6917 6919/6919/6919 6918/6918/6918
f 6917/6917/6917 6920/6920/6920 6919/6919/6919
f 6921/6921/6921 6923/6923/6923 6922/6922/6922
f 6921/6921/6921 6924/6924/6924 6923/6923/6923
f 6925/6925/6925 6927/6927/6927 6926/6926/6926
f 6925/6925/6925 6928/6928/6928 6927/6927/6927
f 6929/6929/6929 6931/6931/6931 6930/6930/6930
f 6929/6929/6929 6932/6932/6932 6931/6931/6931
f 6933/6933/6933 6935/6935/6935 6934/6934/6934
f 6933/6933/6933 6936/6936/6936 6935/6935/6935
f 6937/6937/6937 6939/6939/6939 6938/6938/6938
f 6937/6937/6937 6940/6940/6940 6939/6939/6939
f 6941/6941/6941 6943/6943/6943 6942/6942/6942
f 6941/6941/6941 6944/6944/6944 6943/6943/6943
f 6945/6945/6945 6947/6947/6947 6946/6946/6946
f 6945/6945/6945 6948/6948/6948 6947/6947/6947
f 6949/6949/6949 6951/6951/6951 6950/6950/6950
f 6949/6949/6949 6952/6952/6952 6951/6951/6951
f 6953/6953/6953 6955/6955/6955 6954/6954/6954
f 6953/6953/6953 6956/6956/6956 6955/6955/6955
f 6957/6957/6957 6959/6959/6959 6958/6958/6958
f 6957/6957/6957 6960/6960/6960 6959/6959/6959
f 6961/6961/6961 6963/6963/6963 6962/6962/6962
f 6961/6961/6961 6964/6964/6964 6963/6963/6963
f 6965/6965/6965 6967/6967/6967 6966/6966/6966
f 6965/6965/6965 6968/6968/6968 6967/6967/6967
f 6969/6969/6969 6971/6971/6971 6970/6970/6970
f 6969/6969/6969 6972/6972/6972 6971/6971/6971
f 6973/6973/6973 6975/6975/6975 6974/6974/6974
f 6973/6973/6973 6976/6976/6976 6975/6975/6975
f 6977/6977/6977 6979/6979/6979 6978/6978/6978
f 6977/6977/6977 6980/6980/6980 6979/6979/6979
f 6981/6981/6981 6983/6983/6983 6982/6982/6982
f 6981/6981/6981 6984/6984/6984 6983/6983/6983
f 6985/6985/6985 6987/6987/6987 6986/6986/6986
f 6985/6985/6985 6988/6988/6988 6987/6987/6987
f 6989/6989/6989 6991/6991/6991 6990/6990/6990
f 6989/6989/6989 6992/6992/6992 6991/6991/6991
f 6993/6993/6993 6995/6995/6995 6994/6994/6994
f 6993/6993/6993 6996/6996/6996 6995/6995/6995
f 6997/6997/6997 6999/6999/6999 6998/6998/6998
f 6997/6997/6997 7000/7000/7000 6999/6999/6999
f 7001/7001/7001 7003/7003/7003 7002/7002/7002
f 7001/7001/7001 7004/7004/7004 7003/7003/7003
f 7005/7005/7005 7007/7007/7007 7006/7006/7006
f 7005/7005/7005 7008/7008/7008 7007/7007/7007
f 7009/7009/7009 7011/7011/7011 7010/7010/7010
f 7009/7009/7009 7012/7012/7012 7011/7011/7011
f 7013/7013/7013 7015/7015/7015 7014/7014/7014
f 7013/7013/7013 7016/7016/7016 7015/7015/7015
f 7017/7017/7017 7019/7019/7019 7018/7018/7018
f 7017/7017/7017 7020/7020/7020 7019/7019/7019
f 7021/7021/7021 7023/7023/7023 7022/7022/7022
f 7021/7021/7021 7024/7024/7024 7023/7023/7023
f 7025/7025/7025 7027/7027/7027 7026/7026/7026
f 7025/7025/7025 7028/7028/7028 7027/7027/7027
f 7029/7029/7029 7031/7031/7031 7030/7030/7030
f 7029/7029/7029 7032/7032/7032 7031/7031/7031
f 7033/7033/7033 7035/7035/7035 7034/7034/7034
f 7033/7033/7033 7036/7036/7036 7035/7035/7035
f 7037/7037/7037 7039/7039/7039 7038/7038/7038
f 7037/7037/7037 7040/7040/7040 7039/7039/7039
f 7041/7041/7041 7043/7043/7043 7042/7042/7042
f 7041/7041/7041 7044/7044/7044 7043/7043/7043
f 7045/7045/7045 7047/7047/7047 7046/7046/7046
f 7045/7045/7045 7048/7048/7048 7047/7047/7047
f 7049/7049/7049 7051/7051/7051 7050/7050/7050
f 7049/7049/7049 7052/7052/7052 7051/7051/7051
f 7053/7053/7053 7055/7055/7055 7054/7054/7054
f 7053/7053/7053 7056/7056/7056 7055/7055/7055
f 7057/7057/7057 7059/7059/7059 7058/7058/7058
f 7057/7057/7057 7060/7060/7060 7059/7059/7059
f 7061/7061/7061 7063/7063/7063 7062/7062/7062
f 7061/7061/7061 7064/7064/7064 7063/7063/7063
f 7065/7065/7065 7067/7067/7067 7066/7066/7066
f 7065/7065/7065 7068/7068/7068 7067/7067/7067
f 7069/7069/7069 7071/7071/7071 7070/7070/7070
f 7069/7069/7069 7072/7072/7072 7071/7071/7071
f 7073/7073/7073 7075/7075/7075 7074/7074/7074
f 7073/7073/7073 7076/7076/7076 7075/7075/7075
f 7077/7077/7077 7079/7079/7079 7078/7078/7078
f 7077/7077/7077 7080/7080/7080 7079/7079/7079
f 7081/7081/7081 7083/7083/7083 7082/7082/7082
f 7081/7081/7081 7084/7084/7084 7083/7083/7083
f 7085/7085/7085 7087/7087/7087 7086/7086/7086
f 7085/7085/7085 7088/7088/7088 7087/7087/7087
f 7089/7089/7089 7091/7091/7091 7090/7090/7090
f 7089/7089/7089 7092/7092/7092 7091/7091/7091
f 7093/7093/7093 7095/7095/7095 7094/7094/7094
f 7093/7093/7093 7096/7096/7096 7095/7095/7095
f 7097/7097/7097 7099/7099/7099 7098/7098/7098
f 7097/7097/7097 7100/7100/7100 7099/7099/7099
f 7101/7101/7101 7103/7103/7103 7102/7102/7102
f 7101/7101/7101 7104/7104/7104 7103/7103/7103
f 7105/7105/7105 7107/7107/7107 7106/7106/7106
f 7105/7105/7105 7108/7108/7108 7107/7107/7107
f 7109/7109/7109 7111/7111/7111 7110/7110/7110
f 7109/7109/7109 7112/7112/7112 7111/7111/7111
f 7113/7113/7113 7115/7115/7115 7114/7114/7114
f 7113/7113/7113 7116/7116/7116 7115/7115/7115
f 7117/7117/7117 7119/7119/7119 7118/7118/7118
f 7117/7117/7117 7120/7120/7120 7119/7119/7119
f 7121/7121/7121 7123/7123/7123 7122/7122/7122
f 7121/7121/7121 7124/7124/7124 7123/7123/7123
f 7125/7125/7125 7127/7127/7127 7126/7126/7126
f 7125/7125/7125 7128/7128/7128 7127/7127/7127
f 7129/7129/7129 7131/7131/7131 7130/7130/7130
f 7129/7129/7129 7132/7132/7132 7131/7131/7131
f 7133/7133/7133 7135/7135/7135 7134/7134/7134
f 7133/7133/7133 7136/7136/7136 7135/7135/7135
f 7137/7137/7137 7139/7139/7139 7138/7138/7138
f 7137/7137/7137 7140/7140/7140 7139/7139/7139
f 7141/7141/7141 7143/7143/7143 7142/7142/7142
f 7141/7141/7141 7144/7144/7144 7143/7143/7143
f 7145/7145/7145 7147/7147/7147 7146/7146/7146
f 7145/7145/7145 7148/7148/7148 7147/7147/7147
f 7149/7149/7149 7151/7151/7151 7150/7150/7150
f 7149/7149/7149 7152/7152/7152 7151/7151/7151
f 7153/7153/7153 7155/7155/7155 7154/7154/7154
f 7153/7153/7153 7156/7156/7156 7155/7155/7155
f 7157/7157/7157 7159/7159/7159 7158/7158/7158
f 7157/7157/7157 7160/7160/7160 7159/7159/7159
f 7161/7161/7161 7163/7163/7163 7162/7162/7162
f 7161/7161/7161 7164/7164/7164 7163/7163/7163
f 7165/7165/7165 7167/7167/7167 7166/7166/7166
f 7165/7165/7165 7168/7168/7168 7167/7167/7167
f 7169/7169/7169 7171/7171/7171 7170/7170/7170
f 7169/7169/7169 7172/7172/7172 7171/7171/7171
usemtl material_6
f 5293/5293/5293 5295/5295/5295 5294/5294/5294
f 5293/5293/5293 5296/5296/5296 5295/5295/5295
f 5297/5297/5297 5299/5299/5299 5298/5298/5298
f 5297/5297/5297 5300/5300/5300 5299/5299/5299
f 5301/5301/5301 5303/5303/5303 5302/5302/5302
f 5301/5301/5301 5304/5304/5304 5303/5303/5303
f 5305/5305/5305 5307/5307/5307 5306/5306/5306
f 5305/5305/5305 5308/5308/5308 5307/5307/5307
f 5309/5309/5309 5311/5311/5311 5310/5310/5310
f 5309/5309/5309 5312/5312/5312 5311/5311/5311
f 5313/5313/5313 5315/5315/5315 5314/5314/5314
f 5313/5313/5313 5316/5316/5316 5315/5315/5315
f 5317/5317/5317 5319/5319/5319 5318/5318/5318
f 5317/5317/5317 5320/5320/5320 5319/5319/5319
f 5321/5321/5321 5323/5323/5323 5322/5322/5322
f 5321/5321/5321 5324/5324/5324 5323/5323/5323
f 5325/5325/5325 5327/5327/5327 5326/5326/5326
f 5325/5325/5325 5328/5328/5328 5327/5327/5327
f 5329/5329/5329 5331/5331/5331 5330/5330/5330
f 5329/5329/5329 5332/5332/5332 5331/5331/5331
f 5333/5333/5333 5335/5335/5335 5334/5334/5334
f 5333/5333/5333 5336/5336/5336 5335/5335/5335
f 5337/5337/5337 5339/5339/5339 5338/5338/5338
f 5337/5337/5337 5340/5340/5340 5339/5339/5339
f 5341/5341/5341 5343/5343/5343 5342/5342/5342
f 5341/5341/5341 5344/5344/5344 5343/5343/5343
f 5345/5345/5345 5347/5347/5347 5346/5346/5346
f 5345/5345/5345 5348/5348/5348 5347/5347/5347
f 5349/5349/5349 5351/5351/5351 5350/5350/5350
f 5349/5349/5349 5352/5352/5352 5351/5351/5351
f 5353/5353/5353 5355/5355/5355 5354/5354/5354
f 5353/5353/5353 5356/5356/5356 5355/5355/5355
f 5357/5357/5357 5359/5359/5359 5358/5358/5358
f 5357/5357/5357 5360/5360/5360 5359/5359/5359
f 5361/5361/5361 5363/5363/5363 5362/5362/5362
f 5361/5361/5361 5364/5364/5364 5363/5363/5363
f 5365/5365/5365 5367/5367/5367 5366/5366/5366
f 5365/5365/5365 5368/5368/5368 5367/5367/5367
f 5369/5369/5369 5371/5371/5371 5370/5370/5370
f 5369/5369/5369 5372/5372/5372 5371/5371/5371
f 5373/5373/5373 5375/5375/5375 5374/5374/5374
f 5373/5373/5373 5376/5376/5376 5375/5375/5375
f 5377/5377/5377 5379/5379/5379 5378/5378/5378
f 5377/5377/5377 5380/5380/5380 5379/5379/5379
f 5381/5381/5381 5383/5383/5383 5382/5382/5382
f 5381/5381/5381 5384/5384/5384 5383/5383/5383
f 5385/5385/5385 5387/5387/5387 5386/5386/5386
f 5385/5385/5385 5388/5388/5388 5387/5387/5387
f 5389/5389/5389 5391/5391/5391 5390/5390/5390
f 5389/5389/5389 5392/5392/5392 5391/5391/5391
f 5393/5393/5393 5395/5395/5395 5394/5394/5394
f 5393/5393/5393 5396/5396/5396 5395/5395/5395
f 5397/5397/5397 5399/5399/5399 5398/5398/5398
f 5397/5397/5397 5400/5400/5400 5399/5399/5399
f 5401/5401/5401 5403/5403/5403 5402/5402/5402
f 5401/5401/5401 5404/5404/5404 5403/5403/5403
f 5405/5405/5405 5407/5407/5407 5406/5406/5406
f 5405/5405/5405 5408/5408/5408 5407/5407/5407
f 5409/5409/5409 5411/5411/5411 5410/5410/5410
f 5409/5409/5409 5412/5412/5412 5411/5411/5411
f 5413/5413/5413 5415/5415/5415 5414/5414/5414
f 5413/5413/5413 5416/5416/5416 5415/5415/5415
f 5417/5417/5417 5419/5419/5419 5418/5418/5418
f 5417/5417/5417 5420/5420/5420 5419/5419/5419
f 5421/5421/5421 5423/5423/5423 5422/5422/5422
f 5421/5421/5421 5424/5424/5424 5423/5423/5423
f 5425/5425/5425 5427/5427/5427 5426/5426/5426
f 5425/5425/5425 5428/5428/5428 5427/5427/5427
f 5429/5429/5429 5431/5431/5431 5430/5430/5430
f 5429/5429/5429 5432/5432/5432 5431/5431/5431
f 5433/5433/5433 5435/5435/5435 5434/5434/5434
f 5433/5433/5433 5436/5436/5436 5435/5435/5435
f 5437/5437/5437 5439/5439/5439 5438/5438/5438
f 5437/5437/5437 5440/5440/5440 5439/5439/5439
f 5441/5441/5441 5443/5443/5443 5442/5442/5442
f 5441/5441/5441 5444/5444/5444 5443/5443/5443
f 5445/5445/5445 5447/5447/5447 5446/5446/5446
f 5445/5445/5445 5448/5448/5448 5447/5447/5447
f 5449/5449/5449 5451/5451/5451 5450/5450/5450
f 5449/5449/5449 5452/5452/5452 5451/5451/5451
f 5453/5453/5453 5455/5455/5455 5454/5454/5454
f 5453/5453/5453 5456/5456/5456 5455/5455/5455
f 5457/5457/5457 5459/5459/5459 5458/5458/5458
f 5457/5457/5457 5460/5460/5460 5459/5459/5459
f 5461/5461/5461 5463/5463/5463 5462/5462/5462
f 5461/5461/5461 5464/5464/5464 5463/5463/5463
f 5465/5465/5465 5467/5467/5467 5466/5466/5466
f 5465/5465/5465 5468/5468/5468 5467/5467/5467
f 5469/5469/5469 5471/5471/5471 5470/5470/5470
f 5469/5469/5469 5472/5472/5472 5471/5471/5471
f 5473/5473/5473 5475/5475/5475 5474/5474/5474
f 5473/5473/5473 5476/5476/5476 5475/5475/5475
f 5477/5477/5477 5479/5479/5479 5478/5478/5478
f 5477/5477/5477 5480/5480/5480 5479/5479/5479
f 5481/5481/5481 5483/5483/5483 5482/5482/5482
f 5481/5481/5481 5484/5484/5484 5483/5483/5483
f 5485/5485/5485 5487/5487/5487 5486/5486/5486
f 5485/5485/5485 5488/5488/5488 5487/5487/5487
f 5489/5489/5489 5491/5491/5491 5490/5490/5490
f 5489/5489/5489 5492/5492/5492 5491/5491/5491
f 5493/5493/5493 5495/5495/5495 5494/5494/5494
f 5493/5493/5493 5496/5496/5496 5495/5495/5495
f 5497/5497/5497 5499/5499/5499 5498/5498/5498
f 5497/5497/5497 5500/5500/5500 5499/5499/5499
f 5501/5501/5501 5503/5503/5503 5502/5502/5502
f 5501/5501/5501 5504/5504/5504 5503/5503/5503
f 5505/5505/5505 5507/5507/5507 5506/5506/5506
f 5505/5505/5505 5508/5508/5508 5507/5507/5507
f 5509/5509/5509 5511/5511/5511 5510/5510/5510
f 5509/5509/5509 5512/5512/5512 5511/5511/5511
f 5513/5513/5513 5515/5515/5515 5514/5514/5514
f 5513/5513/5513 5516/5516/5516 5515/5515/5515
f 5517/5517/5517 5519/5519/5519 5518/5518/5518
f 5517/5517/5517 5520/5520/5520 5519/5519/5519
f 5521/5521/5521 5523/5523/5523 5522/5522/5522
f 5521/5521/5521 5524/5524/5524 5523/5523/5523
f 5525/5525/5525 5527/5527/5527 5526/5526/5526
f 5525/5525/5525 5528/5528/5528 5527/5527/5527
f 5529/5529/5529 5531/5531/5531 5530/5530/5530
f 5529/5529/5529 5532/5532/5532 5531/5531/5531
f 5533/5533/5533 5535/5535/5535 5534/5534/5534
f 5533/5533/5533 5536/5536/5536 5535/5535/5535
f 5537/5537/5537 5539/5539/5539 5538/5538/5538
f 5537/5537/5537 5540/5540/5540 5539/5539/5539
f 5541/5541/5541 5543/5543/5543 5542/5542/5542
f 5541/5541/5541 5544/5544/5544 5543/5543/5543
f 5545/5545/5545 5547/5547/5547 5546/5546/5546
f 5545/5545/5545 5548/5548/5548 5547/5547/5547
f 5549/5549/5549 5551/5551/5551 5550/5550/5550
f 5549/5549/5549 5552/5552/5552 5551/5551/5551
f 5553/5553/5553 5555/5555/5555 5554/5554/5554
f 5553/5553/5553 5556/5556/5556 5555/5555/5555
f 5557/5557/5557 5559/5559/5559 5558/5558/5558
f 5557/5557/5557 5560/5560/5560 5559/5559/5559
f 5561/5561/5561 5563/5563/5563 5562/5562/5562
f 5561/5561/5561 5564/5564/5564 5563/5563/5563
f 5565/5565/5565 5567/5567/5567 5566/5566/5566
f 5565/5565/5565 5568/5568/5568 5567/5567/5567
f 5569/5569/5569 5571/5571/5571 5570/5570/5570
f 5569/5569/5569 5572/5572/5572 5571/5571/5571
f 5573/5573/5573 5575/5575/5575 5574/5574/5574
f 5573/5573/5573 5576/5576/5576 5575/5575/5575
f 5577/5577/5577 5579/5579/5579 5578/5578/5578
f 5577/5577/5577 5580/5580/5580 5579/5579/5579
f 5581/5581/5581 5583/5583/5583 5582/5582/5582
f 5581/5581/5581 5584/5584/5584 5583/5583/5583
f 5585/5585/5585 5587/5587/5587 5586/5586/5586
f 5585/5585/5585 5588/5588/5588 5587/5587/5587
f 5589/5589/5589 5591/5591/5591 5590/5590/5590
f 5589/5589/5589 5592/5592/5592 5591/5591/5591
f 5593/5593/5593 5595/5595/5595 5594/5594/5594
f 5593/5593/5593 5596/5596/5596 5595/5595/5595
f 5597/5597/5597 5599/5599/5599 5598/5598/5598
f 5597/5597/5597 5600/5600/5600 5599/5599/5599
f 5601/5601/5601 5603/5603/5603 5602/5602/5602
f 5601/5601/5601 5604/5604/5604 5603/5603/5603
f 5605/5605/5605 5607/5607/5607 5606/5606/5606
f 5605/5605/5605 5608/5608/5608 5607/5607/5607
f 5609/5609/5609 5611/5611/5611 5610/5610/5610
f 5609/5609/5609 5612/5612/5612 5611/5611/5611
f 5613/5613/5613 5615/5615/5615 5614/5614/5614
f 5613/5613/5613 5616/5616/5616 5615/5615/5615
f 5617/5617/5617 5619/5619/5619 5618/5618/5618
f 5617/5617/5617 5620/5620/5620 5619/5619/5619
f 5621/5621/5621 5623/5623/5623 5622/5622/5622
f 5621/5621/5621 5624/5624/5624 5623/5623/5623
f 5625/5625/5625 5627/5627/5627 5626/5626/5626
f 5625/5625/5625 5628/5628/5628 5627/5627/5627
f 5629/5629/5629 5631/5631/5631 5630/5630/5630
f 5629/5629/5629 5632/5632/5632 5631/5631/5631
f 5633/5633/5633 5635/5635/5635 5634/5634/5634
f 5633/5633/5633 5636/5636/5636 5635/5635/5635
f 5637/5637/5637 5639/5639/5639 5638/5638/5638
f 5637/5637/5637 5640/5640/5640 5639/5639/5639
f 5641/5641/5641 5643/5643/5643 5642/5642/5642
f 5641/5641/5641 5644/5644/5644 5643/5643/5643
f 5645/5645/5645 5647/5647/5647 5646/5646/5646
f 5645/5645/5645 5648/5648/5648 5647/5647/5647
f 5649/5649/5649 5651/5651/5651 5650/5650/5650
f 5649/5649/5649 5652/5652/5652 5651/5651/5651
f 5653/5653/5653 5655/5655/5655 5654/5654/5654
f 5653/5653/5653 5656/5656/5656 5655/5655/5655
f 5657/5657/5657 5659/5659/5659 5658/5658/5658
f 5657/5657/5657 5660/5660/5660 5659/5659/5659
f 5661/5661/5661 5663/5663/5663 5662/5662/5662
f 5661/5661/5661 5664/5664/5664 5663/5663/5663
f 5665/5665/5665 5667/5667/5667 5666/5666/5666
f 5665/5665/5665 5668/5668/5668 5667/5667/5667
f 5669/5669/5669 5671/5671/5671 5670/5670/5670
f 5669/5669/5669 5672/5672/5672 5671/5671/5671
f 5673/5673/5673 5675/5675/5675 5674/5674/5674
f 5673/5673/5673 5676/5676/5676 5675/5675/5675
f 5677/5677/5677 5679/5679/5679 5678/5678/5678
f 5677/5677/5677 5680/5680/5680 5679/5679/5679
f 5681/5681/5681 5683/5683/5683 5682/5682/5682
f 5681/5681/5681 5684/5684/5684 5683/5683/5683
f 5685/5685/5685 5687/5687/5687 5686/5686/5686
f 5685/5685/5685 5688/5688/5688 5687/5687/5687
f 5689/5689/5689 5691/5691/5691 5690/5690/5690
f 5689/5689/5689 5692/5692/5692 5691/5691/5691
f 5693/5693/5693 5695/5695/5695 5694/5694/5694
f 5693/5693/5693 5696/5696/5696 5695/5695/5695
f 5697/5697/5697 5699/5699/5699 5698/5698/5698
f 5697/5697/5697 5700/5700/5700 5699/5699/5699
f 5701/5701/5701 5703/5703/5703 5702/5702/5702
f 5701/5701/5701 5704/5704/5704 5703/5703/5703
f 5705/5705/5705 5707/5707/5707 5706/5706/5706
f 5705/5705/5705 5708/5708/5708 5707/5707/5707
f 5709/5709/5709 5711/5711/5711 5710/5710/5710
f 5709/5709/5709 5712/5712/5712 5711/5711/5711
f 5713/5713/5713 5715/5715/5715 5714/5714/5714
f 5713/5713/5713 5716/5716/5716 5715/5715/5715
f 5717/5717/5717 5719/5719/5719 5718/5718/5718
f 5717/5717/5717 5720/5720/5720 5719/5719/5719
f 5721/5721/5721 5723/5723/5723 5722/5722/5722
f 5721/5721/5721 5724/5724/5724 5723/5723/5723
f 5725/5725/5725 5727/5727/5727 5726/5726/5726
f 5725/5725/5725 5728/5728/5728 5727/5727/5727
f 5729/5729/5729 5731/5731/5731 5730/5730/5730
f 5729/5729/5729 5732/5732/5732 5731/5731/5731
f 5733/5733/5733 5735/5735/5735 5734/5734/5734
f 5733/5733/5733 5736/5736/5736 5735/5735/5735
f 5737/5737/5737 5739/5739/5739 5738/5738/5738
f 5737/5737/5737 5740/5740/5740 5739/5739/5739
f 5741/5741/5741 5743/5743/5743 5742/5742/5742
f 5741/5741/5741 5744/5744/5744 5743/5743/5743
f 5745/5745/5745 5747/5747/5747 5746/5746/5746
f 5745/5745/5745 5748/5748/5748 5747/5747/5747
f 5749/5749/5749 5751/5751/5751 5750/5750/5750
f 5749/5749/5749 5752/5752/5752 5751/5751/5751
f 5753/5753/5753 5755/5755/5755 5754/5754/5754
f 5753/5753/5753 5756/5756/5756 5755/5755/5755
f 5757/5757/5757 5759/5759/5759 5758/5758/5758
f 5757/5757/5757 5760/5760/5760 5759/5759/5759
f 5761/5761/5761 5763/5763/5763 5762/5762/5762
f 5761/5761/5761 5764/5764/5764 5763/5763/5763
f 5765/5765/5765 5767/5767/5767 5766/5766/5766
f 5765/5765/5765 5768/5768/5768 5767/5767/5767
f 5769/5769/5769 5771/5771/5771 5770/5770/5770
f 5769/5769/5769 5772/5772/5772 5771/5771/5771
f 5773/5773/5773 5775/5775/5775 5774/5774/5774
f 5773/5773/5773 5776/5776/5776 5775/5775/5775
f 5777/5777/5777 5779/5779/5779 5778/5778/5778
f 5777/5777/5777 5780/5780/5780 5779/5779/5779
f 5781/5781/5781 5783/5783/5783 5782/5782/5782
f 5781/5781/5781 5784/5784/5784 5783/5783/5783
f 5785/5785/5785 5787/5787/5787 5786/5786/5786
f 5785/5785/5785 5788/5788/5788 5787/5787/5787
f 5789/5789/5789 5791/5791/5791 5790/5790/5790
f 5789/5789/5789 5792/5792/5792 5791/5791/5791
f 5793/5793/5793 5795/5795/5795 5794/5794/5794
f 5793/5793/5793 5796/5796/5796 5795/5795/5795
f 5797/5797/5797 5799/5799/5799 5798/5798/5798
f 5797/5797/5797 5800/5800/5800 5799/5799/5799
f 5801/5801/5801 5803/5803/5803 5802/5802/5802
f 5801/5801/5801 5804/5804/5804 5803/5803/5803
f 5805/5805/5805 5807/5807/5807 5806/5806/5806
f 5805/5805/5805 5808/5808/5808 5807/5807/5807
f 5809/5809/5809 5811/5811/5811 5810/5810/5810
f 5809/5809/5809 5812/5812/5812 5811/5811/5811
f 5813/5813/5813 5815/5815/5815 5814/5814/5814
f 5813/5813/5813 5816/5816/5816 5815/5815/5815
f 5817/5817/5817 5819/5819/5819 5818/5818/5818
f 5817/5817/5817 5820/5820/5820 5819/5819/5819
f 5821/5821/5821 5823/5823/5823 5822/5822/5822
f 5821/5821/5821 5824/5824/5824 5823/5823/5823
f 5825/5825/5825 5827/5827/5827 5826/5826/5826
f 5825/5825/5825 5828/5828/5828 5827/5827/5827
f 5829/5829/5829 5831/5831/5831 5830/5830/5830
f 5829/5829/5829 5832/5832/5832 5831/5831/5831
f 5833/5833/5833 5835/5835/5835 5834/5834/5834
f 5833/5833/5833 5836/5836/5836 5835/5835/5835
f 5837/5837/5837 5839/5839/5839 5838/5838/5838
f 5837/5837/5837 5840/5840/5840 5839/5839/5839
f 5841/5841/5841 5843/5843/5843 5842/5842/5842
f 5841/5841/5841 5844/5844/5844 5843/5843/5843
f 5845/5845/5845 5847/5847/5847 5846/5846/5846
f 5845/5845/5845 5848/5848/5848 5847/5847/5847
f 5849/5849/5849 5851/5851/5851 5850/5850/5850
f 5849/5849/5849 5852/5852/5852 5851/5851/5851
f 5853/5853/5853 5855/5855/5855 5854/5854/5854
f 5853/5853/5853 5856/5856/5856 5855/5855/5855
f 5857/5857/5857 5859/5859/5859 5858/5858/5858
f 5857/5857/5857 5860/5860/5860 5859/5859/5859
f 5861/5861/5861 5863/5863/5863 5862/5862/5862
f 5861/5861/5861 5864/5864/5864 5863/5863/5863
f 5865/5865/5865 5867/5867/5867 5866/5866/5866
f 5865/5865/5865 5868/5868/5868 5867/5867/5867
f 5869/5869/5869 5871/5871/5871 5870/5870/5870
f 5869/5869/5869 5872/5872/5872 5871/5871/5871
f 5873/5873/5873 5875/5875/5875 5874/5874/5874
f 5873/5873/5873 5876/5876/5876 5875/5875/5875
f 5877/5877/5877 5879/5879/5879 5878/5878/5878
f 5877/5877/5877 5880/5880/5880 5879/5879/5879
f 5881/5881/5881 5883/5883/5883 5882/5882/5882
f 5881/5881/5881 5884/5884/5884 5883/5883/5883
f 5885/5885/5885 5887/5887/5887 5886/5886/5886
f 5885/5885/5885 5888/5888/5888 5887/5887/5887
f 5889/5889/5889 5891/5891/5891 5890/5890/5890
f 5889/5889/5889 5892/5892/5892 5891/5891/5891
f 5893/5893/5893 5895/5895/5895 5894/5894/5894
f 5893/5893/5893 5896/5896/5896 5895/5895/5895
f 5897/5897/5897 5899/5899/5899 5898/5898/5898
f 5897/5897/5897 5900/5900/5900 5899/5899/5899
f 5901/5901/5901 5903/5903/5903 5902/5902/5902
f 5901/5901/5901 5904/5904/5904 5903/5903/5903
f 5905/5905/5905 5907/5907/5907 5906/5906/5906
f 5905/5905/5905 5908/5908/5908 5907/5907/5907
f 5909/5909/5909 5911/5911/5911 5910/5910/5910
f 5909/5909/5909 5912/5912/5912 5911/5911/5911
f 5913/5913/5913 5915/5915/5915 5914/5914/5914
f 5913/5913/5913 5916/5916/5916 5915/5915/5915
f 5917/5917/5917 5919/5919/5919 5918/5918/5918
f 5917/5917/5917 5920/5920/5920 5919/5919/5919
f 5921/5921/5921 5923/5923/5923 5922/5922/5922
f 5921/5921/5921 5924/5924/5924 5923/5923/5923
f 5925/5925/5925 5927/5927/5927 5926/5926/5926
f 5925/5925/5925 5928/5928/5928 5927/5927/5927
f 5929/5929/5929 5931/5931/5931 5930/5930/5930
f 5929/5929/5929 5932/5932/5932 5931/5931/5931
f 5933/5933/5933 5935/5935/5935 5934/5934/5934
f 5933/5933/5933 5936/5936/5936 5935/5935/5935
f 5937/5937/5937 5939/5939/5939 5938/5938/5938
f 5937/5937/5937 5940/5940/5940 5939/5939/5939
f 5941/5941/5941 5943/5943/5943 5942/5942/5942
f 5941/5941/5941 5944/5944/5944 5943/5943/5943
f 5945/5945/5945 5947/5947/5947 5946/5946/5946
f 5945/5945/5945 5948/5948/5948 5947/5947/5947
f 5949/5949/5949 5951/5951/5951 5950/5950/5950
f 5949/5949/5949 5952/5952/5952 5951/5951/5951
f 5953/5953/5953 5955/5955/5955 5954/5954/5954
f 5953/5953/5953 5956/5956/5956 5955/5955/5955
f 5957/5957/5957 5959/5959/5959 5958/5958/5958
f 5957/5957/5957 5960/5960/5960 5959/5959/5959
f 5961/5961/5961 5963/5963/5963 5962/5962/5962
f 5961/5961/5961 5964/5964/5964 5963/5963/5963
f 5965/5965/5965 5967/5967/5967 5966/5966/5966
f 5965/5965/5965 5968/5968/5968 5967/5967/5967
f 5969/5969/5969 5971/5971/5971 5970/5970/5970
f 5969/5969/5969 5972/5972/5972 5971/5971/5971
f 5973/5973/5973 5975/5975/5975 5974/5974/5974
f 5973/5973/5973 5976/5976/5976 5975/5975/5975
f 5977/5977/5977 5979/5979/5979 5978/5978/5978
f 5977/5977/5977 5980/5980/5980 5979/5979/5979
f 5981/5981/5981 5983/5983/5983 5982/5982/5982
f 5981/5981/5981 5984/5984/5984 5983/5983/5983
f 5985/5985/5985 5987/5987/5987 5986/5986/5986
f 5985/5985/5985 5988/5988/5988 5987/5987/5987
f 5989/5989/5989 5991/5991/5991 5990/5990/5990
f 5989/5989/5989 5992/5992/5992 5991/5991/5991
f 5993/5993/5993 5995/5995/5995 5994/5994/5994
f 5993/5993/5993 5996/5996/5996 5995/5995/5995
f 5997/5997/5997 5999/5999/5999 5998/5998/5998
f 5997/5997/5997 6000/6000/6000 5999/5999/5999
f 6001/6001/6001 6003/6003/6003 6002/6002/6002
f 6001/6001/6001 6004/6004/6004 6003/6003/6003
f 6005/6005/6005 6007/6007/6007 6006/6006/6006
f 6005/6005/6005 6008/6008/6008 6007/6007/6007
f 6009/6009/6009 6011/6011/6011 6010/6010/6010
f 6009/6009/6009 6012/6012/6012 6011/6011/6011
f 6013/6013/6013 6015/6015/6015 6014/6014/6014
f 6013/6013/6013 6016/6016/6016 6015/6015/6015
f 6017/6017/6017 6019/6019/6019 6018/6018/6018
f 6017/6017/6017 6020/6020/6020 6019/6019/6019
f 6021/6021/6021 6023/6023/6023 6022/6022/6022
f 6021/6021/6021 6024/6024/6024 6023/6023/6023
f 6025/6025/6025 6027/6027/6027 6026/6026/6026
f 6025/6025/6025 6028/6028/6028 6027/6027/6027
f 6029/6029/6029 6031/6031/6031 6030/6030/6030
f 6029/6029/6029 6032/6032/6032 6031/6031/6031
f 6033/6033/6033 6035/6035/6035 6034/6034/6034
f 6033/6033/6033 6036/6036/6036 6035/6035/6035
f 6037/6037/6037 6039/6039/6039 6038/6038/6038
f 6037/6037/6037 6040/6040/6040 6039/6039/6039
f 6041/6041/6041 6043/6043/6043 6042/6042/6042
f 6041/6041/6041 6044/6044/6044 6043/6043/6043
f 6045/6045/6045 6047/6047/6047 6046/6046/6046
f 6045/6045/6045 6048/6048/6048 6047/6047/6047
f 6049/6049/6049 6051/6051/6051 6050/6050/6050
f 6049/6049/6049 6052/6052/6052 6051/6051/6051
f 6053/6053/6053 6055/6055/6055 6054/6054/6054
f 6053/6053/6053 6056/6056/6056 6055/6055/6055
f 6057/6057/6057 6059/6059/6059 6058/6058/6058
f 6057/6057/6057 6060/6060/6060 6059/6059/6059
usemtl material_7
f 7173/7173/7173 7175/7175/7175 7174/7174/7174
f 7173/7173/7173 7176/7176/7176 7175/7175/7175
f 7177/7177/7177 7179/7179/7179 7178/7178/7178
f 7177/7177/7177 7180/7180/7180 7179/7179/7179
f 7181/7181/7181 7183/7183/7183 7182/7182/7182
f 7181/7181/7181 7184/7184/7184 7183/7183/7183
f 7185/7185/7185 7187/7187/7187 7186/7186/7186
f 7185/7185/7185 7188/7188/7188 7187/7187/7187
f 7189/7189/7189 7191/7191/7191 7190/7190/7190
f 7189/7189/7189 7192/7192/7192 7191/7191/7191
f 7193/7193/7193 7195/7195/7195 7194/7194/7194
f 7193/7193/7193 7196/7196/7196 7195/7195/7195
f 7197/7197/7197 7199/7199/7199 7198/7198/7198
f 7197/7197/7197 7200/7200/7200 7199/7199/7199
f 7201/7201/7201 7203/7203/7203 7202/7202/7202
f 7201/7201/7201 7204/7204/7204 7203/7203/7203
f 7205/7205/7205 7207/7207/7207 7206/7206/7206
f 7205/7205/7205 7208/7208/7208 7207/7207/7207
f 7209/7209/7209 7211/7211/7211 7210/7210/7210
f 7209/7209/7209 7212/7212/7212 7211/7211/7211
f 7213/7213/7213 7215/7215/7215 7214/7214/7214
f 7213/7213/7213 7216/7216/7216 7215/7215/7215
f 7217/7217/7217 7219/7219/7219 7218/7218/7218
f 7217/7217/7217 7220/7220/7220 7219/7219/7219
f 7221/7221/7221 7223/7223/7223 7222/7222/7222
f 7221/7221/7221 7224/7224/7224 7223/7223/7223
f 7225/7225/7225 7227/7227/7227 7226/7226/7226
f 7225/7225/7225 7228/7228/7228 7227/7227/7227
f 7229/7229/7229 7231/7231/7231 7230/7230/7230
f 7229/7229/7229 7232/7232/7232 7231/7231/7231
f 7233/7233/7233 7235/7235/7235 7234/7234/7234
f 7233/7233/7233 7236/7236/7236 7235/7235/7235
f 7237/7237/7237 7239/7239/7239 7238/7238/7238
f 7237/7237/7237 7240/7240/7240 7239/7239/7239
f 7241/7241/7241 7243/7243/7243 7242/7242/7242
f 7241/7241/7241 7244/7244/7244 7243/7243/7243
f 7245/7245/7245 7247/7247/7247 7246/7246/7246
f 7245/7245/7245 7248/7248/7248 7247/7247/7247
f 7249/7249/7249 7251/7251/7251 7250/7250/7250
f 7249/7249/7249 7252/7252/7252 7251/7251/7251
f 7253/7253/7253 7255/7255/7255 7254/7254/7254
f 7253/7253/7253 7256/7256/7256 7255/7255/7255
f 7257/7257/7257 7259/7259/7259 7258/7258/7258
f 7257/7257/7257 7260/7260/7260 7259/7259/7259
f 7261/7261/7261 7263/7263/7263 7262/7262/7262
f 7261/7261/7261 7264/7264/7264 7263/7263/7263
f 7265/7265/7265 7267/7267/7267 7266/7266/7266
f 7265/7265/7265 7268/7268/7268 7267/7267/7267
f 7269/7269/7269 7271/7271/7271 7270/7270/7270
f 7269/7269/7269 7272/7272/7272 7271/7271/7271
f 7273/7273/7273 7275/7275/7275 7274/7274/7274
f 7273/7273/7273 7276/7276/7276 7275/7275/7275
f 7277/7277/7277 7279/7279/7279 7278/7278/7278
f 7277/7277/7277 7280/7280/7280 7279/7279/7279
f 7281/7281/7281 7283/7283/7283 7282/7282/7282
f 7281/7281/7281 7284/7284/7284 7283/7283/7283
f 7285/7285/7285 7287/7287/7287 7286/7286/7286
f 7285/7285/7285 7288/7288/7288 7287/7287/7287
f 7289/7289/7289 7291/7291/7291 7290/7290/7290
f 7289/7289/7289 7292/7292/7292 7291/7291/7291
f 7293/7293/7293 7295/7295/7295 7294/7294/7294
f 7293/7293/7293 7296/7296/7296 7295/7295/7295
f 7297/7297/7297 7299/7299/7299 7298/7298/7298
f 7297/7297/7297 7300/7300/7300 7299/7299/7299
f 7301/7301/7301 7303/7303/7303 7302/7302/7302
f 7301/7301/7301 7304/7304/7304 7303/7303/7303
f 7305/7305/7305 7307/7307/7307 7306/7306/7306
f 7305/7305/7305 7308/7308/7308 7307/7307/7307
f 7309/7309/7309 7311/7311/7311 7310/7310/7310
f 7309/7309/7309 7312/7312/7312 7311/7311/7311
f 7313/7313/7313 7315/7315/7315 7314/7314/7314
f 7313/7313/7313 7316/7316/7316 7315/7315/7315
f 7317/7317/7317 7319/7319/7319 7318/7318/7318
f 7317/7317/7317 7320/7320/7320 7319/7319/7319
f 7321/7321/7321 7323/7323/7323 7322/7322/7322
f 7321/7321/7321 7324/7324/7324 7323/7323/7323
f 7325/7325/7325 7327/7327/7327 7326/7326/7326
f 7325/7325/7325 7328/7328/7328 7327/7327/7327
f 7329/7329/7329 7331/7331/7331 7330/7330/7330
f 7329/7329/7329 7332/7332/7332 7331/7331/7331
f 7333/7333/7333 7335/7335/7335 7334/7334/7334
f 7333/7333/7333 7336/7336/7336 7335/7335/7335
f 7337/7337/7337 7339/7339/7339 7338/7338/7338
f 7337/7337/7337 7340/7340/7340 7339/7339/7339
f 7341/7341/7341 7343/7343/7343 7342/7342/7342
f 7341/7341/7341 7344/7344/7344 7343/7343/7343
f 7345/7345/7345 7347/7347/7347 7346/7346/7346
f 7345/7345/7345 7348/7348/7348 7347/7347/7347
f 7349/7349/7349 7351/7351/7351 7350/7350/7350
f 7349/7349/7349 7352/7352/7352 7351/7351/7351
f 7353/7353/7353 7355/7355/7355 7354/7354/7354
f 7353/7353/7353 7356/7356/7356 7355/7355/7355
f 7357/7357/7357 7359/7359/7359 7358/7358/7358
f 7357/7357/7357 7360/7360/7360 7359/7359/7359
f 7361/7361/7361 7363/7363/7363 7362/7362/7362
f 7361/7361/7361 7364/7364/7364 7363/7363/7363
f 7365/7365/7365 7367/7367/7367 7366/7366/7366
f 7365/7365/7365 7368/7368/7368 7367/7367/7367
f 7369/7369/7369 7371/7371/7371 7370/7370/7370
f 7369/7369/7369 7372/7372/7372 7371/7371/7371
f 7373/7373/7373 7375/7375/7375 7374/7374/7374
f 7373/7373/7373 7376/7376/7376 7375/7375/7375
f 7377/7377/7377 7379/7379/7379 7378/7378/7378
f 7377/7377/7377 7380/7380/7380 7379/7379/7379
f 7381/7381/7381 7383/7383/7383 7382/7382/7382
f 7381/7381/7381 7384/7384/7384 7383/7383/7383
f 7385/7385/7385 7387/7387/7387 7386/7386/7386
f 7385/7385/7385 7388/7388/7388 7387/7387/7387
f 7389/7389/7389 7391/7391/7391 7390/7390/7390
f 7389/7389/7389 7392/7392/7392 7391/7391/7391
f 7393/7393/7393 7395/7395/7395 7394/7394/7394
f 7393/7393/7393 7396/7396/7396 7395/7395/7395
f 7397/7397/7397 7399/7399/7399 7398/7398/7398
f 7397/7397/7397 7400/7400/7400 7399/7399/7399
f 7401/7401/7401 7403/7403/7403 7402/7402/7402
f 7401/7401/7401 7404/7404/7404 7403/7403/7403
f 7405/7405/7405 7407/7407/7407 7406/7406/7406
f 7405/7405/7405 7408/7408/7408 7407/7407/7407
f 7409/7409/7409 7411/7411/7411 7410/7410/7410
f 7409/7409/7409 7412/7412/7412 7411/7411/7411
f 7413/7413/7413 7415/7415/7415 7414/7414/7414
f 7413/7413/7413 7416/7416/7416 7415/7415/7415
f 7417/7417/7417 7419/7419/7419 7418/7418/7418
f 7417/7417/7417 7420/7420/7420 7419/7419/7419
f 7421/7421/7421 7423/7423/7423 7422/7422/7422
f 7421/7421/7421 7424/7424/7424 7423/7423/7423
f 7425/7425/7425 7427/7427/7427 7426/7426/7426
f 7425/7425/7425 7428/7428/7428 7427/7427/7427
f 7429/7429/7429 7431/7431/7431 7430/7430/7430
f 7429/7429/7429 7432/7432/7432 7431/7431/7431
f 7433/7433/7433 7435/7435/7435 7434/7434/7434
f 7433/7433/7433 7436/7436/7436 7435/7435/7435
o Magazine
v 0.0105 -0.1002557 -0.05060517
v 0.0105 -0.002527678 -0.01503508
v -0.0105 -0.002527678 -0.01503508
v -0.0105 -0.1002557 -0.05060517
v 0.0105 -0.1112004 -0.02053501
v -0.0105 -0.1112004 -0.02053501
v -0.0105 -0.01347232 0.01503508
v 0.0105 -0.01347232 0.01503508
v 0.0105 -0.1002557 -0.05060517
v 0.0105 -0.1112004 -0.02053501
v 0.0105 -0.01347232 0.01503508
v 0.0105 -0.002527678 -0.01503508
v -0.0105 -0.1002557 -0.05060517
v -0.0105 -0.002527678 -0.01503508
v -0.0105 -0.01347232 0.01503508
v -0.0105 -0.1112004 -0.02053501
v 0.0105 -0.1002557 -0.05060517
v -0.0105 -0.1002557 -0.05060517
v -0.0105 -0.1112004 -0.02053501
v 0.0105 -0.1112004 -0.02053501
v 0.0105 -0.002527678 -0.01503508
v 0.0105 -0.01347232 0.01503508
v -0.0105 -0.01347232 0.01503508
v -0.0105 -0.002527678 -0.01503508
v -0.01055155 -0.08845853 -0.03689173
v -0.0105 -0.0885011 -0.03677478
v -0.0105 -0.02042224 -0.01199611
v -0.01055155 -0.02037968 -0.01211306
v -0.01055155 -0.08861804 -0.03681735
v -0.01055155 -0.09342274 -0.02361655
v -0.0105 -0.0933058 -0.02357398
v -0.0105 -0.0885011 -0.03677478
v -0.0105 -0.0885011 -0.03677478
v -0.0105 -0.0933058 -0.02357398
v -0.0105 -0.02522694 0.001204692
v -0.0105 -0.02042224 -0.01199611
v -0.0105 -0.02042224 -0.01199611
v -0.0105 -0.02522694 0.001204692
v -0.01055155 -0.02511 0.001247257
v -0.01055155 -0.0203053 -0.01195355
v -0.0105 -0.0933058 -0.02357398
v -0.01055155 -0.09334835 -0.02345704
v -0.01055155 -0.02526951 0.001321638
v -0.0105 -0.02522694 0.001204692
v -0.01204845 -0.08845853 -0.03689173
v -0.01204845 -0.02037968 -0.01211306
v -0.0121 -0.02042224 -0.01199611
v -0.0121 -0.0885011 -0.03677478
v -0.01204845 -0.08861804 -0.03681735
v -0.0121 -0.0885011 -0.03677478
v -0.0121 -0.0933058 -0.02357398
v -0.01204845 -0.09342274 -0.02361655
v -0.0121 -0.0885011 -0.03677478
v -0.0121 -0.02042224 -0.01199611
v -0.0121 -0.02522694 0.001204692
v -0.0121 -0.0933058 -0.02357398
v -0.0121 -0.02042224 -0.01199611
v -0.01204845 -0.0203053 -0.01195355
v -0.01204845 -0.02511 0.001247257
v -0.0121 -0.02522694 0.001204692
v -0.0121 -0.0933058 -0.02357398
v -0.0121 -0.02522694 0.001204692
v -0.01204845 -0.02526951 0.001321638
v -0.01204845 -0.09334835 -0.02345704
v -0.01055155 -0.08861804 -0.03681735
v -0.010676 -0.08866648 -0.03683498
v -0.010676 -0.09347118 -0.02363418
v -0.01055155 -0.09342274 -0.02361655
v -0.010676 -0.08857547 -0.03693429
v -0.011924 -0.08857547 -0.03693429
v -0.011924 -0.08866648 -0.03683498
v -0.010676 -0.08866648 -0.03683498
v -0.010676 -0.08866648 -0.03683498
v -0.011924 -0.08866648 -0.03683498
v -0.011924 -0.09347118 -0.02363418
v -0.010676 -0.09347118 -0.02363418
v -0.010676 -0.09347118 -0.02363418
v -0.011924 -0.09347118 -0.02363418
v -0.011924 -0.09346531 -0.0234996
v -0.010676 -0.09346531 -0.0234996
v -0.011924 -0.08866648 -0.03683498
v -0.01204845 -0.08861804 -0.03681735
v -0.01204845 -0.09342274 -0.02361655
v -0.011924 -0.09347118 -0.02363418
v -0.01055155 -0.0203053 -0.01195355
v -0.01055155 -0.02511 0.001247257
v -0.010676 -0.02506156 0.001264889
v -0.010676 -0.02025686 -0.01193591
v -0.010676 -0.02026273 -0.01207049
v -0.010676 -0.02025686 -0.01193591
v -0.011924 -0.02025686 -0.01193591
v -0.011924 -0.02026273 -0.01207049
v -0.010676 -0.02025686 -0.01193591
v -0.010676 -0.02506156 0.001264889
v -0.011924 -0.02506156 0.001264889
v -0.011924 -0.02025686 -0.01193591
v -0.010676 -0.02506156 0.001264889
v -0.010676 -0.02515256 0.001364201
v -0.011924 -0.02515256 0.001364201
v -0.011924 -0.02506156 0.001264889
v -0.011924 -0.02025686 -0.01193591
v -0.011924 -0.02506156 0.001264889
v -0.01204845 -0.02511 0.001247257
v -0.01204845 -0.0203053 -0.01195355
v -0.010676 -0.08857547 -0.03693429
v -0.010676 -0.0884409 -0.03694017
v -0.011924 -0.0884409 -0.03694017
v -0.011924 -0.08857547 -0.03693429
v -0.01055155 -0.08845853 -0.03689173
v -0.01055155 -0.02037968 -0.01211306
v -0.010676 -0.02036205 -0.0121615
v -0.010676 -0.0884409 -0.03694017
v -0.010676 -0.0884409 -0.03694017
v -0.010676 -0.02036205 -0.0121615
v -0.011924 -0.02036205 -0.0121615
v -0.011924 -0.0884409 -0.03694017
v -0.011924 -0.0884409 -0.03694017
v -0.011924 -0.02036205 -0.0121615
v -0.01204845 -0.02037968 -0.01211306
v -0.01204845 -0.08845853 -0.03689173
v -0.010676 -0.02036205 -0.0121615
v -0.010676 -0.02026273 -0.01207049
v -0.011924 -0.02026273 -0.01207049
v -0.011924 -0.02036205 -0.0121615
v -0.010676 -0.09346531 -0.0234996
v -0.011924 -0.09346531 -0.0234996
v -0.011924 -0.09336599 -0.0234086
v -0.010676 -0.09336599 -0.0234086
v -0.01055155 -0.09334835 -0.02345704
v -0.010676 -0.09336599 -0.0234086
v -0.010676 -0.02528714 0.001370078
v -0.01055155 -0.02526951 0.001321638
v -0.010676 -0.09336599 -0.0234086
v -0.011924 -0.09336599 -0.0234086
v -0.011924 -0.02528714 0.001370078
v -0.010676 -0.02528714 0.001370078
v -0.011924 -0.09336599 -0.0234086
v -0.01204845 -0.09334835 -0.02345704
v -0.01204845 -0.02526951 0.001321638
v -0.011924 -0.02528714 0.001370078
v -0.010676 -0.02528714 0.001370078
v -0.011924 -0.02528714 0.001370078
v -0.011924 -0.02515256 0.001364201
v -0.010676 -0.02515256 0.001364201
v 0.01204845 -0.08845853 -0.03689173
v 0.0121 -0.0885011 -0.03677478
v 0.0121 -0.02042224 -0.01199611
v 0.01204845 -0.02037968 -0.01211306
v 0.01204845 -0.08861804 -0.03681735
v 0.01204845 -0.09342274 -0.02361655
v 0.0121 -0.0933058 -0.02357398
v 0.0121 -0.0885011 -0.03677478
v 0.0121 -0.0885011 -0.03677478
v 0.0121 -0.0933058 -0.02357398
v 0.0121 -0.02522694 0.001204692
v 0.0121 -0.02042224 -0.01199611
v 0.0121 -0.02042224 -0.01199611
v 0.0121 -0.02522694 0.001204692
v 0.01204845 -0.02511 0.001247257
v 0.01204845 -0.0203053 -0.01195355
v 0.0121 -0.0933058 -0.02357398
v 0.01204845 -0.09334835 -0.02345704
v 0.01204845 -0.02526951 0.001321638
v 0.0121 -0.02522694 0.001204692
v 0.01055155 -0.08845853 -0.03689173
v 0.01055155 -0.02037968 -0.01211306
v 0.0105 -0.02042224 -0.01199611
v 0.0105 -0.0885011 -0.03677478
v 0.01055155 -0.08861804 -0.03681735
v 0.0105 -0.0885011 -0.03677478
v 0.0105 -0.0933058 -0.02357398
v 0.01055155 -0.09342274 -0.02361655
v 0.0105 -0.0885011 -0.03677478
v 0.0105 -0.02042224 -0.01199611
v 0.0105 -0.02522694 0.001204692
v 0.0105 -0.0933058 -0.02357398
v 0.0105 -0.02042224 -0.01199611
v 0.01055155 -0.0203053 -0.01195355
v 0.01055155 -0.02511 0.001247257
v 0.0105 -0.02522694 0.001204692
v 0.0105 -0.0933058 -0.02357398
v 0.0105 -0.02522694 0.001204692
v 0.01055155 -0.02526951 0.001321638
v 0.01055155 -0.09334835 -0.02345704
v 0.01204845 -0.08861804 -0.03681735
v 0.011924 -0.08866648 -0.03683498
v 0.011924 -0.09347118 -0.02363418
v 0.01204845 -0.09342274 -0.02361655
v 0.011924 -0.08857547 -0.03693429
v 0.010676 -0.08857547 -0.03693429
v 0.010676 -0.08866648 -0.03683498
v 0.011924 -0.08866648 -0.03683498
v 0.011924 -0.08866648 -0.03683498
v 0.010676 -0.08866648 -0.03683498
v 0.010676 -0.09347118 -0.02363418
v 0.011924 -0.09347118 -0.02363418
v 0.011924 -0.09347118 -0.02363418
v 0.010676 -0.09347118 -0.02363418
v 0.010676 -0.09346531 -0.0234996
v 0.011924 -0.09346531 -0.0234996
v 0.010676 -0.08866648 -0.03683498
v 0.01055155 -0.08861804 -0.03681735
v 0.01055155 -0.09342274 -0.02361655
v 0.010676 -0.09347118 -0.02363418
v 0.01204845 -0.0203053 -0.01195355
v 0.01204845 -0.02511 0.001247257
v 0.011924 -0.02506156 0.001264889
v 0.011924 -0.02025686 -0.01193591
v 0.011924 -0.02026273 -0.01207049
v 0.011924 -0.02025686 -0.01193591
v 0.010676 -0.02025686 -0.01193591
v 0.010676 -0.02026273 -0.01207049
v 0.011924 -0.02025686 -0.01193591
v 0.011924 -0.02506156 0.001264889
v 0.010676 -0.02506156 0.001264889
v 0.010676 -0.02025686 -0.01193591
v 0.011924 -0.02506156 0.001264889
v 0.011924 -0.02515256 0.001364201
v 0.010676 -0.02515256 0.001364201
v 0.010676 -0.02506156 0.001264889
v 0.010676 -0.02025686 -0.01193591
v 0.010676 -0.02506156 0.001264889
v 0.01055155 -0.02511 0.001247257
v 0.01055155 -0.0203053 -0.01195355
v 0.011924 -0.08857547 -0.03693429
v 0.011924 -0.0884409 -0.03694017
v 0.010676 -0.0884409 -0.03694017
v 0.010676 -0.08857547 -0.03693429
v 0.01204845 -0.08845853 -0.03689173
v 0.01204845 -0.02037968 -0.01211306
v 0.011924 -0.02036205 -0.0121615
v 0.011924 -0.0884409 -0.03694017
v 0.011924 -0.0884409 -0.03694017
v 0.011924 -0.02036205 -0.0121615
v 0.010676 -0.02036205 -0.0121615
v 0.010676 -0.0884409 -0.03694017
v 0.010676 -0.0884409 -0.03694017
v 0.010676 -0.02036205 -0.0121615
v 0.01055155 -0.02037968 -0.01211306
v 0.01055155 -0.08845853 -0.03689173
v 0.011924 -0.02036205 -0.0121615
v 0.011924 -0.02026273 -0.01207049
v 0.010676 -0.02026273 -0.01207049
v 0.010676 -0.02036205 -0.0121615
v 0.011924 -0.09346531 -0.0234996
v 0.010676 -0.09346531 -0.0234996
v 0.010676 -0.09336599 -0.0234086
v 0.011924 -0.09336599 -0.0234086
v 0.01204845 -0.09334835 -0.02345704
v 0.011924 -0.09336599 -0.0234086
v 0.011924 -0.02528714 0.001370078
v 0.01204845 -0.02526951 0.001321638
v 0.011924 -0.09336599 -0.0234086
v 0.010676 -0.09336599 -0.0234086
v 0.010676 -0.02528714 0.001370078
v 0.011924 -0.02528714 0.001370078
v 0.010676 -0.09336599 -0.0234086
v 0.01055155 -0.09334835 -0.02345704
v 0.01055155 -0.02526951 0.001321638
v 0.010676 -0.02528714 0.001370078
v 0.011924 -0.02528714 0.001370078
v 0.010676 -0.02528714 0.001370078
v 0.010676 -0.02515256 0.001364201
v 0.011924 -0.02515256 0.001364201
v 0.01312807 -0.1065249 -0.05568371
v 0.01324225 -0.106806 -0.05524533
v 0.0135 -0.1062212 -0.05503251
v 0.01324225 -0.1060084 -0.05561724
v 0.01324225 -0.1060084 -0.05561724
v 0.0135 -0.1062212 -0.05503251
v 0.0135 -0.1003576 -0.0528983
v 0.01324225 -0.1001447 -0.05348303
v 0.01324225 -0.1001447 -0.05348303
v 0.0135 -0.1003576 -0.0528983
v 0.01324225 -0.09977283 -0.05268548
v 0.01312807 -0.09970637 -0.05320196
v 0.01324225 -0.106806 -0.05524533
v 0.01324225 -0.1205689 -0.0174321
v 0.0135 -0.1199841 -0.01721927
v 0.0135 -0.1062212 -0.05503251
v 0.0135 -0.1062212 -0.05503251
v 0.0135 -0.1199841 -0.01721927
v 0.0135 -0.1141205 -0.01508507
v 0.0135 -0.1003576 -0.0528983
v 0.0135 -0.1003576 -0.0528983
v 0.0135 -0.1141205 -0.01508507
v 0.01324225 -0.1135357 -0.01487225
v 0.01324225 -0.09977283 -0.05268548
v 0.01324225 -0.1205689 -0.0174321
v 0.01312807 -0.1206353 -0.01691562
v 0.01324225 -0.120197 -0.01663455
v 0.0135 -0.1199841 -0.01721927
v 0.0135 -0.1199841 -0.01721927
v 0.01324225 -0.120197 -0.01663455
v 0.01324225 -0.1143333 -0.01450034
v 0.0135 -0.1141205 -0.01508507
v 0.0135 -0.1141205 -0.01508507
v 0.01324225 -0.1143333 -0.01450034
v 0.01312807 -0.1138168 -0.01443387
v 0.01324225 -0.1135357 -0.01487225
v -0.01312807 -0.1065249 -0.05568371
v -0.01324225 -0.1060084 -0.05561724
v -0.0135 -0.1062212 -0.05503251
v -0.01324225 -0.106806 -0.05524533
v -0.01324225 -0.1060084 -0.05561724
v -0.01324225 -0.1001447 -0.05348303
v -0.0135 -0.1003576 -0.0528983
v -0.0135 -0.1062212 -0.05503251
v -0.01324225 -0.1001447 -0.05348303
v -0.01312807 -0.09970637 -0.05320196
v -0.01324225 -0.09977283 -0.05268548
v -0.0135 -0.1003576 -0.0528983
v -0.01324225 -0.106806 -0.05524533
v -0.0135 -0.1062212 -0.05503251
v -0.0135 -0.1199841 -0.01721927
v -0.01324225 -0.1205689 -0.0174321
v -0.0135 -0.1062212 -0.05503251
v -0.0135 -0.1003576 -0.0528983
v -0.0135 -0.1141205 -0.01508507
v -0.0135 -0.1199841 -0.01721927
v -0.0135 -0.1003576 -0.0528983
v -0.01324225 -0.09977283 -0.05268548
v -0.01324225 -0.1135357 -0.01487225
v -0.0135 -0.1141205 -0.01508507
v -0.01324225 -0.1205689 -0.0174321
v -0.0135 -0.1199841 -0.01721927
v -0.01324225 -0.120197 -0.01663455
v -0.01312807 -0.1206353 -0.01691562
v -0.0135 -0.1199841 -0.01721927
v -0.0135 -0.1141205 -0.01508507
v -0.01324225 -0.1143333 -0.01450034
v -0.01324225 -0.120197 -0.01663455
v -0.0135 -0.1141205 -0.01508507
v -0.01324225 -0.1135357 -0.01487225
v -0.01312807 -0.1138168 -0.01443387
v -0.01324225 -0.1143333 -0.01450034
v 0.01312807 -0.1065249 -0.05568371
v 0.01262 -0.1065931 -0.05583006
v 0.01262 -0.1070482 -0.05533349
v 0.01324225 -0.106806 -0.05524533
v 0.01324225 -0.106806 -0.05524533
v 0.01262 -0.1070482 -0.05533349
v 0.01262 -0.1208111 -0.01752025
v 0.01324225 -0.1205689 -0.0174321
v 0.01324225 -0.1205689 -0.0174321
v 0.01262 -0.1208111 -0.01752025
v 0.01262 -0.1207817 -0.01684737
v 0.01312807 -0.1206353 -0.01691562
v 0.01262 -0.1065931 -0.05583006
v -0.01262 -0.1065931 -0.05583006
v -0.01262 -0.1070482 -0.05533349
v 0.01262 -0.1070482 -0.05533349
v 0.01262 -0.1070482 -0.05533349
v -0.01262 -0.1070482 -0.05533349
v -0.01262 -0.1208111 -0.01752025
v 0.01262 -0.1208111 -0.01752025
v 0.01262 -0.1208111 -0.01752025
v -0.01262 -0.1208111 -0.01752025
v -0.01262 -0.1207817 -0.01684737
v 0.01262 -0.1207817 -0.01684737
v -0.01262 -0.1065931 -0.05583006
v -0.01312807 -0.1065249 -0.05568371
v -0.01324225 -0.106806 -0.05524533
v -0.01262 -0.1070482 -0.05533349
v -0.01262 -0.1070482 -0.05533349
v -0.01324225 -0.106806 -0.05524533
v -0.01324225 -0.1205689 -0.0174321
v -0.01262 -0.1208111 -0.01752025
v -0.01262 -0.1208111 -0.01752025
v -0.01324225 -0.1205689 -0.0174321
v -0.01312807 -0.1206353 -0.01691562
v -0.01262 -0.1207817 -0.01684737
v 0.01312807 -0.09970637 -0.05320196
v 0.01324225 -0.09977283 -0.05268548
v 0.01262 -0.09953063 -0.05259733
v 0.01262 -0.09956001 -0.05327021
v 0.01324225 -0.09977283 -0.05268548
v 0.01324225 -0.1135357 -0.01487225
v 0.01262 -0.1132935 -0.01478409
v 0.01262 -0.09953063 -0.05259733
v 0.01324225 -0.1135357 -0.01487225
v 0.01312807 -0.1138168 -0.01443387
v 0.01262 -0.1137486 -0.01428752
v 0.01262 -0.1132935 -0.01478409
v 0.01262 -0.09956001 -0.05327021
v 0.01262 -0.09953063 -0.05259733
v -0.01262 -0.09953063 -0.05259733
v -0.01262 -0.09956001 -0.05327021
v 0.01262 -0.09953063 -0.05259733
v 0.01262 -0.1132935 -0.01478409
v -0.01262 -0.1132935 -0.01478409
v -0.01262 -0.09953063 -0.05259733
v 0.01262 -0.1132935 -0.01478409
v 0.01262 -0.1137486 -0.01428752
v -0.01262 -0.1137486 -0.01428752
v -0.01262 -0.1132935 -0.01478409
v -0.01262 -0.09956001 -0.05327021
v -0.01262 -0.09953063 -0.05259733
v -0.01324225 -0.09977283 -0.05268548
v -0.01312807 -0.09970637 -0.05320196
v -0.01262 -0.09953063 -0.05259733
v -0.01262 -0.1132935 -0.01478409
v -0.01324225 -0.1135357 -0.01487225
v -0.01324225 -0.09977283 -0.05268548
v -0.01262 -0.1132935 -0.01478409
v -0.01262 -0.1137486 -0.01428752
v -0.01312807 -0.1138168 -0.01443387
v -0.01324225 -0.1135357 -0.01487225
v 0.01312807 -0.1065249 -0.05568371
v 0.01324225 -0.1060084 -0.05561724
v 0.01262 -0.1059203 -0.05585944
v 0.01262 -0.1065931 -0.05583006
v 0.01262 -0.1065931 -0.05583006
v 0.01262 -0.1059203 -0.05585944
v -0.01262 -0.1059203 -0.05585944
v -0.01262 -0.1065931 -0.05583006
v -0.01262 -0.1065931 -0.05583006
v -0.01262 -0.1059203 -0.05585944
v -0.01324225 -0.1060084 -0.05561724
v -0.01312807 -0.1065249 -0.05568371
v 0.01324225 -0.1060084 -0.05561724
v 0.01324225 -0.1001447 -0.05348303
v 0.01262 -0.1000566 -0.05372524
v 0.01262 -0.1059203 -0.05585944
v 0.01262 -0.1059203 -0.05585944
v 0.01262 -0.1000566 -0.05372524
v -0.01262 -0.1000566 -0.05372524
v -0.01262 -0.1059203 -0.05585944
v -0.01262 -0.1059203 -0.05585944
v -0.01262 -0.1000566 -0.05372524
v -0.01324225 -0.1001447 -0.05348303
v -0.01324225 -0.1060084 -0.05561724
v 0.01324225 -0.1001447 -0.05348303
v 0.01312807 -0.09970637 -0.05320196
v 0.01262 -0.09956001 -0.05327021
v 0.01262 -0.1000566 -0.05372524
v 0.01262 -0.1000566 -0.05372524
v 0.01262 -0.09956001 -0.05327021
v -0.01262 -0.09956001 -0.05327021
v -0.01262 -0.1000566 -0.05372524
v -0.01262 -0.1000566 -0.05372524
v -0.01262 -0.09956001 -0.05327021
v -0.01312807 -0.09970637 -0.05320196
v -0.01324225 -0.1001447 -0.05348303
v 0.01312807 -0.1206353 -0.01691562
v 0.01262 -0.1207817 -0.01684737
v 0.01262 -0.1202851 -0.01639234
v 0.01324225 -0.120197 -0.01663455
v 0.01262 -0.1207817 -0.01684737
v -0.01262 -0.1207817 -0.01684737
v -0.01262 -0.1202851 -0.01639234
v 0.01262 -0.1202851 -0.01639234
v -0.01262 -0.1207817 -0.01684737
v -0.01312807 -0.1206353 -0.01691562
v -0.01324225 -0.120197 -0.01663455
v -0.01262 -0.1202851 -0.01639234
v 0.01324225 -0.120197 -0.01663455
v 0.01262 -0.1202851 -0.01639234
v 0.01262 -0.1144214 -0.01425814
v 0.01324225 -0.1143333 -0.01450034
v 0.01262 -0.1202851 -0.01639234
v -0.01262 -0.1202851 -0.01639234
v -0.01262 -0.1144214 -0.01425814
v 0.01262 -0.1144214 -0.01425814
v -0.01262 -0.1202851 -0.01639234
v -0.01324225 -0.120197 -0.01663455
v -0.01324225 -0.1143333 -0.01450034
v -0.01262 -0.1144214 -0.01425814
v 0.01324225 -0.1143333 -0.01450034
v 0.01262 -0.1144214 -0.01425814
v 0.01262 -0.1137486 -0.01428752
v 0.01312807 -0.1138168 -0.01443387
v 0.01262 -0.1144214 -0.01425814
v -0.01262 -0.1144214 -0.01425814
v -0.01262 -0.1137486 -0.01428752
v 0.01262 -0.1137486 -0.01428752
v -0.01262 -0.1144214 -0.01425814
v -0.01324225 -0.1143333 -0.01450034
v -0.01312807 -0.1138168 -0.01443387
v -0.01262 -0.1137486 -0.01428752
vt -0.0525 -0.5012786
vt -0.0525 -0.01263839
vt 0.0525 -0.01263839
vt 0.0525 -0.5012786
vt -0.0525 -0.5560018
vt 0.0525 -0.5560018
vt 0.0525 -0.06736161
vt -0.0525 -0.06736161
vt -0.2530259 -0.5012786
vt -0.1026751 -0.5560018
vt 0.07517541 -0.06736161
vt -0.07517541 -0.01263839
vt -0.2530259 -0.5012786
vt -0.07517541 -0.01263839
vt 0.07517541 -0.06736161
vt -0.1026751 -0.5560018
vt -0.0525 -0.2530259
vt 0.0525 -0.2530259
vt 0.0525 -0.1026751
vt -0.0525 -0.1026751
vt -0.0525 -0.07517541
vt -0.0525 0.07517541
vt 0.0525 0.07517541
vt 0.0525 -0.07517541
vt -0.1844586 -0.4422927
vt -0.1838739 -0.4425055
vt -0.05998056 -0.1021112
vt -0.06056528 -0.1018984
vt -0.1840867 -0.4430902
vt -0.1180827 -0.4671137
vt -0.1178699 -0.466529
vt -0.1838739 -0.4425055
vt -0.1838739 -0.4425055
vt -0.1178699 -0.466529
vt 0.006023459 -0.1261347
vt -0.05998056 -0.1021112
vt -0.05998056 -0.1021112
vt 0.006023459 -0.1261347
vt 0.006236285 -0.12555
vt -0.05976773 -0.1015265
vt -0.1178699 -0.466529
vt -0.1172852 -0.4667418
vt 0.00660819 -0.1263475
vt 0.006023459 -0.1261347
vt -0.1844586 -0.4422927
vt -0.06056528 -0.1018984
vt -0.05998056 -0.1021112
vt -0.1838739 -0.4425055
vt -0.1840867 -0.4430902
vt -0.1838739 -0.4425055
vt -0.1178699 -0.466529
vt -0.1180827 -0.4671137
vt -0.1838739 -0.4425055
vt -0.05998056 -0.1021112
vt 0.006023459 -0.1261347
vt -0.1178699 -0.466529
vt -0.05998056 -0.1021112
vt -0.05976773 -0.1015265
vt 0.006236285 -0.12555
vt 0.006023459 -0.1261347
vt -0.1178699 -0.466529
vt 0.006023459 -0.1261347
vt 0.00660819 -0.1263475
vt -0.1172852 -0.4667418
vt 0.05275775 -0.1840867
vt 0.05338 -0.1841749
vt 0.05338 -0.1181709
vt 0.05275775 -0.1180827
vt 0.05338 -0.1846715
vt 0.05962 -0.1846715
vt 0.05962 -0.1841749
vt 0.05338 -0.1841749
vt 0.05338 -0.1841749
vt 0.05962 -0.1841749
vt 0.05962 -0.1181709
vt 0.05338 -0.1181709
vt 0.05338 -0.1181709
vt 0.05962 -0.1181709
vt 0.05962 -0.117498
vt 0.05338 -0.117498
vt 0.05962 -0.1841749
vt 0.06024225 -0.1840867
vt 0.06024225 -0.1180827
vt 0.05962 -0.1181709
vt 0.05275775 -0.05976773
vt 0.05275775 0.006236285
vt 0.05338 0.006324444
vt 0.05338 -0.05967957
vt 0.05338 -0.06035246
vt 0.05338 -0.05967957
vt 0.05962 -0.05967957
vt 0.05962 -0.06035246
vt 0.05338 -0.05967957
vt 0.05338 0.006324444
vt 0.05962 0.006324444
vt 0.05962 -0.05967957
vt 0.05338 0.006324444
vt 0.05338 0.006821007
vt 0.05962 0.006821007
vt 0.05962 0.006324444
vt 0.05962 -0.05967957
vt 0.05962 0.006324444
vt 0.06024225 0.006236285
vt 0.06024225 -0.05976773
vt 0.05338 -0.4428774
vt 0.05338 -0.4422045
vt 0.05962 -0.4422045
vt 0.05962 -0.4428774
vt 0.05275774 -0.4422927
vt 0.05275774 -0.1018984
vt 0.05338 -0.1018102
vt 0.05338 -0.4422045
vt 0.05338 -0.4422045
vt 0.05338 -0.1018102
vt 0.05962 -0.1018102
vt 0.05962 -0.4422045
vt 0.05962 -0.4422045
vt 0.05962 -0.1018102
vt 0.06024225 -0.1018984
vt 0.06024225 -0.4422927
vt 0.05338 -0.1018102
vt 0.05338 -0.1013137
vt 0.05962 -0.1013137
vt 0.05962 -0.1018102
vt 0.05338 -0.4673265
vt 0.05962 -0.4673265
vt 0.05962 -0.46683
vt 0.05338 -0.46683
vt 0.05275774 -0.4667418
vt 0.05338 -0.46683
vt 0.05338 -0.1264357
vt 0.05275774 -0.1263475
vt 0.05338 -0.46683
vt 0.05962 -0.46683
vt 0.05962 -0.1264357
vt 0.05338 -0.1264357
vt 0.05962 -0.46683
vt 0.06024225 -0.4667418
vt 0.06024225 -0.1263475
vt 0.05962 -0.1264357
vt 0.05338 -0.1264357
vt 0.05962 -0.1264357
vt 0.05962 -0.1257628
vt 0.05338 -0.1257628
vt -0.1844586 -0.4422927
vt -0.1838739 -0.4425055
vt -0.05998056 -0.1021112
vt -0.06056528 -0.1018984
vt -0.1840867 -0.4430902
vt -0.1180827 -0.4671137
vt -0.1178699 -0.466529
vt -0.1838739 -0.4425055
vt -0.1838739 -0.4425055
vt -0.1178699 -0.466529
vt 0.006023459 -0.1261347
vt -0.05998056 -0.1021112
vt -0.05998056 -0.1021112
vt 0.006023459 -0.1261347
vt 0.006236285 -0.12555
vt -0.05976773 -0.1015265
vt -0.1178699 -0.466529
vt -0.1172852 -0.4667418
vt 0.00660819 -0.1263475
vt 0.006023459 -0.1261347
vt -0.1844586 -0.4422927
vt -0.06056528 -0.1018984
vt -0.05998056 -0.1021112
vt -0.1838739 -0.4425055
vt -0.1840867 -0.4430902
vt -0.1838739 -0.4425055
vt -0.1178699 -0.466529
vt -0.1180827 -0.4671137
vt -0.1838739 -0.4425055
vt -0.05998056 -0.1021112
vt 0.006023459 -0.1261347
vt -0.1178699 -0.466529
vt -0.05998056 -0.1021112
vt -0.05976773 -0.1015265
vt 0.006236285 -0.12555
vt 0.006023459 -0.1261347
vt -0.1178699 -0.466529
vt 0.006023459 -0.1261347
vt 0.00660819 -0.1263475
vt -0.1172852 -0.4667418
vt -0.06024225 -0.1840867
vt -0.05962 -0.1841749
vt -0.05962 -0.1181709
vt -0.06024225 -0.1180827
vt -0.05962 -0.1846715
vt -0.05338 -0.1846715
vt -0.05338 -0.1841749
vt -0.05962 -0.1841749
vt -0.05962 -0.1841749
vt -0.05338 -0.1841749
vt -0.05338 -0.1181709
vt -0.05962 -0.1181709
vt -0.05962 -0.1181709
vt -0.05338 -0.1181709
vt -0.05338 -0.117498
vt -0.05962 -0.117498
vt -0.05338 -0.1841749
vt -0.05275775 -0.1840867
vt -0.05275775 -0.1180827
vt -0.05338 -0.1181709
vt -0.06024225 -0.05976773
vt -0.06024225 0.006236285
vt -0.05962 0.006324444
vt -0.05962 -0.05967957
vt -0.05962 -0.06035246
vt -0.05962 -0.05967957
vt -0.05338 -0.05967957
vt -0.05338 -0.06035246
vt -0.05962 -0.05967957
vt -0.05962 0.006324444
vt -0.05338 0.006324444
vt -0.05338 -0.05967957
vt -0.05962 0.006324444
vt -0.05962 0.006821007
vt -0.05338 0.006821007
vt -0.05338 0.006324444
vt -0.05338 -0.05967957
vt -0.05338 0.006324444
vt -0.05275775 0.006236285
vt -0.05275775 -0.05976773
vt -0.05962 -0.4428774
vt -0.05962 -0.4422045
vt -0.05338 -0.4422045
vt -0.05338 -0.4428774
vt -0.06024225 -0.4422927
vt -0.06024225 -0.1018984
vt -0.05962 -0.1018102
vt -0.05962 -0.4422045
vt -0.05962 -0.4422045
vt -0.05962 -0.1018102
vt -0.05338 -0.1018102
vt -0.05338 -0.4422045
vt -0.05338 -0.4422045
vt -0.05338 -0.1018102
vt -0.05275774 -0.1018984
vt -0.05275774 -0.4422927
vt -0.05962 -0.1018102
vt -0.05962 -0.1013137
vt -0.05338 -0.1013137
vt -0.05338 -0.1018102
vt -0.05962 -0.4673265
vt -0.05338 -0.4673265
vt -0.05338 -0.46683
vt -0.05962 -0.46683
vt -0.06024225 -0.4667418
vt -0.05962 -0.46683
vt -0.05962 -0.1264357
vt -0.06024225 -0.1263475
vt -0.05962 -0.46683
vt -0.05338 -0.46683
vt -0.05338 -0.1264357
vt -0.05962 -0.1264357
vt -0.05338 -0.46683
vt -0.05275774 -0.4667418
vt -0.05275774 -0.1263475
vt -0.05338 -0.1264357
vt -0.05962 -0.1264357
vt -0.05338 -0.1264357
vt -0.05338 -0.1257628
vt -0.05962 -0.1257628
vt -0.2784185 -0.5326245
vt -0.2762267 -0.5340298
vt -0.2751625 -0.5311062
vt -0.2780862 -0.5300421
vt -0.2780862 -0.5300421
vt -0.2751625 -0.5311062
vt -0.2644915 -0.5017878
vt -0.2674152 -0.5007237
vt -0.2674152 -0.5007237
vt -0.2644915 -0.5017878
vt -0.2634274 -0.4988642
vt -0.2660098 -0.4985318
vt -0.2762267 -0.5340298
vt -0.08716048 -0.6028443
vt -0.08609637 -0.5999207
vt -0.2751625 -0.5311062
vt -0.2751625 -0.5311062
vt -0.08609637 -0.5999207
vt -0.07542534 -0.5706023
vt -0.2644915 -0.5017878
vt -0.2644915 -0.5017878
vt -0.07542534 -0.5706023
vt -0.07436123 -0.5676786
vt -0.2634274 -0.4988642
vt -0.08716048 -0.6028443
vt -0.08457808 -0.6031767
vt -0.08317273 -0.6009848
vt -0.08609637 -0.5999207
vt -0.08609637 -0.5999207
vt -0.08317273 -0.6009848
vt -0.0725017 -0.5716664
vt -0.07542534 -0.5706023
vt -0.07542534 -0.5706023
vt -0.0725017 -0.5716664
vt -0.07216935 -0.569084
vt -0.07436123 -0.5676786
vt -0.2784185 -0.5326245
vt -0.2780862 -0.5300421
vt -0.2751625 -0.5311062
vt -0.2762267 -0.5340298
vt -0.2780862 -0.5300421
vt -0.2674152 -0.5007237
vt -0.2644915 -0.5017878
vt -0.2751625 -0.5311062
vt -0.2674152 -0.5007237
vt -0.2660098 -0.4985318
vt -0.2634274 -0.4988642
vt -0.2644915 -0.5017878
vt -0.2762267 -0.5340298
vt -0.2751625 -0.5311062
vt -0.08609637 -0.5999207
vt -0.08716048 -0.6028443
vt -0.2751625 -0.5311062
vt -0.2644915 -0.5017878
vt -0.07542534 -0.5706023
vt -0.08609637 -0.5999207
vt -0.2644915 -0.5017878
vt -0.2634274 -0.4988642
vt -0.07436123 -0.5676786
vt -0.07542534 -0.5706023
vt -0.08716048 -0.6028443
vt -0.08609637 -0.5999207
vt -0.08317273 -0.6009848
vt -0.08457808 -0.6031767
vt -0.08609637 -0.5999207
vt -0.07542534 -0.5706023
vt -0.0725017 -0.5716664
vt -0.08317273 -0.6009848
vt -0.07542534 -0.5706023
vt -0.07436123 -0.5676786
vt -0.07216935 -0.569084
vt -0.0725017 -0.5716664
vt -0.06564034 -0.2784185
vt -0.0631 -0.2791503
vt -0.0631 -0.2766674
vt -0.06621127 -0.2762267
vt -0.06621127 -0.2762267
vt -0.0631 -0.2766674
vt -0.0631 -0.08760126
vt -0.06621127 -0.08716048
vt -0.06621127 -0.08716048
vt -0.0631 -0.08760126
vt -0.0631 -0.08423685
vt -0.06564034 -0.08457808
vt -0.0631 -0.2791503
vt 0.0631 -0.2791503
vt 0.0631 -0.2766674
vt -0.0631 -0.2766674
vt -0.0631 -0.2766674
vt 0.0631 -0.2766674
vt 0.0631 -0.08760126
vt -0.0631 -0.08760126
vt -0.0631 -0.08760126
vt 0.0631 -0.08760126
vt 0.0631 -0.08423685
vt -0.0631 -0.08423685
vt 0.0631 -0.2791503
vt 0.06564034 -0.2784185
vt 0.06621127 -0.2762267
vt 0.0631 -0.2766674
vt 0.0631 -0.2766674
vt 0.06621127 -0.2762267
vt 0.06621127 -0.08716048
vt 0.0631 -0.08760126
vt 0.0631 -0.08760126
vt 0.06621127 -0.08716048
vt 0.06564034 -0.08457808
vt 0.0631 -0.08423685
vt -0.06564034 -0.2660098
vt -0.06621127 -0.2634274
vt -0.0631 -0.2629866
vt -0.0631 -0.266351
vt -0.06621127 -0.2634274
vt -0.06621127 -0.07436123
vt -0.0631 -0.07392045
vt -0.0631 -0.2629866
vt -0.06621127 -0.07436123
vt -0.06564034 -0.07216935
vt -0.0631 -0.07143759
vt -0.0631 -0.07392045
vt -0.0631 -0.266351
vt -0.0631 -0.2629866
vt 0.0631 -0.2629866
vt 0.0631 -0.266351
vt -0.0631 -0.2629866
vt -0.0631 -0.07392045
vt 0.0631 -0.07392045
vt 0.0631 -0.2629866
vt -0.0631 -0.07392045
vt -0.0631 -0.07143759
vt 0.0631 -0.07143759
vt 0.0631 -0.07392045
vt 0.0631 -0.266351
vt 0.0631 -0.2629866
vt 0.06621127 -0.2634274
vt 0.06564034 -0.2660098
vt 0.0631 -0.2629866
vt 0.0631 -0.07392045
vt 0.06621127 -0.07436123
vt 0.06621127 -0.2634274
vt 0.0631 -0.07392045
vt 0.0631 -0.07143759
vt 0.06564034 -0.07216935
vt 0.06621127 -0.07436123
vt -0.06564034 -0.5326245
vt -0.06621127 -0.5300421
vt -0.0631 -0.5296013
vt -0.0631 -0.5329657
vt -0.0631 -0.5329657
vt -0.0631 -0.5296013
vt 0.0631 -0.5296013
vt 0.0631 -0.5329657
vt 0.0631 -0.5329657
vt 0.0631 -0.5296013
vt 0.06621127 -0.5300421
vt 0.06564034 -0.5326245
vt -0.06621127 -0.5300421
vt -0.06621127 -0.5007237
vt -0.0631 -0.5002829
vt -0.0631 -0.5296013
vt -0.0631 -0.5296013
vt -0.0631 -0.5002829
vt 0.0631 -0.5002829
vt 0.0631 -0.5296013
vt 0.0631 -0.5296013
vt 0.0631 -0.5002829
vt 0.06621127 -0.5007237
vt 0.06621127 -0.5300421
vt -0.06621127 -0.5007237
vt -0.06564034 -0.4985318
vt -0.0631 -0.4978001
vt -0.0631 -0.5002829
vt -0.0631 -0.5002829
vt -0.0631 -0.4978001
vt 0.0631 -0.4978001
vt 0.0631 -0.5002829
vt 0.0631 -0.5002829
vt 0.0631 -0.4978001
vt 0.06564034 -0.4985318
vt 0.06621127 -0.5007237
vt -0.06564034 -0.6031767
vt -0.0631 -0.6039084
vt -0.0631 -0.6014255
vt -0.06621127 -0.6009848
vt -0.0631 -0.6039084
vt 0.0631 -0.6039084
vt 0.0631 -0.6014255
vt -0.0631 -0.6014255
vt 0.0631 -0.6039084
vt 0.06564034 -0.6031767
vt 0.06621127 -0.6009848
vt 0.0631 -0.6014255
vt -0.06621127 -0.6009848
vt -0.0631 -0.6014255
vt -0.0631 -0.5721071
vt -0.06621127 -0.5716664
vt -0.0631 -0.6014255
vt 0.0631 -0.6014255
vt 0.0631 -0.5721071
vt -0.0631 -0.5721071
vt 0.0631 -0.6014255
vt 0.06621127 -0.6009848
vt 0.06621127 -0.5716664
vt 0.0631 -0.5721071
vt -0.06621127 -0.5716664
vt -0.0631 -0.5721071
vt -0.0631 -0.5687428
vt -0.06564034 -0.569084
vt -0.0631 -0.5721071
vt 0.0631 -0.5721071
vt 0.0631 -0.5687428
vt -0.0631 -0.5687428
vt 0.0631 -0.5721071
vt 0.06621127 -0.5716664
vt 0.06564034 -0.569084
vt 0.0631 -0.5687428
vn 0 0.3420201 -0.9396926
vn 0 0.3420201 -0.9396926
vn 0 0.3420201 -0.9396926
vn 0 0.3420201 -0.9396926
vn 0 -0.3420201 0.9396927
vn 0 -0.3420201 0.9396927
vn 0 -0.3420201 0.9396927
vn 0 -0.3420201 0.9396927
vn 1 0 0
vn 1 0 0
vn 1 0 0
vn 1 0 0
vn -1 0 0
vn -1 0 0
vn -1 0 0
vn -1 0 0
vn 0 -0.9396926 -0.3420203
vn 0 -0.9396926 -0.3420203
vn 0 -0.9396926 -0.3420203
vn 0 -0.9396926 -0.3420203
vn 0 0.9396926 0.3420201
vn 0 0.9396926 0.3420201
vn 0 0.9396926 0.3420201
vn 0 0.9396926 0.3420201
vn 0.7071069 0.2418447 -0.6644629
vn 1 0 0
vn 1 0 0
vn 0.7071069 0.2418447 -0.6644629
vn 0.7071041 -0.6644655 -0.2418457
vn 0.7071041 -0.6644655 -0.2418457
vn 1 0 0
vn 1 0 0
vn 1 0 0
vn 1 0 0
vn 1 0 0
vn 1 0 0
vn 1 0 0
vn 1 0 0
vn 0.7071041 0.6644655 0.2418457
vn 0.7071041 0.6644655 0.2418457
vn 1 0 0
vn 0.7071069 -0.2418447 0.6644629
vn 0.7071069 -0.2418447 0.6644629
vn 1 0 0
vn -0.7071069 0.2418447 -0.6644629
vn -0.7071069 0.2418447 -0.6644629
vn -1 0 0
vn -1 0 0
vn -0.7071041 -0.6644655 -0.2418457
vn -1 0 0
vn -1 0 0
vn -0.7071041 -0.6644655 -0.2418457
vn -1 0 0
vn -1 0 0
vn -1 0 0
vn -1 0 0
vn -1 0 0
vn -0.7071041 0.6644655 0.2418457
vn -0.7071041 0.6644655 0.2418457
vn -1 0 0
vn -1 0 0
vn -1 0 0
vn -0.7071069 -0.2418447 0.6644629
vn -0.7071069 -0.2418447 0.6644629
vn 0.7071041 -0.6644655 -0.2418457
vn 0 -0.9396926 -0.3420201
vn 0 -0.9396926 -0.3420201
vn 0.7071041 -0.6644655 -0.2418457
vn 0 -0.4226218 -0.9063061
vn 0 -0.4226218 -0.9063061
vn 0 -0.9396926 -0.3420201
vn 0 -0.9396926 -0.3420201
vn 0 -0.9396926 -0.3420201
vn 0 -0.9396926 -0.3420201
vn 0 -0.9396926 -0.3420201
vn 0 -0.9396926 -0.3420201
vn 0 -0.9396926 -0.3420201
vn 0 -0.9396926 -0.3420201
vn 0 -0.9063095 0.4226147
vn 0 -0.9063095 0.4226147
vn 0 -0.9396926 -0.3420201
vn -0.7071041 -0.6644655 -0.2418457
vn -0.7071041 -0.6644655 -0.2418457
vn 0 -0.9396926 -0.3420201
vn 0.7071041 0.6644655 0.2418457
vn 0.7071041 0.6644655 0.2418457
vn 0 0.9396926 0.3420201
vn 0 0.9396926 0.3420201
vn 0 0.9063095 -0.4226147
vn 0 0.9396926 0.3420201
vn 0 0.9396926 0.3420201
vn 0 0.9063095 -0.4226147
vn 0 0.9396926 0.3420201
vn 0 0.9396926 0.3420201
vn 0 0.9396926 0.3420201
vn 0 0.9396926 0.3420201
vn 0 0.9396926 0.3420201
vn 0 0.4226218 0.9063061
vn 0 0.4226218 0.9063061
vn 0 0.9396926 0.3420201
vn 0 0.9396926 0.3420201
vn 0 0.9396926 0.3420201
vn -0.7071041 0.6644655 0.2418457
vn -0.7071041 0.6644655 0.2418457
vn 0 -0.4226218 -0.9063061
vn 0 0.3420201 -0.9396926
vn 0 0.3420201 -0.9396926
vn 0 -0.4226218 -0.9063061
vn 0.7071069 0.2418447 -0.6644629
vn 0.7071069 0.2418447 -0.6644629
vn 0 0.3420201 -0.9396926
vn 0 0.3420201 -0.9396926
vn 0 0.3420201 -0.9396926
vn 0 0.3420201 -0.9396926
vn 0 0.3420201 -0.9396926
vn 0 0.3420201 -0.9396926
vn 0 0.3420201 -0.9396926
vn 0 0.3420201 -0.9396926
vn -0.7071069 0.2418447 -0.6644629
vn -0.7071069 0.2418447 -0.6644629
vn 0 0.3420201 -0.9396926
vn 0 0.9063095 -0.4226147
vn 0 0.9063095 -0.4226147
vn 0 0.3420201 -0.9396926
vn 0 -0.9063095 0.4226147
vn 0 -0.9063095 0.4226147
vn 0 -0.3420201 0.9396926
vn 0 -0.3420201 0.9396926
vn 0.7071069 -0.2418447 0.6644629
vn 0 -0.3420201 0.9396926
vn 0 -0.3420201 0.9396926
vn 0.7071069 -0.2418447 0.6644629
vn 0 -0.3420201 0.9396926
vn 0 -0.3420201 0.9396926
vn 0 -0.3420201 0.9396926
vn 0 -0.3420201 0.9396926
vn 0 -0.3420201 0.9396926
vn -0.7071069 -0.2418447 0.6644629
vn -0.7071069 -0.2418447 0.6644629
vn 0 -0.3420201 0.9396926
vn 0 -0.3420201 0.9396926
vn 0 -0.3420201 0.9396926
vn 0 0.4226218 0.9063061
vn 0 0.4226218 0.9063061
vn 0.7071069 0.2418447 -0.6644629
vn 1 0 0
vn 1 0 0
vn 0.7071069 0.2418447 -0.6644629
vn 0.7071041 -0.6644655 -0.2418457
vn 0.7071041 -0.6644655 -0.2418457
vn 1 0 0
vn 1 0 0
vn 1 0 0
vn 1 0 0
vn 1 0 0
vn 1 0 0
vn 1 0 0
vn 1 0 0
vn 0.7071041 0.6644655 0.2418457
vn 0.7071041 0.6644655 0.2418457
vn 1 0 0
vn 0.7071069 -0.2418447 0.6644629
vn 0.7071069 -0.2418447 0.6644629
vn 1 0 0
vn -0.7071069 0.2418447 -0.6644629
vn -0.7071069 0.2418447 -0.6644629
vn -1 0 0
vn -1 0 0
vn -0.7071041 -0.6644655 -0.2418457
vn -1 0 0
vn -1 0 0
vn -0.7071041 -0.6644655 -0.2418457
vn -1 0 0
vn -1 0 0
vn -1 0 0
vn -1 0 0
vn -1 0 0
vn -0.7071041 0.6644655 0.2418457
vn -0.7071041 0.6644655 0.2418457
vn -1 0 0
vn -1 0 0
vn -1 0 0
vn -0.7071069 -0.2418447 0.6644629
vn -0.7071069 -0.2418447 0.6644629
vn 0.7071041 -0.6644655 -0.2418457
vn 0 -0.9396926 -0.3420201
vn 0 -0.9396926 -0.3420201
vn 0.7071041 -0.6644655 -0.2418457
vn 0 -0.4226218 -0.9063061
vn 0 -0.4226218 -0.9063061
vn 0 -0.9396926 -0.3420201
vn 0 -0.9396926 -0.3420201
vn 0 -0.9396926 -0.3420201
vn 0 -0.9396926 -0.3420201
vn 0 -0.9396926 -0.3420201
vn 0 -0.9396926 -0.3420201
vn 0 -0.9396926 -0.3420201
vn 0 -0.9396926 -0.3420201
vn 0 -0.9063095 0.4226147
vn 0 -0.9063095 0.4226147
vn 0 -0.9396926 -0.3420201
vn -0.7071041 -0.6644655 -0.2418457
vn -0.7071041 -0.6644655 -0.2418457
vn 0 -0.9396926 -0.3420201
vn 0.7071041 0.6644655 0.2418457
vn 0.7071041 0.6644655 0.2418457
vn 0 0.9396926 0.3420201
vn 0 0.9396926 0.3420201
vn 0 0.9063095 -0.4226147
vn 0 0.9396926 0.3420201
vn 0 0.9396926 0.3420201
vn 0 0.9063095 -0.4226147
vn 0 0.9396926 0.3420201
vn 0 0.9396926 0.3420201
vn 0 0.9396926 0.3420201
vn 0 0.9396926 0.3420201
vn 0 0.9396926 0.3420201
vn 0 0.4226218 0.9063061
vn 0 0.4226218 0.9063061
vn 0 0.9396926 0.3420201
vn 0 0.9396926 0.3420201
vn 0 0.9396926 0.3420201
vn -0.7071041 0.6644655 0.2418457
vn -0.7071041 0.6644655 0.2418457
vn 0 -0.4226218 -0.9063061
vn 0 0.3420201 -0.9396926
vn 0 0.3420201 -0.9396926
vn 0 -0.4226218 -0.9063061
vn 0.7071069 0.2418447 -0.6644629
vn 0.7071069 0.2418447 -0.6644629
vn 0 0.3420201 -0.9396926
vn 0 0.3420201 -0.9396926
vn 0 0.3420201 -0.9396926
vn 0 0.3420201 -0.9396926
vn 0 0.3420201 -0.9396926
vn 0 0.3420201 -0.9396926
vn 0 0.3420201 -0.9396926
vn 0 0.3420201 -0.9396926
vn -0.7071069 0.2418447 -0.6644629
vn -0.7071069 0.2418447 -0.6644629
vn 0 0.3420201 -0.9396926
vn 0 0.9063095 -0.4226147
vn 0 0.9063095 -0.4226147
vn 0 0.3420201 -0.9396926
vn 0 -0.9063095 0.4226147
vn 0 -0.9063095 0.4226147
vn 0 -0.3420201 0.9396926
vn 0 -0.3420201 0.9396926
vn 0.7071069 -0.2418447 0.6644629
vn 0 -0.3420201 0.9396926
vn 0 -0.3420201 0.9396926
vn 0.7071069 -0.2418447 0.6644629
vn 0 -0.3420201 0.9396926
vn 0 -0.3420201 0.9396926
vn 0 -0.3420201 0.9396926
vn 0 -0.3420201 0.9396926
vn 0 -0.3420201 0.9396926
vn -0.7071069 -0.2418447 0.6644629
vn -0.7071069 -0.2418447 0.6644629
vn 0 -0.3420201 0.9396926
vn 0 -0.3420201 0.9396926
vn 0 -0.3420201 0.9396926
vn 0 0.4226218 0.9063061
vn 0 0.4226218 0.9063061
vn 0.5773505 -0.3450667 -0.7399969
vn 0.7071068 -0.664463 -0.2418448
vn 1 0 0
vn 0.7071072 0.2418446 -0.6644627
vn 0.7071072 0.2418446 -0.6644627
vn 1 0 0
vn 1 0 0
vn 0.7071072 0.2418446 -0.6644627
vn 0.7071072 0.2418446 -0.6644627
vn 1 0 0
vn 0.7071068 0.664463 0.2418448
vn 0.5773505 0.7399973 -0.345066
vn 0.7071068 -0.664463 -0.2418448
vn 0.7071068 -0.664463 -0.2418448
vn 1 0 0
vn 1 0 0
vn 1 0 0
vn 1 0 0
vn 1 0 0
vn 1 0 0
vn 1 0 0
vn 1 0 0
vn 0.7071068 0.664463 0.2418448
vn 0.7071068 0.664463 0.2418448
vn 0.7071068 -0.664463 -0.2418448
vn 0.5773505 -0.7399973 0.345066
vn 0.7071072 -0.2418446 0.6644627
vn 1 0 0
vn 1 0 0
vn 0.7071072 -0.2418446 0.6644627
vn 0.7071072 -0.2418446 0.6644627
vn 1 0 0
vn 1 0 0
vn 0.7071072 -0.2418446 0.6644627
vn 0.5773505 0.3450667 0.7399969
vn 0.7071068 0.664463 0.2418448
vn -0.5773505 -0.3450667 -0.7399969
vn -0.7071072 0.2418446 -0.6644627
vn -1 0 0
vn -0.7071068 -0.664463 -0.2418448
vn -0.7071072 0.2418446 -0.6644627
vn -0.7071072 0.2418446 -0.6644627
vn -1 0 0
vn -1 0 0
vn -0.7071072 0.2418446 -0.6644627
vn -0.5773505 0.7399973 -0.345066
vn -0.7071068 0.664463 0.2418448
vn -1 0 0
vn -0.7071068 -0.664463 -0.2418448
vn -1 0 0
vn -1 0 0
vn -0.7071068 -0.664463 -0.2418448
vn -1 0 0
vn -1 0 0
vn -1 0 0
vn -1 0 0
vn -1 0 0
vn -0.7071068 0.664463 0.2418448
vn -0.7071068 0.664463 0.2418448
vn -1 0 0
vn -0.7071068 -0.664463 -0.2418448
vn -1 0 0
vn -0.7071072 -0.2418446 0.6644627
vn -0.5773505 -0.7399973 0.345066
vn -1 0 0
vn -1 0 0
vn -0.7071072 -0.2418446 0.6644627
vn -0.7071072 -0.2418446 0.6644627
vn -1 0 0
vn -0.7071068 0.664463 0.2418448
vn -0.5773505 0.3450667 0.7399969
vn -0.7071072 -0.2418446 0.6644627
vn 0.5773505 -0.3450667 -0.7399969
vn 0 -0.4226188 -0.9063076
vn 0 -0.9396926 -0.3420201
vn 0.7071068 -0.664463 -0.2418448
vn 0.7071068 -0.664463 -0.2418448
vn 0 -0.9396926 -0.3420201
vn 0 -0.9396926 -0.3420201
vn 0.7071068 -0.664463 -0.2418448
vn 0.7071068 -0.664463 -0.2418448
vn 0 -0.9396926 -0.3420201
vn 0 -0.9063081 0.4226178
vn 0.5773505 -0.7399973 0.345066
vn 0 -0.4226188 -0.9063076
vn 0 -0.4226188 -0.9063076
vn 0 -0.9396926 -0.3420201
vn 0 -0.9396926 -0.3420201
vn 0 -0.9396926 -0.3420201
vn 0 -0.9396926 -0.3420201
vn 0 -0.9396926 -0.3420201
vn 0 -0.9396926 -0.3420201
vn 0 -0.9396926 -0.3420201
vn 0 -0.9396926 -0.3420201
vn 0 -0.9063081 0.4226178
vn 0 -0.9063081 0.4226178
vn 0 -0.4226188 -0.9063076
vn -0.5773505 -0.3450667 -0.7399969
vn -0.7071068 -0.664463 -0.2418448
vn 0 -0.9396926 -0.3420201
vn 0 -0.9396926 -0.3420201
vn -0.7071068 -0.664463 -0.2418448
vn -0.7071068 -0.664463 -0.2418448
vn 0 -0.9396926 -0.3420201
vn 0 -0.9396926 -0.3420201
vn -0.7071068 -0.664463 -0.2418448
vn -0.5773505 -0.7399973 0.345066
vn 0 -0.9063081 0.4226178
vn 0.5773505 0.7399973 -0.345066
vn 0.7071068 0.664463 0.2418448
vn 0 0.9396926 0.3420201
vn 0 0.9063081 -0.4226178
vn 0.7071068 0.664463 0.2418448
vn 0.7071068 0.664463 0.2418448
vn 0 0.9396926 0.3420201
vn 0 0.9396926 0.3420201
vn 0.7071068 0.664463 0.2418448
vn 0.5773505 0.3450667 0.7399969
vn 0 0.4226188 0.9063076
vn 0 0.9396926 0.3420201
vn 0 0.9063081 -0.4226178
vn 0 0.9396926 0.3420201
vn 0 0.9396926 0.3420201
vn 0 0.9063081 -0.4226178
vn 0 0.9396926 0.3420201
vn 0 0.9396926 0.3420201
vn 0 0.9396926 0.3420201
vn 0 0.9396926 0.3420201
vn 0 0.9396926 0.3420201
vn 0 0.4226188 0.9063076
vn 0 0.4226188 0.9063076
vn 0 0.9396926 0.3420201
vn 0 0.9063081 -0.4226178
vn 0 0.9396926 0.3420201
vn -0.7071068 0.664463 0.2418448
vn -0.5773505 0.7399973 -0.345066
vn 0 0.9396926 0.3420201
vn 0 0.9396926 0.3420201
vn -0.7071068 0.664463 0.2418448
vn -0.7071068 0.664463 0.2418448
vn 0 0.9396926 0.3420201
vn 0 0.4226188 0.9063076
vn -0.5773505 0.3450667 0.7399969
vn -0.7071068 0.664463 0.2418448
vn 0.5773505 -0.3450667 -0.7399969
vn 0.7071072 0.2418446 -0.6644627
vn 0 0.3420201 -0.9396926
vn 0 -0.4226188 -0.9063076
vn 0 -0.4226188 -0.9063076
vn 0 0.3420201 -0.9396926
vn 0 0.3420201 -0.9396926
vn 0 -0.4226188 -0.9063076
vn 0 -0.4226188 -0.9063076
vn 0 0.3420201 -0.9396926
vn -0.7071072 0.2418446 -0.6644627
vn -0.5773505 -0.3450667 -0.7399969
vn 0.7071072 0.2418446 -0.6644627
vn 0.7071072 0.2418446 -0.6644627
vn 0 0.3420201 -0.9396926
vn 0 0.3420201 -0.9396926
vn 0 0.3420201 -0.9396926
vn 0 0.3420201 -0.9396926
vn 0 0.3420201 -0.9396926
vn 0 0.3420201 -0.9396926
vn 0 0.3420201 -0.9396926
vn 0 0.3420201 -0.9396926
vn -0.7071072 0.2418446 -0.6644627
vn -0.7071072 0.2418446 -0.6644627
vn 0.7071072 0.2418446 -0.6644627
vn 0.5773505 0.7399973 -0.345066
vn 0 0.9063081 -0.4226178
vn 0 0.3420201 -0.9396926
vn 0 0.3420201 -0.9396926
vn 0 0.9063081 -0.4226178
vn 0 0.9063081 -0.4226178
vn 0 0.3420201 -0.9396926
vn 0 0.3420201 -0.9396926
vn 0 0.9063081 -0.4226178
vn -0.5773505 0.7399973 -0.345066
vn -0.7071072 0.2418446 -0.6644627
vn 0.5773505 -0.7399973 0.345066
vn 0 -0.9063081 0.4226178
vn 0 -0.3420201 0.9396926
vn 0.7071072 -0.2418446 0.6644627
vn 0 -0.9063081 0.4226178
vn 0 -0.9063081 0.4226178
vn 0 -0.3420201 0.9396926
vn 0 -0.3420201 0.9396926
vn 0 -0.9063081 0.4226178
vn -0.5773505 -0.7399973 0.345066
vn -0.7071072 -0.2418446 0.6644627
vn 0 -0.3420201 0.9396926
vn 0.7071072 -0.2418446 0.6644627
vn 0 -0.3420201 0.9396926
vn 0 -0.3420201 0.9396926
vn 0.7071072 -0.2418446 0.6644627
vn 0 -0.3420201 0.9396926
vn 0 -0.3420201 0.9396926
vn 0 -0.3420201 0.9396926
vn 0 -0.3420201 0.9396926
vn 0 -0.3420201 0.9396926
vn -0.7071072 -0.2418446 0.6644627
vn -0.7071072 -0.2418446 0.6644627
vn 0 -0.3420201 0.9396926
vn 0.7071072 -0.2418446 0.6644627
vn 0 -0.3420201 0.9396926
vn 0 0.4226188 0.9063076
vn 0.5773505 0.3450667 0.7399969
vn 0 -0.3420201 0.9396926
vn 0 -0.3420201 0.9396926
vn 0 0.4226188 0.9063076
vn 0 0.4226188 0.9063076
vn 0 -0.3420201 0.9396926
vn -0.7071072 -0.2418446 0.6644627
vn -0.5773505 0.3450667 0.7399969
vn 0 0.4226188 0.9063076
usemtl material_8
f 7437/7437/7437 7439/7439/7439 7438/7438/7438
f 7437/7437/7437 7440/7440/7440 7439/7439/7439
f 7441/7441/7441 7443/7443/7443 7442/7442/7442
f 7441/7441/7441 7444/7444/7444 7443/7443/7443
f 7445/7445/7445 7447/7447/7447 7446/7446/7446
f 7445/7445/7445 7448/7448/7448 7447/7447/7447
f 7449/7449/7449 7451/7451/7451 7450/7450/7450
f 7449/7449/7449 7452/7452/7452 7451/7451/7451
f 7453/7453/7453 7455/7455/7455 7454/7454/7454
f 7453/7453/7453 7456/7456/7456 7455/7455/7455
f 7457/7457/7457 7459/7459/7459 7458/7458/7458
f 7457/7457/7457 7460/7460/7460 7459/7459/7459
f 7461/7461/7461 7463/7463/7463 7462/7462/7462
f 7461/7461/7461 7464/7464/7464 7463/7463/7463
f 7465/7465/7465 7467/7467/7467 7466/7466/7466
f 7465/7465/7465 7468/7468/7468 7467/7467/7467
f 7469/7469/7469 7471/7471/7471 7470/7470/7470
f 7469/7469/7469 7472/7472/7472 7471/7471/7471
f 7473/7473/7473 7475/7475/7475 7474/7474/7474
f 7473/7473/7473 7476/7476/7476 7475/7475/7475
f 7477/7477/7477 7479/7479/7479 7478/7478/7478
f 7477/7477/7477 7480/7480/7480 7479/7479/7479
f 7481/7481/7481 7483/7483/7483 7482/7482/7482
f 7481/7481/7481 7484/7484/7484 7483/7483/7483
f 7485/7485/7485 7487/7487/7487 7486/7486/7486
f 7485/7485/7485 7488/7488/7488 7487/7487/7487
f 7489/7489/7489 7491/7491/7491 7490/7490/7490
f 7489/7489/7489 7492/7492/7492 7491/7491/7491
f 7493/7493/7493 7495/7495/7495 7494/7494/7494
f 7493/7493/7493 7496/7496/7496 7495/7495/7495
f 7497/7497/7497 7499/7499/7499 7498/7498/7498
f 7497/7497/7497 7500/7500/7500 7499/7499/7499
f 7501/7501/7501 7503/7503/7503 7502/7502/7502
f 7501/7501/7501 7504/7504/7504 7503/7503/7503
f 7505/7505/7505 7507/7507/7507 7506/7506/7506
f 7505/7505/7505 7508/7508/7508 7507/7507/7507
f 7509/7509/7509 7511/7511/7511 7510/7510/7510
f 7509/7509/7509 7512/7512/7512 7511/7511/7511
f 7513/7513/7513 7515/7515/7515 7514/7514/7514
f 7513/7513/7513 7516/7516/7516 7515/7515/7515
f 7517/7517/7517 7519/7519/7519 7518/7518/7518
f 7517/7517/7517 7520/7520/7520 7519/7519/7519
f 7521/7521/7521 7523/7523/7523 7522/7522/7522
f 7521/7521/7521 7524/7524/7524 7523/7523/7523
f 7525/7525/7525 7527/7527/7527 7526/7526/7526
f 7525/7525/7525 7528/7528/7528 7527/7527/7527
f 7529/7529/7529 7531/7531/7531 7530/7530/7530
f 7529/7529/7529 7532/7532/7532 7531/7531/7531
f 7533/7533/7533 7535/7535/7535 7534/7534/7534
f 7533/7533/7533 7536/7536/7536 7535/7535/7535
f 7537/7537/7537 7539/7539/7539 7538/7538/7538
f 7537/7537/7537 7540/7540/7540 7539/7539/7539
f 7541/7541/7541 7543/7543/7543 7542/7542/7542
f 7541/7541/7541 7544/7544/7544 7543/7543/7543
f 7545/7545/7545 7547/7547/7547 7546/7546/7546
f 7545/7545/7545 7548/7548/7548 7547/7547/7547
f 7549/7549/7549 7551/7551/7551 7550/7550/7550
f 7549/7549/7549 7552/7552/7552 7551/7551/7551
f 7553/7553/7553 7555/7555/7555 7554/7554/7554
f 7553/7553/7553 7556/7556/7556 7555/7555/7555
f 7557/7557/7557 7559/7559/7559 7558/7558/7558
f 7557/7557/7557 7560/7560/7560 7559/7559/7559
f 7561/7561/7561 7563/7563/7563 7562/7562/7562
f 7561/7561/7561 7564/7564/7564 7563/7563/7563
f 7565/7565/7565 7567/7567/7567 7566/7566/7566
f 7565/7565/7565 7568/7568/7568 7567/7567/7567
f 7569/7569/7569 7571/7571/7571 7570/7570/7570
f 7569/7569/7569 7572/7572/7572 7571/7571/7571
f 7573/7573/7573 7575/7575/7575 7574/7574/7574
f 7573/7573/7573 7576/7576/7576 7575/7575/7575
f 7577/7577/7577 7579/7579/7579 7578/7578/7578
f 7577/7577/7577 7580/7580/7580 7579/7579/7579
f 7581/7581/7581 7583/7583/7583 7582/7582/7582
f 7581/7581/7581 7584/7584/7584 7583/7583/7583
f 7585/7585/7585 7587/7587/7587 7586/7586/7586
f 7585/7585/7585 7588/7588/7588 7587/7587/7587
f 7589/7589/7589 7591/7591/7591 7590/7590/7590
f 7589/7589/7589 7592/7592/7592 7591/7591/7591
f 7593/7593/7593 7595/7595/7595 7594/7594/7594
f 7593/7593/7593 7596/7596/7596 7595/7595/7595
f 7597/7597/7597 7599/7599/7599 7598/7598/7598
f 7597/7597/7597 7600/7600/7600 7599/7599/7599
f 7601/7601/7601 7603/7603/7603 7602/7602/7602
f 7601/7601/7601 7604/7604/7604 7603/7603/7603
f 7605/7605/7605 7607/7607/7607 7606/7606/7606
f 7605/7605/7605 7608/7608/7608 7607/7607/7607
f 7609/7609/7609 7611/7611/7611 7610/7610/7610
f 7609/7609/7609 7612/7612/7612 7611/7611/7611
f 7613/7613/7613 7615/7615/7615 7614/7614/7614
f 7613/7613/7613 7616/7616/7616 7615/7615/7615
f 7617/7617/7617 7619/7619/7619 7618/7618/7618
f 7617/7617/7617 7620/7620/7620 7619/7619/7619
f 7621/7621/7621 7623/7623/7623 7622/7622/7622
f 7621/7621/7621 7624/7624/7624 7623/7623/7623
f 7625/7625/7625 7627/7627/7627 7626/7626/7626
f 7625/7625/7625 7628/7628/7628 7627/7627/7627
f 7629/7629/7629 7631/7631/7631 7630/7630/7630
f 7629/7629/7629 7632/7632/7632 7631/7631/7631
f 7633/7633/7633 7635/7635/7635 7634/7634/7634
f 7633/7633/7633 7636/7636/7636 7635/7635/7635
f 7637/7637/7637 7639/7639/7639 7638/7638/7638
f 7637/7637/7637 7640/7640/7640 7639/7639/7639
f 7641/7641/7641 7643/7643/7643 7642/7642/7642
f 7641/7641/7641 7644/7644/7644 7643/7643/7643
f 7645/7645/7645 7647/7647/7647 7646/7646/7646
f 7645/7645/7645 7648/7648/7648 7647/7647/7647
f 7649/7649/7649 7651/7651/7651 7650/7650/7650
f 7649/7649/7649 7652/7652/7652 7651/7651/7651
f 7653/7653/7653 7655/7655/7655 7654/7654/7654
f 7653/7653/7653 7656/7656/7656 7655/7655/7655
f 7657/7657/7657 7659/7659/7659 7658/7658/7658
f 7657/7657/7657 7660/7660/7660 7659/7659/7659
f 7661/7661/7661 7663/7663/7663 7662/7662/7662
f 7661/7661/7661 7664/7664/7664 7663/7663/7663
f 7665/7665/7665 7667/7667/7667 7666/7666/7666
f 7665/7665/7665 7668/7668/7668 7667/7667/7667
f 7669/7669/7669 7671/7671/7671 7670/7670/7670
f 7669/7669/7669 7672/7672/7672 7671/7671/7671
f 7673/7673/7673 7675/7675/7675 7674/7674/7674
f 7673/7673/7673 7676/7676/7676 7675/7675/7675
f 7677/7677/7677 7679/7679/7679 7678/7678/7678
f 7677/7677/7677 7680/7680/7680 7679/7679/7679
f 7681/7681/7681 7683/7683/7683 7682/7682/7682
f 7681/7681/7681 7684/7684/7684 7683/7683/7683
f 7685/7685/7685 7687/7687/7687 7686/7686/7686
f 7685/7685/7685 7688/7688/7688 7687/7687/7687
f 7689/7689/7689 7691/7691/7691 7690/7690/7690
f 7689/7689/7689 7692/7692/7692 7691/7691/7691
f 7693/7693/7693 7695/7695/7695 7694/7694/7694
f 7693/7693/7693 7696/7696/7696 7695/7695/7695
f 7697/7697/7697 7699/7699/7699 7698/7698/7698
f 7697/7697/7697 7700/7700/7700 7699/7699/7699
usemtl material_9
f 7701/7701/7701 7703/7703/7703 7702/7702/7702
f 7701/7701/7701 7704/7704/7704 7703/7703/7703
f 7705/7705/7705 7707/7707/7707 7706/7706/7706
f 7705/7705/7705 7708/7708/7708 7707/7707/7707
f 7709/7709/7709 7711/7711/7711 7710/7710/7710
f 7709/7709/7709 7712/7712/7712 7711/7711/7711
f 7713/7713/7713 7715/7715/7715 7714/7714/7714
f 7713/7713/7713 7716/7716/7716 7715/7715/7715
f 7717/7717/7717 7719/7719/7719 7718/7718/7718
f 7717/7717/7717 7720/7720/7720 7719/7719/7719
f 7721/7721/7721 7723/7723/7723 7722/7722/7722
f 7721/7721/7721 7724/7724/7724 7723/7723/7723
f 7725/7725/7725 7727/7727/7727 7726/7726/7726
f 7725/7725/7725 7728/7728/7728 7727/7727/7727
f 7729/7729/7729 7731/7731/7731 7730/7730/7730
f 7729/7729/7729 7732/7732/7732 7731/7731/7731
f 7733/7733/7733 7735/7735/7735 7734/7734/7734
f 7733/7733/7733 7736/7736/7736 7735/7735/7735
f 7737/7737/7737 7739/7739/7739 7738/7738/7738
f 7737/7737/7737 7740/7740/7740 7739/7739/7739
f 7741/7741/7741 7743/7743/7743 7742/7742/7742
f 7741/7741/7741 7744/7744/7744 7743/7743/7743
f 7745/7745/7745 7747/7747/7747 7746/7746/7746
f 7745/7745/7745 7748/7748/7748 7747/7747/7747
f 7749/7749/7749 7751/7751/7751 7750/7750/7750
f 7749/7749/7749 7752/7752/7752 7751/7751/7751
f 7753/7753/7753 7755/7755/7755 7754/7754/7754
f 7753/7753/7753 7756/7756/7756 7755/7755/7755
f 7757/7757/7757 7759/7759/7759 7758/7758/7758
f 7757/7757/7757 7760/7760/7760 7759/7759/7759
f 7761/7761/7761 7763/7763/7763 7762/7762/7762
f 7761/7761/7761 7764/7764/7764 7763/7763/7763
f 7765/7765/7765 7767/7767/7767 7766/7766/7766
f 7765/7765/7765 7768/7768/7768 7767/7767/7767
f 7769/7769/7769 7771/7771/7771 7770/7770/7770
f 7769/7769/7769 7772/7772/7772 7771/7771/7771
f 7773/7773/7773 7775/7775/7775 7774/7774/7774
f 7773/7773/7773 7776/7776/7776 7775/7775/7775
f 7777/7777/7777 7779/7779/7779 7778/7778/7778
f 7777/7777/7777 7780/7780/7780 7779/7779/7779
f 7781/7781/7781 7783/7783/7783 7782/7782/7782
f 7781/7781/7781 7784/7784/7784 7783/7783/7783
f 7785/7785/7785 7787/7787/7787 7786/7786/7786
f 7785/7785/7785 7788/7788/7788 7787/7787/7787
f 7789/7789/7789 7791/7791/7791 7790/7790/7790
f 7789/7789/7789 7792/7792/7792 7791/7791/7791
f 7793/7793/7793 7795/7795/7795 7794/7794/7794
f 7793/7793/7793 7796/7796/7796 7795/7795/7795
f 7797/7797/7797 7799/7799/7799 7798/7798/7798
f 7797/7797/7797 7800/7800/7800 7799/7799/7799
f 7801/7801/7801 7803/7803/7803 7802/7802/7802
f 7801/7801/7801 7804/7804/7804 7803/7803/7803
f 7805/7805/7805 7807/7807/7807 7806/7806/7806
f 7805/7805/7805 7808/7808/7808 7807/7807/7807
f 7809/7809/7809 7811/7811/7811 7810/7810/7810
f 7809/7809/7809 7812/7812/7812 7811/7811/7811
f 7813/7813/7813 7815/7815/7815 7814/7814/7814
f 7813/7813/7813 7816/7816/7816 7815/7815/7815
f 7817/7817/7817 7819/7819/7819 7818/7818/7818
f 7817/7817/7817 7820/7820/7820 7819/7819/7819
f 7821/7821/7821 7823/7823/7823 7822/7822/7822
f 7821/7821/7821 7824/7824/7824 7823/7823/7823
f 7825/7825/7825 7827/7827/7827 7826/7826/7826
f 7825/7825/7825 7828/7828/7828 7827/7827/7827
f 7829/7829/7829 7831/7831/7831 7830/7830/7830
f 7829/7829/7829 7832/7832/7832 7831/7831/7831
f 7833/7833/7833 7835/7835/7835 7834/7834/7834
f 7833/7833/7833 7836/7836/7836 7835/7835/7835
f 7837/7837/7837 7839/7839/7839 7838/7838/7838
f 7837/7837/7837 7840/7840/7840 7839/7839/7839
f 7841/7841/7841 7843/7843/7843 7842/7842/7842
f 7841/7841/7841 7844/7844/7844 7843/7843/7843
f 7845/7845/7845 7847/7847/7847 7846/7846/7846
f 7845/7845/7845 7848/7848/7848 7847/7847/7847
f 7849/7849/7849 7851/7851/7851 7850/7850/7850
f 7849/7849/7849 7852/7852/7852 7851/7851/7851
f 7853/7853/7853 7855/7855/7855 7854/7854/7854
f 7853/7853/7853 7856/7856/7856 7855/7855/7855
f 7857/7857/7857 7859/7859/7859 7858/7858/7858
f 7857/7857/7857 7860/7860/7860 7859/7859/7859
f 7861/7861/7861 7863/7863/7863 7862/7862/7862
f 7861/7861/7861 7864/7864/7864 7863/7863/7863
f 7865/7865/7865 7867/7867/7867 7866/7866/7866
f 7865/7865/7865 7868/7868/7868 7867/7867/7867
f 7869/7869/7869 7871/7871/7871 7870/7870/7870
f 7869/7869/7869 7872/7872/7872 7871/7871/7871
f 7873/7873/7873 7875/7875/7875 7874/7874/7874
f 7873/7873/7873 7876/7876/7876 7875/7875/7875
f 7877/7877/7877 7879/7879/7879 7878/7878/7878
f 7877/7877/7877 7880/7880/7880 7879/7879/7879
f 7881/7881/7881 7883/7883/7883 7882/7882/7882
f 7881/7881/7881 7884/7884/7884 7883/7883/7883
f 7885/7885/7885 7887/7887/7887 7886/7886/7886
f 7885/7885/7885 7888/7888/7888 7887/7887/7887
f 7889/7889/7889 7891/7891/7891 7890/7890/7890
f 7889/7889/7889 7892/7892/7892 7891/7891/7891
f 7893/7893/7893 7895/7895/7895 7894/7894/7894
f 7893/7893/7893 7896/7896/7896 7895/7895/7895
f 7897/7897/7897 7899/7899/7899 7898/7898/7898
f 7897/7897/7897 7900/7900/7900 7899/7899/7899
f 7901/7901/7901 7903/7903/7903 7902/7902/7902
f 7901/7901/7901 7904/7904/7904 7903/7903/7903
f 7905/7905/7905 7907/7907/7907 7906/7906/7906
f 7905/7905/7905 7908/7908/7908 7907/7907/7907
f 7909/7909/7909 7911/7911/7911 7910/7910/7910
f 7909/7909/7909 7912/7912/7912 7911/7911/7911
f 7913/7913/7913 7915/7915/7915 7914/7914/7914
f 7913/7913/7913 7916/7916/7916 7915/7915/7915
